{
  "backprop" : true,
  "backpropType" : "Standard",
  "cacheMode" : "NONE",
  "defaultConfiguration" : {
    "cacheMode" : "NONE",
    "iterationCount" : 0,
    "l1ByParam" : { },
    "l2ByParam" : { },
    "layer" : null,
    "leakyreluAlpha" : 0.0,
    "learningRateByParam" : { },
    "learningRatePolicy" : "None",
    "lrPolicyDecayRate" : "NaN",
    "lrPolicyPower" : "NaN",
    "lrPolicySteps" : "NaN",
    "maxNumLineSearchIterations" : 5,
    "miniBatch" : true,
    "minimize" : true,
    "numIterations" : 1,
    "optimizationAlgo" : "STOCHASTIC_GRADIENT_DESCENT",
    "pretrain" : false,
    "seed" : 1524041202503,
    "stepFunction" : null,
    "useDropConnect" : false,
    "useRegularization" : true,
    "variables" : [ "cnn3_W", "cnn3_b", "cnn4_W", "cnn4_b", "cnn5_W", "cnn5_b", "out_W", "out_b" ]
  },
  "inferenceWorkspaceMode" : "SEPARATE",
  "iterationCount" : 1400,
  "networkInputs" : [ "input" ],
  "networkOutputs" : [ "out" ],
  "pretrain" : false,
  "tbpttBackLength" : 20,
  "tbpttFwdLength" : 20,
  "trainingWorkspaceMode" : "NONE",
  "vertexInputs" : {
    "cnn3" : [ "input" ],
    "cnn4" : [ "input" ],
    "cnn5" : [ "input" ],
    "merge" : [ "cnn3", "cnn4", "cnn5" ],
    "globalPool" : [ "merge" ],
    "out" : [ "globalPool" ]
  },
  "vertices" : {
    "cnn3" : {
      "LayerVertex" : {
        "layerConf" : {
          "cacheMode" : "NONE",
          "iterationCount" : 0,
          "l1ByParam" : {
            "b" : 0.0,
            "W" : 0.0
          },
          "l2ByParam" : {
            "b" : 0.0,
            "W" : 1.0E-4
          },
          "layer" : {
            "convolution" : {
              "activationFn" : {
                "LReLU" : {
                  "alpha" : 0.01
                }
              },
              "adamMeanDecay" : 0.9,
              "adamVarDecay" : 0.999,
              "biasInit" : 0.0,
              "biasLearningRate" : 0.01,
              "convolutionMode" : "Same",
              "cudnnAlgoMode" : "PREFER_FASTEST",
              "cudnnBwdDataAlgo" : null,
              "cudnnBwdFilterAlgo" : null,
              "cudnnFwdAlgo" : null,
              "dist" : null,
              "dropOut" : 0.0,
              "epsilon" : 1.0E-8,
              "gradientNormalization" : "None",
              "gradientNormalizationThreshold" : 1.0,
              "iupdater" : {
                "@class" : "org.nd4j.linalg.learning.config.Adam",
                "beta1" : 0.9,
                "beta2" : 0.999,
                "epsilon" : 1.0E-8,
                "learningRate" : 0.01
              },
              "kernelSize" : [ 3, 100 ],
              "l1" : 0.0,
              "l1Bias" : 0.0,
              "l2" : 1.0E-4,
              "l2Bias" : 0.0,
              "layerName" : "cnn3",
              "learningRate" : 0.01,
              "learningRateSchedule" : null,
              "momentum" : "NaN",
              "momentumSchedule" : null,
              "nin" : 1,
              "nout" : 100,
              "padding" : [ 0, 0 ],
              "rho" : "NaN",
              "rmsDecay" : "NaN",
              "stride" : [ 1, 100 ],
              "updater" : "ADAM",
              "weightInit" : "RELU"
            }
          },
          "leakyreluAlpha" : 0.0,
          "learningRateByParam" : {
            "b" : 0.01,
            "W" : 0.01
          },
          "learningRatePolicy" : "None",
          "lrPolicyDecayRate" : "NaN",
          "lrPolicyPower" : "NaN",
          "lrPolicySteps" : "NaN",
          "maxNumLineSearchIterations" : 5,
          "miniBatch" : true,
          "minimize" : true,
          "numIterations" : 1,
          "optimizationAlgo" : "STOCHASTIC_GRADIENT_DESCENT",
          "pretrain" : false,
          "seed" : 1524041202503,
          "stepFunction" : null,
          "useDropConnect" : false,
          "useRegularization" : true,
          "variables" : [ "W", "b" ]
        },
        "outputVertex" : false,
        "preProcessor" : null
      }
    },
    "cnn4" : {
      "LayerVertex" : {
        "layerConf" : {
          "cacheMode" : "NONE",
          "iterationCount" : 0,
          "l1ByParam" : {
            "b" : 0.0,
            "W" : 0.0
          },
          "l2ByParam" : {
            "b" : 0.0,
            "W" : 1.0E-4
          },
          "layer" : {
            "convolution" : {
              "activationFn" : {
                "LReLU" : {
                  "alpha" : 0.01
                }
              },
              "adamMeanDecay" : 0.9,
              "adamVarDecay" : 0.999,
              "biasInit" : 0.0,
              "biasLearningRate" : 0.01,
              "convolutionMode" : "Same",
              "cudnnAlgoMode" : "PREFER_FASTEST",
              "cudnnBwdDataAlgo" : null,
              "cudnnBwdFilterAlgo" : null,
              "cudnnFwdAlgo" : null,
              "dist" : null,
              "dropOut" : 0.0,
              "epsilon" : 1.0E-8,
              "gradientNormalization" : "None",
              "gradientNormalizationThreshold" : 1.0,
              "iupdater" : {
                "@class" : "org.nd4j.linalg.learning.config.Adam",
                "beta1" : 0.9,
                "beta2" : 0.999,
                "epsilon" : 1.0E-8,
                "learningRate" : 0.01
              },
              "kernelSize" : [ 4, 100 ],
              "l1" : 0.0,
              "l1Bias" : 0.0,
              "l2" : 1.0E-4,
              "l2Bias" : 0.0,
              "layerName" : "cnn4",
              "learningRate" : 0.01,
              "learningRateSchedule" : null,
              "momentum" : "NaN",
              "momentumSchedule" : null,
              "nin" : 1,
              "nout" : 100,
              "padding" : [ 0, 0 ],
              "rho" : "NaN",
              "rmsDecay" : "NaN",
              "stride" : [ 1, 100 ],
              "updater" : "ADAM",
              "weightInit" : "RELU"
            }
          },
          "leakyreluAlpha" : 0.0,
          "learningRateByParam" : {
            "b" : 0.01,
            "W" : 0.01
          },
          "learningRatePolicy" : "None",
          "lrPolicyDecayRate" : "NaN",
          "lrPolicyPower" : "NaN",
          "lrPolicySteps" : "NaN",
          "maxNumLineSearchIterations" : 5,
          "miniBatch" : true,
          "minimize" : true,
          "numIterations" : 1,
          "optimizationAlgo" : "STOCHASTIC_GRADIENT_DESCENT",
          "pretrain" : false,
          "seed" : 1524041202503,
          "stepFunction" : null,
          "useDropConnect" : false,
          "useRegularization" : true,
          "variables" : [ "W", "b" ]
        },
        "outputVertex" : false,
        "preProcessor" : null
      }
    },
    "cnn5" : {
      "LayerVertex" : {
        "layerConf" : {
          "cacheMode" : "NONE",
          "iterationCount" : 0,
          "l1ByParam" : {
            "b" : 0.0,
            "W" : 0.0
          },
          "l2ByParam" : {
            "b" : 0.0,
            "W" : 1.0E-4
          },
          "layer" : {
            "convolution" : {
              "activationFn" : {
                "LReLU" : {
                  "alpha" : 0.01
                }
              },
              "adamMeanDecay" : 0.9,
              "adamVarDecay" : 0.999,
              "biasInit" : 0.0,
              "biasLearningRate" : 0.01,
              "convolutionMode" : "Same",
              "cudnnAlgoMode" : "PREFER_FASTEST",
              "cudnnBwdDataAlgo" : null,
              "cudnnBwdFilterAlgo" : null,
              "cudnnFwdAlgo" : null,
              "dist" : null,
              "dropOut" : 0.0,
              "epsilon" : 1.0E-8,
              "gradientNormalization" : "None",
              "gradientNormalizationThreshold" : 1.0,
              "iupdater" : {
                "@class" : "org.nd4j.linalg.learning.config.Adam",
                "beta1" : 0.9,
                "beta2" : 0.999,
                "epsilon" : 1.0E-8,
                "learningRate" : 0.01
              },
              "kernelSize" : [ 5, 100 ],
              "l1" : 0.0,
              "l1Bias" : 0.0,
              "l2" : 1.0E-4,
              "l2Bias" : 0.0,
              "layerName" : "cnn5",
              "learningRate" : 0.01,
              "learningRateSchedule" : null,
              "momentum" : "NaN",
              "momentumSchedule" : null,
              "nin" : 1,
              "nout" : 100,
              "padding" : [ 0, 0 ],
              "rho" : "NaN",
              "rmsDecay" : "NaN",
              "stride" : [ 1, 100 ],
              "updater" : "ADAM",
              "weightInit" : "RELU"
            }
          },
          "leakyreluAlpha" : 0.0,
          "learningRateByParam" : {
            "b" : 0.01,
            "W" : 0.01
          },
          "learningRatePolicy" : "None",
          "lrPolicyDecayRate" : "NaN",
          "lrPolicyPower" : "NaN",
          "lrPolicySteps" : "NaN",
          "maxNumLineSearchIterations" : 5,
          "miniBatch" : true,
          "minimize" : true,
          "numIterations" : 1,
          "optimizationAlgo" : "STOCHASTIC_GRADIENT_DESCENT",
          "pretrain" : false,
          "seed" : 1524041202503,
          "stepFunction" : null,
          "useDropConnect" : false,
          "useRegularization" : true,
          "variables" : [ "W", "b" ]
        },
        "outputVertex" : false,
        "preProcessor" : null
      }
    },
    "merge" : {
      "MergeVertex" : { }
    },
    "globalPool" : {
      "LayerVertex" : {
        "layerConf" : {
          "cacheMode" : "NONE",
          "iterationCount" : 0,
          "l1ByParam" : { },
          "l2ByParam" : { },
          "layer" : {
            "GlobalPooling" : {
              "collapseDimensions" : true,
              "dropOut" : 0.0,
              "layerName" : "globalPool",
              "pnorm" : 2,
              "poolingDimensions" : null,
              "poolingType" : "MAX"
            }
          },
          "leakyreluAlpha" : 0.0,
          "learningRateByParam" : { },
          "learningRatePolicy" : "None",
          "lrPolicyDecayRate" : "NaN",
          "lrPolicyPower" : "NaN",
          "lrPolicySteps" : "NaN",
          "maxNumLineSearchIterations" : 5,
          "miniBatch" : true,
          "minimize" : true,
          "numIterations" : 1,
          "optimizationAlgo" : "STOCHASTIC_GRADIENT_DESCENT",
          "pretrain" : false,
          "seed" : 1524041202503,
          "stepFunction" : null,
          "useDropConnect" : false,
          "useRegularization" : true,
          "variables" : [ ]
        },
        "outputVertex" : false,
        "preProcessor" : null
      }
    },
    "out" : {
      "LayerVertex" : {
        "layerConf" : {
          "cacheMode" : "NONE",
          "iterationCount" : 0,
          "l1ByParam" : {
            "b" : 0.0,
            "W" : 0.0
          },
          "l2ByParam" : {
            "b" : 0.0,
            "W" : 1.0E-4
          },
          "layer" : {
            "output" : {
              "activationFn" : {
                "Softmax" : { }
              },
              "adamMeanDecay" : 0.9,
              "adamVarDecay" : 0.999,
              "biasInit" : 0.0,
              "biasLearningRate" : 0.01,
              "dist" : null,
              "dropOut" : 0.0,
              "epsilon" : 1.0E-8,
              "gradientNormalization" : "None",
              "gradientNormalizationThreshold" : 1.0,
              "iupdater" : {
                "@class" : "org.nd4j.linalg.learning.config.Adam",
                "beta1" : 0.9,
                "beta2" : 0.999,
                "epsilon" : 1.0E-8,
                "learningRate" : 0.01
              },
              "l1" : 0.0,
              "l1Bias" : 0.0,
              "l2" : 1.0E-4,
              "l2Bias" : 0.0,
              "layerName" : "out",
              "learningRate" : 0.01,
              "learningRateSchedule" : null,
              "lossFn" : {
                "MCXENT" : {
                  "softmaxClipEps" : 1.0E-10
                }
              },
              "lossFunction" : "MCXENT",
              "momentum" : "NaN",
              "momentumSchedule" : null,
              "nin" : 300,
              "nout" : 1138,
              "rho" : "NaN",
              "rmsDecay" : "NaN",
              "updater" : "ADAM",
              "weightInit" : "RELU"
            }
          },
          "leakyreluAlpha" : 0.0,
          "learningRateByParam" : {
            "b" : 0.01,
            "W" : 0.01
          },
          "learningRatePolicy" : "None",
          "lrPolicyDecayRate" : "NaN",
          "lrPolicyPower" : "NaN",
          "lrPolicySteps" : "NaN",
          "maxNumLineSearchIterations" : 5,
          "miniBatch" : true,
          "minimize" : true,
          "numIterations" : 1,
          "optimizationAlgo" : "STOCHASTIC_GRADIENT_DESCENT",
          "pretrain" : false,
          "seed" : 1524041202503,
          "stepFunction" : null,
          "useDropConnect" : false,
          "useRegularization" : true,
          "variables" : [ "W", "b" ]
        },
        "outputVertex" : false,
        "preProcessor" : null
      }
    }
  }
}