<?xml version="1.0" encoding="UTF-8"?>
<QW value="&#xA;江苏省丰县人民法院&#xA;民事裁定书&#xA;（2014）丰民初字第0634号&#xA;原告丁时权，个体工商户。&#xA;委托代理人张后仕，男。&#xA;被告郏金校，个体工商户。&#xA;委托代理人吕言俊，男。&#xA;本院在审理原告丁时权诉被告郏金校返还原物纠纷一案中，原告丁时权于2014年7月14日向本院提出撤诉申请。&#xA;本院认为，原告丁时权的申请符合法律规定，应予准许。依照《中华人民共和国民事诉讼法》第一百四十五条第一款之规定，裁定如下：&#xA;准许原告丁时权撤回起诉。&#xA;案件受理费2185元（由原告丁时权预交），减半收取1092．5元；剩余案件受理费1092．5元，由本院退还给原告丁时权。&#xA;审判长刘元福&#xA;代理审判员赵贵欣&#xA;人民陪审员李玉武&#xA;二〇一四年七月十四日&#xA;书记员雷含雪&#xA;" nameCN="全文">
  <WS value="江苏省丰县人民法院&#xA;民事裁定书&#xA;（2014）丰民初字第0634号&#xA;" nameCN="文首">
    <WSZZDW value="法院" nameCN="文书制作单位" />
    <JBFY value="江苏省丰县人民法院" nameCN="经办法院">
      <FYJB value="基层" nameCN="法院级别" />
      <XZQH_P value="江苏" nameCN="行政区划(省)" />
      <XZQH_C value="江苏" nameCN="行政区划(市)" />
    </JBFY>
    <WSMC value="民事裁定书" nameCN="文书名称" />
    <AH value="(2014)丰民初字第0634号" nameCN="案号" />
    <LAND value="2014" nameCN="立案年度" />
    <AJXZ value="民事案件" nameCN="案件性质" />
    <WSZL value="裁定书" nameCN="文书种类" />
    <SPCX value="一审案件" nameCN="审判程序" />
    <AJLX value="民事一审案件" nameCN="案件类型" />
  </WS>
  <SSCYRQJ value="原告丁时权，个体工商户。&#xA;委托代理人张后仕，男。&#xA;被告郏金校，个体工商户。&#xA;委托代理人吕言俊，男。&#xA;" nameCN="诉讼参与人全集">
    <SSCYR value="原告丁时权，个体工商户。" nameCN="诉讼参与人">
      <SSCYRMC value="丁时权" nameCN="诉讼参与人名称" />
      <SSSF value="原告" nameCN="诉讼身份" />
      <SSDW value="原告" nameCN="诉讼地位" />
      <DSRLB value="原告" nameCN="当事人类别" />
      <DSRLX value="自然人" nameCN="当事人类型" />
      <GJ value="中国" nameCN="国籍" />
      <DWZWFZ nameCN="单位职务分组">
        <ZW value="个体" nameCN="职务" />
      </DWZWFZ>
    </SSCYR>
    <SSCYR value="委托代理人张后仕，男。" nameCN="诉讼参与人">
      <SSCYRMC value="张后仕" nameCN="诉讼参与人名称" />
      <SSSF value="委托代理人" nameCN="诉讼身份" />
      <DSRLX value="自然人" nameCN="当事人类型" />
      <XB value="男" nameCN="性别" />
      <GJ value="中国" nameCN="国籍" />
    </SSCYR>
    <SSCYR value="被告郏金校，个体工商户。" nameCN="诉讼参与人">
      <SSCYRMC value="郏金校" nameCN="诉讼参与人名称" />
      <SSSF value="被告" nameCN="诉讼身份" />
      <SSDW value="被告" nameCN="诉讼地位" />
      <DSRLB value="被告" nameCN="当事人类别" />
      <DSRLX value="自然人" nameCN="当事人类型" />
      <GJ value="中国" nameCN="国籍" />
      <DWZWFZ nameCN="单位职务分组">
        <ZW value="个体" nameCN="职务" />
      </DWZWFZ>
    </SSCYR>
    <SSCYR value="委托代理人吕言俊，男。" nameCN="诉讼参与人">
      <SSCYRMC value="吕言俊" nameCN="诉讼参与人名称" />
      <SSSF value="委托代理人" nameCN="诉讼身份" />
      <DSRLX value="自然人" nameCN="当事人类型" />
      <XB value="男" nameCN="性别" />
      <GJ value="中国" nameCN="国籍" />
    </SSCYR>
    <SSCYRQJ value="错误" nameCN="保险公司是否作为被告" />
  </SSCYRQJ>
  <SSJL value="本院在审理原告丁时权诉被告郏金校返还原物纠纷一案中，原告丁时权于2014年7月14日向本院提出撤诉申请。" nameCN="诉讼记录">
    <CS value="" nameCN="撤诉">
      <CSR value="丁时权" nameCN="撤诉人" />
      <RQ value="2014年7月14日" nameCN="日期" />
    </CS>
    <YG value="丁时权" nameCN="原告" />
    <BG value="郏金校" nameCN="被告" />
    <AY value="返还原物纠纷" nameCN="案由" />
    <KTSL value="否" nameCN="开庭审理" />
    <WZAY value="返还原物纠纷" nameCN="完整案由" />
    <AYDM value="9056" nameCN="案由代码" />
    <YSAJSYCX value="普通程序" nameCN="一审案件适用程序" />
    <JYZPT value="否" nameCN="简易转普通" />
    <SPZZ value="独任庭" nameCN="审判组织" />
    <YSAJLY value="新收" nameCN="一审案件来源" />
    <SQCSRQ value="2014年7月14日" nameCN="申请撤诉日期" />
  </SSJL>
  <AJJBQK value="" nameCN="案件基本情况" />
  <CPFXGC value="本院认为，原告丁时权的申请符合法律规定，应予准许。依照《中华人民共和国民事诉讼法》第一百四十五条第一款之规定，裁定如下：&#xA;" nameCN="裁判分析过程">
    <JAFSLX value="裁定" nameCN="结案方式类型" />
    <FLFTMC value="中华人民共和国民事诉讼法" nameCN="法律法条名称">
      <TM value="一百四十五" nameCN="条目">
        <KM value="第一款" nameCN="款目" />
      </TM>
      <SFCXF value="是程序法" nameCN="是否是程序法" />
    </FLFTMC>
  </CPFXGC>
  <CPJG value="准许原告丁时权撤回起诉。&#xA;案件受理费2185元（由原告丁时权预交），减半收取1092．5元；剩余案件受理费1092．5元，由本院退还给原告丁时权。&#xA;" nameCN="裁判结果">
    <JAFS value="准予撤诉" nameCN="结案方式" />
    <PCSFSXZQ value="正确" nameCN="同时起诉侵权人与保险公司的赔偿顺序" />
    <JTPJJG value="准许原告丁时权撤回起诉。" nameCN="具体裁判段" />
    <SSFCD nameCN="诉讼费承担">
      <SSFCDJL value="案件受理费2185元（由原告丁时权预交），减半收取1092．5元；剩余案件受理费1092．5元，由本院退还给原告丁时权。" nameCN="诉讼费承担记录">
        <SSFJE value="1092.5元" nameCN="诉讼费金额" />
        <SSFZL value="受理费" nameCN="诉讼费种类" />
        <SSFJE value="1092.5元" nameCN="诉讼费金额" />
        <SSFZL value="受理费" nameCN="诉讼费种类" />
      </SSFCDJL>
    </SSFCD>
    <SFFHCS value="否" nameCN="是否发回重审" />
    <CSRJH nameCN="撤诉人集合">
      <CSR value="丁时权" nameCN="撤诉人" />
    </CSRJH>
    <CSLX value="原告主动撤诉" nameCN="撤诉类型" />
    <TCGXQYY value="否" nameCN="是否提出管辖权异议" />
  </CPJG>
  <WW value="审判长刘元福&#xA;代理审判员赵贵欣&#xA;人民陪审员李玉武&#xA;二〇一四年七月十四日&#xA;书记员雷含雪&#xA;" nameCN="文尾">
    <SPZZCY nameCN="审判组织成员">
      <SPRYXM value="赵贵欣" nameCN="审判人员姓名" />
      <SPRYJS value="代理审判员" nameCN="审判人员角色" />
    </SPZZCY>
    <SPZZCY nameCN="审判组织成员">
      <SPRYXM value="雷含雪" nameCN="审判人员姓名" />
      <SPRYJS value="书记员" nameCN="审判人员角色" />
    </SPZZCY>
    <SPZZCY nameCN="审判组织成员">
      <SPRYXM value="李玉武" nameCN="审判人员姓名" />
      <SPRYJS value="人民陪审员" nameCN="审判人员角色" />
    </SPZZCY>
    <SPZZCY nameCN="审判组织成员">
      <SPRYXM value="刘元福" nameCN="审判人员姓名" />
      <SPRYJS value="审判长" nameCN="审判人员角色" />
    </SPZZCY>
    <CPSJ value="2014年7月14日" nameCN="裁判时间">
      <Year value="2014" nameCN="结案年度" />
      <JANYR value="2014年7月14日" nameCN="结案年月日" />
      <JANY value="2014-7" nameCN="结案年月" />
      <Month value="7" nameCN="月" />
      <Day value="14" nameCN="日" />
    </CPSJ>
  </WW>
  <FL value="" nameCN="附录" />
</QW>

