<?xml version="1.0" encoding="UTF-8"?>
<QW value="&#xA;山东省乳山市人民法院&#xA;民事判决书&#xA;（2012）乳民初字第288号&#xA;原告丁锦石。&#xA;委托代理人任复苏，乳山新欣法律服务所工作人员。&#xA;被告乳山祥隆房地产开发有限公司。&#xA;法定代表人刘芳友，董事长。&#xA;被告乳山市兴东房地产开发有限责任公司。&#xA;法定代表人刘芳友，董事长。&#xA;二被告委托代理人刘洪涛，乳山义正法律服务所法律工作者。&#xA;原告丁锦石与被告乳山祥隆房地产开发有限公司、被告乳山市兴东房地产开发有限责任公司商品房买卖合同纠纷一案，本院受理后依法组成合议庭公开开庭进行了审理。原告丁锦石之委托代理人任复苏，被告乳山祥隆房地产开发有限公司、被告乳山市兴东房地产开发有限责任公司之委托代理人刘洪涛到庭参加诉讼。本案现已审理终结。&#xA;原告丁锦石诉称，2008年10月，原、被告签订商品房买卖合同，合同约定被告应在2009年12月30日前将房屋交付给原告使用，但被告没有按合同约定交付房屋，现诉至法院，要求被告赔偿逾期交房违约金9460．8元，逾期办证违约金2190元。&#xA;被告乳山祥隆房地产开发有限公司及乳山市兴东房地产开发有限责任公司辩称，对于原告要求被告支付的违约金问题，认为原告要求数额较高，请求予以降低。另外，2009年12月19日，被告向所有原定于2009年12月30日交房的业主发出沟通函，就房屋交付问题与业主进行沟通，2010年3月30日被告向原告发出交房邀请函，邀请原告于2010年4月1日至4月30日办理交接手续，但原告直到2010年4月24日才与被告办理交接手续，造成延期交付责任并不全在于被告，且原告要求赔偿逾期交房违约金已经超过诉讼时效。对于逾期办证问题，系因原告自身的原因逾期办证，被告不应承担违约责任。&#xA;经审理查明，2008年10月25日，原、被告签订商品房买卖合同，约定原告购买二被告开发的乳山市银滩旅游度假区祥隆花园小区第17幢1单元1124号房，房屋建筑面积39．34平方米，原、被告约定按建筑面积计算商品房价款，单价为每平方米5566．86元，房款合计219000元。合同第八条约定：出卖人应在2009年12月30日前，将经验收合格并符合合同约定的商品房交付买受人使用。第九条约定：出卖人如未按本合同规定的期限将商品房交付买受人使用，逾期30日后，买受人有权解除合同，买受人要求继续履行合同的，合同继续履行，自本合同第八条规定的最后交付期限的第二天起至实际交付之日止，出卖人按日向买受人支付已交付房价款万分之三的违约金。第十一条约定：商品房达到交付使用条件后，出卖人应当书面通知买受人办理交付手续。第十五条约定：出卖人应当在商品房交付使用后90日内，将办理权属登记需由出卖人提供的资料报产权登记机关备案，如因出卖人的责任，买受人不能在规定的期限内取得房地产权属证书的，双方同意买受人不退房，出卖人按已付房价款的1％向买受人支付违约金。合同签订后，原告共计向被告支付购房款228074元。原告提供《致尊敬的朋友的一封信》及《邀请函》，以证实其就延期交房问题与原告协商，并邀请原告于2010年4月1日至4月30日接收房屋，但原告称并未收到该信件及邀请函，被告亦未提供证据证实其向原告送达该信件及邀请函。2010年4月24日，原告签收《祥隆花园交房结算明细》，该明细表载明原告应补房款及其它费用，共计15879元，同日，原告补齐上述款项后接收房屋。原告的该房屋于2011年4月19日在乳山市住房保障和房产管理局办理产权登记。被告称系因原告未按期接受房屋导致延期办理房产证，故不应承担责任，但其在本院限定的期限内未提供其在商品房交付使用90日内将办理权属登记需由出卖人提供的资料报产权登记机关备案及原告委托被告代为办理房产证的相关证据。2009年12月28日，由建设单位、勘察单位、设计单位、施工单位、监理单位共同出具银滩祥隆花园17号楼工程竣工质量验收报告。本案经调解无效。&#xA;上述事实有原、被告的陈述及双方提交的商品房买卖合同、交房结算明细表、房屋所有权证书、工程竣工质量验收报告等证据在案为证。&#xA;本院认为，原、被告签订的商品房买卖合同是双方真实的意思表示且不违反有关法律规定，为有效合同，双方均应按合同的约定履行各自的义务。被告未按合同的约定按时将房屋交付给原告，应按合同的约定承担相应的违约责任，但原告已于2010年4月24日接收房屋，且此时该房屋已经具备交付条件，故原告于2012年6月27日起诉要求被告给付逾期交房违约金已超过诉讼时效，故被告关于原告要求赔偿逾期交房违约金已超过诉讼时效的主张，本院予以支持。原告于2010年4月24日接收房屋，被告应于2010年7月23日前，将办理产权登记需由被告提供的资料报产权登记机关备案，但被告未能提供该证据予以证实，故原告要求被告支付逾期办证违约金，理由正当，本院予以支持，违约金数额按合同约定计算为2280．74元，但原告仅要求被告给付2190元，本院予以支持。依据《中华人民共和国民法通则》第五条、第一百三十五条，《中华人民共和国合同法》第八条、第六十条、第一百一十四条第一款之规定，判决如下：&#xA;一、被告乳山祥隆房地产开发有限公司、乳山市兴东房地产开发有限责任公司于本判决生效之日起十日内给付原告丁锦石逾期办证违约金2190元；&#xA;二、驳回原告丁锦石要求被告乳山祥隆房地产开发有限公司、乳山市兴东房地产开发有限责任公司给付逾期交房违约金9460．8元的诉讼请求。&#xA;如果被告未按本判决指定的期间履行给付金钱义务，则应当按照《中华人民共和国民事诉讼法》第二百二十九条之规定，加倍支付迟延履行期间的债务利息。&#xA;案件受理费92元，由原告丁锦石负担42元，被告乳山祥隆房地产开发有限公司、乳山市兴东房地产开发有限责任公司共同负担50元。&#xA;如不服本判决，可在判决书送达之日起十五日内向本院递交上诉状，并按对方当事人的人数提出副本，上诉于山东省威海市中级人民法院。&#xA;审判长于鲁江&#xA;审判员姜玲&#xA;代理审判员王雁&#xA;二〇一二年十一月二十日&#xA;书记员姜杰&#xA;" nameCN="全文">
  <WS value="山东省乳山市人民法院&#xA;民事判决书&#xA;（2012）乳民初字第288号&#xA;" nameCN="文首">
    <WSZZDW value="法院" nameCN="文书制作单位" />
    <JBFY value="山东省乳山市人民法院" nameCN="经办法院">
      <FYJB value="基层" nameCN="法院级别" />
      <XZQH_P value="山东" nameCN="行政区划(省)" />
      <XZQH_C value="乳山市" nameCN="行政区划(市)" />
    </JBFY>
    <WSMC value="民事判决书" nameCN="文书名称" />
    <AH value="(2012)乳民初字第288号" nameCN="案号" />
    <LAND value="2012" nameCN="立案年度" />
    <AJXZ value="民事案件" nameCN="案件性质" />
    <WSZL value="判决书" nameCN="文书种类" />
    <SPCX value="一审案件" nameCN="审判程序" />
    <AJLX value="民事一审案件" nameCN="案件类型" />
  </WS>
  <SSCYRQJ value="原告丁锦石。&#xA;委托代理人任复苏，乳山新欣法律服务所工作人员。&#xA;被告乳山祥隆房地产开发有限公司。&#xA;法定代表人刘芳友，董事长。&#xA;被告乳山市兴东房地产开发有限责任公司。&#xA;法定代表人刘芳友，董事长。&#xA;二被告委托代理人刘洪涛，乳山义正法律服务所法律工作者。&#xA;" nameCN="诉讼参与人全集">
    <SSCYR value="原告丁锦石。" nameCN="诉讼参与人">
      <SSCYRMC value="丁锦石" nameCN="诉讼参与人名称" />
      <SSSF value="原告" nameCN="诉讼身份" />
      <SSDW value="原告" nameCN="诉讼地位" />
      <DSRLB value="原告" nameCN="当事人类别" />
      <DSRLX value="自然人" nameCN="当事人类型" />
      <GJ value="中国" nameCN="国籍" />
    </SSCYR>
    <SSCYR value="委托代理人任复苏，乳山新欣法律服务所工作人员。" nameCN="诉讼参与人">
      <SSCYRMC value="任复苏" nameCN="诉讼参与人名称" />
      <SSSF value="委托代理人" nameCN="诉讼身份" />
      <DSRLX value="自然人" nameCN="当事人类型" />
      <GJ value="中国" nameCN="国籍" />
      <DWZWFZ nameCN="单位职务分组">
        <ZW value="工作人员" nameCN="职务" />
      </DWZWFZ>
    </SSCYR>
    <SSCYR value="被告乳山祥隆房地产开发有限公司。" nameCN="诉讼参与人">
      <SSCYRMC value="乳山祥隆房地产开发有限公司" nameCN="诉讼参与人名称" />
      <SSSF value="被告" nameCN="诉讼身份" />
      <SSDW value="被告" nameCN="诉讼地位" />
      <DSRLB value="被告" nameCN="当事人类别" />
      <DSRLX value="法人" nameCN="当事人类型" />
      <DTQK value="到庭" nameCN="到庭情况" />
      <DWXZ value="有限责任公司" nameCN="单位性质" />
      <FDDBR value="刘芳友" nameCN="单位法定代表人" />
    </SSCYR>
    <SSCYR value="法定代表人刘芳友，董事长。" nameCN="诉讼参与人">
      <SSCYRMC value="刘芳友" nameCN="诉讼参与人名称" />
      <SSSF value="法定代表人" nameCN="诉讼身份" />
      <DSRLX value="自然人" nameCN="当事人类型" />
      <GJ value="中国" nameCN="国籍" />
      <DWZWFZ nameCN="单位职务分组">
        <ZW value="董事长" nameCN="职务" />
        <DWMC value="乳山祥隆房地产开发有限公司" nameCN="单位名称" />
        <DWXZ value="有限责任公司" nameCN="单位性质" />
      </DWZWFZ>
    </SSCYR>
    <SSCYR value="被告乳山市兴东房地产开发有限责任公司。" nameCN="诉讼参与人">
      <SSCYRMC value="乳山市兴东房地产开发有限责任公司" nameCN="诉讼参与人名称" />
      <SSSF value="被告" nameCN="诉讼身份" />
      <SSDW value="被告" nameCN="诉讼地位" />
      <DSRLB value="被告" nameCN="当事人类别" />
      <DSRLX value="法人" nameCN="当事人类型" />
      <DTQK value="到庭" nameCN="到庭情况" />
      <DWXZ value="有限责任公司" nameCN="单位性质" />
    </SSCYR>
    <SSCYR value="法定代表人刘芳友，董事长。" nameCN="诉讼参与人">
      <SSCYRMC value="刘芳友" nameCN="诉讼参与人名称" />
      <SSSF value="法定代表人" nameCN="诉讼身份" />
      <DSRLX value="自然人" nameCN="当事人类型" />
      <GJ value="中国" nameCN="国籍" />
      <DWZWFZ nameCN="单位职务分组">
        <ZW value="董事长" nameCN="职务" />
        <DWMC value="乳山祥隆房地产开发有限公司" nameCN="单位名称" />
        <DWXZ value="有限责任公司" nameCN="单位性质" />
      </DWZWFZ>
    </SSCYR>
    <SSCYR value="二被告委托代理人刘洪涛，乳山义正法律服务所法律工作者。" nameCN="诉讼参与人">
      <SSCYRMC value="刘洪涛" nameCN="诉讼参与人名称" />
      <SSSF value="委托代理人" nameCN="诉讼身份" />
      <DSRLX value="自然人" nameCN="当事人类型" />
      <GJ value="中国" nameCN="国籍" />
      <DTQK value="到庭" nameCN="到庭情况" />
    </SSCYR>
    <SSCYRQJ value="错误" nameCN="保险公司是否作为被告" />
  </SSCYRQJ>
  <SSJL value="原告丁锦石与被告乳山祥隆房地产开发有限公司、被告乳山市兴东房地产开发有限责任公司商品房买卖合同纠纷一案，本院受理后依法组成合议庭公开开庭进行了审理。原告丁锦石之委托代理人任复苏，被告乳山祥隆房地产开发有限公司、被告乳山市兴东房地产开发有限责任公司之委托代理人刘洪涛到庭参加诉讼。本案现已审理终结。" nameCN="诉讼记录">
    <AY value="买卖合同纠纷" nameCN="案由" />
    <KTSL value="是" nameCN="开庭审理" />
    <KTSLXX value="公开审理" nameCN="开庭审理信息" />
    <WZAY value="买卖合同纠纷" nameCN="完整案由" />
    <AYDM value="9142" nameCN="案由代码" />
    <YSAJSYCX value="普通程序" nameCN="一审案件适用程序" />
    <JYZPT value="否" nameCN="简易转普通" />
    <SPZZ value="合议庭" nameCN="审判组织" />
    <YSAJLY value="新收" nameCN="一审案件来源" />
    <CTDSRXX nameCN="出庭当事人信息">
      <CTRXM value="乳山市兴东房地产开发有限责任公司" nameCN="出庭人姓名">
        <SSDW value="被告" nameCN="诉讼地位" />
      </CTRXM>
      <CTRXM value="刘洪涛" nameCN="出庭人姓名">
        <SSDW value="委托代理人" nameCN="诉讼地位" />
      </CTRXM>
      <CTRXM value="丁锦石" nameCN="出庭人姓名">
        <SSDW value="原告" nameCN="诉讼地位" />
      </CTRXM>
      <CTRXM value="任复苏" nameCN="出庭人姓名">
        <SSDW value="委托代理人" nameCN="诉讼地位" />
      </CTRXM>
      <CTRXM value="乳山祥隆房地产开发有限公司" nameCN="出庭人姓名">
        <SSDW value="被告" nameCN="诉讼地位" />
      </CTRXM>
    </CTDSRXX>
  </SSJL>
  <AJJBQK value="原告丁锦石诉称，2008年10月，原、被告签订商品房买卖合同，合同约定被告应在2009年12月30日前将房屋交付给原告使用，但被告没有按合同约定交付房屋，现诉至法院，要求被告赔偿逾期交房违约金9460．8元，逾期办证违约金2190元。&#xA;被告乳山祥隆房地产开发有限公司及乳山市兴东房地产开发有限责任公司辩称，对于原告要求被告支付的违约金问题，认为原告要求数额较高，请求予以降低。另外，2009年12月19日，被告向所有原定于2009年12月30日交房的业主发出沟通函，就房屋交付问题与业主进行沟通，2010年3月30日被告向原告发出交房邀请函，邀请原告于2010年4月1日至4月30日办理交接手续，但原告直到2010年4月24日才与被告办理交接手续，造成延期交付责任并不全在于被告，且原告要求赔偿逾期交房违约金已经超过诉讼时效。对于逾期办证问题，系因原告自身的原因逾期办证，被告不应承担违约责任。&#xA;经审理查明，2008年10月25日，原、被告签订商品房买卖合同，约定原告购买二被告开发的乳山市银滩旅游度假区祥隆花园小区第17幢1单元1124号房，房屋建筑面积39．34平方米，原、被告约定按建筑面积计算商品房价款，单价为每平方米5566．86元，房款合计219000元。合同第八条约定：出卖人应在2009年12月30日前，将经验收合格并符合合同约定的商品房交付买受人使用。第九条约定：出卖人如未按本合同规定的期限将商品房交付买受人使用，逾期30日后，买受人有权解除合同，买受人要求继续履行合同的，合同继续履行，自本合同第八条规定的最后交付期限的第二天起至实际交付之日止，出卖人按日向买受人支付已交付房价款万分之三的违约金。第十一条约定：商品房达到交付使用条件后，出卖人应当书面通知买受人办理交付手续。第十五条约定：出卖人应当在商品房交付使用后90日内，将办理权属登记需由出卖人提供的资料报产权登记机关备案，如因出卖人的责任，买受人不能在规定的期限内取得房地产权属证书的，双方同意买受人不退房，出卖人按已付房价款的1％向买受人支付违约金。合同签订后，原告共计向被告支付购房款228074元。原告提供《致尊敬的朋友的一封信》及《邀请函》，以证实其就延期交房问题与原告协商，并邀请原告于2010年4月1日至4月30日接收房屋，但原告称并未收到该信件及邀请函，被告亦未提供证据证实其向原告送达该信件及邀请函。2010年4月24日，原告签收《祥隆花园交房结算明细》，该明细表载明原告应补房款及其它费用，共计15879元，同日，原告补齐上述款项后接收房屋。原告的该房屋于2011年4月19日在乳山市住房保障和房产管理局办理产权登记。被告称系因原告未按期接受房屋导致延期办理房产证，故不应承担责任，但其在本院限定的期限内未提供其在商品房交付使用90日内将办理权属登记需由出卖人提供的资料报产权登记机关备案及原告委托被告代为办理房产证的相关证据。2009年12月28日，由建设单位、勘察单位、设计单位、施工单位、监理单位共同出具银滩祥隆花园17号楼工程竣工质量验收报告。本案经调解无效。&#xA;上述事实有原、被告的陈述及双方提交的商品房买卖合同、交房结算明细表、房屋所有权证书、工程竣工质量验收报告等证据在案为证。&#xA;" nameCN="案件基本情况">
    <YGSCD value="原告丁锦石诉称，2008年10月，原、被告签订商品房买卖合同，合同约定被告应在2009年12月30日前将房屋交付给原告使用，但被告没有按合同约定交付房屋，现诉至法院，要求被告赔偿逾期交房违约金9460．8元，逾期办证违约金2190元。 " nameCN="原告诉称段" />
    <BGBCD value="被告乳山祥隆房地产开发有限公司及乳山市兴东房地产开发有限责任公司辩称，对于原告要求被告支付的违约金问题，认为原告要求数额较高，请求予以降低。另外，2009年12月19日，被告向所有原定于2009年12月30日交房的业主发出沟通函，就房屋交付问题与业主进行沟通，2010年3月30日被告向原告发出交房邀请函，邀请原告于2010年4月1日至4月30日办理交接手续，但原告直到2010年4月24日才与被告办理交接手续，造成延期交付责任并不全在于被告，且原告要求赔偿逾期交房违约金已经超过诉讼时效。对于逾期办证问题，系因原告自身的原因逾期办证，被告不应承担违约责任。 " nameCN="被告辩称段" />
    <ZJD value="上述事实有原、被告的陈述及双方提交的商品房买卖合同、交房结算明细表、房屋所有权证书、工程竣工质量验收报告等证据在案为证。" nameCN="证据段" />
    <CMSSD value="经审理查明，2008年10月25日，原、被告签订商品房买卖合同，约定原告购买二被告开发的乳山市银滩旅游度假区祥隆花园小区第17幢1单元1124号房，房屋建筑面积39．34平方米，原、被告约定按建筑面积计算商品房价款，单价为每平方米5566．86元，房款合计219000元。合同第八条约定：出卖人应在2009年12月30日前，将经验收合格并符合合同约定的商品房交付买受人使用。第九条约定：出卖人如未按本合同规定的期限将商品房交付买受人使用，逾期30日后，买受人有权解除合同，买受人要求继续履行合同的，合同继续履行，自本合同第八条规定的最后交付期限的第二天起至实际交付之日止，出卖人按日向买受人支付已交付房价款万分之三的违约金。第十一条约定：商品房达到交付使用条件后，出卖人应当书面通知买受人办理交付手续。第十五条约定：出卖人应当在商品房交付使用后90日内，将办理权属登记需由出卖人提供的资料报产权登记机关备案，如因出卖人的责任，买受人不能在规定的期限内取得房地产权属证书的，双方同意买受人不退房，出卖人按已付房价款的1％向买受人支付违约金。合同签订后，原告共计向被告支付购房款228074元。原告提供《致尊敬的朋友的一封信》及《邀请函》，以证实其就延期交房问题与原告协商，并邀请原告于2010年4月1日至4月30日接收房屋，但原告称并未收到该信件及邀请函，被告亦未提供证据证实其向原告送达该信件及邀请函。2010年4月24日，原告签收《祥隆花园交房结算明细》，该明细表载明原告应补房款及其它费用，共计15879元，同日，原告补齐上述款项后接收房屋。原告的该房屋于2011年4月19日在乳山市住房保障和房产管理局办理产权登记。被告称系因原告未按期接受房屋导致延期办理房产证，故不应承担责任，但其在本院限定的期限内未提供其在商品房交付使用90日内将办理权属登记需由出卖人提供的资料报产权登记机关备案及原告委托被告代为办理房产证的相关证据。2009年12月28日，由建设单位、勘察单位、设计单位、施工单位、监理单位共同出具银滩祥隆花园17号楼工程竣工质量验收报告。本案经调解无效。" nameCN="查明事实段">
      <SGXQ value="未提及" nameCN="事故详情">
        <SGSJ value="未提及" nameCN="事故时间" />
        <SGDD value="未提及" nameCN="事故地点" />
      </SGXQ>
      <JDCSYR value="乳山祥隆房地产开发有限公司" nameCN="机动车所有人" />
      <SFTB value="是" nameCN="是否投保" />
      <SFZBXQN value="是" nameCN="是否在保险期内" />
      <SFXQPF value="是" nameCN="是否先期赔付" />
      <SJZCQK value="向被告支付购房款228074元" nameCN="实际支出情况" />
      <JDSFKK value="是" nameCN="鉴定是否可靠" />
    </CMSSD>
  </AJJBQK>
  <CPFXGC value="本院认为，原、被告签订的商品房买卖合同是双方真实的意思表示且不违反有关法律规定，为有效合同，双方均应按合同的约定履行各自的义务。被告未按合同的约定按时将房屋交付给原告，应按合同的约定承担相应的违约责任，但原告已于2010年4月24日接收房屋，且此时该房屋已经具备交付条件，故原告于2012年6月27日起诉要求被告给付逾期交房违约金已超过诉讼时效，故被告关于原告要求赔偿逾期交房违约金已超过诉讼时效的主张，本院予以支持。原告于2010年4月24日接收房屋，被告应于2010年7月23日前，将办理产权登记需由被告提供的资料报产权登记机关备案，但被告未能提供该证据予以证实，故原告要求被告支付逾期办证违约金，理由正当，本院予以支持，违约金数额按合同约定计算为2280．74元，但原告仅要求被告给付2190元，本院予以支持。依据《中华人民共和国民法通则》第五条、第一百三十五条，《中华人民共和国合同法》第八条、第六十条、第一百一十四条第一款之规定，判决如下：&#xA;" nameCN="裁判分析过程">
    <JAFSLX value="判决" nameCN="结案方式类型" />
    <FLFTMC value="中华人民共和国民法通则" nameCN="法律法条名称">
      <TM value="五" nameCN="条目" />
      <TM value="一百三十五" nameCN="条目" />
      <SFCXF value="非程序法" nameCN="是否是程序法" />
    </FLFTMC>
    <FLFTMC value="中华人民共和国合同法" nameCN="法律法条名称">
      <TM value="一百一十四" nameCN="条目">
        <KM value="第一款" nameCN="款目" />
      </TM>
      <TM value="八" nameCN="条目" />
      <TM value="六十" nameCN="条目" />
      <SFCXF value="非程序法" nameCN="是否是程序法" />
    </FLFTMC>
  </CPFXGC>
  <CPJG value="一、被告乳山祥隆房地产开发有限公司、乳山市兴东房地产开发有限责任公司于本判决生效之日起十日内给付原告丁锦石逾期办证违约金2190元；&#xA;二、驳回原告丁锦石要求被告乳山祥隆房地产开发有限公司、乳山市兴东房地产开发有限责任公司给付逾期交房违约金9460．8元的诉讼请求。&#xA;如果被告未按本判决指定的期间履行给付金钱义务，则应当按照《中华人民共和国民事诉讼法》第二百二十九条之规定，加倍支付迟延履行期间的债务利息。&#xA;案件受理费92元，由原告丁锦石负担42元，被告乳山祥隆房地产开发有限公司、乳山市兴东房地产开发有限责任公司共同负担50元。&#xA;如不服本判决，可在判决书送达之日起十五日内向本院递交上诉状，并按对方当事人的人数提出副本，上诉于山东省威海市中级人民法院。&#xA;" nameCN="裁判结果">
    <JAFS value="判决" nameCN="结案方式" />
    <PCSFSXZQ value="正确" nameCN="同时起诉侵权人与保险公司的赔偿顺序" />
    <JTPJJG value="一、被告乳山祥隆房地产开发有限公司、乳山市兴东房地产开发有限责任公司于本判决生效之日起十日内给付原告丁锦石逾期办证违约金2190元；" nameCN="具体裁判段">
      <QLR value="丁锦石" nameCN="权利人">
        <QLRSSDW value="原告" nameCN="诉讼地位" />
      </QLR>
      <YWR value="乳山市兴东房地产开发有限责任公司" nameCN="义务人">
        <YWRSSDW value="被告" nameCN="诉讼地位" />
      </YWR>
      <YWR value="乳山祥隆房地产开发有限公司" nameCN="义务人">
        <YWRSSDW value="被告" nameCN="诉讼地位" />
      </YWR>
      <PJZXQX value="十日" nameCN="判决执行期限" />
      <PJJE nameCN="判决金额">
        <JE value="2190元" nameCN="金额" />
        <JELX value="违约金" nameCN="金额类型" />
      </PJJE>
    </JTPJJG>
    <JTPJJG value="二、驳回原告丁锦石要求被告乳山祥隆房地产开发有限公司、乳山市兴东房地产开发有限责任公司给付逾期交房违约金9460．8元的诉讼请求。" nameCN="具体裁判段">
      <PJJE nameCN="判决金额">
        <JE value="9460.8元" nameCN="金额" />
        <JELX value="违约金" nameCN="金额类型" />
      </PJJE>
    </JTPJJG>
    <JTPJJG value="如果被告未按本判决指定的期间履行给付金钱义务，则应当按照《中华人民共和国民事诉讼法》第二百二十九条之规定，加倍支付迟延履行期间的债务利息。" nameCN="具体裁判段" />
    <SSFCD nameCN="诉讼费承担">
      <SSFCDJL value="案件受理费92元，由原告丁锦石负担42元，被告乳山祥隆房地产开发有限公司、乳山市兴东房地产开发有限责任公司共同负担50元。" nameCN="诉讼费承担记录">
        <SSFJE value="92元" nameCN="诉讼费金额" />
        <SSFZL value="受理费" nameCN="诉讼费种类" />
        <SSFCDR value="丁锦石" nameCN="承担人">
          <SSFCDJE value="42元" nameCN="承担金额" />
          <SSFCDFS value="个人独立承担该金额" nameCN="承担方式" />
          <SSFCDDW value="原告" nameCN="承担人地位" />
        </SSFCDR>
        <SSFCDR value="乳山市兴东房地产开发有限责任公司" nameCN="承担人">
          <SSFCDJE value="50元" nameCN="承担金额" />
          <SSFCDFS value="与他人共同承担该金额" nameCN="承担方式" />
          <SSFCDDW value="被告" nameCN="承担人地位" />
        </SSFCDR>
        <SSFCDR value="乳山祥隆房地产开发有限公司" nameCN="承担人">
          <SSFCDJE value="50元" nameCN="承担金额" />
          <SSFCDFS value="与他人共同承担该金额" nameCN="承担方式" />
          <SSFCDDW value="被告" nameCN="承担人地位" />
        </SSFCDR>
      </SSFCDJL>
    </SSFCD>
    <SFFHCS value="否" nameCN="是否发回重审" />
    <KSSZ value="山东省威海市中级人民法院" nameCN="可上诉至" />
    <SSTJCL value="上诉状，并按对方当事人的人数提出副本" nameCN="上诉提交材料" />
    <SSQX value="十五日" nameCN="上诉期限" />
    <TCGXQYY value="否" nameCN="是否提出管辖权异议" />
  </CPJG>
  <WW value="审判长于鲁江&#xA;审判员姜玲&#xA;代理审判员王雁&#xA;二〇一二年十一月二十日&#xA;书记员姜杰&#xA;" nameCN="文尾">
    <SPZZCY nameCN="审判组织成员">
      <SPRYXM value="于鲁江" nameCN="审判人员姓名" />
      <SPRYJS value="审判长" nameCN="审判人员角色" />
    </SPZZCY>
    <SPZZCY nameCN="审判组织成员">
      <SPRYXM value="王雁" nameCN="审判人员姓名" />
      <SPRYJS value="代理审判员" nameCN="审判人员角色" />
    </SPZZCY>
    <SPZZCY nameCN="审判组织成员">
      <SPRYXM value="姜玲" nameCN="审判人员姓名" />
      <SPRYJS value="审判员" nameCN="审判人员角色" />
    </SPZZCY>
    <SPZZCY nameCN="审判组织成员">
      <SPRYXM value="姜杰" nameCN="审判人员姓名" />
      <SPRYJS value="书记员" nameCN="审判人员角色" />
    </SPZZCY>
    <CPSJ value="2012年11月20日" nameCN="裁判时间">
      <Year value="2012" nameCN="结案年度" />
      <JANYR value="2012年11月20日" nameCN="结案年月日" />
      <JANY value="2012-11" nameCN="结案年月" />
      <Month value="11" nameCN="月" />
      <Day value="20" nameCN="日" />
    </CPSJ>
  </WW>
  <FL value="" nameCN="附录" />
</QW>

