<?xml version="1.0" encoding="UTF-8"?>
<QW value="&#xA;四川省三台县人民法院&#xA;民事裁定书&#xA;（2014）三民初字第2848号&#xA;原告：三台县农村信用合作联社。&#xA;法定代表人：黄胜，系该社理事长。&#xA;委托代理人：银西国，系花园分社职员，特别授权。&#xA;被告：易传文，男，汉族，住三台县花园镇。&#xA;本院在审理原告三台县农村信用合作联社与被告易传文金融借款合同纠纷一案中，原告三台县农村信用合作联社于2014年4月8日向本院提出撤诉申请。&#xA;本院认为：原告三台县农村信用合作联社的撤诉申请符合有关法律规定，应予准许。依照《中华人民共和国民事诉讼法》第一百四十五条、第一百五十四条第一款（五）项之规定，裁定如下：&#xA;准许原告三台县农村信用合作联社撤回起诉。&#xA;本案受理费免收。&#xA;审判员代洪明&#xA;二〇一四年四月八日&#xA;书记员黄险峰&#xA;" nameCN="全文">
  <WS value="四川省三台县人民法院&#xA;民事裁定书&#xA;（2014）三民初字第2848号&#xA;" nameCN="文首">
    <WSZZDW value="法院" nameCN="文书制作单位" />
    <JBFY value="四川省三台县人民法院" nameCN="经办法院">
      <FYJB value="基层" nameCN="法院级别" />
      <XZQH_P value="四川" nameCN="行政区划(省)" />
      <XZQH_C value="四川" nameCN="行政区划(市)" />
    </JBFY>
    <WSMC value="民事裁定书" nameCN="文书名称" />
    <AH value="(2014)三民初字第2848号" nameCN="案号" />
    <LAND value="2014" nameCN="立案年度" />
    <AJXZ value="民事案件" nameCN="案件性质" />
    <WSZL value="裁定书" nameCN="文书种类" />
    <SPCX value="一审案件" nameCN="审判程序" />
    <AJLX value="民事一审案件" nameCN="案件类型" />
  </WS>
  <SSCYRQJ value="原告：三台县农村信用合作联社。&#xA;法定代表人：黄胜，系该社理事长。&#xA;委托代理人：银西国，系花园分社职员，特别授权。&#xA;被告：易传文，男，汉族，住三台县花园镇。&#xA;" nameCN="诉讼参与人全集">
    <SSCYR value="原告：三台县农村信用合作联社。" nameCN="诉讼参与人">
      <SSCYRMC value="三台县农村信用合作联社" nameCN="诉讼参与人名称" />
      <SSSF value="原告" nameCN="诉讼身份" />
      <SSDW value="原告" nameCN="诉讼地位" />
      <DSRLB value="原告" nameCN="当事人类别" />
      <DSRLX value="法人" nameCN="当事人类型" />
      <FDDBR value="黄胜" nameCN="单位法定代表人" />
    </SSCYR>
    <SSCYR value="法定代表人：黄胜，系该社理事长。" nameCN="诉讼参与人">
      <SSCYRMC value="黄胜" nameCN="诉讼参与人名称" />
      <SSSF value="法定代表人" nameCN="诉讼身份" />
      <DSRLX value="自然人" nameCN="当事人类型" />
      <GJ value="中国" nameCN="国籍" />
      <DWZWFZ nameCN="单位职务分组">
        <DWMC value="三台县农村信用合作联社" nameCN="单位名称" />
      </DWZWFZ>
    </SSCYR>
    <SSCYR value="委托代理人：银西国，系花园分社职员，特别授权。" nameCN="诉讼参与人">
      <SSCYRMC value="银西国" nameCN="诉讼参与人名称" />
      <SSSF value="委托代理人" nameCN="诉讼身份" />
      <DSRLX value="自然人" nameCN="当事人类型" />
      <GJ value="中国" nameCN="国籍" />
      <DWZWFZ nameCN="单位职务分组">
        <ZW value="职员" nameCN="职务" />
      </DWZWFZ>
    </SSCYR>
    <SSCYR value="被告：易传文，男，汉族，住三台县花园镇。" nameCN="诉讼参与人">
      <SSCYRMC value="易传文" nameCN="诉讼参与人名称" />
      <SSSF value="被告" nameCN="诉讼身份" />
      <SSDW value="被告" nameCN="诉讼地位" />
      <DSRLB value="被告" nameCN="当事人类别" />
      <DSRLX value="自然人" nameCN="当事人类型" />
      <XB value="男" nameCN="性别" />
      <MZ value="汉族" nameCN="民族" />
      <GJ value="中国" nameCN="国籍" />
      <DSRDZ value="三台县花园镇" nameCN="当事人地址" />
    </SSCYR>
    <SSCYRQJ value="错误" nameCN="保险公司是否作为被告" />
  </SSCYRQJ>
  <SSJL value="本院在审理原告三台县农村信用合作联社与被告易传文金融借款合同纠纷一案中，原告三台县农村信用合作联社于2014年4月8日向本院提出撤诉申请。" nameCN="诉讼记录">
    <CS value="" nameCN="撤诉">
      <CSR value="三台县农村信用合作联社" nameCN="撤诉人" />
      <RQ value="2014年4月8日" nameCN="日期" />
    </CS>
    <YG value="三台县农村信用合作联社" nameCN="原告" />
    <BG value="易传文" nameCN="被告" />
    <AY value="金融借款合同纠纷" nameCN="案由" />
    <KTSL value="否" nameCN="开庭审理" />
    <WZAY value="金融借款合同纠纷" nameCN="完整案由" />
    <AYDM value="9178" nameCN="案由代码" />
    <YSAJSYCX value="普通程序" nameCN="一审案件适用程序" />
    <JYZPT value="否" nameCN="简易转普通" />
    <SPZZ value="独任庭" nameCN="审判组织" />
    <YSAJLY value="新收" nameCN="一审案件来源" />
    <SQCSRQ value="2014年4月8日" nameCN="申请撤诉日期" />
  </SSJL>
  <AJJBQK value="" nameCN="案件基本情况" />
  <CPFXGC value="本院认为：原告三台县农村信用合作联社的撤诉申请符合有关法律规定，应予准许。依照《中华人民共和国民事诉讼法》第一百四十五条、第一百五十四条第一款（五）项之规定，裁定如下：&#xA;" nameCN="裁判分析过程">
    <JAFSLX value="裁定" nameCN="结案方式类型" />
    <FLFTMC value="中华人民共和国民事诉讼法" nameCN="法律法条名称">
      <TM value="一百四十五" nameCN="条目" />
      <TM value="一百五十四" nameCN="条目">
        <KM value="第一款（五）项" nameCN="款目" />
      </TM>
      <SFCXF value="是程序法" nameCN="是否是程序法" />
    </FLFTMC>
  </CPFXGC>
  <CPJG value="准许原告三台县农村信用合作联社撤回起诉。&#xA;本案受理费免收。&#xA;" nameCN="裁判结果">
    <JAFS value="准予撤诉" nameCN="结案方式" />
    <PCSFSXZQ value="正确" nameCN="同时起诉侵权人与保险公司的赔偿顺序" />
    <JTPJJG value="准许原告三台县农村信用合作联社撤回起诉。" nameCN="具体裁判段" />
    <SSFCD nameCN="诉讼费承担">
      <SSFCDJL value="本案受理费免收。" nameCN="诉讼费承担记录" />
    </SSFCD>
    <SFFHCS value="否" nameCN="是否发回重审" />
    <CSRJH nameCN="撤诉人集合">
      <CSR value="三台县农村信用合作联社" nameCN="撤诉人" />
    </CSRJH>
    <CSLX value="原告主动撤诉" nameCN="撤诉类型" />
    <TCGXQYY value="否" nameCN="是否提出管辖权异议" />
  </CPJG>
  <WW value="审判员代洪明&#xA;二〇一四年四月八日&#xA;书记员黄险峰&#xA;" nameCN="文尾">
    <SPZZCY nameCN="审判组织成员">
      <SPRYXM value="代洪明" nameCN="审判人员姓名" />
      <SPRYJS value="审判员" nameCN="审判人员角色" />
    </SPZZCY>
    <SPZZCY nameCN="审判组织成员">
      <SPRYXM value="黄险峰" nameCN="审判人员姓名" />
      <SPRYJS value="书记员" nameCN="审判人员角色" />
    </SPZZCY>
    <CPSJ value="2014年4月8日" nameCN="裁判时间">
      <Year value="2014" nameCN="结案年度" />
      <JANYR value="2014年4月8日" nameCN="结案年月日" />
      <JANY value="2014-4" nameCN="结案年月" />
      <Month value="4" nameCN="月" />
      <Day value="8" nameCN="日" />
    </CPSJ>
  </WW>
  <FL value="" nameCN="附录" />
</QW>

