<?xml version="1.0" encoding="UTF-8"?>
<QW value="&#xA;浙江省绍兴县人民法院&#xA;民事裁定书&#xA;（2010）绍民初字第393号&#xA;原告：上海陆家嘴物业管理有限公司。&#xA;法定代表人：彭文椒。&#xA;委托代理人：穆燕静。&#xA;被告：钱兴海。&#xA;本院受理原告上海陆家嘴物业管理有限公司诉被告钱兴海物业服务合同纠纷一案后，原告于2010年1月28日向本院申请撤回对被告钱兴海的起诉。&#xA;经审查，本院认为，原告申请撤回起诉系当事人对自己诉讼权利的处分，符合有关法律规定，本院应予准许。依照《中华人民共和国民事诉讼法》第一百三十一条第一款之规定，裁定如下：&#xA;准许原告上海陆家嘴物业管理有限公司撤回对被告钱兴海的起诉。&#xA;案件受理费50元，减半收取25元，由原告负担。&#xA;代理审判员刘婷&#xA;二〇一〇年二月二十日&#xA;书记员范兰英&#xA;" nameCN="全文">
  <WS value="浙江省绍兴县人民法院&#xA;民事裁定书&#xA;（2010）绍民初字第393号&#xA;" nameCN="文首">
    <WSZZDW value="法院" nameCN="文书制作单位" />
    <JBFY value="浙江省绍兴县人民法院" nameCN="经办法院">
      <FYJB value="基层" nameCN="法院级别" />
      <XZQH_P value="浙江" nameCN="行政区划(省)" />
      <XZQH_C value="浙江" nameCN="行政区划(市)" />
    </JBFY>
    <WSMC value="民事裁定书" nameCN="文书名称" />
    <AH value="(2010)绍民初字第393号" nameCN="案号" />
    <LAND value="2010" nameCN="立案年度" />
    <AJXZ value="民事案件" nameCN="案件性质" />
    <WSZL value="裁定书" nameCN="文书种类" />
    <SPCX value="一审案件" nameCN="审判程序" />
    <AJLX value="民事一审案件" nameCN="案件类型" />
  </WS>
  <SSCYRQJ value="原告：上海陆家嘴物业管理有限公司。&#xA;法定代表人：彭文椒。&#xA;委托代理人：穆燕静。&#xA;被告：钱兴海。&#xA;" nameCN="诉讼参与人全集">
    <SSCYR value="原告：上海陆家嘴物业管理有限公司。" nameCN="诉讼参与人">
      <SSCYRMC value="上海陆家嘴物业管理有限公司" nameCN="诉讼参与人名称" />
      <SSSF value="原告" nameCN="诉讼身份" />
      <SSDW value="原告" nameCN="诉讼地位" />
      <DSRLB value="原告" nameCN="当事人类别" />
      <DSRLX value="法人" nameCN="当事人类型" />
      <DWXZ value="有限责任公司" nameCN="单位性质" />
      <FDDBR value="彭文椒" nameCN="单位法定代表人" />
    </SSCYR>
    <SSCYR value="法定代表人：彭文椒。" nameCN="诉讼参与人">
      <SSCYRMC value="彭文椒" nameCN="诉讼参与人名称" />
      <SSSF value="法定代表人" nameCN="诉讼身份" />
      <DSRLX value="自然人" nameCN="当事人类型" />
      <GJ value="中国" nameCN="国籍" />
      <DWZWFZ nameCN="单位职务分组">
        <DWMC value="上海陆家嘴物业管理有限公司" nameCN="单位名称" />
        <DWXZ value="有限责任公司" nameCN="单位性质" />
      </DWZWFZ>
    </SSCYR>
    <SSCYR value="委托代理人：穆燕静。" nameCN="诉讼参与人">
      <SSCYRMC value="穆燕静" nameCN="诉讼参与人名称" />
      <SSSF value="委托代理人" nameCN="诉讼身份" />
      <DSRLX value="自然人" nameCN="当事人类型" />
      <GJ value="中国" nameCN="国籍" />
    </SSCYR>
    <SSCYR value="被告：钱兴海。" nameCN="诉讼参与人">
      <SSCYRMC value="钱兴海" nameCN="诉讼参与人名称" />
      <SSSF value="被告" nameCN="诉讼身份" />
      <SSDW value="被告" nameCN="诉讼地位" />
      <DSRLB value="被告" nameCN="当事人类别" />
      <DSRLX value="自然人" nameCN="当事人类型" />
      <GJ value="中国" nameCN="国籍" />
    </SSCYR>
    <SSCYRQJ value="错误" nameCN="保险公司是否作为被告" />
  </SSCYRQJ>
  <SSJL value="本院受理原告上海陆家嘴物业管理有限公司诉被告钱兴海物业服务合同纠纷一案后，原告于2010年1月28日向本院申请撤回对被告钱兴海的起诉。" nameCN="诉讼记录">
    <CS value="" nameCN="撤诉">
      <CSR value="*未写出" nameCN="撤诉人" />
      <RQ value="2010年1月28日" nameCN="日期" />
    </CS>
    <YG value="上海陆家嘴物业管理有限公司" nameCN="原告" />
    <BG value="钱兴海" nameCN="被告" />
    <AY value="物业服务合同纠纷" nameCN="案由" />
    <KTSL value="否" nameCN="开庭审理" />
    <WZAY value="物业服务合同纠纷" nameCN="完整案由" />
    <AYDM value="9280" nameCN="案由代码" />
    <YSAJSYCX value="普通程序" nameCN="一审案件适用程序" />
    <JYZPT value="否" nameCN="简易转普通" />
    <SPZZ value="独任庭" nameCN="审判组织" />
    <YSAJLY value="新收" nameCN="一审案件来源" />
    <SQCSRQ value="2010年1月28日" nameCN="申请撤诉日期" />
  </SSJL>
  <AJJBQK value="" nameCN="案件基本情况" />
  <CPFXGC value="经审查，本院认为，原告申请撤回起诉系当事人对自己诉讼权利的处分，符合有关法律规定，本院应予准许。依照《中华人民共和国民事诉讼法》第一百三十一条第一款之规定，裁定如下：&#xA;" nameCN="裁判分析过程">
    <JAFSLX value="裁定" nameCN="结案方式类型" />
    <FLFTMC value="中华人民共和国民事诉讼法" nameCN="法律法条名称">
      <TM value="一百三十一" nameCN="条目">
        <KM value="第一款" nameCN="款目" />
      </TM>
      <SFCXF value="是程序法" nameCN="是否是程序法" />
    </FLFTMC>
  </CPFXGC>
  <CPJG value="准许原告上海陆家嘴物业管理有限公司撤回对被告钱兴海的起诉。&#xA;案件受理费50元，减半收取25元，由原告负担。&#xA;" nameCN="裁判结果">
    <JAFS value="准予撤诉" nameCN="结案方式" />
    <PCSFSXZQ value="正确" nameCN="同时起诉侵权人与保险公司的赔偿顺序" />
    <JTPJJG value="准许原告上海陆家嘴物业管理有限公司撤回对被告钱兴海的起诉。" nameCN="具体裁判段" />
    <SSFCD nameCN="诉讼费承担">
      <SSFCDJL value="案件受理费50元，减半收取25元，由原告负担。" nameCN="诉讼费承担记录">
        <SSFJE value="25元" nameCN="诉讼费金额" />
        <SSFZL value="受理费" nameCN="诉讼费种类" />
      </SSFCDJL>
    </SSFCD>
    <SFFHCS value="否" nameCN="是否发回重审" />
    <CSRJH nameCN="撤诉人集合">
      <CSR value="上海陆家嘴物业管理有限公司" nameCN="撤诉人" />
      <CSR value="钱兴海" nameCN="撤诉人" />
    </CSRJH>
    <CSLX value="原告主动撤诉" nameCN="撤诉类型" />
    <TCGXQYY value="否" nameCN="是否提出管辖权异议" />
  </CPJG>
  <WW value="代理审判员刘婷&#xA;二〇一〇年二月二十日&#xA;书记员范兰英&#xA;" nameCN="文尾">
    <SPZZCY nameCN="审判组织成员">
      <SPRYXM value="范兰英" nameCN="审判人员姓名" />
      <SPRYJS value="书记员" nameCN="审判人员角色" />
    </SPZZCY>
    <SPZZCY nameCN="审判组织成员">
      <SPRYXM value="刘婷" nameCN="审判人员姓名" />
      <SPRYJS value="代理审判员" nameCN="审判人员角色" />
    </SPZZCY>
    <CPSJ value="2010年2月20日" nameCN="裁判时间">
      <Year value="2010" nameCN="结案年度" />
      <JANYR value="2010年2月20日" nameCN="结案年月日" />
      <JANY value="2010-2" nameCN="结案年月" />
      <Month value="2" nameCN="月" />
      <Day value="20" nameCN="日" />
    </CPSJ>
  </WW>
  <FL value="" nameCN="附录" />
</QW>

