<?xml version="1.0" encoding="UTF-8"?>
<QW value="&#xA;天津市河东区人民法院&#xA;民事裁定书&#xA;（2014）东民初字第3752号&#xA;原告中创国信贵金属经营（北京）有限公司天津分公司。&#xA;负责人李英杰，该公司执行董事。&#xA;委托代理人许海洋，天津元庆律师事务所律师。&#xA;委托代理人刘凯旋，天津元庆律师事务所律师。&#xA;被告孙伟成。&#xA;委托代理人王一涵，天津四方君汇律师事务所律师。&#xA;原告中创国信贵金属经营（北京）有限公司天津分公司诉被告孙伟成劳动争议纠纷一案，本院依法受理后，原告向本院提出撤诉申请。&#xA;本院认为，原告申请撤回起诉，意思表示真实，符合法律规定。依照《中华人民共和国民事诉讼法》第一百四十五条第一款之规定，裁定如下：&#xA;准许原告中创国信贵金属经营（北京）有限公司天津分公司撤回起诉。&#xA;案件受理费10元，减半收取5元，由原告中创国信贵金属经营（北京）有限公司天津分公司负担。&#xA;代理审判员袁媛&#xA;二〇一四年十月九日&#xA;书记员张妍&#xA;" nameCN="全文">
  <WS value="天津市河东区人民法院&#xA;民事裁定书&#xA;（2014）东民初字第3752号&#xA;" nameCN="文首">
    <WSZZDW value="法院" nameCN="文书制作单位" />
    <JBFY value="天津市河东区人民法院" nameCN="经办法院">
      <FYJB value="基层" nameCN="法院级别" />
      <XZQH_P value="天津" nameCN="行政区划(省)" />
    </JBFY>
    <WSMC value="民事裁定书" nameCN="文书名称" />
    <AH value="(2014)东民初字第3752号" nameCN="案号" />
    <LAND value="2014" nameCN="立案年度" />
    <AJXZ value="民事案件" nameCN="案件性质" />
    <WSZL value="裁定书" nameCN="文书种类" />
    <SPCX value="一审案件" nameCN="审判程序" />
    <AJLX value="民事一审案件" nameCN="案件类型" />
  </WS>
  <SSCYRQJ value="原告中创国信贵金属经营（北京）有限公司天津分公司。&#xA;负责人李英杰，该公司执行董事。&#xA;委托代理人许海洋，天津元庆律师事务所律师。&#xA;委托代理人刘凯旋，天津元庆律师事务所律师。&#xA;被告孙伟成。&#xA;委托代理人王一涵，天津四方君汇律师事务所律师。&#xA;" nameCN="诉讼参与人全集">
    <SSCYR value="原告中创国信贵金属经营（北京）有限公司天津分公司。" nameCN="诉讼参与人">
      <SSCYRMC value="中创国信贵金属经营有限公司天津分公司" nameCN="诉讼参与人名称" />
      <SSSF value="原告" nameCN="诉讼身份" />
      <SSDW value="原告" nameCN="诉讼地位" />
      <DSRLB value="原告" nameCN="当事人类别" />
      <DSRLX value="法人" nameCN="当事人类型" />
      <DWXZ value="有限责任公司" nameCN="单位性质" />
    </SSCYR>
    <SSCYR value="负责人李英杰，该公司执行董事。" nameCN="诉讼参与人">
      <SSCYRMC value="李英杰" nameCN="诉讼参与人名称" />
      <SSSF value="负责人" nameCN="诉讼身份" />
      <DSRLX value="自然人" nameCN="当事人类型" />
      <GJ value="中国" nameCN="国籍" />
      <DWZWFZ nameCN="单位职务分组">
        <ZW value="执行董事" nameCN="职务" />
      </DWZWFZ>
    </SSCYR>
    <SSCYR value="委托代理人许海洋，天津元庆律师事务所律师。" nameCN="诉讼参与人">
      <SSCYRMC value="许海洋" nameCN="诉讼参与人名称" />
      <SSSF value="委托代理人" nameCN="诉讼身份" />
      <DSRLX value="自然人" nameCN="当事人类型" />
      <GJ value="中国" nameCN="国籍" />
      <DWZWFZ nameCN="单位职务分组">
        <ZW value="律师" nameCN="职务" />
      </DWZWFZ>
    </SSCYR>
    <SSCYR value="委托代理人刘凯旋，天津元庆律师事务所律师。" nameCN="诉讼参与人">
      <SSCYRMC value="刘凯旋" nameCN="诉讼参与人名称" />
      <SSSF value="委托代理人" nameCN="诉讼身份" />
      <DSRLX value="自然人" nameCN="当事人类型" />
      <GJ value="中国" nameCN="国籍" />
      <DWZWFZ nameCN="单位职务分组">
        <ZW value="律师" nameCN="职务" />
      </DWZWFZ>
    </SSCYR>
    <SSCYR value="被告孙伟成。" nameCN="诉讼参与人">
      <SSCYRMC value="孙伟成" nameCN="诉讼参与人名称" />
      <SSSF value="被告" nameCN="诉讼身份" />
      <SSDW value="被告" nameCN="诉讼地位" />
      <DSRLB value="被告" nameCN="当事人类别" />
      <DSRLX value="自然人" nameCN="当事人类型" />
      <GJ value="中国" nameCN="国籍" />
    </SSCYR>
    <SSCYR value="委托代理人王一涵，天津四方君汇律师事务所律师。" nameCN="诉讼参与人">
      <SSCYRMC value="王一涵" nameCN="诉讼参与人名称" />
      <SSSF value="委托代理人" nameCN="诉讼身份" />
      <DSRLX value="自然人" nameCN="当事人类型" />
      <GJ value="中国" nameCN="国籍" />
      <DWZWFZ nameCN="单位职务分组">
        <ZW value="律师" nameCN="职务" />
      </DWZWFZ>
    </SSCYR>
    <SSCYRQJ value="错误" nameCN="保险公司是否作为被告" />
  </SSCYRQJ>
  <SSJL value="原告中创国信贵金属经营（北京）有限公司天津分公司诉被告孙伟成劳动争议纠纷一案，本院依法受理后，原告向本院提出撤诉申请。" nameCN="诉讼记录">
    <CS value="" nameCN="撤诉">
      <CSR value="向本院提出撤诉申请" nameCN="撤诉人" />
      <RQ value="" nameCN="日期" />
    </CS>
    <YG value="中创国信贵金属经营（北京）有限公司天津分公司" nameCN="原告" />
    <BG value="孙伟成" nameCN="被告" />
    <AY value="劳动争议" nameCN="案由" />
    <KTSL value="否" nameCN="开庭审理" />
    <WZAY value="劳动争议" nameCN="完整案由" />
    <AYDM value="9462" nameCN="案由代码" />
    <YSAJSYCX value="普通程序" nameCN="一审案件适用程序" />
    <JYZPT value="否" nameCN="简易转普通" />
    <SPZZ value="独任庭" nameCN="审判组织" />
    <YSAJLY value="新收" nameCN="一审案件来源" />
  </SSJL>
  <AJJBQK value="" nameCN="案件基本情况" />
  <CPFXGC value="本院认为，原告申请撤回起诉，意思表示真实，符合法律规定。依照《中华人民共和国民事诉讼法》第一百四十五条第一款之规定，裁定如下：&#xA;" nameCN="裁判分析过程">
    <JAFSLX value="裁定" nameCN="结案方式类型" />
    <FLFTMC value="中华人民共和国民事诉讼法" nameCN="法律法条名称">
      <TM value="一百四十五" nameCN="条目">
        <KM value="第一款" nameCN="款目" />
      </TM>
      <SFCXF value="是程序法" nameCN="是否是程序法" />
    </FLFTMC>
  </CPFXGC>
  <CPJG value="准许原告中创国信贵金属经营（北京）有限公司天津分公司撤回起诉。&#xA;案件受理费10元，减半收取5元，由原告中创国信贵金属经营（北京）有限公司天津分公司负担。&#xA;" nameCN="裁判结果">
    <JAFS value="准予撤诉" nameCN="结案方式" />
    <PCSFSXZQ value="正确" nameCN="同时起诉侵权人与保险公司的赔偿顺序" />
    <JTPJJG value="准许原告中创国信贵金属经营（北京）有限公司天津分公司撤回起诉。" nameCN="具体裁判段" />
    <SSFCD nameCN="诉讼费承担">
      <SSFCDJL value="案件受理费10元，减半收取5元，由原告中创国信贵金属经营（北京）有限公司天津分公司负担。" nameCN="诉讼费承担记录">
        <SSFJE value="5元" nameCN="诉讼费金额" />
        <SSFZL value="受理费" nameCN="诉讼费种类" />
      </SSFCDJL>
    </SSFCD>
    <SFFHCS value="否" nameCN="是否发回重审" />
    <TCGXQYY value="否" nameCN="是否提出管辖权异议" />
  </CPJG>
  <WW value="代理审判员袁媛&#xA;二〇一四年十月九日&#xA;书记员张妍&#xA;" nameCN="文尾">
    <SPZZCY nameCN="审判组织成员">
      <SPRYXM value="张妍" nameCN="审判人员姓名" />
      <SPRYJS value="书记员" nameCN="审判人员角色" />
    </SPZZCY>
    <SPZZCY nameCN="审判组织成员">
      <SPRYXM value="袁媛" nameCN="审判人员姓名" />
      <SPRYJS value="代理审判员" nameCN="审判人员角色" />
    </SPZZCY>
    <CPSJ value="2014年10月9日" nameCN="裁判时间">
      <Year value="2014" nameCN="结案年度" />
      <JANYR value="2014年10月9日" nameCN="结案年月日" />
      <JANY value="2014-10" nameCN="结案年月" />
      <Month value="10" nameCN="月" />
      <Day value="9" nameCN="日" />
    </CPSJ>
  </WW>
  <FL value="" nameCN="附录" />
</QW>

