<?xml version="1.0" encoding="UTF-8"?>
<QW value="&#xA;河南省开封市祥符区人民法院&#xA;一审民事判决书&#xA;（2014）开民初字第1202号&#xA;原告中国邮政储蓄银行股份有限公司开封县支行；住所地开封县青年路中段地税局楼下；&#xA;负责人郭玉霞，任行长职务；&#xA;委托代理人李万军，男，汉族，1970年生。系该单位职工，代理权限为特别授权。&#xA;被告田国宝，男，汉族，1989年生。&#xA;被告陈建英，女，汉族，1988年生。&#xA;被告郝磊，男，汉族，1983年生。&#xA;被告李小洛，女，汉族，1984年生。&#xA;被告王大庆，男，汉族，1987年生。&#xA;被告孙五妮，女，汉族，1988年生。&#xA;原告中国邮政储蓄银行股份有限公司开封县支行（以下简称邮政开封县支行）诉被告田国宝、陈建英、郝磊、李小洛、王大庆、孙五妮借款合同纠纷一案，本院于2014年9月3日立案受理。2015年2月10日，本院依法组成合议庭公开开庭审理了此案。原告邮政开封县支行委托代理人李万军、被告郝磊、王大庆到庭参加了诉讼，被告田国宝、陈建英、李小洛、孙五妮经本院传票传唤，无正当理由，未到庭参加诉讼。本案现已缺席审理终结。&#xA;原告邮政开封县支行诉称，原告与被告田国宝、陈建英、郝磊、李小洛、王大庆、孙五妮签订商户联保借款合同，合同约定被告田国宝、陈建英、郝磊、李小洛、王大庆、孙五妮六人三户分别向原告借款最高不超过人民币8万元，借期一年，被告田国宝、陈建英、郝磊、李小洛、王大庆、孙五妮三户互相承担联保责任。合同签订后，原告依约定于2013年9月30日向被告田国宝、陈建英、郝磊、李小洛、王大庆、孙五妮三户各发放贷款人民币8万元。合同约定被告田国宝、陈建英、郝磊、李小洛、王大庆、孙五妮应于每月30日前归还原告本金及利息，自2014年8月30日开始，被告田国宝、陈建英、郝磊、李小洛、王大庆、孙五妮已逾期4天未按时足额归还本息，已构成违约，经原告多次催要，六被告拒不履行还款义务。请求依法解除原、被告签订的商户联保借款合同，并判定六被告连带支付原告借款本金及利息18783．82元（计算至起诉之日），及至被告实际履行日的利息及逾期罚息，并由六被告承担诉讼费用。&#xA;被告郝磊、王大庆辩称，对证据的真实性无异议，钱是田国宝借的，应该找田国宝要。&#xA;被告田国宝、陈建英、李小洛、孙五妮未到庭参加诉讼，亦未提交书面答辩状，视为放弃答辩权、质证权、举证权。&#xA;经审理查明，2013年9月30日，邮政开封县支行与被告田国宝签订中国邮政储蓄银行小额联保借款合同一份，合同约定：借款金额为80000元；借款期限为12个月（自2013年9月至2014年9月）；年利率为15．3％；贷款用途为进货；还款方式为阶段性等额本息还款法；乙方不按期归还借款本金的，从逾期之日起按借款利率加收50％的罚息。被告田国宝、陈建英系夫妻关系。另查明，2013年9月30日邮政开封县支行与被告田国宝、陈建英、郝磊、李小洛、王大庆、孙五妮签订小额贷款联保协议书，约定该六人自愿遵循&amp;ldquo；自愿组合、诚实守信、风险共担&amp;rdquo；的原则，成立联保小组，作为保证人的联保小组成员对因该次放贷行为形成的债权均提供连带保证责任。还查明，被告田国宝还剩余借款本金18574．27元。&#xA;以上认定事实，有原告提交的中国邮政储蓄银行小额联保借款合同、中国邮政储蓄银行个人贷款（手工）借据、小额贷款联保协议书及庭审陈述等证据可予以印证。&#xA;本院认为，债务应当清偿。原告邮政开封县支行提交的借款合同、借据、联保协议书能够证明被告田国宝、陈建英借款事实的存在及被告郝磊、李小洛、王大庆、孙五妮对该借款承担连带保证责任，被告田国宝、陈建英应按照合同约定支付下欠本金18574．27元、至被告田国宝、陈建英实际履行日的利息及逾期罚息，被告郝磊、李小洛、王大庆、孙五妮对上述款项承担连带偿还责任。综上，依据《中华人民共和国民法通则》第一百零八条、《中华人民共和国合同法》第二百零五条、第二百零六条、第二百零七条、《中华人民共和国担保法》第十八条、第二十一条、《中华人民共和国民事诉讼法》第一百四十四条之规定，判决如下：&#xA;一、被告田国宝、陈建英于判决生效后三日内按照合同约定支付原告中国邮政储蓄银行股份有限公司开封县支行借款本金人民币18574．27元、至实际履行日的利息及逾期罚息。&#xA;二、被告郝磊、李小洛、王大庆、孙五妮对上述款项承担连带偿还责任。&#xA;案件受理费270元，由六被告承担（此款原告已垫付，待被告履行时一并给付）。&#xA;如不服本判决，可在判决书送达之日起十五日内向本院递交上诉状，并按对方当事人的人数提交副本，上诉于河南省开封市中级人民法院。&#xA;审判长李军&#xA;审判员张艳&#xA;陪审员李春强&#xA;二〇一五年二月十二日&#xA;书记员王辰龙&#xA;" nameCN="全文">
  <WS value="河南省开封市祥符区人民法院&#xA;一审民事判决书&#xA;（2014）开民初字第1202号&#xA;" nameCN="文首">
    <WSZZDW value="法院" nameCN="文书制作单位" />
    <JBFY value="河南省开封市祥符区人民法院" nameCN="经办法院">
      <FYJB value="基层" nameCN="法院级别" />
      <XZQH_P value="河南" nameCN="行政区划(省)" />
      <XZQH_C value="开封市" nameCN="行政区划(市)" />
    </JBFY>
    <WSMC value="一审民事判决书" nameCN="文书名称" />
    <AH value="(2014)开民初字第1202号" nameCN="案号" />
    <LAND value="2014" nameCN="立案年度" />
    <AJXZ value="一审案件" nameCN="案件性质" />
    <WSZL value="判决书" nameCN="文书种类" />
    <SPCX value="一审案件" nameCN="审判程序" />
    <AJLX value="一审一审案件" nameCN="案件类型" />
  </WS>
  <SSCYRQJ value="原告中国邮政储蓄银行股份有限公司开封县支行；住所地开封县青年路中段地税局楼下；&#xA;负责人郭玉霞，任行长职务；&#xA;委托代理人李万军，男，汉族，1970年生。系该单位职工，代理权限为特别授权。&#xA;被告田国宝，男，汉族，1989年生。&#xA;被告陈建英，女，汉族，1988年生。&#xA;被告郝磊，男，汉族，1983年生。&#xA;被告李小洛，女，汉族，1984年生。&#xA;被告王大庆，男，汉族，1987年生。&#xA;被告孙五妮，女，汉族，1988年生。&#xA;" nameCN="诉讼参与人全集">
    <SSCYR value="原告中国邮政储蓄银行股份有限公司开封县支行；住所地开封县青年路中段地税局楼下；" nameCN="诉讼参与人">
      <SSCYRMC value="中国邮政储蓄银行股份有限公司开封县支行" nameCN="诉讼参与人名称" />
      <SSSF value="原告" nameCN="诉讼身份" />
      <SSDW value="原告" nameCN="诉讼地位" />
      <DSRLB value="原告" nameCN="当事人类别" />
      <DSRLX value="法人" nameCN="当事人类型" />
      <DSRDZ value="开封县青年路中段地税局楼下" nameCN="当事人地址" />
      <DWXZ value="股份有限公司" nameCN="单位性质" />
      <TSHY value="金融" nameCN="特殊行业" />
    </SSCYR>
    <SSCYR value="负责人郭玉霞，任行长职务；" nameCN="诉讼参与人">
      <SSCYRMC value="郭玉霞" nameCN="诉讼参与人名称" />
      <SSSF value="负责人" nameCN="诉讼身份" />
      <DSRLX value="自然人" nameCN="当事人类型" />
      <GJ value="中国" nameCN="国籍" />
      <DWZWFZ nameCN="单位职务分组">
        <ZW value="行长" nameCN="职务" />
      </DWZWFZ>
    </SSCYR>
    <SSCYR value="委托代理人李万军，男，汉族，1970年生。系该单位职工，代理权限为特别授权。" nameCN="诉讼参与人">
      <SSCYRMC value="李万军" nameCN="诉讼参与人名称" />
      <SSSF value="委托代理人" nameCN="诉讼身份" />
      <DSRLX value="自然人" nameCN="当事人类型" />
      <XB value="男" nameCN="性别" />
      <MZ value="汉族" nameCN="民族" />
      <GJ value="中国" nameCN="国籍" />
      <DTQK value="到庭" nameCN="到庭情况" />
      <DWZWFZ nameCN="单位职务分组">
        <ZW value="职工" nameCN="职务" />
      </DWZWFZ>
    </SSCYR>
    <SSCYR value="被告田国宝，男，汉族，1989年生。" nameCN="诉讼参与人">
      <SSCYRMC value="田国宝" nameCN="诉讼参与人名称" />
      <SSSF value="被告" nameCN="诉讼身份" />
      <SSDW value="被告" nameCN="诉讼地位" />
      <DSRLB value="被告" nameCN="当事人类别" />
      <DSRLX value="自然人" nameCN="当事人类型" />
      <XB value="男" nameCN="性别" />
      <MZ value="汉族" nameCN="民族" />
      <GJ value="中国" nameCN="国籍" />
    </SSCYR>
    <SSCYR value="被告陈建英，女，汉族，1988年生。" nameCN="诉讼参与人">
      <SSCYRMC value="陈建英" nameCN="诉讼参与人名称" />
      <SSSF value="被告" nameCN="诉讼身份" />
      <SSDW value="被告" nameCN="诉讼地位" />
      <DSRLB value="被告" nameCN="当事人类别" />
      <DSRLX value="自然人" nameCN="当事人类型" />
      <XB value="女" nameCN="性别" />
      <MZ value="汉族" nameCN="民族" />
      <GJ value="中国" nameCN="国籍" />
    </SSCYR>
    <SSCYR value="被告郝磊，男，汉族，1983年生。" nameCN="诉讼参与人">
      <SSCYRMC value="郝磊" nameCN="诉讼参与人名称" />
      <SSSF value="被告" nameCN="诉讼身份" />
      <SSDW value="被告" nameCN="诉讼地位" />
      <DSRLB value="被告" nameCN="当事人类别" />
      <DSRLX value="自然人" nameCN="当事人类型" />
      <XB value="男" nameCN="性别" />
      <MZ value="汉族" nameCN="民族" />
      <GJ value="中国" nameCN="国籍" />
      <DTQK value="到庭" nameCN="到庭情况" />
    </SSCYR>
    <SSCYR value="被告李小洛，女，汉族，1984年生。" nameCN="诉讼参与人">
      <SSCYRMC value="李小洛" nameCN="诉讼参与人名称" />
      <SSSF value="被告" nameCN="诉讼身份" />
      <SSDW value="被告" nameCN="诉讼地位" />
      <DSRLB value="被告" nameCN="当事人类别" />
      <DSRLX value="自然人" nameCN="当事人类型" />
      <XB value="女" nameCN="性别" />
      <MZ value="汉族" nameCN="民族" />
      <GJ value="中国" nameCN="国籍" />
    </SSCYR>
    <SSCYR value="被告王大庆，男，汉族，1987年生。" nameCN="诉讼参与人">
      <SSCYRMC value="王大庆" nameCN="诉讼参与人名称" />
      <SSSF value="被告" nameCN="诉讼身份" />
      <SSDW value="被告" nameCN="诉讼地位" />
      <DSRLB value="被告" nameCN="当事人类别" />
      <DSRLX value="自然人" nameCN="当事人类型" />
      <XB value="男" nameCN="性别" />
      <MZ value="汉族" nameCN="民族" />
      <GJ value="中国" nameCN="国籍" />
      <DTQK value="到庭" nameCN="到庭情况" />
    </SSCYR>
    <SSCYR value="被告孙五妮，女，汉族，1988年生。" nameCN="诉讼参与人">
      <SSCYRMC value="孙五妮" nameCN="诉讼参与人名称" />
      <SSSF value="被告" nameCN="诉讼身份" />
      <SSDW value="被告" nameCN="诉讼地位" />
      <DSRLB value="被告" nameCN="当事人类别" />
      <DSRLX value="自然人" nameCN="当事人类型" />
      <XB value="女" nameCN="性别" />
      <MZ value="汉族" nameCN="民族" />
      <GJ value="中国" nameCN="国籍" />
      <JTSFZR value="对该借款承担连带保证责任" nameCN="交通事故责任" />
    </SSCYR>
    <SSCYRQJ value="错误" nameCN="保险公司是否作为被告" />
  </SSCYRQJ>
  <SSJL value="原告中国邮政储蓄银行股份有限公司开封县支行（以下简称邮政开封县支行）诉被告田国宝、陈建英、郝磊、李小洛、王大庆、孙五妮借款合同纠纷一案，本院于2014年9月3日立案受理。2015年2月10日，本院依法组成合议庭公开开庭审理了此案。原告邮政开封县支行委托代理人李万军、被告郝磊、王大庆到庭参加了诉讼，被告田国宝、陈建英、李小洛、孙五妮经本院传票传唤，无正当理由，未到庭参加诉讼。本案现已缺席审理终结。" nameCN="诉讼记录">
    <AY value="借款合同纠纷" nameCN="案由" />
    <KTSL value="是" nameCN="开庭审理" />
    <KTSLXX value="公开审理" nameCN="开庭审理信息" />
    <WZAY value="借款合同纠纷" nameCN="完整案由" />
    <AYDM value="9177" nameCN="案由代码" />
    <LARQ value="2014年9月3日" nameCN="立案日期" />
    <YSAJSYCX value="普通程序" nameCN="一审案件适用程序" />
    <JYZPT value="否" nameCN="简易转普通" />
    <SPZZ value="合议庭" nameCN="审判组织" />
    <YSAJLY value="新收" nameCN="一审案件来源" />
    <SLRQ value="2014年9月3日" nameCN="受理日期" />
    <DXRQX nameCN="当事人缺席">
      <XM value="田国宝" nameCN="姓名">
        <SSDW value="被告" nameCN="诉讼地位" />
      </XM>
      <XM value="孙五妮" nameCN="姓名">
        <SSDW value="被告" nameCN="诉讼地位" />
      </XM>
      <XM value="李小洛" nameCN="姓名">
        <SSDW value="被告" nameCN="诉讼地位" />
      </XM>
      <XM value="陈建英" nameCN="姓名">
        <SSDW value="被告" nameCN="诉讼地位" />
      </XM>
    </DXRQX>
    <CTDSRXX nameCN="出庭当事人信息">
      <CTRXM value="王大庆" nameCN="出庭人姓名">
        <SSDW value="被告" nameCN="诉讼地位" />
      </CTRXM>
      <CTRXM value="李万军" nameCN="出庭人姓名">
        <SSDW value="委托代理人" nameCN="诉讼地位" />
      </CTRXM>
      <CTRXM value="郝磊" nameCN="出庭人姓名">
        <SSDW value="被告" nameCN="诉讼地位" />
      </CTRXM>
    </CTDSRXX>
  </SSJL>
  <AJJBQK value="原告邮政开封县支行诉称，原告与被告田国宝、陈建英、郝磊、李小洛、王大庆、孙五妮签订商户联保借款合同，合同约定被告田国宝、陈建英、郝磊、李小洛、王大庆、孙五妮六人三户分别向原告借款最高不超过人民币8万元，借期一年，被告田国宝、陈建英、郝磊、李小洛、王大庆、孙五妮三户互相承担联保责任。合同签订后，原告依约定于2013年9月30日向被告田国宝、陈建英、郝磊、李小洛、王大庆、孙五妮三户各发放贷款人民币8万元。合同约定被告田国宝、陈建英、郝磊、李小洛、王大庆、孙五妮应于每月30日前归还原告本金及利息，自2014年8月30日开始，被告田国宝、陈建英、郝磊、李小洛、王大庆、孙五妮已逾期4天未按时足额归还本息，已构成违约，经原告多次催要，六被告拒不履行还款义务。请求依法解除原、被告签订的商户联保借款合同，并判定六被告连带支付原告借款本金及利息18783．82元（计算至起诉之日），及至被告实际履行日的利息及逾期罚息，并由六被告承担诉讼费用。&#xA;被告郝磊、王大庆辩称，对证据的真实性无异议，钱是田国宝借的，应该找田国宝要。&#xA;被告田国宝、陈建英、李小洛、孙五妮未到庭参加诉讼，亦未提交书面答辩状，视为放弃答辩权、质证权、举证权。&#xA;经审理查明，2013年9月30日，邮政开封县支行与被告田国宝签订中国邮政储蓄银行小额联保借款合同一份，合同约定：借款金额为80000元；借款期限为12个月（自2013年9月至2014年9月）；年利率为15．3％；贷款用途为进货；还款方式为阶段性等额本息还款法；乙方不按期归还借款本金的，从逾期之日起按借款利率加收50％的罚息。被告田国宝、陈建英系夫妻关系。另查明，2013年9月30日邮政开封县支行与被告田国宝、陈建英、郝磊、李小洛、王大庆、孙五妮签订小额贷款联保协议书，约定该六人自愿遵循&amp;ldquo；自愿组合、诚实守信、风险共担&amp;rdquo；的原则，成立联保小组，作为保证人的联保小组成员对因该次放贷行为形成的债权均提供连带保证责任。还查明，被告田国宝还剩余借款本金18574．27元。&#xA;以上认定事实，有原告提交的中国邮政储蓄银行小额联保借款合同、中国邮政储蓄银行个人贷款（手工）借据、小额贷款联保协议书及庭审陈述等证据可予以印证。&#xA;" nameCN="案件基本情况">
    <YGSCD value="原告邮政开封县支行诉称，原告与被告田国宝、陈建英、郝磊、李小洛、王大庆、孙五妮签订商户联保借款合同，合同约定被告田国宝、陈建英、郝磊、李小洛、王大庆、孙五妮六人三户分别向原告借款最高不超过人民币8万元，借期一年，被告田国宝、陈建英、郝磊、李小洛、王大庆、孙五妮三户互相承担联保责任。合同签订后，原告依约定于2013年9月30日向被告田国宝、陈建英、郝磊、李小洛、王大庆、孙五妮三户各发放贷款人民币8万元。合同约定被告田国宝、陈建英、郝磊、李小洛、王大庆、孙五妮应于每月30日前归还原告本金及利息，自2014年8月30日开始，被告田国宝、陈建英、郝磊、李小洛、王大庆、孙五妮已逾期4天未按时足额归还本息，已构成违约，经原告多次催要，六被告拒不履行还款义务。请求依法解除原、被告签订的商户联保借款合同，并判定六被告连带支付原告借款本金及利息18783．82元（计算至起诉之日），及至被告实际履行日的利息及逾期罚息，并由六被告承担诉讼费用。 " nameCN="原告诉称段" />
    <BGBCD value="被告郝磊、王大庆辩称，对证据的真实性无异议，钱是田国宝借的，应该找田国宝要。 " nameCN="被告辩称段" />
    <ZJD value="被告田国宝、陈建英、李小洛、孙五妮未到庭参加诉讼，亦未提交书面答辩状，视为放弃答辩权、质证权、举证权。" nameCN="证据段" />
    <CMSSD value="经审理查明，2013年9月30日，邮政开封县支行与被告田国宝签订中国邮政储蓄银行小额联保借款合同一份，合同约定：借款金额为80000元；借款期限为12个月（自2013年9月至2014年9月）；年利率为15．3％；贷款用途为进货；还款方式为阶段性等额本息还款法；乙方不按期归还借款本金的，从逾期之日起按借款利率加收50％的罚息。被告田国宝、陈建英系夫妻关系。另查明，2013年9月30日邮政开封县支行与被告田国宝、陈建英、郝磊、李小洛、王大庆、孙五妮签订小额贷款联保协议书，约定该六人自愿遵循&amp;ldquo；自愿组合、诚实守信、风险共担&amp;rdquo；的原则，成立联保小组，作为保证人的联保小组成员对因该次放贷行为形成的债权均提供连带保证责任。还查明，被告田国宝还剩余借款本金18574．27元。以上认定事实，有原告提交的中国邮政储蓄银行小额联保借款合同、中国邮政储蓄银行个人贷款（手工）借据、小额贷款联保协议书及庭审陈述等证据可予以印证。 " nameCN="查明事实段">
      <SGXQ value="未提及" nameCN="事故详情">
        <SGSJ value="未提及" nameCN="事故时间" />
        <SGDD value="未提及" nameCN="事故地点" />
      </SGXQ>
      <JDCSYR value="田国宝" nameCN="机动车所有人" />
      <GAJGRDYJ value="有原告提交的中国邮政储蓄银行小额联保借款合同、中国邮政储蓄银行个人贷款（手工）借据、小额贷款联保协议书及庭审陈述等证据可予以印证。" nameCN="公安机关认定意见" />
      <SFTB value="是" nameCN="是否投保" />
      <SFZBXQN value="是" nameCN="是否在保险期内" />
      <SFXQPF value="是" nameCN="是否先期赔付" />
      <JDSFKK value="是" nameCN="鉴定是否可靠" />
    </CMSSD>
  </AJJBQK>
  <CPFXGC value="本院认为，债务应当清偿。原告邮政开封县支行提交的借款合同、借据、联保协议书能够证明被告田国宝、陈建英借款事实的存在及被告郝磊、李小洛、王大庆、孙五妮对该借款承担连带保证责任，被告田国宝、陈建英应按照合同约定支付下欠本金18574．27元、至被告田国宝、陈建英实际履行日的利息及逾期罚息，被告郝磊、李小洛、王大庆、孙五妮对上述款项承担连带偿还责任。综上，依据《中华人民共和国民法通则》第一百零八条、《中华人民共和国合同法》第二百零五条、第二百零六条、第二百零七条、《中华人民共和国担保法》第十八条、第二十一条、《中华人民共和国民事诉讼法》第一百四十四条之规定，判决如下：&#xA;" nameCN="裁判分析过程">
    <JAFSLX value="判决" nameCN="结案方式类型" />
    <FLFTMC value="中华人民共和国民法通则" nameCN="法律法条名称">
      <TM value="一百零八" nameCN="条目" />
      <SFCXF value="非程序法" nameCN="是否是程序法" />
    </FLFTMC>
    <FLFTMC value="中华人民共和国合同法" nameCN="法律法条名称">
      <TM value="二百零五" nameCN="条目" />
      <TM value="二百零六" nameCN="条目" />
      <TM value="二百零七" nameCN="条目" />
      <SFCXF value="非程序法" nameCN="是否是程序法" />
    </FLFTMC>
    <FLFTMC value="中华人民共和国担保法" nameCN="法律法条名称">
      <TM value="十八" nameCN="条目" />
      <TM value="二十一" nameCN="条目" />
      <SFCXF value="非程序法" nameCN="是否是程序法" />
    </FLFTMC>
    <FLFTMC value="中华人民共和国民事诉讼法" nameCN="法律法条名称">
      <TM value="一百四十四" nameCN="条目" />
      <SFCXF value="是程序法" nameCN="是否是程序法" />
    </FLFTMC>
  </CPFXGC>
  <CPJG value="一、被告田国宝、陈建英于判决生效后三日内按照合同约定支付原告中国邮政储蓄银行股份有限公司开封县支行借款本金人民币18574．27元、至实际履行日的利息及逾期罚息。&#xA;二、被告郝磊、李小洛、王大庆、孙五妮对上述款项承担连带偿还责任。&#xA;案件受理费270元，由六被告承担（此款原告已垫付，待被告履行时一并给付）。&#xA;如不服本判决，可在判决书送达之日起十五日内向本院递交上诉状，并按对方当事人的人数提交副本，上诉于河南省开封市中级人民法院。&#xA;" nameCN="裁判结果">
    <JAFS value="判决" nameCN="结案方式" />
    <PCSFSXZQ value="正确" nameCN="同时起诉侵权人与保险公司的赔偿顺序" />
    <JTPJJG value="一、被告田国宝、陈建英于判决生效后三日内按照合同约定支付原告中国邮政储蓄银行股份有限公司开封县支行借款本金人民币18574．27元、至实际履行日的利息及逾期罚息。" nameCN="具体裁判段">
      <QLR value="中国邮政储蓄银行股份有限公司开封县支行" nameCN="权利人">
        <QLRSSDW value="原告" nameCN="诉讼地位" />
      </QLR>
      <YWR value="田国宝" nameCN="义务人">
        <YWRSSDW value="被告" nameCN="诉讼地位" />
      </YWR>
      <YWR value="陈建英" nameCN="义务人">
        <YWRSSDW value="被告" nameCN="诉讼地位" />
      </YWR>
      <PJZXQX value="三日" nameCN="判决执行期限" />
      <PJJE nameCN="判决金额">
        <JE value="18574.27元" nameCN="金额" />
        <JELX value="借款" nameCN="金额类型" />
        <JELX value="本金" nameCN="金额类型" />
      </PJJE>
    </JTPJJG>
    <JTPJJG value="二、被告郝磊、李小洛、王大庆、孙五妮对上述款项承担连带偿还责任。" nameCN="具体裁判段" />
    <SSFCD nameCN="诉讼费承担">
      <SSFCDJL value="案件受理费270元，由六被告承担（此款原告已垫付，待被告履行时一并给付）。" nameCN="诉讼费承担记录">
        <SSFJE value="270元" nameCN="诉讼费金额" />
        <SSFZL value="受理费" nameCN="诉讼费种类" />
      </SSFCDJL>
    </SSFCD>
    <SFFHCS value="否" nameCN="是否发回重审" />
    <KSSZ value="河南省开封市中级人民法院" nameCN="可上诉至" />
    <SSTJCL value="上诉状，并按对方当事人的人数提交副本" nameCN="上诉提交材料" />
    <SSQX value="十五日" nameCN="上诉期限" />
    <TCGXQYY value="否" nameCN="是否提出管辖权异议" />
  </CPJG>
  <WW value="审判长李军&#xA;审判员张艳&#xA;陪审员李春强&#xA;二〇一五年二月十二日&#xA;书记员王辰龙&#xA;" nameCN="文尾">
    <SPZZCY nameCN="审判组织成员">
      <SPRYXM value="李军" nameCN="审判人员姓名" />
      <SPRYJS value="审判长" nameCN="审判人员角色" />
    </SPZZCY>
    <SPZZCY nameCN="审判组织成员">
      <SPRYXM value="王辰龙" nameCN="审判人员姓名" />
      <SPRYJS value="书记员" nameCN="审判人员角色" />
    </SPZZCY>
    <SPZZCY nameCN="审判组织成员">
      <SPRYXM value="张艳" nameCN="审判人员姓名" />
      <SPRYJS value="审判员" nameCN="审判人员角色" />
    </SPZZCY>
    <CPSJ value="2015年2月12日" nameCN="裁判时间">
      <Year value="2015" nameCN="结案年度" />
      <JANYR value="2015年2月12日" nameCN="结案年月日" />
      <JANY value="2015-2" nameCN="结案年月" />
      <Month value="2" nameCN="月" />
      <Day value="12" nameCN="日" />
    </CPSJ>
  </WW>
  <FL value="" nameCN="附录" />
</QW>

