<?xml version="1.0" encoding="UTF-8"?>
<QW value="福建省厦门市思明区人民法院&#xA;民事裁定书&#xA;（2015）思民初字第9603号&#xA;原告中国建设银行股份有限公司厦门市分行，住所地厦门市思明区鹭江道98号。&#xA;负责人生柳荣，行长。&#xA;委托代理人陈理智、陈少堂，福建天翼律师事务所律师。&#xA;被告洪秀梅，女，1985年1月6日出生，汉族，住厦门市翔安区。&#xA;本院在审理原告中国建设银行股份有限公司厦门市分行与被告洪秀梅信用卡纠纷一案中，原告中国建设银行股份有限公司厦门市分行于2015年10月9日向本院申请撤回对被告洪秀梅的起诉。&#xA;本院认为，原告中国建设银行股份有限公司厦门市分行向本院提出的撤诉申请，符合有关法律规定，应予准许。依照《中华人民共和国民事诉讼法》第一百四十五条第一款的规定，裁定如下：&#xA;准许原告中国建设银行股份有限公司厦门市分行撤回起诉。&#xA;本案案件受理费25元，由原告中国建设银行股份有限公司厦门市分行负担。&#xA;审判员黄素萍&#xA;二〇一五年十月九日&#xA;书记员黄素梅&#xA;附件：本案所适用的法律法规&#xA;《中华人民共和国民事诉讼法》&#xA;第一百四十五条第一款宣判前，原告申请撤诉的，是否准许，由人民法院裁定。&#xA;" nameCN="全文">
  <WS value="福建省厦门市思明区人民法院&#xA;民事裁定书&#xA;（2015）思民初字第9603号&#xA;" nameCN="文首">
    <WSZZDW value="法院" nameCN="文书制作单位" />
    <JBFY value="福建省厦门市思明区人民法院" nameCN="经办法院">
      <FYJB value="基层" nameCN="法院级别" />
      <XZQH_P value="福建" nameCN="行政区划(省)" />
      <XZQH_C value="厦门市" nameCN="行政区划(市)" />
    </JBFY>
    <WSMC value="民事裁定书" nameCN="文书名称" />
    <AH value="(2015)思民初字第9603号" nameCN="案号" />
    <LAND value="2015" nameCN="立案年度" />
    <AJXZ value="民事案件" nameCN="案件性质" />
    <WSZL value="裁定书" nameCN="文书种类" />
    <SPCX value="一审案件" nameCN="审判程序" />
    <AJLX value="民事一审案件" nameCN="案件类型" />
  </WS>
  <SSCYRQJ value="原告中国建设银行股份有限公司厦门市分行，住所地厦门市思明区鹭江道98号。&#xA;负责人生柳荣，行长。&#xA;委托代理人陈理智、陈少堂，福建天翼律师事务所律师。&#xA;被告洪秀梅，女，1985年1月6日出生，汉族，住厦门市翔安区。&#xA;" nameCN="诉讼参与人全集">
    <SSCYR value="原告中国建设银行股份有限公司厦门市分行，住所地厦门市思明区鹭江道98号。" nameCN="诉讼参与人">
      <SSCYRMC value="中国建设银行股份有限公司厦门市分行" nameCN="诉讼参与人名称" />
      <SSSF value="原告" nameCN="诉讼身份" />
      <SSDW value="原告" nameCN="诉讼地位" />
      <DSRLB value="原告" nameCN="当事人类别" />
      <DSRLX value="法人" nameCN="当事人类型" />
      <DSRDZ value="厦门市思明区鹭江道98号" nameCN="当事人地址" />
      <DWXZ value="股份有限公司" nameCN="单位性质" />
      <TSHY value="金融" nameCN="特殊行业" />
    </SSCYR>
    <SSCYR value="负责人生柳荣，行长。" nameCN="诉讼参与人">
      <SSCYRMC value="生柳荣" nameCN="诉讼参与人名称" />
      <SSSF value="负责人" nameCN="诉讼身份" />
      <DSRLX value="自然人" nameCN="当事人类型" />
      <GJ value="中国" nameCN="国籍" />
      <DWZWFZ nameCN="单位职务分组">
        <ZW value="行长" nameCN="职务" />
      </DWZWFZ>
    </SSCYR>
    <SSCYR value="委托代理人陈理智、陈少堂，福建天翼律师事务所律师。" nameCN="诉讼参与人">
      <SSCYRMC value="陈理智、陈少堂" nameCN="诉讼参与人名称" />
      <SSSF value="委托代理人" nameCN="诉讼身份" />
      <DSRLX value="法人" nameCN="当事人类型" />
      <DWZWFZ nameCN="单位职务分组">
        <ZW value="律师" nameCN="职务" />
      </DWZWFZ>
    </SSCYR>
    <SSCYR value="被告洪秀梅，女，1985年1月6日出生，汉族，住厦门市翔安区。" nameCN="诉讼参与人">
      <SSCYRMC value="洪秀梅" nameCN="诉讼参与人名称" />
      <SSSF value="被告" nameCN="诉讼身份" />
      <SSDW value="被告" nameCN="诉讼地位" />
      <DSRLB value="被告" nameCN="当事人类别" />
      <DSRLX value="自然人" nameCN="当事人类型" />
      <XB value="女" nameCN="性别" />
      <MZ value="汉族" nameCN="民族" />
      <CSRQ value="1985年1月6日" nameCN="出生日期">
        <Year value="1985" nameCN="年" />
        <Month value="1" nameCN="月" />
        <Day value="6" nameCN="日" />
      </CSRQ>
      <GJ value="中国" nameCN="国籍" />
      <DSRDZ value="厦门市翔安区" nameCN="当事人地址" />
    </SSCYR>
    <SSCYRQJ value="错误" nameCN="保险公司是否作为被告" />
  </SSCYRQJ>
  <SSJL value="本院在审理原告中国建设银行股份有限公司厦门市分行与被告洪秀梅信用卡纠纷一案中，原告中国建设银行股份有限公司厦门市分行于2015年10月9日向本院申请撤回对被告洪秀梅的起诉。" nameCN="诉讼记录">
    <CS value="" nameCN="撤诉">
      <CSR value="中国建设银行股份有限公司厦门市分行" nameCN="撤诉人" />
      <RQ value="2015年10月9日" nameCN="日期" />
    </CS>
    <YG value="中国建设银行股份有限公司厦门市分行" nameCN="原告" />
    <BG value="洪秀梅" nameCN="被告" />
    <AY value="信用卡纠纷" nameCN="案由" />
    <KTSL value="否" nameCN="开庭审理" />
    <WZAY value="信用卡纠纷" nameCN="完整案由" />
    <AYDM value="9193" nameCN="案由代码" />
    <YSAJSYCX value="普通程序" nameCN="一审案件适用程序" />
    <JYZPT value="否" nameCN="简易转普通" />
    <SPZZ value="独任庭" nameCN="审判组织" />
    <YSAJLY value="新收" nameCN="一审案件来源" />
    <SQCSRQ value="2015年10月9日" nameCN="申请撤诉日期" />
  </SSJL>
  <AJJBQK value="" nameCN="案件基本情况" />
  <CPFXGC value="本院认为，原告中国建设银行股份有限公司厦门市分行向本院提出的撤诉申请，符合有关法律规定，应予准许。依照《中华人民共和国民事诉讼法》第一百四十五条第一款的规定，裁定如下：&#xA;" nameCN="裁判分析过程">
    <JAFSLX value="裁定" nameCN="结案方式类型" />
    <FLFTMC value="中华人民共和国民事诉讼法" nameCN="法律法条名称">
      <TM value="一百四十五" nameCN="条目">
        <KM value="第一款" nameCN="款目" />
      </TM>
      <SFCXF value="是程序法" nameCN="是否是程序法" />
    </FLFTMC>
  </CPFXGC>
  <CPJG value="准许原告中国建设银行股份有限公司厦门市分行撤回起诉。&#xA;本案案件受理费25元，由原告中国建设银行股份有限公司厦门市分行负担。&#xA;" nameCN="裁判结果">
    <JAFS value="准予撤诉" nameCN="结案方式" />
    <PCSFSXZQ value="正确" nameCN="同时起诉侵权人与保险公司的赔偿顺序" />
    <JTPJJG value="准许原告中国建设银行股份有限公司厦门市分行撤回起诉。" nameCN="具体裁判段" />
    <SSFCD nameCN="诉讼费承担">
      <SSFCDJL value="本案案件受理费25元，由原告中国建设银行股份有限公司厦门市分行负担。" nameCN="诉讼费承担记录">
        <SSFJE value="25元" nameCN="诉讼费金额" />
        <SSFZL value="受理费" nameCN="诉讼费种类" />
        <SSFCDR value="中国建设银行股份有限公司厦门市分行" nameCN="承担人">
          <SSFCDJE value="25元" nameCN="承担金额" />
          <SSFCDFS value="个人独立承担该金额" nameCN="承担方式" />
          <SSFCDDW value="原告" nameCN="承担人地位" />
        </SSFCDR>
      </SSFCDJL>
    </SSFCD>
    <SFFHCS value="否" nameCN="是否发回重审" />
    <CSRJH nameCN="撤诉人集合">
      <CSR value="中国建设银行股份有限公司厦门市分行" nameCN="撤诉人" />
    </CSRJH>
    <CSLX value="原告主动撤诉" nameCN="撤诉类型" />
    <TCGXQYY value="否" nameCN="是否提出管辖权异议" />
  </CPJG>
  <WW value="审判员黄素萍&#xA;二〇一五年十月九日&#xA;书记员黄素梅&#xA;" nameCN="文尾">
    <SPZZCY nameCN="审判组织成员">
      <SPRYXM value="黄素萍" nameCN="审判人员姓名" />
      <SPRYJS value="审判员" nameCN="审判人员角色" />
    </SPZZCY>
    <SPZZCY nameCN="审判组织成员">
      <SPRYXM value="黄素梅" nameCN="审判人员姓名" />
      <SPRYJS value="书记员" nameCN="审判人员角色" />
    </SPZZCY>
    <CPSJ value="2015年10月9日" nameCN="裁判时间">
      <Year value="2015" nameCN="结案年度" />
      <JANYR value="2015年10月9日" nameCN="结案年月日" />
      <JANY value="2015-10" nameCN="结案年月" />
      <Month value="10" nameCN="月" />
      <Day value="9" nameCN="日" />
    </CPSJ>
  </WW>
  <FL value="" nameCN="附录" />
</QW>

