<?xml version="1.0" encoding="UTF-8"?>
<QW value="&#xA;四川省绵阳市中级人民法院&#xA;民事裁定书&#xA;（2014）绵民初字第97号&#xA;原告：中国第四冶金建设公司。&#xA;法定代表人：周凤鸣，公司总经理。&#xA;委托代理人（一般代理）：肖彬，四川科大律师事务所律师。&#xA;被告：绵阳市兴金城房地产开发有限公司。&#xA;法定代表人：赵生武，公司董事长。&#xA;委托代理人（特别授权）：唐勇军，男，公司员工。&#xA;原告中国第四冶金建设公司诉被告绵阳市兴金城房地产开发有限公司建设工程施工合同纠纷一案，本院2014年4月28日立案受理后，依法由审判员兰大波担任审判长与审判员田苑、赵志组成合议庭，于2014年7月11日公开开庭进行了审理。原告中国第四冶金建设公司之委托代理人肖彬与被告绵阳市兴金城房地产开发有限公司之委托代理人唐勇军到庭参加诉讼。本案现已审理终结。&#xA;原告中国第四冶金建设公司诉称：2009年9月17日，原、被告双方签订了承包游仙区“芙蓉世纪阳光”9#、10#楼《建设工程施工合同》。2011年11月由于被告原因该工程停工。2012年10月该项目由绵阳市中级人民法院拍卖给绵阳市波鸿集团有限公司。由于上述行为导致了原告为被告所建工程应得的工程款所剩余约7580000元至今未付。期间原、被告于2013年11月28日签订了《补充协议》一份，以证实原、被告工程结算依据。据此，原告为维护自身合法权益，特诉至贵院，请求：1．判令被告支付所欠工程款7576000元；2．本案诉讼费由被告承担。&#xA;经审查现有证据，足以认定如下事实：2010年1月，经国家工商总局核准，“中国第四冶金建设公司”更名为“中国第四冶金建设有限责任公司”。2010年5月，企业改制重组为产权多元、国有控股的有限责任公司。2010年6月1日，“中国第四冶金建设有限责任公司”正式挂牌成立运行。&#xA;本案庭审过程中，原告所提交民事起诉状、授权委托书、工程款支付说明等形成于2014年，且包含企业法人营业执照复印件、中华人民共和国组织机构代码证复印件等在内的所有证据材料上均加盖“中国第四冶金建设公司”公章。&#xA;2014年7月30日，本院向原告释明中国第四冶金建设公司工商登记变更情况，明确要求原告于2014年8月6日17时前向本院提交补充证据资料。原告未在本院指定期限内提供相关证据资料。&#xA;以上事实，有民事起诉状、授权委托书、企业法人营业执照复印件、中华人民共和国组织机构代码证复印件、工程款支付说明、释明笔录及查询资料等证据在卷佐证，足以认定。&#xA;本院认为：中国第四冶金建设公司已经正式更名为中国第四冶金建设有限责任公司并对外开展经营活动，在本案诉讼中，亦应以变更后法人名称启动诉讼程序。庭审过程中，原告中国第四冶金建设公司所提交企业法人营业执照复印件、中华人民共和国组织机构代码证复印件均显示为变更前公司名称，无法证明其为适格诉讼主体，且经本院释明未在指定期限内提交补充证据予以佐证。依照《中华人民共和国民事诉讼法》第一百一十九条第（一）项“起诉必须符合下列条件：（一）原告是与本案有直接利害关系的公民、法人和其他组织”、《最高人民法院关于民事诉讼证据的若干规定》第二条“当事人对自己提出的诉讼请求所依据的事实或者反驳对方诉讼请求所依据的事实有责任提供证据加以证明。没有证据或者证据不足以证明当事人的事实主张的，由负有举证责任的当事人承担不利后果”之规定，中国第四冶金建设公司应当依法承担不利后果。故中国第四冶金建设公司所提诉讼不符合案件受理条件，依照《最高人民法院关于适用〈中华人民共和国民事诉讼法〉若干问题的意见》第139条第一款“起诉不符合受理条件的，人民法院应当裁定不予受理。立案后发现起诉不符合受理条件的，裁定驳回起诉”之规定，裁定如下：&#xA;驳回原告中国第四冶金建设公司的起诉。&#xA;本案案件受理费64860元，已交32430元，退还原告中国第四冶金建设公司32430元。&#xA;如不服本裁定，可在裁定书送达之日起十日内向本院递交上诉状，并按对方当事人的人数提出副本，上诉于四川省高级人民法院。&#xA;审判长兰大波&#xA;审判员田苑&#xA;审判员赵志&#xA;二〇一四年八月十一日&#xA;书记员杨丽&#xA;" nameCN="全文">
  <WS value="四川省绵阳市中级人民法院&#xA;民事裁定书&#xA;（2014）绵民初字第97号&#xA;" nameCN="文首">
    <WSZZDW value="法院" nameCN="文书制作单位" />
    <JBFY value="四川省绵阳市中级人民法院" nameCN="经办法院">
      <FYJB value="中级" nameCN="法院级别" />
      <XZQH_P value="四川" nameCN="行政区划(省)" />
      <XZQH_C value="绵阳市" nameCN="行政区划(市)" />
    </JBFY>
    <WSMC value="民事裁定书" nameCN="文书名称" />
    <AH value="(2014)绵民初字第97号" nameCN="案号" />
    <LAND value="2014" nameCN="立案年度" />
    <AJXZ value="民事案件" nameCN="案件性质" />
    <WSZL value="裁定书" nameCN="文书种类" />
    <SPCX value="一审案件" nameCN="审判程序" />
    <AJLX value="民事一审案件" nameCN="案件类型" />
  </WS>
  <SSCYRQJ value="原告：中国第四冶金建设公司。&#xA;法定代表人：周凤鸣，公司总经理。&#xA;委托代理人（一般代理）：肖彬，四川科大律师事务所律师。&#xA;被告：绵阳市兴金城房地产开发有限公司。&#xA;法定代表人：赵生武，公司董事长。&#xA;委托代理人（特别授权）：唐勇军，男，公司员工。&#xA;" nameCN="诉讼参与人全集">
    <SSCYR value="原告：中国第四冶金建设公司。" nameCN="诉讼参与人">
      <SSCYRMC value="中国第四冶金建设公司" nameCN="诉讼参与人名称" />
      <SSSF value="原告" nameCN="诉讼身份" />
      <SSDW value="原告" nameCN="诉讼地位" />
      <DSRLB value="原告" nameCN="当事人类别" />
      <DSRLX value="法人" nameCN="当事人类型" />
      <DTQK value="到庭" nameCN="到庭情况" />
      <DWXZ value="有限责任公司" nameCN="单位性质" />
      <FDDBR value="周凤鸣" nameCN="单位法定代表人" />
    </SSCYR>
    <SSCYR value="法定代表人：周凤鸣，公司总经理。" nameCN="诉讼参与人">
      <SSCYRMC value="周凤鸣" nameCN="诉讼参与人名称" />
      <SSSF value="法定代表人" nameCN="诉讼身份" />
      <DSRLX value="自然人" nameCN="当事人类型" />
      <GJ value="中国" nameCN="国籍" />
      <DWZWFZ nameCN="单位职务分组">
        <ZW value="总经理" nameCN="职务" />
        <DWMC value="中国第四冶金建设公司" nameCN="单位名称" />
        <DWXZ value="有限责任公司" nameCN="单位性质" />
      </DWZWFZ>
    </SSCYR>
    <SSCYR value="委托代理人（一般代理）：肖彬，四川科大律师事务所律师。" nameCN="诉讼参与人">
      <SSCYRMC value="肖彬" nameCN="诉讼参与人名称" />
      <SSSF value="委托代理人" nameCN="诉讼身份" />
      <DSRLX value="自然人" nameCN="当事人类型" />
      <GJ value="中国" nameCN="国籍" />
      <DTQK value="到庭" nameCN="到庭情况" />
      <DWZWFZ nameCN="单位职务分组">
        <ZW value="律师" nameCN="职务" />
      </DWZWFZ>
    </SSCYR>
    <SSCYR value="被告：绵阳市兴金城房地产开发有限公司。" nameCN="诉讼参与人">
      <SSCYRMC value="绵阳市兴金城房地产开发有限公司" nameCN="诉讼参与人名称" />
      <SSSF value="被告" nameCN="诉讼身份" />
      <SSDW value="被告" nameCN="诉讼地位" />
      <DSRLB value="被告" nameCN="当事人类别" />
      <DSRLX value="法人" nameCN="当事人类型" />
      <DTQK value="到庭" nameCN="到庭情况" />
      <DWXZ value="有限责任公司" nameCN="单位性质" />
      <FDDBR value="赵生武" nameCN="单位法定代表人" />
    </SSCYR>
    <SSCYR value="法定代表人：赵生武，公司董事长。" nameCN="诉讼参与人">
      <SSCYRMC value="赵生武" nameCN="诉讼参与人名称" />
      <SSSF value="法定代表人" nameCN="诉讼身份" />
      <DSRLX value="自然人" nameCN="当事人类型" />
      <GJ value="中国" nameCN="国籍" />
      <DWZWFZ nameCN="单位职务分组">
        <ZW value="董事长" nameCN="职务" />
        <DWMC value="绵阳市兴金城房地产开发有限公司" nameCN="单位名称" />
        <DWXZ value="有限责任公司" nameCN="单位性质" />
      </DWZWFZ>
    </SSCYR>
    <SSCYR value="委托代理人（特别授权）：唐勇军，男，公司员工。" nameCN="诉讼参与人">
      <SSCYRMC value="唐勇军" nameCN="诉讼参与人名称" />
      <SSSF value="委托代理人" nameCN="诉讼身份" />
      <DSRLX value="自然人" nameCN="当事人类型" />
      <XB value="男" nameCN="性别" />
      <GJ value="中国" nameCN="国籍" />
      <DTQK value="到庭" nameCN="到庭情况" />
      <DWZWFZ nameCN="单位职务分组">
        <ZW value="员工" nameCN="职务" />
      </DWZWFZ>
    </SSCYR>
    <SSCYRQJ value="错误" nameCN="保险公司是否作为被告" />
  </SSCYRQJ>
  <SSJL value="原告中国第四冶金建设公司诉被告绵阳市兴金城房地产开发有限公司建设工程施工合同纠纷一案，本院2014年4月28日立案受理后，依法由审判员兰大波担任审判长与审判员田苑、赵志组成合议庭，于2014年7月11日公开开庭进行了审理。原告中国第四冶金建设公司之委托代理人肖彬与被告绵阳市兴金城房地产开发有限公司之委托代理人唐勇军到庭参加诉讼。本案现已审理终结。" nameCN="诉讼记录">
    <YG value="中国第四冶金建设公司" nameCN="原告" />
    <BG value="绵阳市兴金城房地产开发有限公司" nameCN="被告" />
    <AY value="建设工程施工合同纠纷" nameCN="案由" />
    <KTSL value="是" nameCN="开庭审理" />
    <KTSLXX value="公开审理" nameCN="开庭审理信息" />
    <WZAY value="建设工程施工合同纠纷" nameCN="完整案由" />
    <AYDM value="9211" nameCN="案由代码" />
    <LARQ value="2014年4月28日" nameCN="立案日期" />
    <YSAJSYCX value="普通程序" nameCN="一审案件适用程序" />
    <JYZPT value="否" nameCN="简易转普通" />
    <SPZZ value="合议庭" nameCN="审判组织" />
    <YSAJLY value="新收" nameCN="一审案件来源" />
    <SLRQ value="2014年4月28日" nameCN="受理日期" />
    <CTDSRXX nameCN="出庭当事人信息">
      <CTRXM value="中国第四冶金建设公司" nameCN="出庭人姓名">
        <SSDW value="原告" nameCN="诉讼地位" />
      </CTRXM>
      <CTRXM value="绵阳市兴金城房地产开发有限公司" nameCN="出庭人姓名">
        <SSDW value="被告" nameCN="诉讼地位" />
      </CTRXM>
      <CTRXM value="肖彬" nameCN="出庭人姓名">
        <SSDW value="委托代理人" nameCN="诉讼地位" />
      </CTRXM>
      <CTRXM value="唐勇军" nameCN="出庭人姓名">
        <SSDW value="委托代理人" nameCN="诉讼地位" />
      </CTRXM>
    </CTDSRXX>
  </SSJL>
  <AJJBQK value="原告中国第四冶金建设公司诉称：2009年9月17日，原、被告双方签订了承包游仙区“芙蓉世纪阳光”9#、10#楼《建设工程施工合同》。2011年11月由于被告原因该工程停工。2012年10月该项目由绵阳市中级人民法院拍卖给绵阳市波鸿集团有限公司。由于上述行为导致了原告为被告所建工程应得的工程款所剩余约7580000元至今未付。期间原、被告于2013年11月28日签订了《补充协议》一份，以证实原、被告工程结算依据。据此，原告为维护自身合法权益，特诉至贵院，请求：1．判令被告支付所欠工程款7576000元；2．本案诉讼费由被告承担。&#xA;经审查现有证据，足以认定如下事实：2010年1月，经国家工商总局核准，“中国第四冶金建设公司”更名为“中国第四冶金建设有限责任公司”。2010年5月，企业改制重组为产权多元、国有控股的有限责任公司。2010年6月1日，“中国第四冶金建设有限责任公司”正式挂牌成立运行。&#xA;本案庭审过程中，原告所提交民事起诉状、授权委托书、工程款支付说明等形成于2014年，且包含企业法人营业执照复印件、中华人民共和国组织机构代码证复印件等在内的所有证据材料上均加盖“中国第四冶金建设公司”公章。&#xA;2014年7月30日，本院向原告释明中国第四冶金建设公司工商登记变更情况，明确要求原告于2014年8月6日17时前向本院提交补充证据资料。原告未在本院指定期限内提供相关证据资料。&#xA;以上事实，有民事起诉状、授权委托书、企业法人营业执照复印件、中华人民共和国组织机构代码证复印件、工程款支付说明、释明笔录及查询资料等证据在卷佐证，足以认定。&#xA;" nameCN="案件基本情况">
    <YGSCD value="原告中国第四冶金建设公司诉称：2009年9月17日，原、被告双方签订了承包游仙区“芙蓉世纪阳光”9#、10#楼《建设工程施工合同》。2011年11月由于被告原因该工程停工。2012年10月该项目由绵阳市中级人民法院拍卖给绵阳市波鸿集团有限公司。由于上述行为导致了原告为被告所建工程应得的工程款所剩余约7580000元至今未付。期间原、被告于2013年11月28日签订了《补充协议》一份，以证实原、被告工程结算依据。据此，原告为维护自身合法权益，特诉至贵院，请求：1．判令被告支付所欠工程款7576000元；2．本案诉讼费由被告承担。 " nameCN="原告诉称段" />
    <ZJD value="本案庭审过程中，原告所提交民事起诉状、授权委托书、工程款支付说明等形成于2014年，且包含企业法人营业执照复印件、中华人民共和国组织机构代码证复印件等在内的所有证据材料上均加盖“中国第四冶金建设公司”公章。2014年7月30日，本院向原告释明中国第四冶金建设公司工商登记变更情况，明确要求原告于2014年8月6日17时前向本院提交补充证据资料。原告未在本院指定期限内提供相关证据资料。 以上事实，有民事起诉状、授权委托书、企业法人营业执照复印件、中华人民共和国组织机构代码证复印件、工程款支付说明、释明笔录及查询资料等证据在卷佐证，足以认定。 " nameCN="证据段" />
    <CMSSD value="经审查现有证据，足以认定如下事实：2010年1月，经国家工商总局核准，“中国第四冶金建设公司”更名为“中国第四冶金建设有限责任公司”。2010年5月，企业改制重组为产权多元、国有控股的有限责任公司。2010年6月1日，“中国第四冶金建设有限责任公司”正式挂牌成立运行。" nameCN="查明事实段">
      <SGXQ value="未提及" nameCN="事故详情">
        <SGSJ value="未提及" nameCN="事故时间" />
        <SGDD value="未提及" nameCN="事故地点" />
      </SGXQ>
      <JDCSYR value="绵阳市兴金城房地产开发有限公司" nameCN="机动车所有人" />
      <GAJGRDYJ value="2010年1月，经国家工商总局核准，“中国第四冶金建设公司”更名为“中国第四冶金建设有限责任公司”。" nameCN="公安机关认定意见" />
      <SFTB value="是" nameCN="是否投保" />
      <SFZBXQN value="是" nameCN="是否在保险期内" />
      <SFXQPF value="是" nameCN="是否先期赔付" />
      <JDSFKK value="是" nameCN="鉴定是否可靠" />
    </CMSSD>
  </AJJBQK>
  <CPFXGC value="本院认为：中国第四冶金建设公司已经正式更名为中国第四冶金建设有限责任公司并对外开展经营活动，在本案诉讼中，亦应以变更后法人名称启动诉讼程序。庭审过程中，原告中国第四冶金建设公司所提交企业法人营业执照复印件、中华人民共和国组织机构代码证复印件均显示为变更前公司名称，无法证明其为适格诉讼主体，且经本院释明未在指定期限内提交补充证据予以佐证。依照《中华人民共和国民事诉讼法》第一百一十九条第（一）项“起诉必须符合下列条件：（一）原告是与本案有直接利害关系的公民、法人和其他组织”、《最高人民法院关于民事诉讼证据的若干规定》第二条“当事人对自己提出的诉讼请求所依据的事实或者反驳对方诉讼请求所依据的事实有责任提供证据加以证明。没有证据或者证据不足以证明当事人的事实主张的，由负有举证责任的当事人承担不利后果”之规定，中国第四冶金建设公司应当依法承担不利后果。故中国第四冶金建设公司所提诉讼不符合案件受理条件，依照《最高人民法院关于适用〈中华人民共和国民事诉讼法〉若干问题的意见》第139条第一款“起诉不符合受理条件的，人民法院应当裁定不予受理。立案后发现起诉不符合受理条件的，裁定驳回起诉”之规定，裁定如下：&#xA;" nameCN="裁判分析过程">
    <JAFSLX value="裁定" nameCN="结案方式类型" />
    <FLFTMC value="最高人民法院关于适用〈中华人民共和国民事诉讼法〉若干问题的意见" nameCN="法律法条名称">
      <TM value="139" nameCN="条目">
        <KM value="第一款" nameCN="款目" />
      </TM>
      <TM value="一款“起诉不符合受理" nameCN="条目" />
      <SFCXF value="是程序法" nameCN="是否是程序法" />
    </FLFTMC>
  </CPFXGC>
  <CPJG value="驳回原告中国第四冶金建设公司的起诉。&#xA;本案案件受理费64860元，已交32430元，退还原告中国第四冶金建设公司32430元。&#xA;如不服本裁定，可在裁定书送达之日起十日内向本院递交上诉状，并按对方当事人的人数提出副本，上诉于四川省高级人民法院。&#xA;" nameCN="裁判结果">
    <JAFS value="驳回起诉" nameCN="结案方式" />
    <PCSFSXZQ value="正确" nameCN="同时起诉侵权人与保险公司的赔偿顺序" />
    <JTPJJG value="驳回原告中国第四冶金建设公司的起诉。" nameCN="具体裁判段" />
    <SSFCD nameCN="诉讼费承担">
      <SSFCDJL value="本案案件受理费64860元，已交32430元，退还原告中国第四冶金建设公司32430元。" nameCN="诉讼费承担记录">
        <SSFJE value="64860元" nameCN="诉讼费金额" />
        <SSFZL value="受理费" nameCN="诉讼费种类" />
      </SSFCDJL>
    </SSFCD>
    <SFFHCS value="否" nameCN="是否发回重审" />
    <KSSZ value="四川省高级人民法院" nameCN="可上诉至" />
    <SSTJCL value="上诉状，并按对方当事人的人数提出副本" nameCN="上诉提交材料" />
    <SSQX value="十日" nameCN="上诉期限" />
    <TCGXQYY value="否" nameCN="是否提出管辖权异议" />
  </CPJG>
  <WW value="审判长兰大波&#xA;审判员田苑&#xA;审判员赵志&#xA;二〇一四年八月十一日&#xA;书记员杨丽&#xA;" nameCN="文尾">
    <SPZZCY nameCN="审判组织成员">
      <SPRYXM value="赵志" nameCN="审判人员姓名" />
      <SPRYJS value="审判员" nameCN="审判人员角色" />
    </SPZZCY>
    <SPZZCY nameCN="审判组织成员">
      <SPRYXM value="兰大波" nameCN="审判人员姓名" />
      <SPRYJS value="审判长" nameCN="审判人员角色" />
    </SPZZCY>
    <SPZZCY nameCN="审判组织成员">
      <SPRYXM value="杨丽" nameCN="审判人员姓名" />
      <SPRYJS value="书记员" nameCN="审判人员角色" />
    </SPZZCY>
    <SPZZCY nameCN="审判组织成员">
      <SPRYXM value="田苑" nameCN="审判人员姓名" />
      <SPRYJS value="审判员" nameCN="审判人员角色" />
    </SPZZCY>
    <CPSJ value="2014年8月11日" nameCN="裁判时间">
      <Year value="2014" nameCN="结案年度" />
      <JANYR value="2014年8月11日" nameCN="结案年月日" />
      <JANY value="2014-8" nameCN="结案年月" />
      <Month value="8" nameCN="月" />
      <Day value="11" nameCN="日" />
    </CPSJ>
  </WW>
  <FL value="" nameCN="附录" />
</QW>

