<?xml version="1.0" encoding="UTF-8"?>
<QW value="&#xA;河南省清丰县人民法院&#xA;民事裁定书&#xA;（2013）清民初字第661号&#xA;原告：中国农业银行股份有限公司清丰县支行，住所地：清丰县朝阳路141号。&#xA;法定代表人：王广金，行长。&#xA;委托代理人：刘存忠、卢红军，该行职员。&#xA;被告：王选成，男，汉族，住河南省清丰县。&#xA;被告：秦永立，男，汉族，住河南省清丰县。&#xA;委托代理人：刘利民，男，汉族，住河南省濮阳市华龙区。&#xA;原告中国农业银行股份有限公司清丰县支行诉被告王选成、秦永立金融借款合同纠纷一案，本院在审理过程中，原告中国农业银行股份有限公司清丰县支行于2013年7月31日向本院提出申请，请求撤回对被告王选成、秦永立的起诉。&#xA;本院认为，原告中国农业银行股份有限公司清丰县支行的申请符合法律规定。依照《中华人民共和国民事诉讼法》第一百四十五条第一款的规定，裁定如下：&#xA;准许原告中国农业银行股份有限公司清丰县支行撤回对被告王选成、秦永立的起诉。&#xA;案件受理费1129元，减半收取565元，由原告负担。&#xA;审判长姜相恩&#xA;审判员李爱华&#xA;陪审员刘平凡&#xA;二〇一三年七月三十一日&#xA;书记员邵高冲&#xA;" nameCN="全文">
  <WS value="河南省清丰县人民法院&#xA;民事裁定书&#xA;（2013）清民初字第661号&#xA;" nameCN="文首">
    <WSZZDW value="法院" nameCN="文书制作单位" />
    <JBFY value="河南省清丰县人民法院" nameCN="经办法院">
      <FYJB value="基层" nameCN="法院级别" />
      <XZQH_P value="河南" nameCN="行政区划(省)" />
      <XZQH_C value="河南" nameCN="行政区划(市)" />
    </JBFY>
    <WSMC value="民事裁定书" nameCN="文书名称" />
    <AH value="(2013)清民初字第661号" nameCN="案号" />
    <LAND value="2013" nameCN="立案年度" />
    <AJXZ value="民事案件" nameCN="案件性质" />
    <WSZL value="裁定书" nameCN="文书种类" />
    <SPCX value="一审案件" nameCN="审判程序" />
    <AJLX value="民事一审案件" nameCN="案件类型" />
  </WS>
  <SSCYRQJ value="原告：中国农业银行股份有限公司清丰县支行，住所地：清丰县朝阳路141号。&#xA;法定代表人：王广金，行长。&#xA;委托代理人：刘存忠、卢红军，该行职员。&#xA;被告：王选成，男，汉族，住河南省清丰县。&#xA;被告：秦永立，男，汉族，住河南省清丰县。&#xA;委托代理人：刘利民，男，汉族，住河南省濮阳市华龙区。&#xA;" nameCN="诉讼参与人全集">
    <SSCYR value="原告：中国农业银行股份有限公司清丰县支行，住所地：清丰县朝阳路141号。" nameCN="诉讼参与人">
      <SSCYRMC value="中国农业银行股份有限公司清丰县支行" nameCN="诉讼参与人名称" />
      <SSSF value="原告" nameCN="诉讼身份" />
      <SSDW value="原告" nameCN="诉讼地位" />
      <DSRLB value="原告" nameCN="当事人类别" />
      <DSRLX value="法人" nameCN="当事人类型" />
      <DSRDZ value="清丰县朝阳路141号" nameCN="当事人地址" />
      <DWXZ value="股份有限公司" nameCN="单位性质" />
      <FDDBR value="王广金" nameCN="单位法定代表人" />
      <TSHY value="金融" nameCN="特殊行业" />
    </SSCYR>
    <SSCYR value="法定代表人：王广金，行长。" nameCN="诉讼参与人">
      <SSCYRMC value="王广金" nameCN="诉讼参与人名称" />
      <SSSF value="法定代表人" nameCN="诉讼身份" />
      <DSRLX value="自然人" nameCN="当事人类型" />
      <GJ value="中国" nameCN="国籍" />
      <DWZWFZ nameCN="单位职务分组">
        <ZW value="行长" nameCN="职务" />
        <DWMC value="中国农业银行股份有限公司清丰县支行" nameCN="单位名称" />
        <DWXZ value="股份有限公司" nameCN="单位性质" />
      </DWZWFZ>
      <TSHY value="金融" nameCN="特殊行业" />
    </SSCYR>
    <SSCYR value="委托代理人：刘存忠、卢红军，该行职员。" nameCN="诉讼参与人">
      <SSCYRMC value="刘存忠、卢红军" nameCN="诉讼参与人名称" />
      <SSSF value="委托代理人" nameCN="诉讼身份" />
      <DSRLX value="法人" nameCN="当事人类型" />
      <DWZWFZ nameCN="单位职务分组">
        <ZW value="职员" nameCN="职务" />
      </DWZWFZ>
    </SSCYR>
    <SSCYR value="被告：王选成，男，汉族，住河南省清丰县。" nameCN="诉讼参与人">
      <SSCYRMC value="王选成" nameCN="诉讼参与人名称" />
      <SSSF value="被告" nameCN="诉讼身份" />
      <SSDW value="被告" nameCN="诉讼地位" />
      <DSRLB value="被告" nameCN="当事人类别" />
      <DSRLX value="自然人" nameCN="当事人类型" />
      <XB value="男" nameCN="性别" />
      <MZ value="汉族" nameCN="民族" />
      <GJ value="中国" nameCN="国籍" />
      <DSRDZ value="河南省清丰县" nameCN="当事人地址" />
    </SSCYR>
    <SSCYR value="被告：秦永立，男，汉族，住河南省清丰县。" nameCN="诉讼参与人">
      <SSCYRMC value="秦永立" nameCN="诉讼参与人名称" />
      <SSSF value="被告" nameCN="诉讼身份" />
      <SSDW value="被告" nameCN="诉讼地位" />
      <DSRLB value="被告" nameCN="当事人类别" />
      <DSRLX value="自然人" nameCN="当事人类型" />
      <XB value="男" nameCN="性别" />
      <MZ value="汉族" nameCN="民族" />
      <GJ value="中国" nameCN="国籍" />
      <DSRDZ value="河南省清丰县" nameCN="当事人地址" />
    </SSCYR>
    <SSCYR value="委托代理人：刘利民，男，汉族，住河南省濮阳市华龙区。" nameCN="诉讼参与人">
      <SSCYRMC value="刘利民" nameCN="诉讼参与人名称" />
      <SSSF value="委托代理人" nameCN="诉讼身份" />
      <DSRLX value="自然人" nameCN="当事人类型" />
      <XB value="男" nameCN="性别" />
      <MZ value="汉族" nameCN="民族" />
      <GJ value="中国" nameCN="国籍" />
      <DSRDZ value="河南省濮阳市华龙区" nameCN="当事人地址" />
    </SSCYR>
    <SSCYRQJ value="错误" nameCN="保险公司是否作为被告" />
  </SSCYRQJ>
  <SSJL value="原告中国农业银行股份有限公司清丰县支行诉被告王选成、秦永立金融借款合同纠纷一案，本院在审理过程中，原告中国农业银行股份有限公司清丰县支行于2013年7月31日向本院提出申请，请求撤回对被告王选成、秦永立的起诉。" nameCN="诉讼记录">
    <CS value="" nameCN="撤诉">
      <CSR value="中国农业银行股份有限公司清丰县支行诉被告王选成" nameCN="撤诉人" />
      <RQ value="2013年7月31日" nameCN="日期" />
    </CS>
    <AY value="金融借款合同纠纷" nameCN="案由" />
    <KTSL value="否" nameCN="开庭审理" />
    <WZAY value="金融借款合同纠纷" nameCN="完整案由" />
    <AYDM value="9178" nameCN="案由代码" />
    <YSAJSYCX value="普通程序" nameCN="一审案件适用程序" />
    <JYZPT value="否" nameCN="简易转普通" />
    <SPZZ value="独任庭" nameCN="审判组织" />
    <YSAJLY value="新收" nameCN="一审案件来源" />
    <SQCSRQ value="2013年7月31日" nameCN="申请撤诉日期" />
  </SSJL>
  <AJJBQK value="" nameCN="案件基本情况" />
  <CPFXGC value="本院认为，原告中国农业银行股份有限公司清丰县支行的申请符合法律规定。依照《中华人民共和国民事诉讼法》第一百四十五条第一款的规定，裁定如下：&#xA;" nameCN="裁判分析过程">
    <JAFSLX value="裁定" nameCN="结案方式类型" />
    <FLFTMC value="中华人民共和国民事诉讼法" nameCN="法律法条名称">
      <TM value="一百四十五" nameCN="条目">
        <KM value="第一款" nameCN="款目" />
      </TM>
      <SFCXF value="是程序法" nameCN="是否是程序法" />
    </FLFTMC>
  </CPFXGC>
  <CPJG value="准许原告中国农业银行股份有限公司清丰县支行撤回对被告王选成、秦永立的起诉。&#xA;案件受理费1129元，减半收取565元，由原告负担。&#xA;" nameCN="裁判结果">
    <JAFS value="准予撤诉" nameCN="结案方式" />
    <PCSFSXZQ value="正确" nameCN="同时起诉侵权人与保险公司的赔偿顺序" />
    <JTPJJG value="准许原告中国农业银行股份有限公司清丰县支行撤回对被告王选成、秦永立的起诉。" nameCN="具体裁判段" />
    <SSFCD nameCN="诉讼费承担">
      <SSFCDJL value="案件受理费1129元，减半收取565元，由原告负担。" nameCN="诉讼费承担记录">
        <SSFJE value="565元" nameCN="诉讼费金额" />
        <SSFZL value="受理费" nameCN="诉讼费种类" />
      </SSFCDJL>
    </SSFCD>
    <SFFHCS value="否" nameCN="是否发回重审" />
    <CSRJH nameCN="撤诉人集合">
      <CSR value="中国农业银行股份有限公司清丰县支行" nameCN="撤诉人" />
      <CSR value="王选成" nameCN="撤诉人" />
      <CSR value="秦永立" nameCN="撤诉人" />
    </CSRJH>
    <CSLX value="原告主动撤诉" nameCN="撤诉类型" />
    <TCGXQYY value="否" nameCN="是否提出管辖权异议" />
  </CPJG>
  <WW value="审判长姜相恩&#xA;审判员李爱华&#xA;陪审员刘平凡&#xA;二〇一三年七月三十一日&#xA;书记员邵高冲&#xA;" nameCN="文尾">
    <SPZZCY nameCN="审判组织成员">
      <SPRYXM value="李爱华" nameCN="审判人员姓名" />
      <SPRYJS value="审判员" nameCN="审判人员角色" />
    </SPZZCY>
    <SPZZCY nameCN="审判组织成员">
      <SPRYXM value="姜相恩" nameCN="审判人员姓名" />
      <SPRYJS value="审判长" nameCN="审判人员角色" />
    </SPZZCY>
    <SPZZCY nameCN="审判组织成员">
      <SPRYXM value="邵高冲" nameCN="审判人员姓名" />
      <SPRYJS value="书记员" nameCN="审判人员角色" />
    </SPZZCY>
    <CPSJ value="2013年7月31日" nameCN="裁判时间">
      <Year value="2013" nameCN="结案年度" />
      <JANYR value="2013年7月31日" nameCN="结案年月日" />
      <JANY value="2013-7" nameCN="结案年月" />
      <Month value="7" nameCN="月" />
      <Day value="31" nameCN="日" />
    </CPSJ>
  </WW>
  <FL value="" nameCN="附录" />
</QW>

