<?xml version="1.0" encoding="UTF-8"?>
<QW value="&#xA;四川省罗江县人民法院&#xA;民事判决书&#xA;（2014）罗民初字第588号&#xA;原告中国邮政储蓄银行股份有限公司罗江县支行。住所地：四川省罗江县。&#xA;负责人刘辉，行长。&#xA;委托代理人王常勇，系中国邮政储蓄银行股份有限公司罗江县支行工作人员。&#xA;委托代理人周勤，系中国邮政储蓄银行股份有限公司罗江县支行工作人员。&#xA;被告吴某甲，男，生于1954年5月25日，汉族，住四川省罗江县。&#xA;被告崔某某，女，生于1956年6月13日，汉族，住四川省罗江县。&#xA;被告吴某乙，男，生于1953年10月3日，汉族，住四川省罗江县。&#xA;被告谢某某，女，生于1955年6月5日，汉族，住四川省罗江县。&#xA;被告陈某某，男，生于1955年9月17日，汉族，住四川省罗江县。&#xA;被告吴某丙，女，生于1959年9月12日，汉族，住四川省罗江县。原告中国邮政储蓄银行股份有限公司罗江县支行（以下简称邮储银行罗江支行）与被告吴某甲、崔某某、吴某乙、谢某某、陈某某、吴某丙金融借款合同纠纷一案，本院依法受理后，公开开庭进行了审理。原告的委托代理人王常勇、周勤到庭参加了诉讼，被告吴某甲、崔某某、吴某乙、谢某某、陈某某、吴某丙经本院合法传唤无正当理由拒不到庭参加诉讼。本案现已审理终结。&#xA;原告邮储银行罗江支行诉称，2013年1月22日，被告吴某乙、陈某某、吴某甲三人组成联保小组，在原告处进行小额贷款，并签订了《小额贷款联保协议书》一份，该协议书约定：2013年1月22日起至2015年1月22日止，甲方（原告）可以根据乙方（联保小组）任一成员的申请，签订多次借款合同，在单一借款人最高贷款不超过50000元且联保小组合计贷款不超过150000元内发放贷款。乙方任一成员自愿为甲方向联保小组其他成员的贷款提供连带保证责任。&#xA;2013年1月23日，被告吴某甲与原告签订了《小额联保借款合同》一份，约定：原告向吴某甲发放贷款30000元，借款期限为12个月，借款利率为年息15．66％，还款方式为阶段性等额本息还款法，时间从2013年1月23日至2014年1月23日。借款人未按合同约定归还借款，现该笔贷款合同已到期，经原告多次催收无果，遂诉至法院请求依法判令被告吴某甲、崔某某偿还借款本金15291．65元及按照合同约定的利率支付自2013年10月24日起至欠款付清之日止的资金利息及罚息，被告吴某乙、谢某某、陈某某、吴某丙承担连带担保责任，并由被告承担诉讼费。&#xA;被告吴某甲、崔某某、吴某乙、谢某某、陈某某、吴某丙既没有向本院提交书面答辩意见，也没有向本院提交证据。&#xA;经审理查明：2013年1月22日，吴某乙、谢某某、吴某甲、崔某某、陈某某、吴某丙组成联保小组，在原告处进行小额贷款。同日，原告邮储银行罗江支行与被告吴某甲、崔某某、吴某乙、谢某某、陈某某、吴某丙签订《小额贷款联保协议书》（编号：510626213012308428）一份，该协议书约定：从2013年1月22日起至2015年1月22日止，甲方（邮储银行罗江支行）可以根据乙方（联保小组）任一成员的申请，签订多次借款合同，在单一借款人最高贷款本金不超过人民币50000元且联保小组合计贷款本金不超过人民币150000元内发放贷款。乙方任一成员自愿为甲方向联保小组其他成员的贷款提供连带责任保证。甲方和乙方任一成员签订借款合同时，不需逐笔办理保证手续，乙方其他成员均承担连带保证责任。保证范围包括借款本金、利息、罚息、复息、复利、违约金、损害赔偿金和因借款人违约甲方为实现债权而支付的费用和借款人所有其他应付费用。&#xA;2013年1月23日，被告吴某甲、崔某某与原告邮储银行罗江支行签订《小额联保借款合同》一份，合同约定：被告吴某甲、崔某某向原告邮储银行罗江支行借款人民币30000元用于购买饲料，年利率15．66％，期限为12个月（2013年1月至2014年1月），还款方式为阶段性等额本息还款法，借款前陆个月按月偿还当期利息，不还本金，此后期间，按照等额本息还款法偿还。自贷款发放次月起，借款人按月归还贷款本息，还款日为放款日以后月份的对日，在以后月份没有对日的，月末日为还款日。借款人不按期归还借款本金的，从逾期之日起按借款利率加收50％的罚息，若贷款展期或延期后逾期的，从逾期之日起按展期或延期后的利率加收50％的罚息。签订《小额联保借款合同》当日，原告邮储银行罗江支行通过转账方式向被告吴某甲、崔某某提供借款人民币30000元，被告吴某甲、崔某某向原告邮储银行罗江支行出具个人贷款借据一份。借款到期后，被告吴某甲、崔某某履行了部分还款义务，并将利息支付至2013年10月23日，截止原告起诉之日止，被告仍欠原告借款本金15291．65元及2013年10月24日后的应付利息，经原告邮储银行罗江支行多次催收，被告拒绝履行尚欠部分还款付息的义务。&#xA;以上事实，有原告提供的小额贷款联保协议书、小额联保借款合同书、放款单及借据等为证，本院予以确认。&#xA;本院认为，原告邮储银行罗江支行与被告吴某甲、崔某某、吴某乙、谢某某、陈某某、吴某丙签订的《小额贷款联保协议书》以及原告邮储银行罗江支行与被告吴某甲、崔某某签订的《小额联保借款合同》均合法有效，双方当事人均应按约定全面履行各自的义务。原告在合同订立后已按约向被告吴某甲、崔某某足额放贷，被告吴某甲、崔某某理应按约履行还款义务。被告吴某甲、崔某某未按期还款的行为已构成违约，原告有权按照合同的约定要求被告吴某甲、崔某某偿还借款本金及利息。因被告吴某乙、谢某某、陈某某、吴某丙在《小额贷款联保协议书》中约定自愿为原告邮储银行罗江支行向被告吴某甲、崔某某的贷款提供连带责任保证，因此被告吴某乙、谢某某、陈某某、吴某丙应承担连带清偿责任。综上，依照《》第、第第一款、第、《》第十二条、第、第、第、《中华人民共和国民事诉讼法》第一百四十四条之规定，判决如下：&#xA;一、被告吴某甲、崔某某于本判决生效后十日内偿还原告中国邮政储蓄银行股份有限公司罗江县支行借款本金人民币15291．65元；&#xA;二、被告吴某甲、崔某某于本判决生效后十日内向原告中国邮政储蓄银行股份有限公司罗江县支行支付上述借款本金产生的利息及逾期利息（自2013年10月24日起至生效判决确定的实际履行之日止按《小额联保借款合同》约定的方法计算）；&#xA;三、被告吴某乙、谢某某、陈某某、吴某丙对被告吴某甲、崔某某的上述主文第一、二项付款义务向原告中国邮政储蓄银行股份有限公司罗江县支行承担连带清偿责任，并在承担了保证责任后，有权向被告吴某甲、崔某某追偿。&#xA;如果未按本判决指定的期间履行给付金钱义务，应当依照《》第之规定，加倍支付迟延履行期间的债务利息。&#xA;本案案件受理费182元，保全费220元，合计402元，由被告吴某甲、崔某某全部负担（该款已由原告垫付，执行时一并执行）。&#xA;如不服本判决，可在判决书送达之日起十五日内，向本院递交上诉状，并按对方当事人的人数提出副本，上诉于四川省德阳市中级人民法院。&#xA;审判员鲁万千&#xA;二〇一四年六月二十三日&#xA;书记员晋艳&#xA;附：法律条文&#xA;一、《》&#xA;第依法成立的合同，对当事人具有法律约束力。当事人应当按照约定履行自己的义务，不得擅自变更或者解除合同。&#xA;依法成立的合同，受法律保护。&#xA;第六十条当事人应当按照约定全面履行自己的义务。&#xA;当事人应当遵循诚实信用原则，根据合同的性质、目的和交易习惯履行通知、协助、保密等义务。&#xA;第二百零七条借款人未按照约定的期限返还借款的，应当按照约定或者国家有关规定支付逾期利息。&#xA;二、《》&#xA;第十二条同一债务有两个以上保证人的，保证人应当按照保证合同约定的保证份额，承担保证责任。没有约定保证份额的，保证人承担连带责任，债权人可以要求任何一个保证人承担全部保证责任，保证人都负有担保全部债权实现的义务。已经承担保证责任的保证人，有权向债务人追偿，或者要求承担连带责任的其他保证人清偿其应当承担的份额。&#xA;第十四条保证人与债权人可以就单个主合同分别订立保证合同，也可以协议在最高债权额限度内就一定期间连续发生的借款合同或者某项商品交易合同订立一个保证合同。&#xA;第十八条当事人在保证合同中约定保证人与债务人对债务承担连带责任的，为连带责任保证。&#xA;连带责任保证的债务人在主合同规定的债务履行期届满没有履行债务的，债权人可以要求债务人履行债务，也可以要求保证人在其保证范围内承担保证责任。&#xA;第二十一条保证担保的范围包括主债权及利息、违约金、损害赔偿金和实现债权的费用。保证合同另有约定的，按照约定。&#xA;当事人对保证担保的范围没有约定或者约定不明确的，保证人应当对全部债务承担责任。&#xA;三、《中华人民共和国民事诉讼法》&#xA;第一百四十四条被告经传票传唤，无正当理由拒不到庭的，或者未经法庭许可中途退庭的，可以缺席判决。&#xA;" nameCN="全文">
  <WS value="四川省罗江县人民法院&#xA;民事判决书&#xA;（2014）罗民初字第588号&#xA;" nameCN="文首">
    <WSZZDW value="法院" nameCN="文书制作单位" />
    <JBFY value="四川省罗江县人民法院" nameCN="经办法院">
      <FYJB value="基层" nameCN="法院级别" />
      <XZQH_P value="四川" nameCN="行政区划(省)" />
      <XZQH_C value="四川" nameCN="行政区划(市)" />
    </JBFY>
    <WSMC value="民事判决书" nameCN="文书名称" />
    <AH value="(2014)罗民初字第588号" nameCN="案号" />
    <LAND value="2014" nameCN="立案年度" />
    <AJXZ value="民事案件" nameCN="案件性质" />
    <WSZL value="判决书" nameCN="文书种类" />
    <SPCX value="一审案件" nameCN="审判程序" />
    <AJLX value="民事一审案件" nameCN="案件类型" />
  </WS>
  <SSCYRQJ value="原告中国邮政储蓄银行股份有限公司罗江县支行。住所地：四川省罗江县。&#xA;负责人刘辉，行长。&#xA;委托代理人王常勇，系中国邮政储蓄银行股份有限公司罗江县支行工作人员。&#xA;委托代理人周勤，系中国邮政储蓄银行股份有限公司罗江县支行工作人员。&#xA;被告吴某甲，男，生于1954年5月25日，汉族，住四川省罗江县。&#xA;被告崔某某，女，生于1956年6月13日，汉族，住四川省罗江县。&#xA;被告吴某乙，男，生于1953年10月3日，汉族，住四川省罗江县。&#xA;被告谢某某，女，生于1955年6月5日，汉族，住四川省罗江县。&#xA;被告陈某某，男，生于1955年9月17日，汉族，住四川省罗江县。&#xA;" nameCN="诉讼参与人全集">
    <SSCYR value="原告中国邮政储蓄银行股份有限公司罗江县支行。住所地：四川省罗江县。" nameCN="诉讼参与人">
      <SSCYRMC value="中国邮政储蓄银行股份有限公司罗江县支行" nameCN="诉讼参与人名称" />
      <SSSF value="原告" nameCN="诉讼身份" />
      <SSDW value="原告" nameCN="诉讼地位" />
      <DSRLB value="原告" nameCN="当事人类别" />
      <DSRLX value="法人" nameCN="当事人类型" />
      <DSRDZ value="四川省罗江县" nameCN="当事人地址" />
      <DWXZ value="股份有限公司" nameCN="单位性质" />
      <TSHY value="金融" nameCN="特殊行业" />
    </SSCYR>
    <SSCYR value="负责人刘辉，行长。" nameCN="诉讼参与人">
      <SSCYRMC value="刘辉" nameCN="诉讼参与人名称" />
      <SSSF value="负责人" nameCN="诉讼身份" />
      <DSRLX value="自然人" nameCN="当事人类型" />
      <GJ value="中国" nameCN="国籍" />
      <DWZWFZ nameCN="单位职务分组">
        <ZW value="行长" nameCN="职务" />
      </DWZWFZ>
    </SSCYR>
    <SSCYR value="委托代理人王常勇，系中国邮政储蓄银行股份有限公司罗江县支行工作人员。" nameCN="诉讼参与人">
      <SSCYRMC value="王常勇" nameCN="诉讼参与人名称" />
      <SSSF value="委托代理人" nameCN="诉讼身份" />
      <DSRLX value="自然人" nameCN="当事人类型" />
      <GJ value="中国" nameCN="国籍" />
      <DTQK value="到庭" nameCN="到庭情况" />
      <DWZWFZ nameCN="单位职务分组">
        <ZW value="工作人员" nameCN="职务" />
      </DWZWFZ>
    </SSCYR>
    <SSCYR value="委托代理人周勤，系中国邮政储蓄银行股份有限公司罗江县支行工作人员。" nameCN="诉讼参与人">
      <SSCYRMC value="周勤" nameCN="诉讼参与人名称" />
      <SSSF value="委托代理人" nameCN="诉讼身份" />
      <DSRLX value="自然人" nameCN="当事人类型" />
      <GJ value="中国" nameCN="国籍" />
      <DTQK value="到庭" nameCN="到庭情况" />
      <DWZWFZ nameCN="单位职务分组">
        <ZW value="工作人员" nameCN="职务" />
      </DWZWFZ>
    </SSCYR>
    <SSCYR value="被告吴某甲，男，生于1954年5月25日，汉族，住四川省罗江县。" nameCN="诉讼参与人">
      <SSCYRMC value="吴某甲" nameCN="诉讼参与人名称" />
      <SSSF value="被告" nameCN="诉讼身份" />
      <SSDW value="被告" nameCN="诉讼地位" />
      <DSRLB value="被告" nameCN="当事人类别" />
      <DSRLX value="自然人" nameCN="当事人类型" />
      <XB value="男" nameCN="性别" />
      <MZ value="汉族" nameCN="民族" />
      <CSRQ value="1954年5月25日" nameCN="出生日期">
        <Year value="1954" nameCN="年" />
        <Month value="5" nameCN="月" />
        <Day value="25" nameCN="日" />
      </CSRQ>
      <GJ value="中国" nameCN="国籍" />
      <DSRDZ value="四川省罗江县" nameCN="当事人地址" />
    </SSCYR>
    <SSCYR value="被告崔某某，女，生于1956年6月13日，汉族，住四川省罗江县。" nameCN="诉讼参与人">
      <SSCYRMC value="崔某某" nameCN="诉讼参与人名称" />
      <SSSF value="被告" nameCN="诉讼身份" />
      <SSDW value="被告" nameCN="诉讼地位" />
      <DSRLB value="被告" nameCN="当事人类别" />
      <DSRLX value="自然人" nameCN="当事人类型" />
      <XB value="女" nameCN="性别" />
      <MZ value="汉族" nameCN="民族" />
      <CSRQ value="1956年6月13日" nameCN="出生日期">
        <Year value="1956" nameCN="年" />
        <Month value="6" nameCN="月" />
        <Day value="13" nameCN="日" />
      </CSRQ>
      <GJ value="中国" nameCN="国籍" />
      <DSRDZ value="四川省罗江县" nameCN="当事人地址" />
    </SSCYR>
    <SSCYR value="被告吴某乙，男，生于1953年10月3日，汉族，住四川省罗江县。" nameCN="诉讼参与人">
      <SSCYRMC value="吴某乙" nameCN="诉讼参与人名称" />
      <SSSF value="被告" nameCN="诉讼身份" />
      <SSDW value="被告" nameCN="诉讼地位" />
      <DSRLB value="被告" nameCN="当事人类别" />
      <DSRLX value="自然人" nameCN="当事人类型" />
      <XB value="男" nameCN="性别" />
      <MZ value="汉族" nameCN="民族" />
      <CSRQ value="1953年10月3日" nameCN="出生日期">
        <Year value="1953" nameCN="年" />
        <Month value="10" nameCN="月" />
        <Day value="3" nameCN="日" />
      </CSRQ>
      <GJ value="中国" nameCN="国籍" />
      <DSRDZ value="四川省罗江县" nameCN="当事人地址" />
    </SSCYR>
    <SSCYR value="被告谢某某，女，生于1955年6月5日，汉族，住四川省罗江县。" nameCN="诉讼参与人">
      <SSCYRMC value="谢某某" nameCN="诉讼参与人名称" />
      <SSSF value="被告" nameCN="诉讼身份" />
      <SSDW value="被告" nameCN="诉讼地位" />
      <DSRLB value="被告" nameCN="当事人类别" />
      <DSRLX value="自然人" nameCN="当事人类型" />
      <XB value="女" nameCN="性别" />
      <MZ value="汉族" nameCN="民族" />
      <CSRQ value="1955年6月5日" nameCN="出生日期">
        <Year value="1955" nameCN="年" />
        <Month value="6" nameCN="月" />
        <Day value="5" nameCN="日" />
      </CSRQ>
      <GJ value="中国" nameCN="国籍" />
      <DSRDZ value="四川省罗江县" nameCN="当事人地址" />
    </SSCYR>
    <SSCYR value="被告陈某某，男，生于1955年9月17日，汉族，住四川省罗江县。" nameCN="诉讼参与人">
      <SSCYRMC value="陈某某" nameCN="诉讼参与人名称" />
      <SSSF value="被告" nameCN="诉讼身份" />
      <SSDW value="被告" nameCN="诉讼地位" />
      <DSRLB value="被告" nameCN="当事人类别" />
      <DSRLX value="自然人" nameCN="当事人类型" />
      <XB value="男" nameCN="性别" />
      <MZ value="汉族" nameCN="民族" />
      <CSRQ value="1955年9月17日" nameCN="出生日期">
        <Year value="1955" nameCN="年" />
        <Month value="9" nameCN="月" />
        <Day value="17" nameCN="日" />
      </CSRQ>
      <GJ value="中国" nameCN="国籍" />
      <DSRDZ value="四川省罗江县" nameCN="当事人地址" />
    </SSCYR>
    <SSCYRQJ value="错误" nameCN="保险公司是否作为被告" />
  </SSCYRQJ>
  <SSJL value="被告吴某丙，女，生于1959年9月12日，汉族，住四川省罗江县。原告中国邮政储蓄银行股份有限公司罗江县支行（以下简称邮储银行罗江支行）与被告吴某甲、崔某某、吴某乙、谢某某、陈某某、吴某丙金融借款合同纠纷一案，本院依法受理后，公开开庭进行了审理。原告的委托代理人王常勇、周勤到庭参加了诉讼，被告吴某甲、崔某某、吴某乙、谢某某、陈某某、吴某丙经本院合法传唤无正当理由拒不到庭参加诉讼。本案现已审理终结。" nameCN="诉讼记录">
    <JJCT value="" nameCN="拒绝出庭">
      <DSR value="" nameCN="当事人" />
      <RQ value="" nameCN="日期" />
    </JJCT>
    <AY value="金融借款合同纠纷" nameCN="案由" />
    <KTSL value="是" nameCN="开庭审理" />
    <KTSLXX value="公开审理" nameCN="开庭审理信息" />
    <WZAY value="金融借款合同纠纷" nameCN="完整案由" />
    <AYDM value="9178" nameCN="案由代码" />
    <YSAJSYCX value="普通程序" nameCN="一审案件适用程序" />
    <JYZPT value="否" nameCN="简易转普通" />
    <SPZZ value="独任庭" nameCN="审判组织" />
    <YSAJLY value="新收" nameCN="一审案件来源" />
    <DXRQX nameCN="当事人缺席">
      <XM value="吴某乙" nameCN="姓名">
        <SSDW value="被告" nameCN="诉讼地位" />
      </XM>
      <XM value="谢某某" nameCN="姓名">
        <SSDW value="被告" nameCN="诉讼地位" />
      </XM>
      <XM value="陈某某" nameCN="姓名">
        <SSDW value="被告" nameCN="诉讼地位" />
      </XM>
      <XM value="崔某某" nameCN="姓名">
        <SSDW value="被告" nameCN="诉讼地位" />
      </XM>
      <XM value="吴某甲" nameCN="姓名">
        <SSDW value="被告" nameCN="诉讼地位" />
      </XM>
    </DXRQX>
    <CTDSRXX nameCN="出庭当事人信息">
      <CTRXM value="周勤" nameCN="出庭人姓名">
        <SSDW value="委托代理人" nameCN="诉讼地位" />
      </CTRXM>
      <CTRXM value="王常勇" nameCN="出庭人姓名">
        <SSDW value="委托代理人" nameCN="诉讼地位" />
      </CTRXM>
    </CTDSRXX>
  </SSJL>
  <AJJBQK value="原告邮储银行罗江支行诉称，2013年1月22日，被告吴某乙、陈某某、吴某甲三人组成联保小组，在原告处进行小额贷款，并签订了《小额贷款联保协议书》一份，该协议书约定：2013年1月22日起至2015年1月22日止，甲方（原告）可以根据乙方（联保小组）任一成员的申请，签订多次借款合同，在单一借款人最高贷款不超过50000元且联保小组合计贷款不超过150000元内发放贷款。乙方任一成员自愿为甲方向联保小组其他成员的贷款提供连带保证责任。&#xA;2013年1月23日，被告吴某甲与原告签订了《小额联保借款合同》一份，约定：原告向吴某甲发放贷款30000元，借款期限为12个月，借款利率为年息15．66％，还款方式为阶段性等额本息还款法，时间从2013年1月23日至2014年1月23日。借款人未按合同约定归还借款，现该笔贷款合同已到期，经原告多次催收无果，遂诉至法院请求依法判令被告吴某甲、崔某某偿还借款本金15291．65元及按照合同约定的利率支付自2013年10月24日起至欠款付清之日止的资金利息及罚息，被告吴某乙、谢某某、陈某某、吴某丙承担连带担保责任，并由被告承担诉讼费。&#xA;被告吴某甲、崔某某、吴某乙、谢某某、陈某某、吴某丙既没有向本院提交书面答辩意见，也没有向本院提交证据。&#xA;经审理查明：2013年1月22日，吴某乙、谢某某、吴某甲、崔某某、陈某某、吴某丙组成联保小组，在原告处进行小额贷款。同日，原告邮储银行罗江支行与被告吴某甲、崔某某、吴某乙、谢某某、陈某某、吴某丙签订《小额贷款联保协议书》（编号：510626213012308428）一份，该协议书约定：从2013年1月22日起至2015年1月22日止，甲方（邮储银行罗江支行）可以根据乙方（联保小组）任一成员的申请，签订多次借款合同，在单一借款人最高贷款本金不超过人民币50000元且联保小组合计贷款本金不超过人民币150000元内发放贷款。乙方任一成员自愿为甲方向联保小组其他成员的贷款提供连带责任保证。甲方和乙方任一成员签订借款合同时，不需逐笔办理保证手续，乙方其他成员均承担连带保证责任。保证范围包括借款本金、利息、罚息、复息、复利、违约金、损害赔偿金和因借款人违约甲方为实现债权而支付的费用和借款人所有其他应付费用。&#xA;2013年1月23日，被告吴某甲、崔某某与原告邮储银行罗江支行签订《小额联保借款合同》一份，合同约定：被告吴某甲、崔某某向原告邮储银行罗江支行借款人民币30000元用于购买饲料，年利率15．66％，期限为12个月（2013年1月至2014年1月），还款方式为阶段性等额本息还款法，借款前陆个月按月偿还当期利息，不还本金，此后期间，按照等额本息还款法偿还。自贷款发放次月起，借款人按月归还贷款本息，还款日为放款日以后月份的对日，在以后月份没有对日的，月末日为还款日。借款人不按期归还借款本金的，从逾期之日起按借款利率加收50％的罚息，若贷款展期或延期后逾期的，从逾期之日起按展期或延期后的利率加收50％的罚息。签订《小额联保借款合同》当日，原告邮储银行罗江支行通过转账方式向被告吴某甲、崔某某提供借款人民币30000元，被告吴某甲、崔某某向原告邮储银行罗江支行出具个人贷款借据一份。借款到期后，被告吴某甲、崔某某履行了部分还款义务，并将利息支付至2013年10月23日，截止原告起诉之日止，被告仍欠原告借款本金15291．65元及2013年10月24日后的应付利息，经原告邮储银行罗江支行多次催收，被告拒绝履行尚欠部分还款付息的义务。&#xA;以上事实，有原告提供的小额贷款联保协议书、小额联保借款合同书、放款单及借据等为证，本院予以确认。&#xA;" nameCN="案件基本情况">
    <YGSCD value="原告邮储银行罗江支行诉称，2013年1月22日，被告吴某乙、陈某某、吴某甲三人组成联保小组，在原告处进行小额贷款，并签订了《小额贷款联保协议书》一份，该协议书约定：2013年1月22日起至2015年1月22日止，甲方（原告）可以根据乙方（联保小组）任一成员的申请，签订多次借款合同，在单一借款人最高贷款不超过50000元且联保小组合计贷款不超过150000元内发放贷款。乙方任一成员自愿为甲方向联保小组其他成员的贷款提供连带保证责任。 2013年1月23日，被告吴某甲与原告签订了《小额联保借款合同》一份，约定：原告向吴某甲发放贷款30000元，借款期限为12个月，借款利率为年息15．66％，还款方式为阶段性等额本息还款法，时间从2013年1月23日至2014年1月23日。借款人未按合同约定归还借款，现该笔贷款合同已到期，经原告多次催收无果，遂诉至法院请求依法判令被告吴某甲、崔某某偿还借款本金15291．65元及按照合同约定的利率支付自2013年10月24日起至欠款付清之日止的资金利息及罚息，被告吴某乙、谢某某、陈某某、吴某丙承担连带担保责任，并由被告承担诉讼费。 " nameCN="原告诉称段" />
    <ZJD value="被告吴某甲、崔某某、吴某乙、谢某某、陈某某、吴某丙既没有向本院提交书面答辩意见，也没有向本院提交证据。" nameCN="证据段" />
    <CMSSD value="经审理查明：2013年1月22日，吴某乙、谢某某、吴某甲、崔某某、陈某某、吴某丙组成联保小组，在原告处进行小额贷款。同日，原告邮储银行罗江支行与被告吴某甲、崔某某、吴某乙、谢某某、陈某某、吴某丙签订《小额贷款联保协议书》（编号：510626213012308428）一份，该协议书约定：从2013年1月22日起至2015年1月22日止，甲方（邮储银行罗江支行）可以根据乙方（联保小组）任一成员的申请，签订多次借款合同，在单一借款人最高贷款本金不超过人民币50000元且联保小组合计贷款本金不超过人民币150000元内发放贷款。乙方任一成员自愿为甲方向联保小组其他成员的贷款提供连带责任保证。甲方和乙方任一成员签订借款合同时，不需逐笔办理保证手续，乙方其他成员均承担连带保证责任。保证范围包括借款本金、利息、罚息、复息、复利、违约金、损害赔偿金和因借款人违约甲方为实现债权而支付的费用和借款人所有其他应付费用。2013年1月23日，被告吴某甲、崔某某与原告邮储银行罗江支行签订《小额联保借款合同》一份，合同约定：被告吴某甲、崔某某向原告邮储银行罗江支行借款人民币30000元用于购买饲料，年利率15．66％，期限为12个月（2013年1月至2014年1月），还款方式为阶段性等额本息还款法，借款前陆个月按月偿还当期利息，不还本金，此后期间，按照等额本息还款法偿还。自贷款发放次月起，借款人按月归还贷款本息，还款日为放款日以后月份的对日，在以后月份没有对日的，月末日为还款日。借款人不按期归还借款本金的，从逾期之日起按借款利率加收50％的罚息，若贷款展期或延期后逾期的，从逾期之日起按展期或延期后的利率加收50％的罚息。签订《小额联保借款合同》当日，原告邮储银行罗江支行通过转账方式向被告吴某甲、崔某某提供借款人民币30000元，被告吴某甲、崔某某向原告邮储银行罗江支行出具个人贷款借据一份。借款到期后，被告吴某甲、崔某某履行了部分还款义务，并将利息支付至2013年10月23日，截止原告起诉之日止，被告仍欠原告借款本金15291．65元及2013年10月24日后的应付利息，经原告邮储银行罗江支行多次催收，被告拒绝履行尚欠部分还款付息的义务。 以上事实，有原告提供的小额贷款联保协议书、小额联保借款合同书、放款单及借据等为证，本院予以确认。 " nameCN="查明事实段">
      <SGXQ value="未提及" nameCN="事故详情">
        <SGSJ value="未提及" nameCN="事故时间" />
        <SGDD value="未提及" nameCN="事故地点" />
      </SGXQ>
      <JDCSYR value="吴某甲" nameCN="机动车所有人" />
      <SFTB value="是" nameCN="是否投保" />
      <SFZBXQN value="是" nameCN="是否在保险期内" />
      <SFXQPF value="是" nameCN="是否先期赔付" />
      <JDSFKK value="是" nameCN="鉴定是否可靠" />
    </CMSSD>
  </AJJBQK>
  <CPFXGC value="本院认为，原告邮储银行罗江支行与被告吴某甲、崔某某、吴某乙、谢某某、陈某某、吴某丙签订的《小额贷款联保协议书》以及原告邮储银行罗江支行与被告吴某甲、崔某某签订的《小额联保借款合同》均合法有效，双方当事人均应按约定全面履行各自的义务。原告在合同订立后已按约向被告吴某甲、崔某某足额放贷，被告吴某甲、崔某某理应按约履行还款义务。被告吴某甲、崔某某未按期还款的行为已构成违约，原告有权按照合同的约定要求被告吴某甲、崔某某偿还借款本金及利息。因被告吴某乙、谢某某、陈某某、吴某丙在《小额贷款联保协议书》中约定自愿为原告邮储银行罗江支行向被告吴某甲、崔某某的贷款提供连带责任保证，因此被告吴某乙、谢某某、陈某某、吴某丙应承担连带清偿责任。综上，依照《》第、第第一款、第、《》第十二条、第、第、第、《中华人民共和国民事诉讼法》第一百四十四条之规定，判决如下：&#xA;" nameCN="裁判分析过程">
    <JAFSLX value="判决" nameCN="结案方式类型" />
    <FLFTMC value="" nameCN="法律法条名称">
      <TM value="" nameCN="条目" />
      <SFCXF value="非程序法" nameCN="是否是程序法" />
    </FLFTMC>
    <FLFTMC value="" nameCN="法律法条名称">
      <TM value="十二" nameCN="条目" />
      <TM value="、" nameCN="条目" />
      <SFCXF value="非程序法" nameCN="是否是程序法" />
    </FLFTMC>
    <FLFTMC value="中华人民共和国民事诉讼法" nameCN="法律法条名称">
      <TM value="一百四十四" nameCN="条目" />
      <SFCXF value="是程序法" nameCN="是否是程序法" />
    </FLFTMC>
  </CPFXGC>
  <CPJG value="一、被告吴某甲、崔某某于本判决生效后十日内偿还原告中国邮政储蓄银行股份有限公司罗江县支行借款本金人民币15291．65元；&#xA;二、被告吴某甲、崔某某于本判决生效后十日内向原告中国邮政储蓄银行股份有限公司罗江县支行支付上述借款本金产生的利息及逾期利息（自2013年10月24日起至生效判决确定的实际履行之日止按《小额联保借款合同》约定的方法计算）；&#xA;三、被告吴某乙、谢某某、陈某某、吴某丙对被告吴某甲、崔某某的上述主文第一、二项付款义务向原告中国邮政储蓄银行股份有限公司罗江县支行承担连带清偿责任，并在承担了保证责任后，有权向被告吴某甲、崔某某追偿。&#xA;如果未按本判决指定的期间履行给付金钱义务，应当依照《》第之规定，加倍支付迟延履行期间的债务利息。&#xA;本案案件受理费182元，保全费220元，合计402元，由被告吴某甲、崔某某全部负担（该款已由原告垫付，执行时一并执行）。&#xA;如不服本判决，可在判决书送达之日起十五日内，向本院递交上诉状，并按对方当事人的人数提出副本，上诉于四川省德阳市中级人民法院。&#xA;" nameCN="裁判结果">
    <JAFS value="判决" nameCN="结案方式" />
    <PCSFSXZQ value="正确" nameCN="同时起诉侵权人与保险公司的赔偿顺序" />
    <JTPJJG value="一、被告吴某甲、崔某某于本判决生效后十日内偿还原告中国邮政储蓄银行股份有限公司罗江县支行借款本金人民币15291．65元；" nameCN="具体裁判段">
      <QLR value="中国邮政储蓄银行股份有限公司罗江县支行" nameCN="权利人">
        <QLRSSDW value="原告" nameCN="诉讼地位" />
      </QLR>
      <YWR value="崔某某" nameCN="义务人">
        <YWRSSDW value="被告" nameCN="诉讼地位" />
      </YWR>
      <YWR value="吴某甲" nameCN="义务人">
        <YWRSSDW value="被告" nameCN="诉讼地位" />
      </YWR>
      <PJZXQX value="十日" nameCN="判决执行期限" />
      <PJJE nameCN="判决金额">
        <JE value="15291.65元" nameCN="金额" />
        <JELX value="借款" nameCN="金额类型" />
        <JELX value="本金" nameCN="金额类型" />
      </PJJE>
    </JTPJJG>
    <JTPJJG value="二、被告吴某甲、崔某某于本判决生效后十日内向原告中国邮政储蓄银行股份有限公司罗江县支行支付上述借款本金产生的利息及逾期利息（自2013年10月24日起至生效判决确定的实际履行之日止按《小额联保借款合同》约定的方法计算）；" nameCN="具体裁判段">
      <QLR value="中国邮政储蓄银行股份有限公司罗江县支行" nameCN="权利人">
        <QLRSSDW value="原告" nameCN="诉讼地位" />
      </QLR>
      <YWR value="崔某某" nameCN="义务人">
        <YWRSSDW value="被告" nameCN="诉讼地位" />
      </YWR>
      <YWR value="吴某甲" nameCN="义务人">
        <YWRSSDW value="被告" nameCN="诉讼地位" />
      </YWR>
      <PJZXQX value="十日" nameCN="判决执行期限" />
    </JTPJJG>
    <JTPJJG value="三、被告吴某乙、谢某某、陈某某、吴某丙对被告吴某甲、崔某某的上述主文第一、二项付款义务向原告中国邮政储蓄银行股份有限公司罗江县支行承担连带清偿责任，并在承担了保证责任后，有权向被告吴某甲、崔某某追偿。" nameCN="具体裁判段">
      <QLR value="中国邮政储蓄银行股份有限公司罗江县支行" nameCN="权利人">
        <QLRSSDW value="原告" nameCN="诉讼地位" />
      </QLR>
      <YWR value="吴某乙" nameCN="义务人">
        <YWRSSDW value="被告" nameCN="诉讼地位" />
      </YWR>
      <YWR value="谢某某" nameCN="义务人">
        <YWRSSDW value="被告" nameCN="诉讼地位" />
      </YWR>
      <YWR value="陈某某" nameCN="义务人">
        <YWRSSDW value="被告" nameCN="诉讼地位" />
      </YWR>
      <YWR value="崔某某" nameCN="义务人">
        <YWRSSDW value="被告" nameCN="诉讼地位" />
      </YWR>
      <YWR value="吴某甲" nameCN="义务人">
        <YWRSSDW value="被告" nameCN="诉讼地位" />
      </YWR>
    </JTPJJG>
    <JTPJJG value="如果未按本判决指定的期间履行给付金钱义务，应当依照《》第之规定，加倍支付迟延履行期间的债务利息。" nameCN="具体裁判段" />
    <SSFCD nameCN="诉讼费承担">
      <SSFCDJL value="本案案件受理费182元，保全费220元，合计402元，由被告吴某甲、崔某某全部负担（该款已由原告垫付，执行时一并执行）。" nameCN="诉讼费承担记录">
        <SSFJE value="182元" nameCN="诉讼费金额" />
        <SSFZL value="受理费" nameCN="诉讼费种类" />
        <SSFJE value="220元" nameCN="诉讼费金额" />
        <SSFZL value="保全费" nameCN="诉讼费种类" />
        <SSFCDR value="崔某某" nameCN="承担人">
          <SSFCDJE value="182元" nameCN="承担金额" />
          <SSFCDFS value="与他人共同承担该金额" nameCN="承担方式" />
          <SSFCDDW value="被告" nameCN="承担人地位" />
        </SSFCDR>
        <SSFCDR value="吴某甲" nameCN="承担人">
          <SSFCDJE value="182元" nameCN="承担金额" />
          <SSFCDFS value="与他人共同承担该金额" nameCN="承担方式" />
          <SSFCDDW value="被告" nameCN="承担人地位" />
        </SSFCDR>
      </SSFCDJL>
    </SSFCD>
    <SFFHCS value="否" nameCN="是否发回重审" />
    <KSSZ value="四川省德阳市中级人民法院" nameCN="可上诉至" />
    <SSTJCL value="上诉状，并按对方当事人的人数提出副本" nameCN="上诉提交材料" />
    <SSQX value="十五日" nameCN="上诉期限" />
    <TCGXQYY value="否" nameCN="是否提出管辖权异议" />
  </CPJG>
  <WW value="审判员鲁万千&#xA;二〇一四年六月二十三日&#xA;书记员晋艳&#xA;" nameCN="文尾">
    <SPZZCY nameCN="审判组织成员">
      <SPRYXM value="晋艳" nameCN="审判人员姓名" />
      <SPRYJS value="书记员" nameCN="审判人员角色" />
    </SPZZCY>
    <SPZZCY nameCN="审判组织成员">
      <SPRYXM value="鲁万千" nameCN="审判人员姓名" />
      <SPRYJS value="审判员" nameCN="审判人员角色" />
    </SPZZCY>
    <CPSJ value="2014年6月23日" nameCN="裁判时间">
      <Year value="2014" nameCN="结案年度" />
      <JANYR value="2014年6月23日" nameCN="结案年月日" />
      <JANY value="2014-6" nameCN="结案年月" />
      <Month value="6" nameCN="月" />
      <Day value="23" nameCN="日" />
    </CPSJ>
  </WW>
  <FL value="" nameCN="附录" />
</QW>

