<?xml version="1.0" encoding="UTF-8"?>
<QW value="浙江省瑞安市人民法院&#xA;民事判决书&#xA;（2015）温瑞知民初字第369号&#xA;原告中国音像著作权集体管理协会。&#xA;法定代表人王化鹏。&#xA;委托代理人王利民、倪娉娉（特别授权代理）。&#xA;被告平阳县昆阳镇天马卡拉OK厅。&#xA;负责人万巧燕。&#xA;原告中国音像著作权集体管理协会（以下简称为原告）为与被告平阳县昆阳镇天马卡拉OK厅（以下简称为被告）著作权侵权纠纷一案，于2015年6月15日向本院提起诉讼。本院于同日受理后，于2015年8月6日公开开庭进行了审理。原告的委托代理人倪娉娉到庭参加了诉讼，被告经本院合法传票传唤无正当理由拒不到庭，本院依法作缺席审理。本案现已审理终结。&#xA;原告诉称：《流行歌曲经典·中国音像著作权集体管理协会会员作品精选集（第二辑）》收录了协会会员滚石国际音乐股份有限公司享有著作权的音乐电视作品。根据原告与该协会会员签订的《音像著作权授权合同》及《著作权集体管理条例》的规定，原告有权以自己的名义同使用者商谈使用条件并发放使用许可，征集使用情况，向使用者收取使用费以及以自己的名义向侵权使用者提起诉讼。被告未经原告许可，也未向原告支付使用费，以营利为目的，在其营业场所的点唱机中完整地收录了原告管理的上述部分作品供公众点播，原告通过公证人员对其中的《刮目相看》、《醒你》、《掌纹》、《世界唯一的你》、《SuperSunshine》、《3-7-20-1》、《Superwoman》、《可否冲破》、《单数》、《Supermarket超级市场》、《天使忌妒的生活》、《情人》、《活着便精彩》、《Paradise》、《祝你愉快》（以下称为涉案作品）等15首歌曲进行了证据保全。被告的行为已经侵害了原告的合法权益，给原告造成了较大的经济损失，故请求人民法院判令：一、被告立即停止播放并从曲库中删除歌曲《刮目相看》、《醒你》、《掌纹》、《世界唯一的你》、《SuperSunshine》、《3-7-20-1》、《Superwoman》、《可否冲破》、《单数》、《Supermarket超级市场》、《天使忌妒的生活》、《情人》、《活着便精彩》、《Paradise》、《祝你愉快》，赔偿原告经济损失15000元；二、被告支付原告为制止侵权所产生的合理费用1000元；三、被告承担本案的诉讼费用。&#xA;原告为证明其诉称的事实，提供了如下证据：&#xA;1．正版光盘封面及光盘，拟证明涉案作品的著作权人为滚石国际音乐股份有限公司的事实；&#xA;2．原告与滚石国际音乐股份有限公司签订的《音像著作权授权合同》及（2014）浙杭钱证内字第18059号关于合同复印件与原件相符的公证书，拟证明原告取得了相应的著作权；&#xA;3．北京市东方公证处作出的（2014）京东方内民证字第8371号公证书并附光盘，拟证明被告实施了侵权行为。&#xA;被告未作答辩亦未提供证据。&#xA;诉讼过程中，本院依法到平阳县文化广播电视新闻出版局调取被告场所包厢数量证明（证据4），显示被告共有包厢数21个。&#xA;对原告提供的上述证据，经庭审出示，被告未到庭，应视为放弃质证权利。本院经审查，对原告提供的证据真实性、合法性、关联性予以采信。对本院调取的被告场所包厢数，原告无异议，本院予以采信。&#xA;经审理，本院认定本案事实如下：涉案作品《刮目相看》、《醒你》、《掌纹》、《世界唯一的你》、《SuperSunshine》、《3-7-20-1》、《Superwoman》、《可否冲破》、《单数》、《Supermarket超级市场》、《天使忌妒的生活》、《情人》、《活着便精彩》、《Paradise》、《祝你愉快》系以类似摄制电影的方法创作的作品，其著作权人为滚石国际音乐股份有限公司。由中国唱片总公司出版的《流行歌曲经典·中国音像著作权集体管理协会会员作品精选集（第二辑）》收录了涉案作品。2012年3月6日，原告与滚石国际音乐股份有限公司签订了《音像著作权授权合同》，双方约定，滚石国际音乐股份有限公司将其拥有的音像节目的放映权、复制权（前述二者仅限卡拉OK经营场所）、广播权信托原告管理；原告可以同音像节目的使用者商谈使用条件并发放使用许可，征集使用情况，向使用者收取使用费，根据使用情况向滚石国际音乐股份有限公司分配使用费；上述管理活动，均以原告的名义进行；原告还有权以自己的名义向侵权使用者提起诉讼；双方约定合同自2012年1月1日起生效，合同有效期为三年，至期满前60日滚石国际音乐股份有限公司未以书面形式提出异议，合同自动续展三年，之后亦照此办理。&#xA;被告系一家个人独资企业，成立于2003年1月，注册资本120万元，经营范围为卡拉OK服务，登记场所包厢数为21个。&#xA;2014年8月13日，在北京市东方公证处公证人员的监督下，原告的委托代理人范燕婷来到“天马KTV”的二层豪华819房间，以普通消费者身份进入该房间进行消费，在房间内设置的点歌系统上进行查找、点击、播放，依次点播了部分歌曲，其中包括涉案作品。范燕婷还操作原告提供、经过公证人员清洁度检查的摄像设备对播放过程进行了摄像，消费结束后获得了加盖被告印章的发票一张，金额为215元。随后，由公证人员将保全所拍摄的视频文件刻录成光盘。经庭审比对，上述公证点播的涉案作品除《可否冲破》、《Paradise》外均与原告提供的光盘中的涉案作品的相应词曲及画面相同。&#xA;本院认为：根据《音像著作权授权合同》，原告享有涉案作品的放映权，有权以自己的名义起诉被告。虽然原告在公证证据保全时点播的曲目仅播放了部分内容，但该部分内容与涉案作品（除《可否冲破》、《Paradise》外）的相应部分一致，考虑到公证证据保全所受到的时间限制以及被告经营的是娱乐场所等因素，本案公证书足以证实被告在其经营场所播放了涉案作品（除《可否冲破》、《Paradise》外）。被告未经原告或滚石国际音乐股份有限公司的许可，在其经营的KTV向公众提供涉案作品（除《可否冲破》、《Paradise》外）的点播服务，侵害了原告就涉案作品（除《可否冲破》、《Paradise》外）享有的相应著作权。根据《中华人民共和国著作权法》第四十八条第（一）项的规定，未经著作权人许可，复制、发行、表演、放映、广播、汇编、通过信息网络向公众传播其作品的，应当根据情况，承担停止侵害、消除影响、赔礼道歉、赔偿损失等民事责任。因此，原告有权要求被告停止侵权，其要求被告停止播放、从曲库中删除涉案作品（除《可否冲破》、《Paradise》外）的诉讼请求应予支持。《中华人民共和国著作权法》第四十九条规定：“侵犯著作权或者与著作权有关的权利的，侵权人应当按照权利人的实际损失给予赔偿；实际损失难以计算的，可以按照侵权人的违法所得给予赔偿。赔偿数额还应当包括权利人为制止侵权行为所支付的合理开支。权利人的实际损失或者侵权人的违法所得不能确定的，由人民法院根据侵权行为的情节，判决给予五十万元以下的赔偿。”根据《最高人民法院关于审理著作权民事纠纷案件适用法律若干问题的解释》第二十六条第一款的规定，著作权法规定的制止侵权行为所支付的合理开支，包括权利人或者委托代理人对侵权行为进行调查、取证的合理费用。因此，对于本案中原告请求被告赔偿其经济损失以及为制止侵权支出的合理费用的诉讼请求，本院综合考虑涉案作品的市场影响及知名度一般、被告经营的KTV包厢数量、原告为维权支出的律师费、公证费及包厢费用（这些费用应在原告同时起诉被告的案件中予以分摊）等因素后，确定赔偿数额（含合理开支）为3900元。综上，依照《中华人民共和国著作权法》第四十八条第（一）项、第四十九条、《最高人民法院关于审理著作权民事纠纷案件适用法律若干问题的解释》第二十六条第一款、《中华人民共和国民事诉讼法》第六十四条第一款、第一百四十四条的规定，判决如下：&#xA;一、被告平阳县昆阳镇天马卡拉OK厅于本判决生效之日立即停止向公众提供作品《刮目相看》、《醒你》、《掌纹》、《世界唯一的你》、《SuperSunshine》、《3-7-20-1》、《Superwoman》、《单数》、《Supermarket超级市场》、《天使忌妒的生活》、《情人》、《活着便精彩》、《祝你愉快》的点播服务，并从曲库中删除该作品；&#xA;二、被告平阳县昆阳镇天马卡拉OK厅于本判决生效之日起十日内赔偿原告中国音像著作权集体管理协会经济损失（含合理开支）3900元；&#xA;三、驳回原告中国音像著作权集体管理协会的其他诉讼请求。&#xA;如果未按本判决指定的期间履行给付金钱义务，应当依照《中华人民共和国民事诉讼法》第二百五十三条之规定，加倍支付迟延履行期间的债务利息。&#xA;本案案件受理费150元，减半收取75元，由原告中国音像著作权集体管理协会负担25元，被告平阳县昆阳镇天马卡拉OK厅负担50元。&#xA;如不服本判决，可在判决书送达之日起十五日内，向本院递交上诉状，并按对方当事人的人数提出副本，上诉于浙江省温州市中级人民法院［上诉案件受理费150元（具体金额由温州市中级人民法院确定，多余部分以后退还），应在提交上诉状时预交，款汇温州市中级人民法院，浙江省省级财政专户结算分户，开户行：温州市农行营业部，账号：31×××51。上诉期满七日后仍未交纳的，按自动撤回上诉处理］。&#xA;本判决发生法律效力后，如被告拒绝履行，原告可以向本院申请执行；申请执行的期限为二年，从判决书规定履行期限的最后一日起计算。&#xA;审判员邹丽雅&#xA;二〇一五年八月三十一日&#xA;（代）书记员戴程栋&#xA;" nameCN="全文">
  <WS value="浙江省瑞安市人民法院&#xA;民事判决书&#xA;（2015）温瑞知民初字第369号&#xA;" nameCN="文首">
    <WSZZDW value="法院" nameCN="文书制作单位" />
    <JBFY value="浙江省瑞安市人民法院" nameCN="经办法院">
      <FYJB value="基层" nameCN="法院级别" />
      <XZQH_P value="浙江" nameCN="行政区划(省)" />
      <XZQH_C value="瑞安市" nameCN="行政区划(市)" />
    </JBFY>
    <WSMC value="民事判决书" nameCN="文书名称" />
    <AH value="(2015)温瑞知民初字第369号" nameCN="案号" />
    <LAND value="2015" nameCN="立案年度" />
    <AJXZ value="民事案件" nameCN="案件性质" />
    <WSZL value="判决书" nameCN="文书种类" />
    <SPCX value="一审案件" nameCN="审判程序" />
    <AJLX value="民事一审案件" nameCN="案件类型" />
  </WS>
  <SSCYRQJ value="原告中国音像著作权集体管理协会。&#xA;法定代表人王化鹏。&#xA;委托代理人王利民、倪娉娉（特别授权代理）。&#xA;被告平阳县昆阳镇天马卡拉OK厅。&#xA;负责人万巧燕。&#xA;" nameCN="诉讼参与人全集">
    <SSCYR value="原告中国音像著作权集体管理协会。" nameCN="诉讼参与人">
      <SSCYRMC value="中国音像著作权集体管理协会" nameCN="诉讼参与人名称" />
      <SSSF value="原告" nameCN="诉讼身份" />
      <SSDW value="原告" nameCN="诉讼地位" />
      <DSRLB value="原告" nameCN="当事人类别" />
      <DSRLX value="法人" nameCN="当事人类型" />
      <FDDBR value="王化鹏" nameCN="单位法定代表人" />
    </SSCYR>
    <SSCYR value="法定代表人王化鹏。" nameCN="诉讼参与人">
      <SSCYRMC value="王化鹏" nameCN="诉讼参与人名称" />
      <SSSF value="法定代表人" nameCN="诉讼身份" />
      <DSRLX value="自然人" nameCN="当事人类型" />
      <GJ value="中国" nameCN="国籍" />
      <DWZWFZ nameCN="单位职务分组">
        <DWMC value="中国音像著作权集体管理协会" nameCN="单位名称" />
      </DWZWFZ>
    </SSCYR>
    <SSCYR value="委托代理人王利民、倪娉娉（特别授权代理）。" nameCN="诉讼参与人">
      <SSCYRMC value="王利民、倪娉娉" nameCN="诉讼参与人名称" />
      <SSSF value="委托代理人" nameCN="诉讼身份" />
      <DSRLX value="法人" nameCN="当事人类型" />
    </SSCYR>
    <SSCYR value="被告平阳县昆阳镇天马卡拉OK厅。" nameCN="诉讼参与人">
      <SSCYRMC value="平阳县昆阳镇天马卡拉OK厅" nameCN="诉讼参与人名称" />
      <SSSF value="被告" nameCN="诉讼身份" />
      <SSDW value="被告" nameCN="诉讼地位" />
      <DSRLB value="被告" nameCN="当事人类别" />
      <DSRLX value="法人" nameCN="当事人类型" />
    </SSCYR>
    <SSCYR value="负责人万巧燕。" nameCN="诉讼参与人">
      <SSCYRMC value="万巧燕" nameCN="诉讼参与人名称" />
      <SSSF value="负责人" nameCN="诉讼身份" />
      <DSRLX value="自然人" nameCN="当事人类型" />
      <GJ value="中国" nameCN="国籍" />
    </SSCYR>
    <SSCYRQJ value="错误" nameCN="保险公司是否作为被告" />
  </SSCYRQJ>
  <SSJL value="原告中国音像著作权集体管理协会（以下简称为原告）为与被告平阳县昆阳镇天马卡拉OK厅（以下简称为被告）著作权侵权纠纷一案，于2015年6月15日向本院提起诉讼。本院于同日受理后，于2015年8月6日公开开庭进行了审理。原告的委托代理人倪娉娉到庭参加了诉讼，被告经本院合法传票传唤无正当理由拒不到庭，本院依法作缺席审理。本案现已审理终结。" nameCN="诉讼记录">
    <JJCT value="" nameCN="拒绝出庭">
      <DSR value="" nameCN="当事人" />
      <RQ value="" nameCN="日期" />
    </JJCT>
    <YG value="中国音像著作权集体管理协会（以下简称为原告）为" nameCN="原告" />
    <BG value="平阳县昆阳镇天马卡拉OK厅（以下简称为被告）" nameCN="被告" />
    <AY value="著作权侵权纠纷" nameCN="案由" />
    <KTSL value="是" nameCN="开庭审理" />
    <KTSLXX value="公开审理" nameCN="开庭审理信息" />
    <WZAY value="著作权侵权纠纷" nameCN="完整案由" />
    <YSAJSYCX value="普通程序" nameCN="一审案件适用程序" />
    <JYZPT value="否" nameCN="简易转普通" />
    <SPZZ value="独任庭" nameCN="审判组织" />
    <YSAJLY value="新收" nameCN="一审案件来源" />
  </SSJL>
  <AJJBQK value="原告诉称：《流行歌曲经典·中国音像著作权集体管理协会会员作品精选集（第二辑）》收录了协会会员滚石国际音乐股份有限公司享有著作权的音乐电视作品。根据原告与该协会会员签订的《音像著作权授权合同》及《著作权集体管理条例》的规定，原告有权以自己的名义同使用者商谈使用条件并发放使用许可，征集使用情况，向使用者收取使用费以及以自己的名义向侵权使用者提起诉讼。被告未经原告许可，也未向原告支付使用费，以营利为目的，在其营业场所的点唱机中完整地收录了原告管理的上述部分作品供公众点播，原告通过公证人员对其中的《刮目相看》、《醒你》、《掌纹》、《世界唯一的你》、《SuperSunshine》、《3-7-20-1》、《Superwoman》、《可否冲破》、《单数》、《Supermarket超级市场》、《天使忌妒的生活》、《情人》、《活着便精彩》、《Paradise》、《祝你愉快》（以下称为涉案作品）等15首歌曲进行了证据保全。被告的行为已经侵害了原告的合法权益，给原告造成了较大的经济损失，故请求人民法院判令：一、被告立即停止播放并从曲库中删除歌曲《刮目相看》、《醒你》、《掌纹》、《世界唯一的你》、《SuperSunshine》、《3-7-20-1》、《Superwoman》、《可否冲破》、《单数》、《Supermarket超级市场》、《天使忌妒的生活》、《情人》、《活着便精彩》、《Paradise》、《祝你愉快》，赔偿原告经济损失15000元；二、被告支付原告为制止侵权所产生的合理费用1000元；三、被告承担本案的诉讼费用。&#xA;原告为证明其诉称的事实，提供了如下证据：&#xA;1．正版光盘封面及光盘，拟证明涉案作品的著作权人为滚石国际音乐股份有限公司的事实；&#xA;2．原告与滚石国际音乐股份有限公司签订的《音像著作权授权合同》及（2014）浙杭钱证内字第18059号关于合同复印件与原件相符的公证书，拟证明原告取得了相应的著作权；&#xA;3．北京市东方公证处作出的（2014）京东方内民证字第8371号公证书并附光盘，拟证明被告实施了侵权行为。&#xA;被告未作答辩亦未提供证据。&#xA;诉讼过程中，本院依法到平阳县文化广播电视新闻出版局调取被告场所包厢数量证明（证据4），显示被告共有包厢数21个。&#xA;对原告提供的上述证据，经庭审出示，被告未到庭，应视为放弃质证权利。本院经审查，对原告提供的证据真实性、合法性、关联性予以采信。对本院调取的被告场所包厢数，原告无异议，本院予以采信。&#xA;经审理，本院认定本案事实如下：涉案作品《刮目相看》、《醒你》、《掌纹》、《世界唯一的你》、《SuperSunshine》、《3-7-20-1》、《Superwoman》、《可否冲破》、《单数》、《Supermarket超级市场》、《天使忌妒的生活》、《情人》、《活着便精彩》、《Paradise》、《祝你愉快》系以类似摄制电影的方法创作的作品，其著作权人为滚石国际音乐股份有限公司。由中国唱片总公司出版的《流行歌曲经典·中国音像著作权集体管理协会会员作品精选集（第二辑）》收录了涉案作品。2012年3月6日，原告与滚石国际音乐股份有限公司签订了《音像著作权授权合同》，双方约定，滚石国际音乐股份有限公司将其拥有的音像节目的放映权、复制权（前述二者仅限卡拉OK经营场所）、广播权信托原告管理；原告可以同音像节目的使用者商谈使用条件并发放使用许可，征集使用情况，向使用者收取使用费，根据使用情况向滚石国际音乐股份有限公司分配使用费；上述管理活动，均以原告的名义进行；原告还有权以自己的名义向侵权使用者提起诉讼；双方约定合同自2012年1月1日起生效，合同有效期为三年，至期满前60日滚石国际音乐股份有限公司未以书面形式提出异议，合同自动续展三年，之后亦照此办理。&#xA;被告系一家个人独资企业，成立于2003年1月，注册资本120万元，经营范围为卡拉OK服务，登记场所包厢数为21个。&#xA;2014年8月13日，在北京市东方公证处公证人员的监督下，原告的委托代理人范燕婷来到“天马KTV”的二层豪华819房间，以普通消费者身份进入该房间进行消费，在房间内设置的点歌系统上进行查找、点击、播放，依次点播了部分歌曲，其中包括涉案作品。范燕婷还操作原告提供、经过公证人员清洁度检查的摄像设备对播放过程进行了摄像，消费结束后获得了加盖被告印章的发票一张，金额为215元。随后，由公证人员将保全所拍摄的视频文件刻录成光盘。经庭审比对，上述公证点播的涉案作品除《可否冲破》、《Paradise》外均与原告提供的光盘中的涉案作品的相应词曲及画面相同。&#xA;" nameCN="案件基本情况">
    <YGSCD value="原告诉称：《流行歌曲经典·中国音像著作权集体管理协会会员作品精选集（第二辑）》收录了协会会员滚石国际音乐股份有限公司享有著作权的音乐电视作品。根据原告与该协会会员签订的《音像著作权授权合同》及《著作权集体管理条例》的规定，原告有权以自己的名义同使用者商谈使用条件并发放使用许可，征集使用情况，向使用者收取使用费以及以自己的名义向侵权使用者提起诉讼。被告未经原告许可，也未向原告支付使用费，以营利为目的，在其营业场所的点唱机中完整地收录了原告管理的上述部分作品供公众点播，原告通过公证人员对其中的《刮目相看》、《醒你》、《掌纹》、《世界唯一的你》、《SuperSunshine》、《3-7-20-1》、《Superwoman》、《可否冲破》、《单数》、《Supermarket超级市场》、《天使忌妒的生活》、《情人》、《活着便精彩》、《Paradise》、《祝你愉快》（以下称为涉案作品）等15首歌曲进行了证据保全。被告的行为已经侵害了原告的合法权益，给原告造成了较大的经济损失，故请求人民法院判令：一、被告立即停止播放并从曲库中删除歌曲《刮目相看》、《醒你》、《掌纹》、《世界唯一的你》、《SuperSunshine》、《3-7-20-1》、《Superwoman》、《可否冲破》、《单数》、《Supermarket超级市场》、《天使忌妒的生活》、《情人》、《活着便精彩》、《Paradise》、《祝你愉快》，赔偿原告经济损失15000元；二、被告支付原告为制止侵权所产生的合理费用1000元；三、被告承担本案的诉讼费用。 " nameCN="原告诉称段" />
    <BGBCD value="被告未作答辩亦未提供证据。 " nameCN="被告辩称段" />
    <ZJD value="原告为证明其诉称的事实，提供了如下证据：1．正版光盘封面及光盘，拟证明涉案作品的著作权人为滚石国际音乐股份有限公司的事实； 2．原告与滚石国际音乐股份有限公司签订的《音像著作权授权合同》及（2014）浙杭钱证内字第18059号关于合同复印件与原件相符的公证书，拟证明原告取得了相应的著作权； 3．北京市东方公证处作出的（2014）京东方内民证字第8371号公证书并附光盘，拟证明被告实施了侵权行为。 " nameCN="证据段" />
    <ZJD value="诉讼过程中，本院依法到平阳县文化广播电视新闻出版局调取被告场所包厢数量证明（证据4），显示被告共有包厢数21个。 对原告提供的上述证据，经庭审出示，被告未到庭，应视为放弃质证权利。本院经审查，对原告提供的证据真实性、合法性、关联性予以采信。对本院调取的被告场所包厢数，原告无异议，本院予以采信。 " nameCN="证据段" />
    <CMSSD value="经审理，本院认定本案事实如下：涉案作品《刮目相看》、《醒你》、《掌纹》、《世界唯一的你》、《SuperSunshine》、《3-7-20-1》、《Superwoman》、《可否冲破》、《单数》、《Supermarket超级市场》、《天使忌妒的生活》、《情人》、《活着便精彩》、《Paradise》、《祝你愉快》系以类似摄制电影的方法创作的作品，其著作权人为滚石国际音乐股份有限公司。由中国唱片总公司出版的《流行歌曲经典·中国音像著作权集体管理协会会员作品精选集（第二辑）》收录了涉案作品。2012年3月6日，原告与滚石国际音乐股份有限公司签订了《音像著作权授权合同》，双方约定，滚石国际音乐股份有限公司将其拥有的音像节目的放映权、复制权（前述二者仅限卡拉OK经营场所）、广播权信托原告管理；原告可以同音像节目的使用者商谈使用条件并发放使用许可，征集使用情况，向使用者收取使用费，根据使用情况向滚石国际音乐股份有限公司分配使用费；上述管理活动，均以原告的名义进行；原告还有权以自己的名义向侵权使用者提起诉讼；双方约定合同自2012年1月1日起生效，合同有效期为三年，至期满前60日滚石国际音乐股份有限公司未以书面形式提出异议，合同自动续展三年，之后亦照此办理。被告系一家个人独资企业，成立于2003年1月，注册资本120万元，经营范围为卡拉OK服务，登记场所包厢数为21个。 2014年8月13日，在北京市东方公证处公证人员的监督下，原告的委托代理人范燕婷来到“天马KTV”的二层豪华819房间，以普通消费者身份进入该房间进行消费，在房间内设置的点歌系统上进行查找、点击、播放，依次点播了部分歌曲，其中包括涉案作品。范燕婷还操作原告提供、经过公证人员清洁度检查的摄像设备对播放过程进行了摄像，消费结束后获得了加盖被告印章的发票一张，金额为215元。随后，由公证人员将保全所拍摄的视频文件刻录成光盘。经庭审比对，上述公证点播的涉案作品除《可否冲破》、《Paradise》外均与原告提供的光盘中的涉案作品的相应词曲及画面相同。 " nameCN="查明事实段">
      <SGXQ value="未提及" nameCN="事故详情">
        <SGSJ value="未提及" nameCN="事故时间" />
        <SGDD value="未提及" nameCN="事故地点" />
      </SGXQ>
      <JDCSYR value="平阳县昆阳镇天马卡拉OK厅" nameCN="机动车所有人" />
      <GAJGRDYJ value="涉案作品《刮目相看》、《醒你》、《掌纹》、《世界唯一的你》、《SuperSunshine》、《3-7-20-1》、《Superwoman》、《可否冲破》、《单数》、《Supermarket超级市场》、《天使忌妒的生活》、《情人》、《活着便精彩》、《Paradise》、《祝你愉快》系以类似摄制电影的方法创作的作品，其著作权人为滚石国际音乐股份有限公司。" nameCN="公安机关认定意见" />
      <SFTB value="是" nameCN="是否投保" />
      <SFZBXQN value="是" nameCN="是否在保险期内" />
      <SFXQPF value="是" nameCN="是否先期赔付" />
      <JDSFKK value="是" nameCN="鉴定是否可靠" />
    </CMSSD>
  </AJJBQK>
  <CPFXGC value="本院认为：根据《音像著作权授权合同》，原告享有涉案作品的放映权，有权以自己的名义起诉被告。虽然原告在公证证据保全时点播的曲目仅播放了部分内容，但该部分内容与涉案作品（除《可否冲破》、《Paradise》外）的相应部分一致，考虑到公证证据保全所受到的时间限制以及被告经营的是娱乐场所等因素，本案公证书足以证实被告在其经营场所播放了涉案作品（除《可否冲破》、《Paradise》外）。被告未经原告或滚石国际音乐股份有限公司的许可，在其经营的KTV向公众提供涉案作品（除《可否冲破》、《Paradise》外）的点播服务，侵害了原告就涉案作品（除《可否冲破》、《Paradise》外）享有的相应著作权。根据《中华人民共和国著作权法》第四十八条第（一）项的规定，未经著作权人许可，复制、发行、表演、放映、广播、汇编、通过信息网络向公众传播其作品的，应当根据情况，承担停止侵害、消除影响、赔礼道歉、赔偿损失等民事责任。因此，原告有权要求被告停止侵权，其要求被告停止播放、从曲库中删除涉案作品（除《可否冲破》、《Paradise》外）的诉讼请求应予支持。《中华人民共和国著作权法》第四十九条规定：“侵犯著作权或者与著作权有关的权利的，侵权人应当按照权利人的实际损失给予赔偿；实际损失难以计算的，可以按照侵权人的违法所得给予赔偿。赔偿数额还应当包括权利人为制止侵权行为所支付的合理开支。权利人的实际损失或者侵权人的违法所得不能确定的，由人民法院根据侵权行为的情节，判决给予五十万元以下的赔偿。”根据《最高人民法院关于审理著作权民事纠纷案件适用法律若干问题的解释》第二十六条第一款的规定，著作权法规定的制止侵权行为所支付的合理开支，包括权利人或者委托代理人对侵权行为进行调查、取证的合理费用。因此，对于本案中原告请求被告赔偿其经济损失以及为制止侵权支出的合理费用的诉讼请求，本院综合考虑涉案作品的市场影响及知名度一般、被告经营的KTV包厢数量、原告为维权支出的律师费、公证费及包厢费用（这些费用应在原告同时起诉被告的案件中予以分摊）等因素后，确定赔偿数额（含合理开支）为3900元。综上，依照《中华人民共和国著作权法》第四十八条第（一）项、第四十九条、《最高人民法院关于审理著作权民事纠纷案件适用法律若干问题的解释》第二十六条第一款、《中华人民共和国民事诉讼法》第六十四条第一款、第一百四十四条的规定，判决如下：&#xA;" nameCN="裁判分析过程">
    <JAFSLX value="判决" nameCN="结案方式类型" />
    <FLFTMC value="中华人民共和国著作权法" nameCN="法律法条名称">
      <TM value="四十八" nameCN="条目">
        <KM value="第（一）项" nameCN="款目" />
      </TM>
      <TM value="四十九" nameCN="条目" />
      <SFCXF value="非程序法" nameCN="是否是程序法" />
    </FLFTMC>
    <FLFTMC value="最高人民法院关于审理著作权民事纠纷案件适用法律若干问题的解释" nameCN="法律法条名称">
      <TM value="二十六" nameCN="条目">
        <KM value="第一款" nameCN="款目" />
      </TM>
      <SFCXF value="非程序法" nameCN="是否是程序法" />
    </FLFTMC>
    <FLFTMC value="中华人民共和国民事诉讼法" nameCN="法律法条名称">
      <TM value="一百四十四" nameCN="条目" />
      <TM value="六十四" nameCN="条目">
        <KM value="第一款" nameCN="款目" />
      </TM>
      <SFCXF value="是程序法" nameCN="是否是程序法" />
    </FLFTMC>
  </CPFXGC>
  <CPJG value="一、被告平阳县昆阳镇天马卡拉OK厅于本判决生效之日立即停止向公众提供作品《刮目相看》、《醒你》、《掌纹》、《世界唯一的你》、《SuperSunshine》、《3-7-20-1》、《Superwoman》、《单数》、《Supermarket超级市场》、《天使忌妒的生活》、《情人》、《活着便精彩》、《祝你愉快》的点播服务，并从曲库中删除该作品；&#xA;二、被告平阳县昆阳镇天马卡拉OK厅于本判决生效之日起十日内赔偿原告中国音像著作权集体管理协会经济损失（含合理开支）3900元；&#xA;三、驳回原告中国音像著作权集体管理协会的其他诉讼请求。&#xA;如果未按本判决指定的期间履行给付金钱义务，应当依照《中华人民共和国民事诉讼法》第二百五十三条之规定，加倍支付迟延履行期间的债务利息。&#xA;本案案件受理费150元，减半收取75元，由原告中国音像著作权集体管理协会负担25元，被告平阳县昆阳镇天马卡拉OK厅负担50元。&#xA;如不服本判决，可在判决书送达之日起十五日内，向本院递交上诉状，并按对方当事人的人数提出副本，上诉于浙江省温州市中级人民法院［上诉案件受理费150元（具体金额由温州市中级人民法院确定，多余部分以后退还），应在提交上诉状时预交，款汇温州市中级人民法院，浙江省省级财政专户结算分户，开户行：温州市农行营业部，账号：31×××51。上诉期满七日后仍未交纳的，按自动撤回上诉处理］。&#xA;本判决发生法律效力后，如被告拒绝履行，原告可以向本院申请执行；申请执行的期限为二年，从判决书规定履行期限的最后一日起计算。&#xA;" nameCN="裁判结果">
    <JAFS value="判决" nameCN="结案方式" />
    <PCSFSXZQ value="正确" nameCN="同时起诉侵权人与保险公司的赔偿顺序" />
    <JTPJJG value="一、被告平阳县昆阳镇天马卡拉OK厅于本判决生效之日立即停止向公众提供作品《刮目相看》、《醒你》、《掌纹》、《世界唯一的你》、《SuperSunshine》、《3-7-20-1》、《Superwoman》、《单数》、《Supermarket超级市场》、《天使忌妒的生活》、《情人》、《活着便精彩》、《祝你愉快》的点播服务，并从曲库中删除该作品；" nameCN="具体裁判段" />
    <JTPJJG value="二、被告平阳县昆阳镇天马卡拉OK厅于本判决生效之日起十日内赔偿原告中国音像著作权集体管理协会经济损失（含合理开支）3900元；" nameCN="具体裁判段">
      <QLR value="中国音像著作权集体管理协会" nameCN="权利人">
        <QLRSSDW value="原告" nameCN="诉讼地位" />
      </QLR>
      <YWR value="平阳县昆阳镇天马卡拉OK厅" nameCN="义务人">
        <YWRSSDW value="被告" nameCN="诉讼地位" />
      </YWR>
      <PJZXQX value="十日" nameCN="判决执行期限" />
      <PJJE nameCN="判决金额">
        <JE value="3900元" nameCN="金额" />
        <JELX value="损失" nameCN="金额类型" />
        <JELX value="经济损失" nameCN="金额类型" />
      </PJJE>
    </JTPJJG>
    <JTPJJG value="三、驳回原告中国音像著作权集体管理协会的其他诉讼请求。" nameCN="具体裁判段" />
    <JTPJJG value="如果未按本判决指定的期间履行给付金钱义务，应当依照《中华人民共和国民事诉讼法》第二百五十三条之规定，加倍支付迟延履行期间的债务利息。" nameCN="具体裁判段" />
    <SSFCD nameCN="诉讼费承担">
      <SSFCDJL value="本案案件受理费150元，减半收取75元，由原告中国音像著作权集体管理协会负担25元，被告平阳县昆阳镇天马卡拉OK厅负担50元。" nameCN="诉讼费承担记录">
        <SSFJE value="75元" nameCN="诉讼费金额" />
        <SSFZL value="受理费" nameCN="诉讼费种类" />
        <SSFCDR value="中国音像著作权集体管理协会" nameCN="承担人">
          <SSFCDJE value="25元" nameCN="承担金额" />
          <SSFCDFS value="个人独立承担该金额" nameCN="承担方式" />
          <SSFCDDW value="原告" nameCN="承担人地位" />
        </SSFCDR>
        <SSFCDR value="平阳县昆阳镇天马卡拉OK厅" nameCN="承担人">
          <SSFCDJE value="50元" nameCN="承担金额" />
          <SSFCDFS value="个人独立承担该金额" nameCN="承担方式" />
          <SSFCDDW value="被告" nameCN="承担人地位" />
        </SSFCDR>
      </SSFCDJL>
    </SSFCD>
    <SFZCSSQQ value="部分支持部分不支持" nameCN="是否支持诉讼请求" />
    <SBSF value="起诉方" nameCN="胜诉方" />
    <SFFHCS value="否" nameCN="是否发回重审" />
    <KSSZ value="浙江省温州市中级人民法院" nameCN="可上诉至" />
    <SSTJCL value="上诉状，并按对方当事人的人数提出副本" nameCN="上诉提交材料" />
    <SSQX value="十五日" nameCN="上诉期限" />
    <TCGXQYY value="否" nameCN="是否提出管辖权异议" />
  </CPJG>
  <WW value="审判员邹丽雅&#xA;二〇一五年八月三十一日&#xA;（代）书记员戴程栋&#xA;" nameCN="文尾">
    <SPZZCY nameCN="审判组织成员">
      <SPRYXM value="邹丽雅" nameCN="审判人员姓名" />
      <SPRYJS value="审判员" nameCN="审判人员角色" />
    </SPZZCY>
    <SPZZCY nameCN="审判组织成员">
      <SPRYXM value="戴程栋" nameCN="审判人员姓名" />
      <SPRYJS value="（代）书记员" nameCN="审判人员角色" />
    </SPZZCY>
    <CPSJ value="2015年8月31日" nameCN="裁判时间">
      <Year value="2015" nameCN="结案年度" />
      <JANYR value="2015年8月31日" nameCN="结案年月日" />
      <JANY value="2015-8" nameCN="结案年月" />
      <Month value="8" nameCN="月" />
      <Day value="31" nameCN="日" />
    </CPSJ>
  </WW>
  <FL value="" nameCN="附录" />
</QW>

