<?xml version="1.0" encoding="UTF-8"?>
<QW value="&#xA;内蒙古自治区扎兰屯市人民法院&#xA;民事判决书&#xA;（2015）扎民初字第987号&#xA;原告中国邮政储蓄银行股份有限公司扎兰屯市支行（以下简称邮储银行），住所地内蒙古自治区呼伦贝尔市。&#xA;法定代表人李志人，行长。&#xA;委托代理人许春玲，中国邮政储蓄银行股份有限公司扎兰屯市支行管理部主任。&#xA;被告邹吉斌，男，1969年5月16日出生，汉族，职业不详，住内蒙古自治区呼伦贝尔市扎兰屯市。&#xA;被告郭俊杰，男，1988年5月10日出生，汉族，职业不详，住内蒙古自治区呼伦贝尔市扎兰屯市。&#xA;被告邹杰，女，1967年2月1日出生，汉族，职业不详，住内蒙古自治区呼伦贝尔市扎兰屯市。&#xA;原告中国邮政储蓄银行股份有限公司扎兰屯市支行与被告邹吉斌、郭俊杰、邹杰金融借款合同纠纷一案，本院于2015年5月27日受理后，依法由审判员刘俊杰适用简易程序，公开开庭进行了审理。原告中国邮政储蓄银行股份有限公司扎兰屯市支行的委托代理人许春玲到庭参加诉讼，被告邹吉斌、郭俊杰、邹杰经本院传票传唤，无正当理由拒不到庭。本案现已审理终结。&#xA;原告邮储银行诉称，原告与被告邹吉斌签订了《小额借款合同》一份，约定被告向原告借款5万元，借款期限1年，从2013年12月1日起至2014年12月1日止，按照约定向被告发放贷款5万元。同日，原告与三被告签订《小额贷款联保协议书》，双方约定被告为上述借款承担连带担保。借款到期后，经原告多次索要，被告以无款为由拖延给付，至今未清偿。故原告诉至法院，要求被告邹吉斌给付借款本金47841．4元，截至2015年3月27日利息3298．58元，利息计算至还款之日止，被告郭俊杰、邹杰承担连带给付责任。&#xA;原告邮储银行向本院提交以下证据予以证明：&#xA;证据一，小额贷款合同一份，证明借贷事实等约定事项；&#xA;证据二，个人贷款放款单、个人贷款借据各一份，证明被告已经收到该笔借款；&#xA;证据三，小额贷款联保协议书一份，证明三被告签订了联保协议，互相承担连带责任。&#xA;被告邹吉斌、郭俊杰、邹杰未做答辩，亦未向本院提交证据。&#xA;本院已向被告邹吉斌、郭俊杰、邹杰合法送达相关诉讼文书，三被告未到庭视为对自身享有权利的放弃，不影响本院对案件事实的认定。本院对以下证据作如下确认：对原告提供的三组证据，均为原件，证据来源合法，内容真实，对其真实性、合法性、关联性以及证明的目的，本院予以确认。&#xA;经审理查明，2013年12月1日，甲方原告与乙方被告邹吉斌签订了《小额贷款借款合同》一份，约定被告邹吉斌向原告借款5万元，贷款固定利率为年利率14．58％，借款期限于2013年12月起至2014年12月止，贷款用途为发展养殖业，还款方式阶段性等额本息，借款前10个月按期偿还当期利息，不还本金。此后期间，按照等额本息还款法偿还。合同约定：乙方不按期归还借款本金的，从逾期之日起按借款利率加收30％的罚息，即逾期利率18．954％。当日原告向被告邹吉斌发放贷款5万元，被告邹吉斌签写个人贷款借据一份，借据注明借款期限12个月（从2013年12月1日至2014年12月1日）。借款到期后，经原告索要，三被告至今未清偿欠款，被告邹吉斌尚欠借款本金47841．4元，截至2015年3月27日利息3298．58元，&#xA;另查明，2013年12月1日，甲方原告与乙方三名被告签订《小额贷款联保协议书》一份，按照合同约定，推选邹吉斌为联保小组牵头人。第二条约定，从2013年12月1日至2016年12月1日止，甲方可以根据乙方任一小组成员的申请，多次签订借款合同，在单一借款人最高贷款本金余额不超过人民币5万元、不超过本人授信额度、且联保小组合计贷款本金余额不超过人民币15万元内发放贷款。具体借款的金额、期限、用途、利率和还款方式以借款合同和借据为准。第六条约定，保证方式为最高额连带责任保证，任一联保小组成员均对其他小组成员的债务承担50％（适用于3户联保）的连带责任保证。保证期间从借款之日起至借款到期后二年。借款人申请展期的，联保小组成员继续承担连带保证责任，保证期间顺延至展期或延期贷款到期后二年。保证范围包括主合同项下借款的本金、利息、罚息、复利、违约金、损害赔偿金及因借款人违约甲方为实现债权而支付的费用（包括律师费、差旅费等费用）和借款人所有其他应付费用。&#xA;上述事实，有原告邮储银行提交的上述证据及当庭陈述在卷佐证。&#xA;本院认为，原告邮储银行与被告邹吉斌签订的小额贷款借款合同、个人贷款借据以及与被告邹吉斌、郭俊杰、邹杰签订的小额贷款联保协议均是各方当事人的真实意思表示，符合法律规定，合法有效，各方当事人应当按照合同约定履行自己的义务。原告履行了发放贷款义务后，被告邹吉斌没有按照合同约定履行还款义务，应对此承担违约责任。因被告郭俊杰、邹杰自愿为被告邹吉斌的借款承担连带保证责任，故在被告邹吉斌未履行债务的情形下，各保证人均有义务对其未归还的借款按照合同约定承担保证责任。根据法律规定，已经承担保证责任的保证人，有权向债务人追偿，或者要求承担连带责任的其他保证人清偿其应当承担的份额。&#xA;原告与被告邹吉斌签订的小额贷款借款合同中约定：乙方不按期归还借款本金的，从逾期之日起按借款利率加收30％的罚息，即逾期利率18．954％。因该约定不违反法律规定，本院应予支持。经审判委员会讨论决定，依照《中华人民共和国合同法》第一百九十六条、第二百零七条、《中华人民共和国担保法》第十二条、第十八条、第三十一条、《中华人民共和国民事诉讼法》第一百四十四条之规定，判决如下：&#xA;一、被告邹吉斌于本判决生效后十日内向原告中国邮政储蓄银行股份有限公司扎兰屯市支行给付借款本金47841．4元，截止2015年3月27日的利息3298．58元，本息合计51139．98元，并支付从2015年3月28日起至清偿之日止的逾期利息，按年利率18．954％计算；&#xA;二、被告郭俊杰对上述债务的50％承担连带清偿责任；&#xA;三、被告邹杰对上述债务的50％承担连带清偿责任。&#xA;如果被告未按本判决指定的期间履行给付金钱义务的，应当依照《中华人民共和国民事诉讼法》第二百五十三条之规定，加倍支付迟延履行期间的债务利息。&#xA;案件受理费1079元，由被告邹吉斌、郭俊杰、邹杰连带负担，于本判决生效后十日内交纳。&#xA;如不服本判决，可以在判决书送达之日起十五日内，向本院递交上诉状，并按对方当事人的人数或者代表人的人数提出副本，上诉于呼伦贝尔市中级人民法院。&#xA;审判员刘俊杰&#xA;二〇一五年七月十七日&#xA;书记员李淑清&#xA;附：本判决所依据的法律&#xA;一、《中华人民共和国合同法》第一百九十六条：借款合同是借款人向贷款人借款，到期返还借款并支付利息的合同。&#xA;第二百零七条：借款人未按照约定的期限返还借款的，应当按照约定或者国家有关规定支付逾期利息。&#xA;二、《中华人民共和国担保法》第十二条：同一债务有两个以上保证人的，保证人应当按照保证合同约定的保证份额，承担保证责任。没有约定保证份额的，保证人承担连带责任，债权人可以要求任何一个保证人承担全部保证责任，保证人都负有担保全部债权实现的义务。已经承担保证责任的保证人，有权向债务人追偿，或者要求承担连带责任的其他保证人清偿其应当承担的份额。&#xA;第十八条：当事人在保证合同中约定保证人与债务人对债务承担连带责任的，为连带责任保证。&#xA;连带责任保证的债务人在主合同规定的债务履行期届满没有履行债务的，债权人可以要求债务人履行债务，也可以要求保证人在其保证范围内承担保证责任。&#xA;第三十一条：保证人承担保证责任后，有权向债务人追偿。&#xA;三、《中华人民共和国民事诉讼法》第一百四十四条：被告经传票传唤，无正当理由拒不到庭的，或者未经法庭许可中途退庭的，可以缺席判决。&#xA;" nameCN="全文">
  <WS value="内蒙古自治区扎兰屯市人民法院&#xA;民事判决书&#xA;（2015）扎民初字第987号&#xA;" nameCN="文首">
    <WSZZDW value="法院" nameCN="文书制作单位" />
    <JBFY value="内蒙古自治区扎兰屯市人民法院" nameCN="经办法院">
      <FYJB value="基层" nameCN="法院级别" />
      <XZQH_P value="内蒙古" nameCN="行政区划(省)" />
      <XZQH_C value="扎兰屯市" nameCN="行政区划(市)" />
    </JBFY>
    <WSMC value="民事判决书" nameCN="文书名称" />
    <AH value="(2015)扎民初字第987号" nameCN="案号" />
    <LAND value="2015" nameCN="立案年度" />
    <AJXZ value="民事案件" nameCN="案件性质" />
    <WSZL value="判决书" nameCN="文书种类" />
    <SPCX value="一审案件" nameCN="审判程序" />
    <AJLX value="民事一审案件" nameCN="案件类型" />
  </WS>
  <SSCYRQJ value="原告中国邮政储蓄银行股份有限公司扎兰屯市支行（以下简称邮储银行），住所地内蒙古自治区呼伦贝尔市。&#xA;法定代表人李志人，行长。&#xA;委托代理人许春玲，中国邮政储蓄银行股份有限公司扎兰屯市支行管理部主任。&#xA;被告邹吉斌，男，1969年5月16日出生，汉族，职业不详，住内蒙古自治区呼伦贝尔市扎兰屯市。&#xA;被告郭俊杰，男，1988年5月10日出生，汉族，职业不详，住内蒙古自治区呼伦贝尔市扎兰屯市。&#xA;被告邹杰，女，1967年2月1日出生，汉族，职业不详，住内蒙古自治区呼伦贝尔市扎兰屯市。&#xA;" nameCN="诉讼参与人全集">
    <SSCYR value="原告中国邮政储蓄银行股份有限公司扎兰屯市支行（以下简称邮储银行），住所地内蒙古自治区呼伦贝尔市。" nameCN="诉讼参与人">
      <SSCYRMC value="中国邮政储蓄银行股份有限公司扎兰屯市支行" nameCN="诉讼参与人名称" />
      <SSSF value="原告" nameCN="诉讼身份" />
      <SSDW value="原告" nameCN="诉讼地位" />
      <DSRLB value="原告" nameCN="当事人类别" />
      <DSRLX value="法人" nameCN="当事人类型" />
      <DSRDZ value="内蒙古自治区呼伦贝尔市" nameCN="当事人地址" />
      <DTQK value="到庭" nameCN="到庭情况" />
      <DWXZ value="股份有限公司" nameCN="单位性质" />
      <FDDBR value="李志人" nameCN="单位法定代表人" />
      <TSHY value="金融" nameCN="特殊行业" />
    </SSCYR>
    <SSCYR value="法定代表人李志人，行长。" nameCN="诉讼参与人">
      <SSCYRMC value="李志人" nameCN="诉讼参与人名称" />
      <SSSF value="法定代表人" nameCN="诉讼身份" />
      <DSRLX value="自然人" nameCN="当事人类型" />
      <GJ value="中国" nameCN="国籍" />
      <DWZWFZ nameCN="单位职务分组">
        <ZW value="行长" nameCN="职务" />
        <DWMC value="中国邮政储蓄银行股份有限公司扎兰屯市支行" nameCN="单位名称" />
        <DWXZ value="股份有限公司" nameCN="单位性质" />
      </DWZWFZ>
      <TSHY value="金融" nameCN="特殊行业" />
    </SSCYR>
    <SSCYR value="委托代理人许春玲，中国邮政储蓄银行股份有限公司扎兰屯市支行管理部主任。" nameCN="诉讼参与人">
      <SSCYRMC value="许春玲" nameCN="诉讼参与人名称" />
      <SSSF value="委托代理人" nameCN="诉讼身份" />
      <DSRLX value="自然人" nameCN="当事人类型" />
      <GJ value="中国" nameCN="国籍" />
      <DTQK value="到庭" nameCN="到庭情况" />
      <DWZWFZ nameCN="单位职务分组">
        <ZW value="主任" nameCN="职务" />
      </DWZWFZ>
    </SSCYR>
    <SSCYR value="被告邹吉斌，男，1969年5月16日出生，汉族，职业不详，住内蒙古自治区呼伦贝尔市扎兰屯市。" nameCN="诉讼参与人">
      <SSCYRMC value="邹吉斌" nameCN="诉讼参与人名称" />
      <SSSF value="被告" nameCN="诉讼身份" />
      <SSDW value="被告" nameCN="诉讼地位" />
      <DSRLB value="被告" nameCN="当事人类别" />
      <DSRLX value="自然人" nameCN="当事人类型" />
      <XB value="男" nameCN="性别" />
      <MZ value="汉族" nameCN="民族" />
      <CSRQ value="1969年5月16日" nameCN="出生日期">
        <Year value="1969" nameCN="年" />
        <Month value="5" nameCN="月" />
        <Day value="16" nameCN="日" />
      </CSRQ>
      <GJ value="中国" nameCN="国籍" />
      <DSRDZ value="内蒙古自治区呼伦贝尔市扎兰屯市" nameCN="当事人地址" />
      <JTSFZR value="的借款承担连带保证责任" nameCN="交通事故责任" />
    </SSCYR>
    <SSCYR value="被告郭俊杰，男，1988年5月10日出生，汉族，职业不详，住内蒙古自治区呼伦贝尔市扎兰屯市。" nameCN="诉讼参与人">
      <SSCYRMC value="郭俊杰" nameCN="诉讼参与人名称" />
      <SSSF value="被告" nameCN="诉讼身份" />
      <SSDW value="被告" nameCN="诉讼地位" />
      <DSRLB value="被告" nameCN="当事人类别" />
      <DSRLX value="自然人" nameCN="当事人类型" />
      <XB value="男" nameCN="性别" />
      <MZ value="汉族" nameCN="民族" />
      <CSRQ value="1988年5月10日" nameCN="出生日期">
        <Year value="1988" nameCN="年" />
        <Month value="5" nameCN="月" />
        <Day value="10" nameCN="日" />
      </CSRQ>
      <GJ value="中国" nameCN="国籍" />
      <DSRDZ value="内蒙古自治区呼伦贝尔市扎兰屯市" nameCN="当事人地址" />
    </SSCYR>
    <SSCYR value="被告邹杰，女，1967年2月1日出生，汉族，职业不详，住内蒙古自治区呼伦贝尔市扎兰屯市。" nameCN="诉讼参与人">
      <SSCYRMC value="邹杰" nameCN="诉讼参与人名称" />
      <SSSF value="被告" nameCN="诉讼身份" />
      <SSDW value="被告" nameCN="诉讼地位" />
      <DSRLB value="被告" nameCN="当事人类别" />
      <DSRLX value="自然人" nameCN="当事人类型" />
      <XB value="女" nameCN="性别" />
      <MZ value="汉族" nameCN="民族" />
      <CSRQ value="1967年2月1日" nameCN="出生日期">
        <Year value="1967" nameCN="年" />
        <Month value="2" nameCN="月" />
        <Day value="1" nameCN="日" />
      </CSRQ>
      <GJ value="中国" nameCN="国籍" />
      <DSRDZ value="内蒙古自治区呼伦贝尔市扎兰屯市" nameCN="当事人地址" />
      <JTSFZR value="自愿为被告邹吉斌的借款承担连带保证责任" nameCN="交通事故责任" />
    </SSCYR>
    <SSCYRQJ value="错误" nameCN="保险公司是否作为被告" />
  </SSCYRQJ>
  <SSJL value="原告中国邮政储蓄银行股份有限公司扎兰屯市支行与被告邹吉斌、郭俊杰、邹杰金融借款合同纠纷一案，本院于2015年5月27日受理后，依法由审判员刘俊杰适用简易程序，公开开庭进行了审理。原告中国邮政储蓄银行股份有限公司扎兰屯市支行的委托代理人许春玲到庭参加诉讼，被告邹吉斌、郭俊杰、邹杰经本院传票传唤，无正当理由拒不到庭。本案现已审理终结。" nameCN="诉讼记录">
    <JJCT value="" nameCN="拒绝出庭">
      <DSR value="" nameCN="当事人" />
      <RQ value="" nameCN="日期" />
    </JJCT>
    <AY value="金融借款合同纠纷" nameCN="案由" />
    <KTSL value="是" nameCN="开庭审理" />
    <KTSLXX value="公开审理" nameCN="开庭审理信息" />
    <WZAY value="金融借款合同纠纷" nameCN="完整案由" />
    <AYDM value="9178" nameCN="案由代码" />
    <LARQ value="2015年5月27日" nameCN="立案日期" />
    <YSAJSYCX value="简易程序" nameCN="一审案件适用程序" />
    <JYZPT value="否" nameCN="简易转普通" />
    <YSAJLY value="新收" nameCN="一审案件来源" />
    <SLRQ value="2015年5月27日" nameCN="受理日期" />
    <DXRQX nameCN="当事人缺席">
      <XM value="邹吉斌" nameCN="姓名">
        <SSDW value="被告" nameCN="诉讼地位" />
      </XM>
      <XM value="邹杰" nameCN="姓名">
        <SSDW value="被告" nameCN="诉讼地位" />
      </XM>
      <XM value="郭俊杰" nameCN="姓名">
        <SSDW value="被告" nameCN="诉讼地位" />
      </XM>
    </DXRQX>
    <CTDSRXX nameCN="出庭当事人信息">
      <CTRXM value="中国邮政储蓄银行股份有限公司扎兰屯市支行" nameCN="出庭人姓名">
        <SSDW value="原告" nameCN="诉讼地位" />
      </CTRXM>
      <CTRXM value="许春玲" nameCN="出庭人姓名">
        <SSDW value="委托代理人" nameCN="诉讼地位" />
      </CTRXM>
    </CTDSRXX>
  </SSJL>
  <AJJBQK value="原告邮储银行诉称，原告与被告邹吉斌签订了《小额借款合同》一份，约定被告向原告借款5万元，借款期限1年，从2013年12月1日起至2014年12月1日止，按照约定向被告发放贷款5万元。同日，原告与三被告签订《小额贷款联保协议书》，双方约定被告为上述借款承担连带担保。借款到期后，经原告多次索要，被告以无款为由拖延给付，至今未清偿。故原告诉至法院，要求被告邹吉斌给付借款本金47841．4元，截至2015年3月27日利息3298．58元，利息计算至还款之日止，被告郭俊杰、邹杰承担连带给付责任。&#xA;原告邮储银行向本院提交以下证据予以证明：&#xA;证据一，小额贷款合同一份，证明借贷事实等约定事项；&#xA;证据二，个人贷款放款单、个人贷款借据各一份，证明被告已经收到该笔借款；&#xA;证据三，小额贷款联保协议书一份，证明三被告签订了联保协议，互相承担连带责任。&#xA;被告邹吉斌、郭俊杰、邹杰未做答辩，亦未向本院提交证据。&#xA;本院已向被告邹吉斌、郭俊杰、邹杰合法送达相关诉讼文书，三被告未到庭视为对自身享有权利的放弃，不影响本院对案件事实的认定。本院对以下证据作如下确认：对原告提供的三组证据，均为原件，证据来源合法，内容真实，对其真实性、合法性、关联性以及证明的目的，本院予以确认。&#xA;经审理查明，2013年12月1日，甲方原告与乙方被告邹吉斌签订了《小额贷款借款合同》一份，约定被告邹吉斌向原告借款5万元，贷款固定利率为年利率14．58％，借款期限于2013年12月起至2014年12月止，贷款用途为发展养殖业，还款方式阶段性等额本息，借款前10个月按期偿还当期利息，不还本金。此后期间，按照等额本息还款法偿还。合同约定：乙方不按期归还借款本金的，从逾期之日起按借款利率加收30％的罚息，即逾期利率18．954％。当日原告向被告邹吉斌发放贷款5万元，被告邹吉斌签写个人贷款借据一份，借据注明借款期限12个月（从2013年12月1日至2014年12月1日）。借款到期后，经原告索要，三被告至今未清偿欠款，被告邹吉斌尚欠借款本金47841．4元，截至2015年3月27日利息3298．58元，&#xA;另查明，2013年12月1日，甲方原告与乙方三名被告签订《小额贷款联保协议书》一份，按照合同约定，推选邹吉斌为联保小组牵头人。第二条约定，从2013年12月1日至2016年12月1日止，甲方可以根据乙方任一小组成员的申请，多次签订借款合同，在单一借款人最高贷款本金余额不超过人民币5万元、不超过本人授信额度、且联保小组合计贷款本金余额不超过人民币15万元内发放贷款。具体借款的金额、期限、用途、利率和还款方式以借款合同和借据为准。第六条约定，保证方式为最高额连带责任保证，任一联保小组成员均对其他小组成员的债务承担50％（适用于3户联保）的连带责任保证。保证期间从借款之日起至借款到期后二年。借款人申请展期的，联保小组成员继续承担连带保证责任，保证期间顺延至展期或延期贷款到期后二年。保证范围包括主合同项下借款的本金、利息、罚息、复利、违约金、损害赔偿金及因借款人违约甲方为实现债权而支付的费用（包括律师费、差旅费等费用）和借款人所有其他应付费用。&#xA;上述事实，有原告邮储银行提交的上述证据及当庭陈述在卷佐证。&#xA;" nameCN="案件基本情况">
    <YGSCD value="原告邮储银行诉称，原告与被告邹吉斌签订了《小额借款合同》一份，约定被告向原告借款5万元，借款期限1年，从2013年12月1日起至2014年12月1日止，按照约定向被告发放贷款5万元。同日，原告与三被告签订《小额贷款联保协议书》，双方约定被告为上述借款承担连带担保。借款到期后，经原告多次索要，被告以无款为由拖延给付，至今未清偿。故原告诉至法院，要求被告邹吉斌给付借款本金47841．4元，截至2015年3月27日利息3298．58元，利息计算至还款之日止，被告郭俊杰、邹杰承担连带给付责任。 " nameCN="原告诉称段" />
    <BGBCD value="被告邹吉斌、郭俊杰、邹杰未做答辩，亦未向本院提交证据。 " nameCN="被告辩称段" />
    <ZJD value="原告邮储银行向本院提交以下证据予以证明：证据一，小额贷款合同一份，证明借贷事实等约定事项； 证据二，个人贷款放款单、个人贷款借据各一份，证明被告已经收到该笔借款； 证据三，小额贷款联保协议书一份，证明三被告签订了联保协议，互相承担连带责任。 " nameCN="证据段" />
    <ZJD value="本院已向被告邹吉斌、郭俊杰、邹杰合法送达相关诉讼文书，三被告未到庭视为对自身享有权利的放弃，不影响本院对案件事实的认定。本院对以下证据作如下确认：对原告提供的三组证据，均为原件，证据来源合法，内容真实，对其真实性、合法性、关联性以及证明的目的，本院予以确认。 " nameCN="证据段" />
    <ZJD value="上述事实，有原告邮储银行提交的上述证据及当庭陈述在卷佐证。 " nameCN="证据段" />
    <CMSSD value="经审理查明，2013年12月1日，甲方原告与乙方被告邹吉斌签订了《小额贷款借款合同》一份，约定被告邹吉斌向原告借款5万元，贷款固定利率为年利率14．58％，借款期限于2013年12月起至2014年12月止，贷款用途为发展养殖业，还款方式阶段性等额本息，借款前10个月按期偿还当期利息，不还本金。此后期间，按照等额本息还款法偿还。合同约定：乙方不按期归还借款本金的，从逾期之日起按借款利率加收30％的罚息，即逾期利率18．954％。当日原告向被告邹吉斌发放贷款5万元，被告邹吉斌签写个人贷款借据一份，借据注明借款期限12个月（从2013年12月1日至2014年12月1日）。借款到期后，经原告索要，三被告至今未清偿欠款，被告邹吉斌尚欠借款本金47841．4元，截至2015年3月27日利息3298．58元，另查明，2013年12月1日，甲方原告与乙方三名被告签订《小额贷款联保协议书》一份，按照合同约定，推选邹吉斌为联保小组牵头人。第二条约定，从2013年12月1日至2016年12月1日止，甲方可以根据乙方任一小组成员的申请，多次签订借款合同，在单一借款人最高贷款本金余额不超过人民币5万元、不超过本人授信额度、且联保小组合计贷款本金余额不超过人民币15万元内发放贷款。具体借款的金额、期限、用途、利率和还款方式以借款合同和借据为准。第六条约定，保证方式为最高额连带责任保证，任一联保小组成员均对其他小组成员的债务承担50％（适用于3户联保）的连带责任保证。保证期间从借款之日起至借款到期后二年。借款人申请展期的，联保小组成员继续承担连带保证责任，保证期间顺延至展期或延期贷款到期后二年。保证范围包括主合同项下借款的本金、利息、罚息、复利、违约金、损害赔偿金及因借款人违约甲方为实现债权而支付的费用（包括律师费、差旅费等费用）和借款人所有其他应付费用。 " nameCN="查明事实段">
      <SGXQ value="未提及" nameCN="事故详情">
        <SGSJ value="未提及" nameCN="事故时间" />
        <SGDD value="未提及" nameCN="事故地点" />
      </SGXQ>
      <JDCSYR value="邹吉斌" nameCN="机动车所有人" />
      <SFTB value="是" nameCN="是否投保" />
      <SFZBXQN value="是" nameCN="是否在保险期内" />
      <SFXQPF value="是" nameCN="是否先期赔付" />
      <JDSFKK value="是" nameCN="鉴定是否可靠" />
    </CMSSD>
  </AJJBQK>
  <CPFXGC value="本院认为，原告邮储银行与被告邹吉斌签订的小额贷款借款合同、个人贷款借据以及与被告邹吉斌、郭俊杰、邹杰签订的小额贷款联保协议均是各方当事人的真实意思表示，符合法律规定，合法有效，各方当事人应当按照合同约定履行自己的义务。原告履行了发放贷款义务后，被告邹吉斌没有按照合同约定履行还款义务，应对此承担违约责任。因被告郭俊杰、邹杰自愿为被告邹吉斌的借款承担连带保证责任，故在被告邹吉斌未履行债务的情形下，各保证人均有义务对其未归还的借款按照合同约定承担保证责任。根据法律规定，已经承担保证责任的保证人，有权向债务人追偿，或者要求承担连带责任的其他保证人清偿其应当承担的份额。&#xA;原告与被告邹吉斌签订的小额贷款借款合同中约定：乙方不按期归还借款本金的，从逾期之日起按借款利率加收30％的罚息，即逾期利率18．954％。因该约定不违反法律规定，本院应予支持。经审判委员会讨论决定，依照《中华人民共和国合同法》第一百九十六条、第二百零七条、《中华人民共和国担保法》第十二条、第十八条、第三十一条、《中华人民共和国民事诉讼法》第一百四十四条之规定，判决如下：&#xA;" nameCN="裁判分析过程">
    <JAFSLX value="判决" nameCN="结案方式类型" />
    <FLFTMC value="中华人民共和国合同法" nameCN="法律法条名称">
      <TM value="二百零七" nameCN="条目" />
      <TM value="一百九十六" nameCN="条目" />
      <SFCXF value="非程序法" nameCN="是否是程序法" />
    </FLFTMC>
    <FLFTMC value="中华人民共和国担保法" nameCN="法律法条名称">
      <TM value="十八" nameCN="条目" />
      <TM value="十二" nameCN="条目" />
      <TM value="三十一" nameCN="条目" />
      <SFCXF value="非程序法" nameCN="是否是程序法" />
    </FLFTMC>
    <FLFTMC value="中华人民共和国民事诉讼法" nameCN="法律法条名称">
      <TM value="一百四十四" nameCN="条目" />
      <SFCXF value="是程序法" nameCN="是否是程序法" />
    </FLFTMC>
  </CPFXGC>
  <CPJG value="一、被告邹吉斌于本判决生效后十日内向原告中国邮政储蓄银行股份有限公司扎兰屯市支行给付借款本金47841．4元，截止2015年3月27日的利息3298．58元，本息合计51139．98元，并支付从2015年3月28日起至清偿之日止的逾期利息，按年利率18．954％计算；&#xA;二、被告郭俊杰对上述债务的50％承担连带清偿责任；&#xA;三、被告邹杰对上述债务的50％承担连带清偿责任。&#xA;如果被告未按本判决指定的期间履行给付金钱义务的，应当依照《中华人民共和国民事诉讼法》第二百五十三条之规定，加倍支付迟延履行期间的债务利息。&#xA;案件受理费1079元，由被告邹吉斌、郭俊杰、邹杰连带负担，于本判决生效后十日内交纳。&#xA;如不服本判决，可以在判决书送达之日起十五日内，向本院递交上诉状，并按对方当事人的人数或者代表人的人数提出副本，上诉于呼伦贝尔市中级人民法院。&#xA;" nameCN="裁判结果">
    <JAFS value="判决" nameCN="结案方式" />
    <PCSFSXZQ value="正确" nameCN="同时起诉侵权人与保险公司的赔偿顺序" />
    <JTPJJG value="一、被告邹吉斌于本判决生效后十日内向原告中国邮政储蓄银行股份有限公司扎兰屯市支行给付借款本金47841．4元，截止2015年3月27日的利息3298．58元，本息合计51139．98元，并支付从2015年3月28日起至清偿之日止的逾期利息，按年利率18．954％计算；" nameCN="具体裁判段">
      <QLR value="中国邮政储蓄银行股份有限公司扎兰屯市支行" nameCN="权利人">
        <QLRSSDW value="原告" nameCN="诉讼地位" />
      </QLR>
      <YWR value="邹吉斌" nameCN="义务人">
        <YWRSSDW value="被告" nameCN="诉讼地位" />
      </YWR>
      <PJZXQX value="十日" nameCN="判决执行期限" />
      <PJJE nameCN="判决金额">
        <JE value="47841.4元" nameCN="金额" />
        <JELX value="借款" nameCN="金额类型" />
        <JELX value="本金" nameCN="金额类型" />
      </PJJE>
      <PJJE nameCN="判决金额">
        <JE value="3298.58元" nameCN="金额" />
        <JELX value="利息" nameCN="金额类型" />
      </PJJE>
      <PJJE nameCN="判决金额">
        <JE value="51139.98元" nameCN="金额" />
        <JELX value="本息" nameCN="金额类型" />
      </PJJE>
    </JTPJJG>
    <JTPJJG value="二、被告郭俊杰对上述债务的50％承担连带清偿责任；" nameCN="具体裁判段" />
    <JTPJJG value="三、被告邹杰对上述债务的50％承担连带清偿责任。" nameCN="具体裁判段" />
    <JTPJJG value="如果被告未按本判决指定的期间履行给付金钱义务的，应当依照《中华人民共和国民事诉讼法》第二百五十三条之规定，加倍支付迟延履行期间的债务利息。" nameCN="具体裁判段" />
    <SSFCD nameCN="诉讼费承担">
      <SSFCDJL value="案件受理费1079元，由被告邹吉斌、郭俊杰、邹杰连带负担，于本判决生效后十日内交纳。" nameCN="诉讼费承担记录">
        <SSFJE value="1079元" nameCN="诉讼费金额" />
        <SSFZL value="受理费" nameCN="诉讼费种类" />
        <SSFCDR value="邹吉斌" nameCN="承担人">
          <SSFCDJE value="1079元" nameCN="承担金额" />
          <SSFCDFS value="与他人共同承担该金额" nameCN="承担方式" />
          <SSFCDDW value="被告" nameCN="承担人地位" />
        </SSFCDR>
        <SSFCDR value="邹杰" nameCN="承担人">
          <SSFCDJE value="1079元" nameCN="承担金额" />
          <SSFCDFS value="与他人共同承担该金额" nameCN="承担方式" />
          <SSFCDDW value="被告" nameCN="承担人地位" />
        </SSFCDR>
        <SSFCDR value="郭俊杰" nameCN="承担人">
          <SSFCDJE value="1079元" nameCN="承担金额" />
          <SSFCDFS value="与他人共同承担该金额" nameCN="承担方式" />
          <SSFCDDW value="被告" nameCN="承担人地位" />
        </SSFCDR>
      </SSFCDJL>
    </SSFCD>
    <SFFHCS value="否" nameCN="是否发回重审" />
    <KSSZ value="呼伦贝尔市中级人民法院" nameCN="可上诉至" />
    <SSTJCL value="上诉状，并按对方当事人的人数或者代表人的人数提出副本" nameCN="上诉提交材料" />
    <SSQX value="十五日" nameCN="上诉期限" />
    <TCGXQYY value="否" nameCN="是否提出管辖权异议" />
  </CPJG>
  <WW value="审判员刘俊杰&#xA;二〇一五年七月十七日&#xA;书记员李淑清&#xA;" nameCN="文尾">
    <SPZZCY nameCN="审判组织成员">
      <SPRYXM value="刘俊杰" nameCN="审判人员姓名" />
      <SPRYJS value="审判员" nameCN="审判人员角色" />
    </SPZZCY>
    <SPZZCY nameCN="审判组织成员">
      <SPRYXM value="李淑清" nameCN="审判人员姓名" />
      <SPRYJS value="书记员" nameCN="审判人员角色" />
    </SPZZCY>
    <CPSJ value="2015年7月17日" nameCN="裁判时间">
      <Year value="2015" nameCN="结案年度" />
      <JANYR value="2015年7月17日" nameCN="结案年月日" />
      <JANY value="2015-7" nameCN="结案年月" />
      <Month value="7" nameCN="月" />
      <Day value="17" nameCN="日" />
    </CPSJ>
  </WW>
  <FL value="" nameCN="附录" />
</QW>

