<?xml version="1.0" encoding="UTF-8"?>
<QW value="&#xA;浙江省台州市中级人民法院&#xA;民事裁定书&#xA;（2014）浙台知民初字第467号&#xA;原告：中国音像著作权集体管理协会。&#xA;法定代表人：王化鹏。&#xA;委托代理人：王利民。&#xA;被告：三门县米雅娱乐有限公司。&#xA;法定代表人：马志成。&#xA;本院在审理原告中国音像著作权集体管理协会与被告三门县米雅娱乐有限公司侵害作品放映权纠纷一案中，原告中国音像著作权集体管理协会于2014年11月21日向本院提出撤诉申请。&#xA;本院认为：原告中国音像著作权集体管理协会在本案诉讼期间向本院申请撤诉，系其对自身诉讼权利所作的处分，符合法律规定，应予准许。依照《中华人民共和国民事诉讼法》第十三条、第一百四十五条和《诉讼费用交纳办法》第十五条之规定，裁定如下：&#xA;准许原告中国音像著作权集体管理协会撤回起诉。&#xA;本案案件受理费200元，减半收取100元，由原告中国音像著作权集体管理协会负担。&#xA;审判长袁晓贞&#xA;代理审判员叶翔&#xA;人民陪审员刘欣&#xA;二〇一四年十一月二十一日&#xA;代书记员丁吉立&#xA;" nameCN="全文">
  <WS value="浙江省台州市中级人民法院&#xA;民事裁定书&#xA;（2014）浙台知民初字第467号&#xA;" nameCN="文首">
    <WSZZDW value="法院" nameCN="文书制作单位" />
    <JBFY value="浙江省台州市中级人民法院" nameCN="经办法院">
      <FYJB value="中级" nameCN="法院级别" />
      <XZQH_P value="浙江" nameCN="行政区划(省)" />
      <XZQH_C value="台州市" nameCN="行政区划(市)" />
    </JBFY>
    <WSMC value="民事裁定书" nameCN="文书名称" />
    <AH value="(2014)浙台知民初字第467号" nameCN="案号" />
    <LAND value="2014" nameCN="立案年度" />
    <AJXZ value="民事案件" nameCN="案件性质" />
    <WSZL value="裁定书" nameCN="文书种类" />
    <SPCX value="一审案件" nameCN="审判程序" />
    <AJLX value="民事一审案件" nameCN="案件类型" />
  </WS>
  <SSCYRQJ value="原告：中国音像著作权集体管理协会。&#xA;法定代表人：王化鹏。&#xA;委托代理人：王利民。&#xA;被告：三门县米雅娱乐有限公司。&#xA;法定代表人：马志成。&#xA;" nameCN="诉讼参与人全集">
    <SSCYR value="原告：中国音像著作权集体管理协会。" nameCN="诉讼参与人">
      <SSCYRMC value="中国音像著作权集体管理协会" nameCN="诉讼参与人名称" />
      <SSSF value="原告" nameCN="诉讼身份" />
      <SSDW value="原告" nameCN="诉讼地位" />
      <DSRLB value="原告" nameCN="当事人类别" />
      <DSRLX value="法人" nameCN="当事人类型" />
      <FDDBR value="王化鹏" nameCN="单位法定代表人" />
    </SSCYR>
    <SSCYR value="法定代表人：王化鹏。" nameCN="诉讼参与人">
      <SSCYRMC value="王化鹏" nameCN="诉讼参与人名称" />
      <SSSF value="法定代表人" nameCN="诉讼身份" />
      <DSRLX value="自然人" nameCN="当事人类型" />
      <GJ value="中国" nameCN="国籍" />
      <DWZWFZ nameCN="单位职务分组">
        <DWMC value="中国音像著作权集体管理协会" nameCN="单位名称" />
      </DWZWFZ>
    </SSCYR>
    <SSCYR value="委托代理人：王利民。" nameCN="诉讼参与人">
      <SSCYRMC value="王利民" nameCN="诉讼参与人名称" />
      <SSSF value="委托代理人" nameCN="诉讼身份" />
      <DSRLX value="自然人" nameCN="当事人类型" />
      <GJ value="中国" nameCN="国籍" />
    </SSCYR>
    <SSCYR value="被告：三门县米雅娱乐有限公司。" nameCN="诉讼参与人">
      <SSCYRMC value="三门县米雅娱乐有限公司" nameCN="诉讼参与人名称" />
      <SSSF value="被告" nameCN="诉讼身份" />
      <SSDW value="被告" nameCN="诉讼地位" />
      <DSRLB value="被告" nameCN="当事人类别" />
      <DSRLX value="法人" nameCN="当事人类型" />
      <DWXZ value="有限责任公司" nameCN="单位性质" />
      <FDDBR value="马志成" nameCN="单位法定代表人" />
    </SSCYR>
    <SSCYR value="法定代表人：马志成。" nameCN="诉讼参与人">
      <SSCYRMC value="马志成" nameCN="诉讼参与人名称" />
      <SSSF value="法定代表人" nameCN="诉讼身份" />
      <DSRLX value="自然人" nameCN="当事人类型" />
      <GJ value="中国" nameCN="国籍" />
      <DWZWFZ nameCN="单位职务分组">
        <DWMC value="三门县米雅娱乐有限公司" nameCN="单位名称" />
        <DWXZ value="有限责任公司" nameCN="单位性质" />
      </DWZWFZ>
    </SSCYR>
    <SSCYRQJ value="错误" nameCN="保险公司是否作为被告" />
  </SSCYRQJ>
  <SSJL value="本院在审理原告中国音像著作权集体管理协会与被告三门县米雅娱乐有限公司侵害作品放映权纠纷一案中，原告中国音像著作权集体管理协会于2014年11月21日向本院提出撤诉申请。" nameCN="诉讼记录">
    <CS value="" nameCN="撤诉">
      <CSR value="中国音像著作权集体管理协会" nameCN="撤诉人" />
      <RQ value="2014年11月21日" nameCN="日期" />
    </CS>
    <YG value="中国音像著作权集体管理协会" nameCN="原告" />
    <BG value="三门县米雅娱乐有限公司" nameCN="被告" />
    <AY value="侵害作品放映权纠纷" nameCN="案由" />
    <KTSL value="否" nameCN="开庭审理" />
    <WZAY value="侵害作品放映权纠纷" nameCN="完整案由" />
    <AYDM value="9375" nameCN="案由代码" />
    <YSAJSYCX value="普通程序" nameCN="一审案件适用程序" />
    <JYZPT value="否" nameCN="简易转普通" />
    <SPZZ value="独任庭" nameCN="审判组织" />
    <YSAJLY value="新收" nameCN="一审案件来源" />
    <SQCSRQ value="2014年11月21日" nameCN="申请撤诉日期" />
  </SSJL>
  <AJJBQK value="" nameCN="案件基本情况" />
  <CPFXGC value="本院认为：原告中国音像著作权集体管理协会在本案诉讼期间向本院申请撤诉，系其对自身诉讼权利所作的处分，符合法律规定，应予准许。依照《中华人民共和国民事诉讼法》第十三条、第一百四十五条和《诉讼费用交纳办法》第十五条之规定，裁定如下：&#xA;" nameCN="裁判分析过程">
    <JAFSLX value="裁定" nameCN="结案方式类型" />
    <FLFTMC value="中华人民共和国民事诉讼法" nameCN="法律法条名称">
      <TM value="十三" nameCN="条目" />
      <TM value="一百四十五" nameCN="条目" />
      <SFCXF value="是程序法" nameCN="是否是程序法" />
    </FLFTMC>
    <FLFTMC value="诉讼费用交纳办法" nameCN="法律法条名称">
      <TM value="十五" nameCN="条目" />
      <SFCXF value="非程序法" nameCN="是否是程序法" />
    </FLFTMC>
  </CPFXGC>
  <CPJG value="准许原告中国音像著作权集体管理协会撤回起诉。&#xA;本案案件受理费200元，减半收取100元，由原告中国音像著作权集体管理协会负担。&#xA;" nameCN="裁判结果">
    <JAFS value="准予撤诉" nameCN="结案方式" />
    <PCSFSXZQ value="正确" nameCN="同时起诉侵权人与保险公司的赔偿顺序" />
    <JTPJJG value="准许原告中国音像著作权集体管理协会撤回起诉。" nameCN="具体裁判段" />
    <SSFCD nameCN="诉讼费承担">
      <SSFCDJL value="本案案件受理费200元，减半收取100元，由原告中国音像著作权集体管理协会负担。" nameCN="诉讼费承担记录">
        <SSFJE value="100元" nameCN="诉讼费金额" />
        <SSFZL value="受理费" nameCN="诉讼费种类" />
        <SSFCDR value="中国音像著作权集体管理协会" nameCN="承担人">
          <SSFCDJE value="100元" nameCN="承担金额" />
          <SSFCDFS value="个人独立承担该金额" nameCN="承担方式" />
          <SSFCDDW value="原告" nameCN="承担人地位" />
        </SSFCDR>
      </SSFCDJL>
    </SSFCD>
    <SFFHCS value="否" nameCN="是否发回重审" />
    <CSRJH nameCN="撤诉人集合">
      <CSR value="中国音像著作权集体管理协会" nameCN="撤诉人" />
    </CSRJH>
    <CSLX value="原告主动撤诉" nameCN="撤诉类型" />
    <TCGXQYY value="否" nameCN="是否提出管辖权异议" />
  </CPJG>
  <WW value="审判长袁晓贞&#xA;代理审判员叶翔&#xA;人民陪审员刘欣&#xA;二〇一四年十一月二十一日&#xA;代书记员丁吉立&#xA;" nameCN="文尾">
    <SPZZCY nameCN="审判组织成员">
      <SPRYXM value="袁晓贞" nameCN="审判人员姓名" />
      <SPRYJS value="审判长" nameCN="审判人员角色" />
    </SPZZCY>
    <SPZZCY nameCN="审判组织成员">
      <SPRYXM value="刘欣" nameCN="审判人员姓名" />
      <SPRYJS value="人民陪审员" nameCN="审判人员角色" />
    </SPZZCY>
    <SPZZCY nameCN="审判组织成员">
      <SPRYXM value="叶翔" nameCN="审判人员姓名" />
      <SPRYJS value="代理审判员" nameCN="审判人员角色" />
    </SPZZCY>
    <SPZZCY nameCN="审判组织成员">
      <SPRYXM value="丁吉立" nameCN="审判人员姓名" />
      <SPRYJS value="代书记员" nameCN="审判人员角色" />
    </SPZZCY>
    <CPSJ value="2014年11月21日" nameCN="裁判时间">
      <Year value="2014" nameCN="结案年度" />
      <JANYR value="2014年11月21日" nameCN="结案年月日" />
      <JANY value="2014-11" nameCN="结案年月" />
      <Month value="11" nameCN="月" />
      <Day value="21" nameCN="日" />
    </CPSJ>
  </WW>
  <FL value="" nameCN="附录" />
</QW>

