<?xml version="1.0" encoding="UTF-8"?>
<QW value="&#xA;四川省雅安市名山区人民法院&#xA;民事裁定书&#xA;（2014）名山民初字第1190号&#xA;原告中国邮政储蓄银行股份有限公司雅安市名山区支行，住所地雅安市名山区蒙阳镇彩虹路32号。&#xA;负责人谢宇，该支行行长。&#xA;委托代理人古婧，该支行员工。&#xA;委托代理人罗颖，四川三龙律师事务所律师。&#xA;被告代之华，男，生于1960年5月20日，汉族，住雅安市名山区。&#xA;被告周叔连，女，生于1961年3月20日，汉族，住雅安市名山区。&#xA;被告梁加忠，男，生于1968年1月12日，汉族，住雅安市名山区。&#xA;被告郭尧琼，女，生于1970年12月14日，汉族，住雅安市名山区。&#xA;被告郑小琴，女，生于1985年4月23日，汉族，住雅安市名山区。&#xA;被告郑述庆，男，生于1981年8月22日，汉族，住雅安市名山区。&#xA;本院在审理原告中国邮政储蓄银行股份有限公司雅安市名山区支行与被告代之华、周叔连、梁加忠、郭尧琼、郑小琴、郑述庆小额借款合同纠纷一案中，因原告中国邮政储蓄银行股份有限公司雅安市名山区支行未按受理通知书的规定，自收到受理通知书次日起的七天内预交案件受理费，依照《中华人民共和国民事诉讼法》第一百一十八条第一款的规定，裁定如下：&#xA;本案按撤诉处理。&#xA;审判员赵士刚&#xA;二〇一四年九月九日&#xA;书记员曾建渠&#xA;" nameCN="全文">
  <WS value="四川省雅安市名山区人民法院&#xA;民事裁定书&#xA;（2014）名山民初字第1190号&#xA;" nameCN="文首">
    <WSZZDW value="法院" nameCN="文书制作单位" />
    <JBFY value="四川省雅安市名山区人民法院" nameCN="经办法院">
      <FYJB value="基层" nameCN="法院级别" />
      <XZQH_P value="四川" nameCN="行政区划(省)" />
      <XZQH_C value="雅安市" nameCN="行政区划(市)" />
    </JBFY>
    <WSMC value="民事裁定书" nameCN="文书名称" />
    <AH value="(2014)名山民初字第1190号" nameCN="案号" />
    <LAND value="2014" nameCN="立案年度" />
    <AJXZ value="民事案件" nameCN="案件性质" />
    <WSZL value="裁定书" nameCN="文书种类" />
    <SPCX value="一审案件" nameCN="审判程序" />
    <AJLX value="民事一审案件" nameCN="案件类型" />
  </WS>
  <SSCYRQJ value="原告中国邮政储蓄银行股份有限公司雅安市名山区支行，住所地雅安市名山区蒙阳镇彩虹路32号。&#xA;负责人谢宇，该支行行长。&#xA;委托代理人古婧，该支行员工。&#xA;委托代理人罗颖，四川三龙律师事务所律师。&#xA;被告代之华，男，生于1960年5月20日，汉族，住雅安市名山区。&#xA;被告周叔连，女，生于1961年3月20日，汉族，住雅安市名山区。&#xA;被告梁加忠，男，生于1968年1月12日，汉族，住雅安市名山区。&#xA;被告郭尧琼，女，生于1970年12月14日，汉族，住雅安市名山区。&#xA;被告郑小琴，女，生于1985年4月23日，汉族，住雅安市名山区。&#xA;被告郑述庆，男，生于1981年8月22日，汉族，住雅安市名山区。&#xA;" nameCN="诉讼参与人全集">
    <SSCYR value="原告中国邮政储蓄银行股份有限公司雅安市名山区支行，住所地雅安市名山区蒙阳镇彩虹路32号。" nameCN="诉讼参与人">
      <SSCYRMC value="中国邮政储蓄银行股份有限公司雅安市名山区支行" nameCN="诉讼参与人名称" />
      <SSSF value="原告" nameCN="诉讼身份" />
      <SSDW value="原告" nameCN="诉讼地位" />
      <DSRLB value="原告" nameCN="当事人类别" />
      <DSRLX value="法人" nameCN="当事人类型" />
      <DSRDZ value="雅安市名山区蒙阳镇彩虹路32号" nameCN="当事人地址" />
      <DWXZ value="股份有限公司" nameCN="单位性质" />
      <TSHY value="金融" nameCN="特殊行业" />
    </SSCYR>
    <SSCYR value="负责人谢宇，该支行行长。" nameCN="诉讼参与人">
      <SSCYRMC value="谢宇" nameCN="诉讼参与人名称" />
      <SSSF value="负责人" nameCN="诉讼身份" />
      <DSRLX value="自然人" nameCN="当事人类型" />
      <GJ value="中国" nameCN="国籍" />
      <DWZWFZ nameCN="单位职务分组">
        <ZW value="行长" nameCN="职务" />
      </DWZWFZ>
    </SSCYR>
    <SSCYR value="委托代理人古婧，该支行员工。" nameCN="诉讼参与人">
      <SSCYRMC value="古婧" nameCN="诉讼参与人名称" />
      <SSSF value="委托代理人" nameCN="诉讼身份" />
      <DSRLX value="自然人" nameCN="当事人类型" />
      <GJ value="中国" nameCN="国籍" />
      <DWZWFZ nameCN="单位职务分组">
        <ZW value="员工" nameCN="职务" />
      </DWZWFZ>
    </SSCYR>
    <SSCYR value="委托代理人罗颖，四川三龙律师事务所律师。" nameCN="诉讼参与人">
      <SSCYRMC value="罗颖" nameCN="诉讼参与人名称" />
      <SSSF value="委托代理人" nameCN="诉讼身份" />
      <DSRLX value="自然人" nameCN="当事人类型" />
      <GJ value="中国" nameCN="国籍" />
      <DWZWFZ nameCN="单位职务分组">
        <ZW value="律师" nameCN="职务" />
      </DWZWFZ>
    </SSCYR>
    <SSCYR value="被告代之华，男，生于1960年5月20日，汉族，住雅安市名山区。" nameCN="诉讼参与人">
      <SSCYRMC value="代之华" nameCN="诉讼参与人名称" />
      <SSSF value="被告" nameCN="诉讼身份" />
      <SSDW value="被告" nameCN="诉讼地位" />
      <DSRLB value="被告" nameCN="当事人类别" />
      <DSRLX value="自然人" nameCN="当事人类型" />
      <XB value="男" nameCN="性别" />
      <MZ value="汉族" nameCN="民族" />
      <CSRQ value="1960年5月20日" nameCN="出生日期">
        <Year value="1960" nameCN="年" />
        <Month value="5" nameCN="月" />
        <Day value="20" nameCN="日" />
      </CSRQ>
      <GJ value="中国" nameCN="国籍" />
      <DSRDZ value="雅安市名山区" nameCN="当事人地址" />
    </SSCYR>
    <SSCYR value="被告周叔连，女，生于1961年3月20日，汉族，住雅安市名山区。" nameCN="诉讼参与人">
      <SSCYRMC value="周叔连" nameCN="诉讼参与人名称" />
      <SSSF value="被告" nameCN="诉讼身份" />
      <SSDW value="被告" nameCN="诉讼地位" />
      <DSRLB value="被告" nameCN="当事人类别" />
      <DSRLX value="自然人" nameCN="当事人类型" />
      <XB value="女" nameCN="性别" />
      <MZ value="汉族" nameCN="民族" />
      <CSRQ value="1961年3月20日" nameCN="出生日期">
        <Year value="1961" nameCN="年" />
        <Month value="3" nameCN="月" />
        <Day value="20" nameCN="日" />
      </CSRQ>
      <GJ value="中国" nameCN="国籍" />
      <DSRDZ value="雅安市名山区" nameCN="当事人地址" />
    </SSCYR>
    <SSCYR value="被告梁加忠，男，生于1968年1月12日，汉族，住雅安市名山区。" nameCN="诉讼参与人">
      <SSCYRMC value="梁加忠" nameCN="诉讼参与人名称" />
      <SSSF value="被告" nameCN="诉讼身份" />
      <SSDW value="被告" nameCN="诉讼地位" />
      <DSRLB value="被告" nameCN="当事人类别" />
      <DSRLX value="自然人" nameCN="当事人类型" />
      <XB value="男" nameCN="性别" />
      <MZ value="汉族" nameCN="民族" />
      <CSRQ value="1968年1月12日" nameCN="出生日期">
        <Year value="1968" nameCN="年" />
        <Month value="1" nameCN="月" />
        <Day value="12" nameCN="日" />
      </CSRQ>
      <GJ value="中国" nameCN="国籍" />
      <DSRDZ value="雅安市名山区" nameCN="当事人地址" />
    </SSCYR>
    <SSCYR value="被告郭尧琼，女，生于1970年12月14日，汉族，住雅安市名山区。" nameCN="诉讼参与人">
      <SSCYRMC value="郭尧琼" nameCN="诉讼参与人名称" />
      <SSSF value="被告" nameCN="诉讼身份" />
      <SSDW value="被告" nameCN="诉讼地位" />
      <DSRLB value="被告" nameCN="当事人类别" />
      <DSRLX value="自然人" nameCN="当事人类型" />
      <XB value="女" nameCN="性别" />
      <MZ value="汉族" nameCN="民族" />
      <CSRQ value="1970年12月14日" nameCN="出生日期">
        <Year value="1970" nameCN="年" />
        <Month value="12" nameCN="月" />
        <Day value="14" nameCN="日" />
      </CSRQ>
      <GJ value="中国" nameCN="国籍" />
      <DSRDZ value="雅安市名山区" nameCN="当事人地址" />
    </SSCYR>
    <SSCYR value="被告郑小琴，女，生于1985年4月23日，汉族，住雅安市名山区。" nameCN="诉讼参与人">
      <SSCYRMC value="郑小琴" nameCN="诉讼参与人名称" />
      <SSSF value="被告" nameCN="诉讼身份" />
      <SSDW value="被告" nameCN="诉讼地位" />
      <DSRLB value="被告" nameCN="当事人类别" />
      <DSRLX value="自然人" nameCN="当事人类型" />
      <XB value="女" nameCN="性别" />
      <MZ value="汉族" nameCN="民族" />
      <CSRQ value="1985年4月23日" nameCN="出生日期">
        <Year value="1985" nameCN="年" />
        <Month value="4" nameCN="月" />
        <Day value="23" nameCN="日" />
      </CSRQ>
      <GJ value="中国" nameCN="国籍" />
      <DSRDZ value="雅安市名山区" nameCN="当事人地址" />
    </SSCYR>
    <SSCYR value="被告郑述庆，男，生于1981年8月22日，汉族，住雅安市名山区。" nameCN="诉讼参与人">
      <SSCYRMC value="郑述庆" nameCN="诉讼参与人名称" />
      <SSSF value="被告" nameCN="诉讼身份" />
      <SSDW value="被告" nameCN="诉讼地位" />
      <DSRLB value="被告" nameCN="当事人类别" />
      <DSRLX value="自然人" nameCN="当事人类型" />
      <XB value="男" nameCN="性别" />
      <MZ value="汉族" nameCN="民族" />
      <CSRQ value="1981年8月22日" nameCN="出生日期">
        <Year value="1981" nameCN="年" />
        <Month value="8" nameCN="月" />
        <Day value="22" nameCN="日" />
      </CSRQ>
      <GJ value="中国" nameCN="国籍" />
      <DSRDZ value="雅安市名山区" nameCN="当事人地址" />
    </SSCYR>
    <SSCYRQJ value="错误" nameCN="保险公司是否作为被告" />
  </SSCYRQJ>
  <SSJL value="本院在审理原告中国邮政储蓄银行股份有限公司雅安市名山区支行与被告代之华、周叔连、梁加忠、郭尧琼、郑小琴、郑述庆小额借款合同纠纷一案中，因原告中国邮政储蓄银行股份有限公司雅安市名山区支行未按受理通知书的规定，自收到受理通知书次日起的七天内预交案件受理费，依照《中华人民共和国民事诉讼法》第一百一十八条第一款的规定，裁定如下：" nameCN="诉讼记录">
    <AY value="小额借款合同纠纷" nameCN="案由" />
    <KTSL value="否" nameCN="开庭审理" />
    <WZAY value="小额借款合同纠纷" nameCN="完整案由" />
    <AYDM value="9182" nameCN="案由代码" />
    <YSAJSYCX value="普通程序" nameCN="一审案件适用程序" />
    <JYZPT value="否" nameCN="简易转普通" />
    <SPZZ value="独任庭" nameCN="审判组织" />
    <YSAJLY value="新收" nameCN="一审案件来源" />
  </SSJL>
  <AJJBQK value="" nameCN="案件基本情况" />
  <CPFXGC value="本院在审理原告中国邮政储蓄银行股份有限公司雅安市名山区支行与被告代之华、周叔连、梁加忠、郭尧琼、郑小琴、郑述庆小额借款合同纠纷一案中，因原告中国邮政储蓄银行股份有限公司雅安市名山区支行未按受理通知书的规定，自收到受理通知书次日起的七天内预交案件受理费，依照《中华人民共和国民事诉讼法》第一百一十八条第一款的规定，裁定如下：&#xA;" nameCN="裁判分析过程">
    <JAFSLX value="裁定" nameCN="结案方式类型" />
    <FLFTMC value="中华人民共和国民事诉讼法" nameCN="法律法条名称">
      <TM value="一百一十八" nameCN="条目">
        <KM value="第一款" nameCN="款目" />
      </TM>
      <SFCXF value="是程序法" nameCN="是否是程序法" />
    </FLFTMC>
  </CPFXGC>
  <CPJG value="本案按撤诉处理。&#xA;" nameCN="裁判结果">
    <JAFS value="按撤诉处理" nameCN="结案方式" />
    <PCSFSXZQ value="正确" nameCN="同时起诉侵权人与保险公司的赔偿顺序" />
    <JTPJJG value="本案按撤诉处理。" nameCN="具体裁判段" />
    <SFFHCS value="否" nameCN="是否发回重审" />
    <TCGXQYY value="否" nameCN="是否提出管辖权异议" />
  </CPJG>
  <WW value="审判员赵士刚&#xA;二〇一四年九月九日&#xA;书记员曾建渠&#xA;" nameCN="文尾">
    <SPZZCY nameCN="审判组织成员">
      <SPRYXM value="赵士刚" nameCN="审判人员姓名" />
      <SPRYJS value="审判员" nameCN="审判人员角色" />
    </SPZZCY>
    <SPZZCY nameCN="审判组织成员">
      <SPRYXM value="曾建渠" nameCN="审判人员姓名" />
      <SPRYJS value="书记员" nameCN="审判人员角色" />
    </SPZZCY>
    <CPSJ value="2014年9月9日" nameCN="裁判时间">
      <Year value="2014" nameCN="结案年度" />
      <JANYR value="2014年9月9日" nameCN="结案年月日" />
      <JANY value="2014-9" nameCN="结案年月" />
      <Month value="9" nameCN="月" />
      <Day value="9" nameCN="日" />
    </CPSJ>
  </WW>
  <FL value="" nameCN="附录" />
</QW>

