<?xml version="1.0" encoding="UTF-8"?>
<QW value="&#xA;河北省张家口市下花园区人民法院&#xA;民事裁定书&#xA;（2014）下民初字第287号&#xA;原告中国昊华集团宣化有限公司下花园电石厂。住所地张家口市下花园区民胜路4号。&#xA;法定代表人刘孝，系该厂厂长。&#xA;委托代理人范玉彪，河北宝庆律师事务所律师。&#xA;被告中国铁通集团有限公司张家口分公司。住所地张家口市桥东区东安大街63号付82号。&#xA;法定代表人张立，系该公司经理。&#xA;本院在审理原告中国昊华集团宣化有限公司下花园电石厂与被告中国铁通集团有限公司张家口分公司排除妨害纠纷一案中，原告中国昊华集团宣化有限公司下花园电石厂于2014年11月3日向本院提出撤诉申请。&#xA;本院认为，原告的撤诉符合法律规定，应予准许。依照《中华人民共和国民事诉讼法》第一百三十一条之规定，裁定如下：&#xA;准许原告中国昊华集团宣化有限公司下花园电石厂撤回起诉。&#xA;审判员潘雪梅&#xA;二〇一四年十一月三日&#xA;书记员张宇星&#xA;" nameCN="全文">
  <WS value="河北省张家口市下花园区人民法院&#xA;民事裁定书&#xA;（2014）下民初字第287号&#xA;" nameCN="文首">
    <WSZZDW value="法院" nameCN="文书制作单位" />
    <JBFY value="河北省张家口市下花园区人民法院" nameCN="经办法院">
      <FYJB value="基层" nameCN="法院级别" />
      <XZQH_P value="河北" nameCN="行政区划(省)" />
      <XZQH_C value="张家口市" nameCN="行政区划(市)" />
    </JBFY>
    <WSMC value="民事裁定书" nameCN="文书名称" />
    <AH value="(2014)下民初字第287号" nameCN="案号" />
    <LAND value="2014" nameCN="立案年度" />
    <AJXZ value="民事案件" nameCN="案件性质" />
    <WSZL value="裁定书" nameCN="文书种类" />
    <SPCX value="一审案件" nameCN="审判程序" />
    <AJLX value="民事一审案件" nameCN="案件类型" />
  </WS>
  <SSCYRQJ value="原告中国昊华集团宣化有限公司下花园电石厂。住所地张家口市下花园区民胜路4号。&#xA;法定代表人刘孝，系该厂厂长。&#xA;委托代理人范玉彪，河北宝庆律师事务所律师。&#xA;被告中国铁通集团有限公司张家口分公司。住所地张家口市桥东区东安大街63号付82号。&#xA;法定代表人张立，系该公司经理。&#xA;" nameCN="诉讼参与人全集">
    <SSCYR value="原告中国昊华集团宣化有限公司下花园电石厂。住所地张家口市下花园区民胜路4号。" nameCN="诉讼参与人">
      <SSCYRMC value="中国昊华集团宣化有限公司下花园电石厂" nameCN="诉讼参与人名称" />
      <SSSF value="原告" nameCN="诉讼身份" />
      <SSDW value="原告" nameCN="诉讼地位" />
      <DSRLB value="原告" nameCN="当事人类别" />
      <DSRLX value="法人" nameCN="当事人类型" />
      <DSRDZ value="张家口市下花园区民胜路4号" nameCN="当事人地址" />
      <DWXZ value="有限责任公司" nameCN="单位性质" />
      <FDDBR value="刘孝" nameCN="单位法定代表人" />
    </SSCYR>
    <SSCYR value="法定代表人刘孝，系该厂厂长。" nameCN="诉讼参与人">
      <SSCYRMC value="刘孝" nameCN="诉讼参与人名称" />
      <SSSF value="法定代表人" nameCN="诉讼身份" />
      <DSRLX value="自然人" nameCN="当事人类型" />
      <GJ value="中国" nameCN="国籍" />
      <DWZWFZ nameCN="单位职务分组">
        <ZW value="厂长" nameCN="职务" />
        <DWMC value="中国昊华集团宣化有限公司下花园电石厂" nameCN="单位名称" />
        <DWXZ value="有限责任公司" nameCN="单位性质" />
      </DWZWFZ>
    </SSCYR>
    <SSCYR value="委托代理人范玉彪，河北宝庆律师事务所律师。" nameCN="诉讼参与人">
      <SSCYRMC value="范玉彪" nameCN="诉讼参与人名称" />
      <SSSF value="委托代理人" nameCN="诉讼身份" />
      <DSRLX value="自然人" nameCN="当事人类型" />
      <GJ value="中国" nameCN="国籍" />
      <DWZWFZ nameCN="单位职务分组">
        <ZW value="律师" nameCN="职务" />
      </DWZWFZ>
    </SSCYR>
    <SSCYR value="被告中国铁通集团有限公司张家口分公司。住所地张家口市桥东区东安大街63号付82号。" nameCN="诉讼参与人">
      <SSCYRMC value="中国铁通集团有限公司张家口分公司" nameCN="诉讼参与人名称" />
      <SSSF value="被告" nameCN="诉讼身份" />
      <SSDW value="被告" nameCN="诉讼地位" />
      <DSRLB value="被告" nameCN="当事人类别" />
      <DSRLX value="法人" nameCN="当事人类型" />
      <DSRDZ value="张家口市桥东区东安大街63号付82号" nameCN="当事人地址" />
      <DWXZ value="有限责任公司" nameCN="单位性质" />
      <FDDBR value="张立" nameCN="单位法定代表人" />
      <TSHY value="电信" nameCN="特殊行业" />
    </SSCYR>
    <SSCYR value="法定代表人张立，系该公司经理。" nameCN="诉讼参与人">
      <SSCYRMC value="张立" nameCN="诉讼参与人名称" />
      <SSSF value="法定代表人" nameCN="诉讼身份" />
      <DSRLX value="自然人" nameCN="当事人类型" />
      <GJ value="中国" nameCN="国籍" />
      <DWZWFZ nameCN="单位职务分组">
        <ZW value="经理" nameCN="职务" />
        <DWMC value="中国铁通集团有限公司张家口分公司" nameCN="单位名称" />
        <DWXZ value="有限责任公司" nameCN="单位性质" />
      </DWZWFZ>
      <TSHY value="电信" nameCN="特殊行业" />
    </SSCYR>
    <SSCYRQJ value="错误" nameCN="保险公司是否作为被告" />
  </SSCYRQJ>
  <SSJL value="本院在审理原告中国昊华集团宣化有限公司下花园电石厂与被告中国铁通集团有限公司张家口分公司排除妨害纠纷一案中，原告中国昊华集团宣化有限公司下花园电石厂于2014年11月3日向本院提出撤诉申请。" nameCN="诉讼记录">
    <CS value="" nameCN="撤诉">
      <CSR value="中国昊华集团宣化有限公司下花园电石厂" nameCN="撤诉人" />
      <RQ value="2014年11月3日" nameCN="日期" />
    </CS>
    <YG value="中国昊华集团宣化有限公司下花园电石厂" nameCN="原告" />
    <BG value="中国铁通集团有限公司张家口分公司" nameCN="被告" />
    <AY value="排除妨害纠纷" nameCN="案由" />
    <KTSL value="否" nameCN="开庭审理" />
    <WZAY value="排除妨害纠纷" nameCN="完整案由" />
    <AYDM value="9057" nameCN="案由代码" />
    <YSAJSYCX value="普通程序" nameCN="一审案件适用程序" />
    <JYZPT value="否" nameCN="简易转普通" />
    <SPZZ value="独任庭" nameCN="审判组织" />
    <YSAJLY value="新收" nameCN="一审案件来源" />
    <SQCSRQ value="2014年11月3日" nameCN="申请撤诉日期" />
  </SSJL>
  <AJJBQK value="" nameCN="案件基本情况" />
  <CPFXGC value="本院认为，原告的撤诉符合法律规定，应予准许。依照《中华人民共和国民事诉讼法》第一百三十一条之规定，裁定如下：&#xA;" nameCN="裁判分析过程">
    <JAFSLX value="裁定" nameCN="结案方式类型" />
    <FLFTMC value="中华人民共和国民事诉讼法" nameCN="法律法条名称">
      <TM value="一百三十一" nameCN="条目" />
      <SFCXF value="是程序法" nameCN="是否是程序法" />
    </FLFTMC>
  </CPFXGC>
  <CPJG value="准许原告中国昊华集团宣化有限公司下花园电石厂撤回起诉。&#xA;" nameCN="裁判结果">
    <JAFS value="准予撤诉" nameCN="结案方式" />
    <PCSFSXZQ value="正确" nameCN="同时起诉侵权人与保险公司的赔偿顺序" />
    <JTPJJG value="准许原告中国昊华集团宣化有限公司下花园电石厂撤回起诉。" nameCN="具体裁判段" />
    <SFFHCS value="否" nameCN="是否发回重审" />
    <CSRJH nameCN="撤诉人集合">
      <CSR value="中国昊华集团宣化有限公司下花园电石厂" nameCN="撤诉人" />
    </CSRJH>
    <CSLX value="原告主动撤诉" nameCN="撤诉类型" />
    <TCGXQYY value="否" nameCN="是否提出管辖权异议" />
  </CPJG>
  <WW value="审判员潘雪梅&#xA;二〇一四年十一月三日&#xA;书记员张宇星&#xA;" nameCN="文尾">
    <SPZZCY nameCN="审判组织成员">
      <SPRYXM value="潘雪梅" nameCN="审判人员姓名" />
      <SPRYJS value="审判员" nameCN="审判人员角色" />
    </SPZZCY>
    <SPZZCY nameCN="审判组织成员">
      <SPRYXM value="张宇星" nameCN="审判人员姓名" />
      <SPRYJS value="书记员" nameCN="审判人员角色" />
    </SPZZCY>
    <CPSJ value="2014年11月3日" nameCN="裁判时间">
      <Year value="2014" nameCN="结案年度" />
      <JANYR value="2014年11月3日" nameCN="结案年月日" />
      <JANY value="2014-11" nameCN="结案年月" />
      <Month value="11" nameCN="月" />
      <Day value="3" nameCN="日" />
    </CPSJ>
  </WW>
  <FL value="" nameCN="附录" />
</QW>

