<?xml version="1.0" encoding="UTF-8"?>
<QW value="河北省迁安市人民法院&#xA;民事判决书&#xA;（2015）安民初字第5682号&#xA;原告：中国邮政储蓄银行股份有限公司迁安市支行。&#xA;负责人：孟昭平，该行行长。&#xA;委托代理人：庞向华，河北吴春江律师事务所律师。代理权限为特别授权。&#xA;被告：耿鹏，农民。&#xA;被告：耿国忠，农民。&#xA;委托代理人：耿鹏，男，1989年2月2日出生，汉族，农民，住址同上。代理权限为特别授权。&#xA;被告：张丽红，教师。&#xA;原告中国邮政储蓄银行股份有限公司迁安市支行诉被告耿鹏、耿国忠、张丽红借款合同纠纷一案，本院于2015年10月30日立案受理。依法由代理审判员郭新适用简易程序于2015年12月2日公开开庭进行了审理。原告中国邮政储蓄银行股份有限公司迁安市支行委托代理人庞向华、被告耿鹏、耿国忠委托代理人耿鹏、张丽红均到庭参加诉讼。本案现已审理终结。&#xA;原告中国邮政储蓄银行股份有限公司迁安市支行诉称：被告耿鹏、耿国忠向我行借款200000元，被告张丽红提供担保。因被告未按合同约定履行还款义务，保证人也未履行保证责任。要求被告偿还借款本金91577．07元及利息3704．91元；自2015年9月15日至借款还清之日止，逾期利息按年利率14．58％、罚息（年利率4．37％）、复利（年利率4．37％）计算；被告张丽红作为保证人承担连带责任。&#xA;被告耿鹏、耿国忠辩称：对原告起诉没有异议，现在经济困难，无力偿还。&#xA;被告张丽红辩称：我只是担保人，借款应由耿鹏、耿国忠负责偿还。&#xA;经审理查明：2014年9月21日，被告耿鹏、耿国忠与原告签订《小额贷款借款合同》，原告为甲方，被告耿鹏、耿国忠为乙方。合同约定：被告耿鹏、耿国忠向原告借款200000元；期限12个月，自2014年9月至2015年9月；年利率14．58％；还款方式为阶段性等额本息还款法（借款前三个月按月偿还当月利息，不还本金。此后期间，按照等额本息还款法偿还）。根据阶段性等额本息还款法，双方确定还款计划表。不按时归还借款本金的，从逾期之日起按借款利率加收30％的罚息；不按期偿付贷款利息的，其欠息部分按逾期贷款罚息利率计收复利。&#xA;合同签订同日，被告张丽红为被告耿鹏、耿国忠提供保证，与原告签订《小额贷款保证合同》。约定保证范围为：被告耿鹏、耿国忠主合同项下各项债务本金及利息（包括复利和罚息）、违约金、赔偿金和原告实现债权而发生的一切费用。&#xA;当日，原告将借款200000元支付给被告耿鹏、耿国忠。2014年10月21日，被告耿鹏、耿国忠按合同约定及还款计划履行。截至2015年9月14日，被告耿鹏、耿国忠尚欠借款本金91577．07元及利息3704．91元。经原告催要，被告耿鹏、耿国忠未能按时归还借款本息。&#xA;上述事实，有原被告陈述、双方签订的《借款合同》、《保证合同》、小额贷款放款单、借据、小额信贷分期还款计划表和客户还款情况表等证据证实。&#xA;本院认为：原被告双方签订的借款合同及借款担保合同，系双方真实意思表示，合法有效。被告耿鹏、耿国忠理应及时还本付息，担保人张丽红应承担连带责任。依照《中华人民共和国合同法》第二百零六条、第二百零七条，《中华人民共和国担保法》第十八条第二款、第二十一条第一款之规定，判决如下：&#xA;一、被告耿鹏、耿国忠偿还原告中国邮政储蓄银行股份有限公司迁安市支行借款本金91577．07元及利息3704．91元；&#xA;二、被告耿鹏、耿国忠偿还原告中国邮政储蓄银行股份有限公司迁安市支行借款本金91577．07元的利息（年利率14．58％）、罚息（年利率4．37％）、复利（年利率4．37％），自2015年9月15日起至付清之日止；&#xA;三、被告张丽红对上述给付义务负连带责任；&#xA;四、驳回原告中国邮政储蓄银行股份有限公司迁安市支行的其他诉讼请求。&#xA;上述第一、二、三项于判决生效后十日内履行。&#xA;案件受理费2090元，减半收取1045元，由被告耿鹏、耿国忠、张丽红负担。&#xA;如不服本判决，可在判决书送达之日起十五日内，向本院递交上诉状，并按对方当事人的人数提出副本，上诉于河北省唐山市中级人民法院。&#xA;代理审判员郭新&#xA;二〇一五年十二月三日&#xA;书记员邓宁宁&#xA;附：《中华人民共和国合同法》&#xA;第二百零六条借款人应当按照约定的期限返还借款。对借款期限没有约定或者约定不明确，依照本法第六十一条的规定仍不能确定的，借款人可以随时返还；贷款人可以催告借款人在合理期限内返还。&#xA;第二百零七条借款人未按照约定的期限返还借款的，应当按照约定或者国家有关规定支付逾期利息。&#xA;附：《中华人民共和国担保法》&#xA;第十八条当事人在保证合同中约定保证人与债务人对债务承担连带责任的，为连带责任保证。&#xA;连带责任保证的债务人在主合同规定的债务履行期届满没有履行债务的，债权人可以要求债务人履行债务，也可以要求保证人在其保证范围内承担保证责任。&#xA;第二十一条保证担保的范围包括主债权及利息、违约金、损害赔偿金和实现债权的费用。保证合同另有约定的，按照约定。&#xA;当事人对保证担保的范围没有约定或者约定不明确的，保证人应当对全部债务承担责任。&#xA;" nameCN="全文">
  <WS value="河北省迁安市人民法院&#xA;民事判决书&#xA;（2015）安民初字第5682号&#xA;" nameCN="文首">
    <WSZZDW value="法院" nameCN="文书制作单位" />
    <JBFY value="河北省迁安市人民法院" nameCN="经办法院">
      <FYJB value="基层" nameCN="法院级别" />
      <XZQH_P value="河北" nameCN="行政区划(省)" />
      <XZQH_C value="迁安市" nameCN="行政区划(市)" />
    </JBFY>
    <WSMC value="民事判决书" nameCN="文书名称" />
    <AH value="(2015)安民初字第5682号" nameCN="案号" />
    <LAND value="2015" nameCN="立案年度" />
    <AJXZ value="民事案件" nameCN="案件性质" />
    <WSZL value="判决书" nameCN="文书种类" />
    <SPCX value="一审案件" nameCN="审判程序" />
    <AJLX value="民事一审案件" nameCN="案件类型" />
  </WS>
  <SSCYRQJ value="原告：中国邮政储蓄银行股份有限公司迁安市支行。&#xA;负责人：孟昭平，该行行长。&#xA;委托代理人：庞向华，河北吴春江律师事务所律师。代理权限为特别授权。&#xA;被告：耿鹏，农民。&#xA;被告：耿国忠，农民。&#xA;委托代理人：耿鹏，男，1989年2月2日出生，汉族，农民，住址同上。代理权限为特别授权。&#xA;被告：张丽红，教师。&#xA;" nameCN="诉讼参与人全集">
    <SSCYR value="原告：中国邮政储蓄银行股份有限公司迁安市支行。" nameCN="诉讼参与人">
      <SSCYRMC value="中国邮政储蓄银行股份有限公司迁安市支行" nameCN="诉讼参与人名称" />
      <SSSF value="原告" nameCN="诉讼身份" />
      <SSDW value="原告" nameCN="诉讼地位" />
      <DSRLB value="原告" nameCN="当事人类别" />
      <DSRLX value="法人" nameCN="当事人类型" />
      <DTQK value="到庭" nameCN="到庭情况" />
      <DWXZ value="股份有限公司" nameCN="单位性质" />
      <TSHY value="金融" nameCN="特殊行业" />
    </SSCYR>
    <SSCYR value="负责人：孟昭平，该行行长。" nameCN="诉讼参与人">
      <SSCYRMC value="孟昭平" nameCN="诉讼参与人名称" />
      <SSSF value="负责人" nameCN="诉讼身份" />
      <DSRLX value="自然人" nameCN="当事人类型" />
      <GJ value="中国" nameCN="国籍" />
      <DWZWFZ nameCN="单位职务分组">
        <ZW value="行长" nameCN="职务" />
      </DWZWFZ>
    </SSCYR>
    <SSCYR value="委托代理人：庞向华，河北吴春江律师事务所律师。代理权限为特别授权。" nameCN="诉讼参与人">
      <SSCYRMC value="庞向华" nameCN="诉讼参与人名称" />
      <SSSF value="委托代理人" nameCN="诉讼身份" />
      <DSRLX value="自然人" nameCN="当事人类型" />
      <GJ value="中国" nameCN="国籍" />
      <DTQK value="到庭" nameCN="到庭情况" />
      <DWZWFZ nameCN="单位职务分组">
        <ZW value="律师" nameCN="职务" />
      </DWZWFZ>
    </SSCYR>
    <SSCYR value="被告：耿鹏，农民。" nameCN="诉讼参与人">
      <SSCYRMC value="耿鹏" nameCN="诉讼参与人名称" />
      <SSSF value="被告" nameCN="诉讼身份" />
      <SSDW value="被告" nameCN="诉讼地位" />
      <DSRLB value="被告" nameCN="当事人类别" />
      <DSRLX value="自然人" nameCN="当事人类型" />
      <GJ value="中国" nameCN="国籍" />
      <DTQK value="到庭" nameCN="到庭情况" />
      <DWZWFZ nameCN="单位职务分组">
        <ZW value="农民" nameCN="职务" />
      </DWZWFZ>
    </SSCYR>
    <SSCYR value="被告：耿国忠，农民。" nameCN="诉讼参与人">
      <SSCYRMC value="耿国忠" nameCN="诉讼参与人名称" />
      <SSSF value="被告" nameCN="诉讼身份" />
      <SSDW value="被告" nameCN="诉讼地位" />
      <DSRLB value="被告" nameCN="当事人类别" />
      <DSRLX value="自然人" nameCN="当事人类型" />
      <GJ value="中国" nameCN="国籍" />
      <DTQK value="到庭" nameCN="到庭情况" />
      <DWZWFZ nameCN="单位职务分组">
        <ZW value="农民" nameCN="职务" />
      </DWZWFZ>
    </SSCYR>
    <SSCYR value="委托代理人：耿鹏，男，1989年2月2日出生，汉族，农民，住址同上。代理权限为特别授权。" nameCN="诉讼参与人">
      <SSCYRMC value="耿鹏" nameCN="诉讼参与人名称" />
      <SSSF value="委托代理人" nameCN="诉讼身份" />
      <DSRLX value="自然人" nameCN="当事人类型" />
      <XB value="男" nameCN="性别" />
      <MZ value="汉族" nameCN="民族" />
      <CSRQ value="1989年2月2日" nameCN="出生日期">
        <Year value="1989" nameCN="年" />
        <Month value="2" nameCN="月" />
        <Day value="2" nameCN="日" />
      </CSRQ>
      <GJ value="中国" nameCN="国籍" />
      <DSRDZ value="址同上" nameCN="当事人地址" />
      <DTQK value="到庭" nameCN="到庭情况" />
      <DWZWFZ nameCN="单位职务分组">
        <ZW value="农民" nameCN="职务" />
      </DWZWFZ>
    </SSCYR>
    <SSCYR value="被告：张丽红，教师。" nameCN="诉讼参与人">
      <SSCYRMC value="张丽红" nameCN="诉讼参与人名称" />
      <SSSF value="被告" nameCN="诉讼身份" />
      <SSDW value="被告" nameCN="诉讼地位" />
      <DSRLB value="被告" nameCN="当事人类别" />
      <DSRLX value="自然人" nameCN="当事人类型" />
      <GJ value="中国" nameCN="国籍" />
      <DTQK value="到庭" nameCN="到庭情况" />
      <DWZWFZ nameCN="单位职务分组">
        <ZW value="教师" nameCN="职务" />
      </DWZWFZ>
      <TSHY value="教育" nameCN="特殊行业" />
      <JTSFZR value="应承担连带责任" nameCN="交通事故责任" />
    </SSCYR>
    <SSCYRQJ value="错误" nameCN="保险公司是否作为被告" />
  </SSCYRQJ>
  <SSJL value="原告中国邮政储蓄银行股份有限公司迁安市支行诉被告耿鹏、耿国忠、张丽红借款合同纠纷一案，本院于2015年10月30日立案受理。依法由代理审判员郭新适用简易程序于2015年12月2日公开开庭进行了审理。原告中国邮政储蓄银行股份有限公司迁安市支行委托代理人庞向华、被告耿鹏、耿国忠委托代理人耿鹏、张丽红均到庭参加诉讼。本案现已审理终结。" nameCN="诉讼记录">
    <AY value="借款合同纠纷" nameCN="案由" />
    <KTSL value="是" nameCN="开庭审理" />
    <KTSLXX value="公开审理" nameCN="开庭审理信息" />
    <WZAY value="借款合同纠纷" nameCN="完整案由" />
    <AYDM value="9177" nameCN="案由代码" />
    <LARQ value="2015年10月30日" nameCN="立案日期" />
    <YSAJSYCX value="简易程序" nameCN="一审案件适用程序" />
    <JYZPT value="否" nameCN="简易转普通" />
    <YSAJLY value="新收" nameCN="一审案件来源" />
    <SLRQ value="2015年10月30日" nameCN="受理日期" />
    <CTDSRXX nameCN="出庭当事人信息">
      <CTRXM value="耿鹏" nameCN="出庭人姓名">
        <SSDW value="被告" nameCN="诉讼地位" />
      </CTRXM>
      <CTRXM value="庞向华" nameCN="出庭人姓名">
        <SSDW value="委托代理人" nameCN="诉讼地位" />
      </CTRXM>
      <CTRXM value="中国邮政储蓄银行股份有限公司迁安市支行" nameCN="出庭人姓名">
        <SSDW value="原告" nameCN="诉讼地位" />
      </CTRXM>
      <CTRXM value="张丽红" nameCN="出庭人姓名">
        <SSDW value="被告" nameCN="诉讼地位" />
      </CTRXM>
      <CTRXM value="耿国忠" nameCN="出庭人姓名">
        <SSDW value="被告" nameCN="诉讼地位" />
      </CTRXM>
    </CTDSRXX>
  </SSJL>
  <AJJBQK value="原告中国邮政储蓄银行股份有限公司迁安市支行诉称：被告耿鹏、耿国忠向我行借款200000元，被告张丽红提供担保。因被告未按合同约定履行还款义务，保证人也未履行保证责任。要求被告偿还借款本金91577．07元及利息3704．91元；自2015年9月15日至借款还清之日止，逾期利息按年利率14．58％、罚息（年利率4．37％）、复利（年利率4．37％）计算；被告张丽红作为保证人承担连带责任。&#xA;被告耿鹏、耿国忠辩称：对原告起诉没有异议，现在经济困难，无力偿还。&#xA;被告张丽红辩称：我只是担保人，借款应由耿鹏、耿国忠负责偿还。&#xA;经审理查明：2014年9月21日，被告耿鹏、耿国忠与原告签订《小额贷款借款合同》，原告为甲方，被告耿鹏、耿国忠为乙方。合同约定：被告耿鹏、耿国忠向原告借款200000元；期限12个月，自2014年9月至2015年9月；年利率14．58％；还款方式为阶段性等额本息还款法（借款前三个月按月偿还当月利息，不还本金。此后期间，按照等额本息还款法偿还）。根据阶段性等额本息还款法，双方确定还款计划表。不按时归还借款本金的，从逾期之日起按借款利率加收30％的罚息；不按期偿付贷款利息的，其欠息部分按逾期贷款罚息利率计收复利。&#xA;合同签订同日，被告张丽红为被告耿鹏、耿国忠提供保证，与原告签订《小额贷款保证合同》。约定保证范围为：被告耿鹏、耿国忠主合同项下各项债务本金及利息（包括复利和罚息）、违约金、赔偿金和原告实现债权而发生的一切费用。&#xA;当日，原告将借款200000元支付给被告耿鹏、耿国忠。2014年10月21日，被告耿鹏、耿国忠按合同约定及还款计划履行。截至2015年9月14日，被告耿鹏、耿国忠尚欠借款本金91577．07元及利息3704．91元。经原告催要，被告耿鹏、耿国忠未能按时归还借款本息。&#xA;上述事实，有原被告陈述、双方签订的《借款合同》、《保证合同》、小额贷款放款单、借据、小额信贷分期还款计划表和客户还款情况表等证据证实。&#xA;" nameCN="案件基本情况">
    <YGSCD value="原告中国邮政储蓄银行股份有限公司迁安市支行诉称：被告耿鹏、耿国忠向我行借款200000元，被告张丽红提供担保。因被告未按合同约定履行还款义务，保证人也未履行保证责任。要求被告偿还借款本金91577．07元及利息3704．91元；自2015年9月15日至借款还清之日止，逾期利息按年利率14．58％、罚息（年利率4．37％）、复利（年利率4．37％）计算；被告张丽红作为保证人承担连带责任。 " nameCN="原告诉称段" />
    <BGBCD value="被告耿鹏、耿国忠辩称：对原告起诉没有异议，现在经济困难，无力偿还。 被告张丽红辩称：我只是担保人，借款应由耿鹏、耿国忠负责偿还。 " nameCN="被告辩称段" />
    <ZJD value="上述事实，有原被告陈述、双方签订的《借款合同》、《保证合同》、小额贷款放款单、借据、小额信贷分期还款计划表和客户还款情况表等证据证实。" nameCN="证据段" />
    <CMSSD value="经审理查明：2014年9月21日，被告耿鹏、耿国忠与原告签订《小额贷款借款合同》，原告为甲方，被告耿鹏、耿国忠为乙方。合同约定：被告耿鹏、耿国忠向原告借款200000元；期限12个月，自2014年9月至2015年9月；年利率14．58％；还款方式为阶段性等额本息还款法（借款前三个月按月偿还当月利息，不还本金。此后期间，按照等额本息还款法偿还）。根据阶段性等额本息还款法，双方确定还款计划表。不按时归还借款本金的，从逾期之日起按借款利率加收30％的罚息；不按期偿付贷款利息的，其欠息部分按逾期贷款罚息利率计收复利。合同签订同日，被告张丽红为被告耿鹏、耿国忠提供保证，与原告签订《小额贷款保证合同》。约定保证范围为：被告耿鹏、耿国忠主合同项下各项债务本金及利息（包括复利和罚息）、违约金、赔偿金和原告实现债权而发生的一切费用。 当日，原告将借款200000元支付给被告耿鹏、耿国忠。2014年10月21日，被告耿鹏、耿国忠按合同约定及还款计划履行。截至2015年9月14日，被告耿鹏、耿国忠尚欠借款本金91577．07元及利息3704．91元。经原告催要，被告耿鹏、耿国忠未能按时归还借款本息。 " nameCN="查明事实段">
      <SGXQ value="未提及" nameCN="事故详情">
        <SGSJ value="未提及" nameCN="事故时间" />
        <SGDD value="未提及" nameCN="事故地点" />
      </SGXQ>
      <JDCSYR value="耿鹏" nameCN="机动车所有人" />
      <SFTB value="是" nameCN="是否投保" />
      <SFZBXQN value="是" nameCN="是否在保险期内" />
      <SFXQPF value="是" nameCN="是否先期赔付" />
      <JDSFKK value="是" nameCN="鉴定是否可靠" />
    </CMSSD>
  </AJJBQK>
  <CPFXGC value="本院认为：原被告双方签订的借款合同及借款担保合同，系双方真实意思表示，合法有效。被告耿鹏、耿国忠理应及时还本付息，担保人张丽红应承担连带责任。依照《中华人民共和国合同法》第二百零六条、第二百零七条，《中华人民共和国担保法》第十八条第二款、第二十一条第一款之规定，判决如下：&#xA;" nameCN="裁判分析过程">
    <JAFSLX value="判决" nameCN="结案方式类型" />
    <FLFTMC value="中华人民共和国合同法" nameCN="法律法条名称">
      <TM value="二百零六" nameCN="条目" />
      <TM value="二百零七" nameCN="条目" />
      <SFCXF value="非程序法" nameCN="是否是程序法" />
    </FLFTMC>
    <FLFTMC value="中华人民共和国担保法" nameCN="法律法条名称">
      <TM value="十八" nameCN="条目">
        <KM value="第二款" nameCN="款目" />
      </TM>
      <TM value="二十一" nameCN="条目">
        <KM value="第一款" nameCN="款目" />
      </TM>
      <SFCXF value="非程序法" nameCN="是否是程序法" />
    </FLFTMC>
  </CPFXGC>
  <CPJG value="一、被告耿鹏、耿国忠偿还原告中国邮政储蓄银行股份有限公司迁安市支行借款本金91577．07元及利息3704．91元；&#xA;二、被告耿鹏、耿国忠偿还原告中国邮政储蓄银行股份有限公司迁安市支行借款本金91577．07元的利息（年利率14．58％）、罚息（年利率4．37％）、复利（年利率4．37％），自2015年9月15日起至付清之日止；&#xA;三、被告张丽红对上述给付义务负连带责任；&#xA;四、驳回原告中国邮政储蓄银行股份有限公司迁安市支行的其他诉讼请求。&#xA;上述第一、二、三项于判决生效后十日内履行。&#xA;案件受理费2090元，减半收取1045元，由被告耿鹏、耿国忠、张丽红负担。&#xA;如不服本判决，可在判决书送达之日起十五日内，向本院递交上诉状，并按对方当事人的人数提出副本，上诉于河北省唐山市中级人民法院。&#xA;" nameCN="裁判结果">
    <JAFS value="判决" nameCN="结案方式" />
    <PCSFSXZQ value="正确" nameCN="同时起诉侵权人与保险公司的赔偿顺序" />
    <JTPJJG value="一、被告耿鹏、耿国忠偿还原告中国邮政储蓄银行股份有限公司迁安市支行借款本金91577．07元及利息3704．91元；" nameCN="具体裁判段">
      <QLR value="中国邮政储蓄银行股份有限公司迁安市支行" nameCN="权利人">
        <QLRSSDW value="原告" nameCN="诉讼地位" />
      </QLR>
      <YWR value="耿鹏" nameCN="义务人">
        <YWRSSDW value="委托代理人" nameCN="诉讼地位" />
      </YWR>
      <YWR value="耿国忠" nameCN="义务人">
        <YWRSSDW value="被告" nameCN="诉讼地位" />
      </YWR>
      <PJJE nameCN="判决金额">
        <JE value="91577.07元" nameCN="金额" />
        <JELX value="借款" nameCN="金额类型" />
        <JELX value="本金" nameCN="金额类型" />
      </PJJE>
      <PJJE nameCN="判决金额">
        <JE value="3704.91元" nameCN="金额" />
        <JELX value="利息" nameCN="金额类型" />
      </PJJE>
    </JTPJJG>
    <JTPJJG value="二、被告耿鹏、耿国忠偿还原告中国邮政储蓄银行股份有限公司迁安市支行借款本金91577．07元的利息（年利率14．58％）、罚息（年利率4．37％）、复利（年利率4．37％），自2015年9月15日起至付清之日止；" nameCN="具体裁判段">
      <QLR value="中国邮政储蓄银行股份有限公司迁安市支行" nameCN="权利人">
        <QLRSSDW value="原告" nameCN="诉讼地位" />
      </QLR>
      <YWR value="耿鹏" nameCN="义务人">
        <YWRSSDW value="委托代理人" nameCN="诉讼地位" />
      </YWR>
      <YWR value="耿国忠" nameCN="义务人">
        <YWRSSDW value="被告" nameCN="诉讼地位" />
      </YWR>
      <PJJE nameCN="判决金额">
        <JE value="91577.07元" nameCN="金额" />
        <JELX value="借款" nameCN="金额类型" />
        <JELX value="本金" nameCN="金额类型" />
      </PJJE>
    </JTPJJG>
    <JTPJJG value="三、被告张丽红对上述给付义务负连带责任；" nameCN="具体裁判段" />
    <JTPJJG value="四、驳回原告中国邮政储蓄银行股份有限公司迁安市支行的其他诉讼请求。" nameCN="具体裁判段" />
    <JTPJJG value="上述第一、二、三项于判决生效后十日内履行。" nameCN="具体裁判段">
      <PJZXQX value="十日" nameCN="判决执行期限" />
    </JTPJJG>
    <SSFCD nameCN="诉讼费承担">
      <SSFCDJL value="案件受理费2090元，减半收取1045元，由被告耿鹏、耿国忠、张丽红负担。" nameCN="诉讼费承担记录">
        <SSFJE value="1045元" nameCN="诉讼费金额" />
        <SSFZL value="受理费" nameCN="诉讼费种类" />
        <SSFCDR value="耿鹏" nameCN="承担人">
          <SSFCDJE value="1045元" nameCN="承担金额" />
          <SSFCDFS value="与他人共同承担该金额" nameCN="承担方式" />
        </SSFCDR>
        <SSFCDR value="张丽红" nameCN="承担人">
          <SSFCDJE value="1045元" nameCN="承担金额" />
          <SSFCDFS value="与他人共同承担该金额" nameCN="承担方式" />
          <SSFCDDW value="被告" nameCN="承担人地位" />
        </SSFCDR>
        <SSFCDR value="耿国忠" nameCN="承担人">
          <SSFCDJE value="1045元" nameCN="承担金额" />
          <SSFCDFS value="与他人共同承担该金额" nameCN="承担方式" />
          <SSFCDDW value="被告" nameCN="承担人地位" />
        </SSFCDR>
      </SSFCDJL>
    </SSFCD>
    <SFZCSSQQ value="部分支持部分不支持" nameCN="是否支持诉讼请求" />
    <SBSF value="起诉方" nameCN="胜诉方" />
    <SFFHCS value="否" nameCN="是否发回重审" />
    <KSSZ value="河北省唐山市中级人民法院" nameCN="可上诉至" />
    <SSTJCL value="上诉状，并按对方当事人的人数提出副本" nameCN="上诉提交材料" />
    <SSQX value="十五日" nameCN="上诉期限" />
    <TCGXQYY value="否" nameCN="是否提出管辖权异议" />
  </CPJG>
  <WW value="代理审判员郭新&#xA;二〇一五年十二月三日&#xA;书记员邓宁宁&#xA;" nameCN="文尾">
    <SPZZCY nameCN="审判组织成员">
      <SPRYXM value="郭新" nameCN="审判人员姓名" />
      <SPRYJS value="代理审判员" nameCN="审判人员角色" />
    </SPZZCY>
    <SPZZCY nameCN="审判组织成员">
      <SPRYXM value="邓宁宁" nameCN="审判人员姓名" />
      <SPRYJS value="书记员" nameCN="审判人员角色" />
    </SPZZCY>
    <CPSJ value="2015年12月3日" nameCN="裁判时间">
      <Year value="2015" nameCN="结案年度" />
      <JANYR value="2015年12月3日" nameCN="结案年月日" />
      <JANY value="2015-12" nameCN="结案年月" />
      <Month value="12" nameCN="月" />
      <Day value="3" nameCN="日" />
    </CPSJ>
  </WW>
  <FL value="" nameCN="附录" />
</QW>

