<?xml version="1.0" encoding="UTF-8"?>
<QW value="山东省临沂市兰山区人民法院&#xA;民事裁定书&#xA;（2015）临兰民初字第4438号&#xA;原告临沂鲁德城市建设有限公司，住所地：临沂市兰山区南坊街道大朱夏村。&#xA;法定代表人李勉，经理。&#xA;委托代理人刘瑞，山东合清律师事务所律师。&#xA;被告杨彬彬。&#xA;本院在审理原告临沂鲁德城市建设有限公司诉被告杨彬彬房屋买卖合同纠纷一案中，原告临沂鲁德城市建设有限公司于2015年7月24日向本院提出撤诉申请。&#xA;本院认为，原告申请撤回起诉符合有关法律规定，应予准许。依照《中华人民共和国民事诉讼法》第十三条、第五十条、第一百四十五条、第一百五十四条一款（五）项之规定，裁定如下：&#xA;准许原告临沂鲁德城市建设有限公司撤回起诉。&#xA;案件受理费26383元，减半收取13192元，由原告临沂鲁德城市建设有限公司负担。&#xA;审判员王孝振&#xA;二〇一五年七月二十四日&#xA;代书记员张俊萍&#xA;" nameCN="全文">
  <WS value="山东省临沂市兰山区人民法院&#xA;民事裁定书&#xA;（2015）临兰民初字第4438号&#xA;" nameCN="文首">
    <WSZZDW value="法院" nameCN="文书制作单位" />
    <JBFY value="山东省临沂市兰山区人民法院" nameCN="经办法院">
      <FYJB value="基层" nameCN="法院级别" />
      <XZQH_P value="山东" nameCN="行政区划(省)" />
      <XZQH_C value="临沂市" nameCN="行政区划(市)" />
    </JBFY>
    <WSMC value="民事裁定书" nameCN="文书名称" />
    <AH value="(2015)临兰民初字第4438号" nameCN="案号" />
    <LAND value="2015" nameCN="立案年度" />
    <AJXZ value="民事案件" nameCN="案件性质" />
    <WSZL value="裁定书" nameCN="文书种类" />
    <SPCX value="一审案件" nameCN="审判程序" />
    <AJLX value="民事一审案件" nameCN="案件类型" />
  </WS>
  <SSCYRQJ value="原告临沂鲁德城市建设有限公司，住所地：临沂市兰山区南坊街道大朱夏村。&#xA;法定代表人李勉，经理。&#xA;委托代理人刘瑞，山东合清律师事务所律师。&#xA;被告杨彬彬。&#xA;" nameCN="诉讼参与人全集">
    <SSCYR value="原告临沂鲁德城市建设有限公司，住所地：临沂市兰山区南坊街道大朱夏村。" nameCN="诉讼参与人">
      <SSCYRMC value="临沂鲁德城市建设有限公司" nameCN="诉讼参与人名称" />
      <SSSF value="原告" nameCN="诉讼身份" />
      <SSDW value="原告" nameCN="诉讼地位" />
      <DSRLB value="原告" nameCN="当事人类别" />
      <DSRLX value="法人" nameCN="当事人类型" />
      <DSRDZ value="临沂市兰山区南坊街道大朱夏村" nameCN="当事人地址" />
      <DWXZ value="有限责任公司" nameCN="单位性质" />
      <FDDBR value="李勉" nameCN="单位法定代表人" />
    </SSCYR>
    <SSCYR value="法定代表人李勉，经理。" nameCN="诉讼参与人">
      <SSCYRMC value="李勉" nameCN="诉讼参与人名称" />
      <SSSF value="法定代表人" nameCN="诉讼身份" />
      <DSRLX value="自然人" nameCN="当事人类型" />
      <GJ value="中国" nameCN="国籍" />
      <DWZWFZ nameCN="单位职务分组">
        <ZW value="经理" nameCN="职务" />
        <DWMC value="临沂鲁德城市建设有限公司" nameCN="单位名称" />
        <DWXZ value="有限责任公司" nameCN="单位性质" />
      </DWZWFZ>
    </SSCYR>
    <SSCYR value="委托代理人刘瑞，山东合清律师事务所律师。" nameCN="诉讼参与人">
      <SSCYRMC value="刘瑞" nameCN="诉讼参与人名称" />
      <SSSF value="委托代理人" nameCN="诉讼身份" />
      <DSRLX value="自然人" nameCN="当事人类型" />
      <GJ value="中国" nameCN="国籍" />
      <DWZWFZ nameCN="单位职务分组">
        <ZW value="律师" nameCN="职务" />
      </DWZWFZ>
    </SSCYR>
    <SSCYR value="被告杨彬彬。" nameCN="诉讼参与人">
      <SSCYRMC value="杨彬彬" nameCN="诉讼参与人名称" />
      <SSSF value="被告" nameCN="诉讼身份" />
      <SSDW value="被告" nameCN="诉讼地位" />
      <DSRLB value="被告" nameCN="当事人类别" />
      <DSRLX value="自然人" nameCN="当事人类型" />
      <GJ value="中国" nameCN="国籍" />
    </SSCYR>
    <SSCYRQJ value="错误" nameCN="保险公司是否作为被告" />
  </SSCYRQJ>
  <SSJL value="本院在审理原告临沂鲁德城市建设有限公司诉被告杨彬彬房屋买卖合同纠纷一案中，原告临沂鲁德城市建设有限公司于2015年7月24日向本院提出撤诉申请。" nameCN="诉讼记录">
    <CS value="" nameCN="撤诉">
      <CSR value="临沂鲁德城市建设有限公司" nameCN="撤诉人" />
      <RQ value="2015年7月24日" nameCN="日期" />
    </CS>
    <YG value="临沂鲁德城市建设有限公司" nameCN="原告" />
    <BG value="杨彬彬" nameCN="被告" />
    <AY value="房屋买卖合同纠纷" nameCN="案由" />
    <KTSL value="否" nameCN="开庭审理" />
    <WZAY value="房屋买卖合同纠纷" nameCN="完整案由" />
    <AYDM value="9162" nameCN="案由代码" />
    <YSAJSYCX value="普通程序" nameCN="一审案件适用程序" />
    <JYZPT value="否" nameCN="简易转普通" />
    <SPZZ value="独任庭" nameCN="审判组织" />
    <YSAJLY value="新收" nameCN="一审案件来源" />
    <SQCSRQ value="2015年7月24日" nameCN="申请撤诉日期" />
  </SSJL>
  <AJJBQK value="" nameCN="案件基本情况" />
  <CPFXGC value="本院认为，原告申请撤回起诉符合有关法律规定，应予准许。依照《中华人民共和国民事诉讼法》第十三条、第五十条、第一百四十五条、第一百五十四条一款（五）项之规定，裁定如下：&#xA;" nameCN="裁判分析过程">
    <JAFSLX value="裁定" nameCN="结案方式类型" />
    <FLFTMC value="中华人民共和国民事诉讼法" nameCN="法律法条名称">
      <TM value="十三" nameCN="条目" />
      <TM value="五十" nameCN="条目" />
      <TM value="一百四十五" nameCN="条目" />
      <TM value="一百五十四" nameCN="条目">
        <KM value="一款（五）项" nameCN="款目" />
      </TM>
      <SFCXF value="是程序法" nameCN="是否是程序法" />
    </FLFTMC>
  </CPFXGC>
  <CPJG value="准许原告临沂鲁德城市建设有限公司撤回起诉。&#xA;案件受理费26383元，减半收取13192元，由原告临沂鲁德城市建设有限公司负担。&#xA;" nameCN="裁判结果">
    <JAFS value="准予撤诉" nameCN="结案方式" />
    <PCSFSXZQ value="正确" nameCN="同时起诉侵权人与保险公司的赔偿顺序" />
    <JTPJJG value="准许原告临沂鲁德城市建设有限公司撤回起诉。" nameCN="具体裁判段" />
    <SSFCD nameCN="诉讼费承担">
      <SSFCDJL value="案件受理费26383元，减半收取13192元，由原告临沂鲁德城市建设有限公司负担。" nameCN="诉讼费承担记录">
        <SSFJE value="13192元" nameCN="诉讼费金额" />
        <SSFZL value="受理费" nameCN="诉讼费种类" />
        <SSFCDR value="临沂鲁德城市建设有限公司" nameCN="承担人">
          <SSFCDJE value="13192元" nameCN="承担金额" />
          <SSFCDFS value="个人独立承担该金额" nameCN="承担方式" />
          <SSFCDDW value="原告" nameCN="承担人地位" />
        </SSFCDR>
      </SSFCDJL>
    </SSFCD>
    <SFFHCS value="否" nameCN="是否发回重审" />
    <CSRJH nameCN="撤诉人集合">
      <CSR value="临沂鲁德城市建设有限公司" nameCN="撤诉人" />
    </CSRJH>
    <CSLX value="原告主动撤诉" nameCN="撤诉类型" />
    <TCGXQYY value="否" nameCN="是否提出管辖权异议" />
  </CPJG>
  <WW value="审判员王孝振&#xA;二〇一五年七月二十四日&#xA;代书记员张俊萍&#xA;" nameCN="文尾">
    <SPZZCY nameCN="审判组织成员">
      <SPRYXM value="王孝振" nameCN="审判人员姓名" />
      <SPRYJS value="审判员" nameCN="审判人员角色" />
    </SPZZCY>
    <SPZZCY nameCN="审判组织成员">
      <SPRYXM value="张俊萍" nameCN="审判人员姓名" />
      <SPRYJS value="代书记员" nameCN="审判人员角色" />
    </SPZZCY>
    <CPSJ value="2015年7月24日" nameCN="裁判时间">
      <Year value="2015" nameCN="结案年度" />
      <JANYR value="2015年7月24日" nameCN="结案年月日" />
      <JANY value="2015-7" nameCN="结案年月" />
      <Month value="7" nameCN="月" />
      <Day value="24" nameCN="日" />
    </CPSJ>
  </WW>
  <FL value="" nameCN="附录" />
</QW>

