<?xml version="1.0" encoding="UTF-8"?>
<QW value="&#xA;甘肃省临泽县人民法院&#xA;民事裁定书&#xA;（2015）临民初字第1200号&#xA;原告临泽县蓼泉水利管理所。&#xA;法定代表人梁顺武，系该所所长。&#xA;地址：临泽县蓼泉镇蓼泉街。&#xA;被告鲁立银，男，汉族，出生年月不详，甘肃省临泽县人，农民。&#xA;原告临泽县蓼泉水利管理所与被告鲁立银供水合同纠纷一案，本院受理后，原告临泽县蓼泉水利管理所于2015年8月19日向本院申请撤回起诉。&#xA;经本院审查后认为，原告的撤诉申请符合有关法律规定，依据《中华人民共和国民事诉讼法》第一百四十五条之规定，裁定如下：&#xA;准予原告临泽县蓼泉水利管理所撤回起诉。&#xA;案件受理费50元，减半收取25元，由原告临泽县蓼泉水利管理所承担。&#xA;审判员汪如金&#xA;二〇一五年八月十九日&#xA;书记员谷颖&#xA;" nameCN="全文">
  <WS value="甘肃省临泽县人民法院&#xA;民事裁定书&#xA;（2015）临民初字第1200号&#xA;" nameCN="文首">
    <WSZZDW value="法院" nameCN="文书制作单位" />
    <JBFY value="甘肃省临泽县人民法院" nameCN="经办法院">
      <FYJB value="基层" nameCN="法院级别" />
      <XZQH_P value="甘肃" nameCN="行政区划(省)" />
      <XZQH_C value="甘肃" nameCN="行政区划(市)" />
    </JBFY>
    <WSMC value="民事裁定书" nameCN="文书名称" />
    <AH value="(2015)临民初字第1200号" nameCN="案号" />
    <LAND value="2015" nameCN="立案年度" />
    <AJXZ value="民事案件" nameCN="案件性质" />
    <WSZL value="裁定书" nameCN="文书种类" />
    <SPCX value="一审案件" nameCN="审判程序" />
    <AJLX value="民事一审案件" nameCN="案件类型" />
  </WS>
  <SSCYRQJ value="原告临泽县蓼泉水利管理所。&#xA;法定代表人梁顺武，系该所所长。&#xA;地址：临泽县蓼泉镇蓼泉街。&#xA;被告鲁立银，男，汉族，出生年月不详，甘肃省临泽县人，农民。&#xA;" nameCN="诉讼参与人全集">
    <SSCYR value="原告临泽县蓼泉水利管理所。" nameCN="诉讼参与人">
      <SSCYRMC value="临泽县蓼泉水利管理所" nameCN="诉讼参与人名称" />
      <SSSF value="原告" nameCN="诉讼身份" />
      <SSDW value="原告" nameCN="诉讼地位" />
      <DSRLB value="原告" nameCN="当事人类别" />
      <DSRLX value="法人" nameCN="当事人类型" />
      <FDDBR value="梁顺武" nameCN="单位法定代表人" />
    </SSCYR>
    <SSCYR value="法定代表人梁顺武，系该所所长。" nameCN="诉讼参与人">
      <SSCYRMC value="梁顺武" nameCN="诉讼参与人名称" />
      <SSSF value="法定代表人" nameCN="诉讼身份" />
      <DSRLX value="自然人" nameCN="当事人类型" />
      <GJ value="中国" nameCN="国籍" />
      <DWZWFZ nameCN="单位职务分组">
        <DWMC value="临泽县蓼泉水利管理所" nameCN="单位名称" />
      </DWZWFZ>
    </SSCYR>
    <SSCYR value="地址：临泽县蓼泉镇蓼泉街。" nameCN="诉讼参与人">
      <SSCYRMC value="临泽县蓼泉镇蓼泉街" nameCN="诉讼参与人名称" />
      <SSSF value="地址" nameCN="诉讼身份" />
      <DSRLX value="法人" nameCN="当事人类型" />
    </SSCYR>
    <SSCYR value="被告鲁立银，男，汉族，出生年月不详，甘肃省临泽县人，农民。" nameCN="诉讼参与人">
      <SSCYRMC value="鲁立银" nameCN="诉讼参与人名称" />
      <SSSF value="被告" nameCN="诉讼身份" />
      <SSDW value="被告" nameCN="诉讼地位" />
      <DSRLB value="被告" nameCN="当事人类别" />
      <DSRLX value="自然人" nameCN="当事人类型" />
      <XB value="男" nameCN="性别" />
      <MZ value="汉族" nameCN="民族" />
      <GJ value="中国" nameCN="国籍" />
      <DWZWFZ nameCN="单位职务分组">
        <ZW value="农民" nameCN="职务" />
      </DWZWFZ>
    </SSCYR>
    <SSCYRQJ value="错误" nameCN="保险公司是否作为被告" />
  </SSCYRQJ>
  <SSJL value="原告临泽县蓼泉水利管理所与被告鲁立银供水合同纠纷一案，本院受理后，原告临泽县蓼泉水利管理所于2015年8月19日向本院申请撤回起诉。" nameCN="诉讼记录">
    <CS value="" nameCN="撤诉">
      <CSR value="临泽县蓼泉水利管理所" nameCN="撤诉人" />
      <RQ value="2015年8月19日" nameCN="日期" />
    </CS>
    <YG value="临泽县蓼泉水利管理所" nameCN="原告" />
    <BG value="鲁立银供水" nameCN="被告" />
    <AY value="合同纠纷" nameCN="案由" />
    <KTSL value="否" nameCN="开庭审理" />
    <WZAY value="合同纠纷" nameCN="完整案由" />
    <AYDM value="9131" nameCN="案由代码" />
    <YSAJSYCX value="普通程序" nameCN="一审案件适用程序" />
    <JYZPT value="否" nameCN="简易转普通" />
    <SPZZ value="独任庭" nameCN="审判组织" />
    <YSAJLY value="新收" nameCN="一审案件来源" />
    <SQCSRQ value="2015年8月19日" nameCN="申请撤诉日期" />
  </SSJL>
  <AJJBQK value="" nameCN="案件基本情况" />
  <CPFXGC value="经本院审查后认为，原告的撤诉申请符合有关法律规定，依据《中华人民共和国民事诉讼法》第一百四十五条之规定，裁定如下：&#xA;" nameCN="裁判分析过程">
    <JAFSLX value="裁定" nameCN="结案方式类型" />
    <FLFTMC value="中华人民共和国民事诉讼法" nameCN="法律法条名称">
      <TM value="一百四十五" nameCN="条目" />
      <SFCXF value="是程序法" nameCN="是否是程序法" />
    </FLFTMC>
  </CPFXGC>
  <CPJG value="准予原告临泽县蓼泉水利管理所撤回起诉。&#xA;案件受理费50元，减半收取25元，由原告临泽县蓼泉水利管理所承担。&#xA;" nameCN="裁判结果">
    <JAFS value="准予撤诉" nameCN="结案方式" />
    <PCSFSXZQ value="正确" nameCN="同时起诉侵权人与保险公司的赔偿顺序" />
    <JTPJJG value="准予原告临泽县蓼泉水利管理所撤回起诉。" nameCN="具体裁判段" />
    <SSFCD nameCN="诉讼费承担">
      <SSFCDJL value="案件受理费50元，减半收取25元，由原告临泽县蓼泉水利管理所承担。" nameCN="诉讼费承担记录">
        <SSFJE value="25元" nameCN="诉讼费金额" />
        <SSFZL value="受理费" nameCN="诉讼费种类" />
        <SSFCDR value="临泽县蓼泉水利管理所" nameCN="承担人">
          <SSFCDJE value="25元" nameCN="承担金额" />
          <SSFCDFS value="个人独立承担该金额" nameCN="承担方式" />
          <SSFCDDW value="原告" nameCN="承担人地位" />
        </SSFCDR>
      </SSFCDJL>
    </SSFCD>
    <SFFHCS value="否" nameCN="是否发回重审" />
    <CSRJH nameCN="撤诉人集合">
      <CSR value="临泽县蓼泉水利管理所" nameCN="撤诉人" />
    </CSRJH>
    <CSLX value="原告主动撤诉" nameCN="撤诉类型" />
    <TCGXQYY value="否" nameCN="是否提出管辖权异议" />
  </CPJG>
  <WW value="审判员汪如金&#xA;二〇一五年八月十九日&#xA;书记员谷颖&#xA;" nameCN="文尾">
    <SPZZCY nameCN="审判组织成员">
      <SPRYXM value="汪如金" nameCN="审判人员姓名" />
      <SPRYJS value="审判员" nameCN="审判人员角色" />
    </SPZZCY>
    <SPZZCY nameCN="审判组织成员">
      <SPRYXM value="谷颖" nameCN="审判人员姓名" />
      <SPRYJS value="书记员" nameCN="审判人员角色" />
    </SPZZCY>
    <CPSJ value="2015年8月19日" nameCN="裁判时间">
      <Year value="2015" nameCN="结案年度" />
      <JANYR value="2015年8月19日" nameCN="结案年月日" />
      <JANY value="2015-8" nameCN="结案年月" />
      <Month value="8" nameCN="月" />
      <Day value="19" nameCN="日" />
    </CPSJ>
  </WW>
  <FL value="" nameCN="附录" />
</QW>

