<?xml version="1.0" encoding="UTF-8"?>
<QW value="&#xA;浙江省义乌市人民法院&#xA;民事裁定书&#xA;（2015）金义民初字第642号&#xA;原告义乌市恒风物业管理有限公司。&#xA;法定代表人王斌。&#xA;委托代理人许贞朋。&#xA;委托代理人丁作晨。&#xA;被告罗阿宝。&#xA;原告义乌市恒风物业管理有限公司诉被告罗阿宝物业服务合同纠纷一案，本院于2015年3月3日立案受理后，因原告义乌市恒风物业管理有限公司未在规定期限内交纳诉讼费，也未提出缓、免交申请，不履行诉讼义务，依照《诉讼费用交纳办法》第二十二条、《最高人民法院关于适用&amp;lt；诉讼费用交纳办法&amp;gt；的通知》第二条、《中华人民共和国民事诉讼法》第一百五十四条第一款第（十一）项之规定，裁定如下：&#xA;本案按撤诉处理。&#xA;代理审判员俞霞珍&#xA;二〇一五年三月十二日&#xA;书记员张艳琳&#xA;" nameCN="全文">
  <WS value="浙江省义乌市人民法院&#xA;民事裁定书&#xA;（2015）金义民初字第642号&#xA;" nameCN="文首">
    <WSZZDW value="法院" nameCN="文书制作单位" />
    <JBFY value="浙江省义乌市人民法院" nameCN="经办法院">
      <FYJB value="基层" nameCN="法院级别" />
      <XZQH_P value="浙江" nameCN="行政区划(省)" />
      <XZQH_C value="义乌市" nameCN="行政区划(市)" />
    </JBFY>
    <WSMC value="民事裁定书" nameCN="文书名称" />
    <AH value="(2015)金义民初字第642号" nameCN="案号" />
    <LAND value="2015" nameCN="立案年度" />
    <AJXZ value="民事案件" nameCN="案件性质" />
    <WSZL value="裁定书" nameCN="文书种类" />
    <SPCX value="一审案件" nameCN="审判程序" />
    <AJLX value="民事一审案件" nameCN="案件类型" />
  </WS>
  <SSCYRQJ value="原告义乌市恒风物业管理有限公司。&#xA;法定代表人王斌。&#xA;委托代理人许贞朋。&#xA;委托代理人丁作晨。&#xA;被告罗阿宝。&#xA;" nameCN="诉讼参与人全集">
    <SSCYR value="原告义乌市恒风物业管理有限公司。" nameCN="诉讼参与人">
      <SSCYRMC value="义乌市恒风物业管理有限公司" nameCN="诉讼参与人名称" />
      <SSSF value="原告" nameCN="诉讼身份" />
      <SSDW value="原告" nameCN="诉讼地位" />
      <DSRLB value="原告" nameCN="当事人类别" />
      <DSRLX value="法人" nameCN="当事人类型" />
      <DWXZ value="有限责任公司" nameCN="单位性质" />
      <FDDBR value="王斌" nameCN="单位法定代表人" />
    </SSCYR>
    <SSCYR value="法定代表人王斌。" nameCN="诉讼参与人">
      <SSCYRMC value="王斌" nameCN="诉讼参与人名称" />
      <SSSF value="法定代表人" nameCN="诉讼身份" />
      <DSRLX value="自然人" nameCN="当事人类型" />
      <GJ value="中国" nameCN="国籍" />
      <DWZWFZ nameCN="单位职务分组">
        <DWMC value="义乌市恒风物业管理有限公司" nameCN="单位名称" />
        <DWXZ value="有限责任公司" nameCN="单位性质" />
      </DWZWFZ>
    </SSCYR>
    <SSCYR value="委托代理人许贞朋。" nameCN="诉讼参与人">
      <SSCYRMC value="许贞朋" nameCN="诉讼参与人名称" />
      <SSSF value="委托代理人" nameCN="诉讼身份" />
      <DSRLX value="自然人" nameCN="当事人类型" />
      <GJ value="中国" nameCN="国籍" />
    </SSCYR>
    <SSCYR value="委托代理人丁作晨。" nameCN="诉讼参与人">
      <SSCYRMC value="丁作晨" nameCN="诉讼参与人名称" />
      <SSSF value="委托代理人" nameCN="诉讼身份" />
      <DSRLX value="自然人" nameCN="当事人类型" />
      <GJ value="中国" nameCN="国籍" />
    </SSCYR>
    <SSCYR value="被告罗阿宝。" nameCN="诉讼参与人">
      <SSCYRMC value="罗阿宝" nameCN="诉讼参与人名称" />
      <SSSF value="被告" nameCN="诉讼身份" />
      <SSDW value="被告" nameCN="诉讼地位" />
      <DSRLB value="被告" nameCN="当事人类别" />
      <DSRLX value="自然人" nameCN="当事人类型" />
      <GJ value="中国" nameCN="国籍" />
    </SSCYR>
    <SSCYRQJ value="错误" nameCN="保险公司是否作为被告" />
  </SSCYRQJ>
  <SSJL value="原告义乌市恒风物业管理有限公司诉被告罗阿宝物业服务合同纠纷一案，本院于2015年3月3日立案受理后，因原告义乌市恒风物业管理有限公司未在规定期限内交纳诉讼费，也未提出缓、免交申请，不履行诉讼义务，依照《诉讼费用交纳办法》第二十二条、《最高人民法院关于适用&amp;lt；诉讼费用交纳办法&amp;gt；的通知》第二条、《中华人民共和国民事诉讼法》第一百五十四条第一款第（十一）项之规定，裁定如下：" nameCN="诉讼记录">
    <YG value="义乌市恒风物业管理有限公司" nameCN="原告" />
    <BG value="罗阿宝" nameCN="被告" />
    <AY value="物业服务合同纠纷" nameCN="案由" />
    <KTSL value="否" nameCN="开庭审理" />
    <WZAY value="物业服务合同纠纷" nameCN="完整案由" />
    <AYDM value="9280" nameCN="案由代码" />
    <LARQ value="2015年3月3日" nameCN="立案日期" />
    <YSAJSYCX value="普通程序" nameCN="一审案件适用程序" />
    <JYZPT value="否" nameCN="简易转普通" />
    <SPZZ value="独任庭" nameCN="审判组织" />
    <YSAJLY value="新收" nameCN="一审案件来源" />
    <SLRQ value="2015年3月3日" nameCN="受理日期" />
  </SSJL>
  <AJJBQK value="" nameCN="案件基本情况" />
  <CPFXGC value="原告义乌市恒风物业管理有限公司诉被告罗阿宝物业服务合同纠纷一案，本院于2015年3月3日立案受理后，因原告义乌市恒风物业管理有限公司未在规定期限内交纳诉讼费，也未提出缓、免交申请，不履行诉讼义务，依照《诉讼费用交纳办法》第二十二条、《最高人民法院关于适用&amp;lt；诉讼费用交纳办法&amp;gt；的通知》第二条、《中华人民共和国民事诉讼法》第一百五十四条第一款第（十一）项之规定，裁定如下：&#xA;" nameCN="裁判分析过程">
    <JAFSLX value="裁定" nameCN="结案方式类型" />
    <FLFTMC value="诉讼费用交纳办法" nameCN="法律法条名称">
      <TM value="二十二" nameCN="条目" />
      <SFCXF value="非程序法" nameCN="是否是程序法" />
    </FLFTMC>
    <FLFTMC value="最高人民法院关于适用&amp;lt诉讼费用交纳办法&amp;gt的通知" nameCN="法律法条名称">
      <TM value="二" nameCN="条目" />
      <SFCXF value="非程序法" nameCN="是否是程序法" />
    </FLFTMC>
    <FLFTMC value="中华人民共和国民事诉讼法" nameCN="法律法条名称">
      <TM value="一百五十四" nameCN="条目">
        <KM value="第一款第（十一）项" nameCN="款目" />
      </TM>
      <SFCXF value="是程序法" nameCN="是否是程序法" />
    </FLFTMC>
  </CPFXGC>
  <CPJG value="本案按撤诉处理。&#xA;" nameCN="裁判结果">
    <JAFS value="按撤诉处理" nameCN="结案方式" />
    <PCSFSXZQ value="正确" nameCN="同时起诉侵权人与保险公司的赔偿顺序" />
    <JTPJJG value="本案按撤诉处理。" nameCN="具体裁判段" />
    <SFFHCS value="否" nameCN="是否发回重审" />
    <TCGXQYY value="否" nameCN="是否提出管辖权异议" />
  </CPJG>
  <WW value="代理审判员俞霞珍&#xA;二〇一五年三月十二日&#xA;书记员张艳琳&#xA;" nameCN="文尾">
    <SPZZCY nameCN="审判组织成员">
      <SPRYXM value="俞霞珍" nameCN="审判人员姓名" />
      <SPRYJS value="代理审判员" nameCN="审判人员角色" />
    </SPZZCY>
    <SPZZCY nameCN="审判组织成员">
      <SPRYXM value="张艳琳" nameCN="审判人员姓名" />
      <SPRYJS value="书记员" nameCN="审判人员角色" />
    </SPZZCY>
    <CPSJ value="2015年3月12日" nameCN="裁判时间">
      <Year value="2015" nameCN="结案年度" />
      <JANYR value="2015年3月12日" nameCN="结案年月日" />
      <JANY value="2015-3" nameCN="结案年月" />
      <Month value="3" nameCN="月" />
      <Day value="12" nameCN="日" />
    </CPSJ>
  </WW>
  <FL value="" nameCN="附录" />
</QW>

