<?xml version="1.0" encoding="UTF-8"?>
<QW value="宁城县人民法院&#xA;民事判决书&#xA;（2015）宁民初字第05654号&#xA;原告于淑兰，女，汉族。&#xA;被告王荣新，男，汉族。&#xA;被告王甲勤，男，汉族。&#xA;原告于淑兰与被告王荣新、王甲勤民间借贷纠纷一案，本院于2015年10月9日立案受理。依法由审判员张七品适用简易程序公开开庭进行了审理。原告于淑兰到庭参加诉讼。被告王荣新、王甲勤经本院传票传唤无正当理由拒不到庭参加诉讼。本案缺席审理，现已审理终结。&#xA;原告于淑兰诉称，2012年3月28日，二被告向我借款30000元。此款经我多次索要未果。故起诉，请求二被告偿还借款30000元。&#xA;原告向本院提交了欠条一枚，证明二被告借原告30000元。&#xA;本院对原告所举的证据认证如下：原告提供的证据内容客观真实，与本案有关联，本院予以采信。&#xA;被告王荣新、王甲勤未答辩亦未向本院提交证据。&#xA;经审理查明，2012年3月28日，二被告向原告借款30000元。并出具欠条一枚。此款经原告索要未果。原告诉至本院，请求二被告偿还上述借款。&#xA;本院认为，二被告借原告款属实，有其出具的欠条予以证实，二被告应当履行偿还义务。故对原告的诉讼请求，本院予以支持。依据《中华人民共和国民法通则》第八十四条、第一百零八条，《中华人民共和国民事诉讼法》第一百四十四条的规定，判决如下：&#xA;被告王荣新、王甲勤于本判决生效后立即偿还原告于淑兰借款30000元。&#xA;如果未按本判决指定的期间履行给付金钱义务，应当依照《中华人民共和国民事诉讼法》第二百五十三条的规定，加倍支付迟延履行期间的债务利息。&#xA;案件受理费275元，由二被告负担。&#xA;如不服本判决，可在判决书送达之日起十五日内，向本院递交上诉状，并按对方当事人的人数提出副本，上诉于赤峰市中级人民法院。&#xA;审判员张七品&#xA;二〇一五年十一月十一日&#xA;书记员李立军&#xA;" nameCN="全文">
  <WS value="宁城县人民法院&#xA;民事判决书&#xA;（2015）宁民初字第05654号&#xA;" nameCN="文首">
    <WSZZDW value="法院" nameCN="文书制作单位" />
    <JBFY value="宁城县人民法院" nameCN="经办法院">
      <FYJB value="基层" nameCN="法院级别" />
    </JBFY>
    <WSMC value="民事判决书" nameCN="文书名称" />
    <AH value="(2015)宁民初字第05654号" nameCN="案号" />
    <LAND value="2015" nameCN="立案年度" />
    <AJXZ value="民事案件" nameCN="案件性质" />
    <WSZL value="判决书" nameCN="文书种类" />
    <SPCX value="一审案件" nameCN="审判程序" />
    <AJLX value="民事一审案件" nameCN="案件类型" />
  </WS>
  <SSCYRQJ value="原告于淑兰，女，汉族。&#xA;被告王荣新，男，汉族。&#xA;被告王甲勤，男，汉族。&#xA;" nameCN="诉讼参与人全集">
    <SSCYR value="原告于淑兰，女，汉族。" nameCN="诉讼参与人">
      <SSCYRMC value="于淑兰" nameCN="诉讼参与人名称" />
      <SSSF value="原告" nameCN="诉讼身份" />
      <SSDW value="原告" nameCN="诉讼地位" />
      <DSRLB value="原告" nameCN="当事人类别" />
      <DSRLX value="自然人" nameCN="当事人类型" />
      <XB value="女" nameCN="性别" />
      <MZ value="汉族" nameCN="民族" />
      <GJ value="中国" nameCN="国籍" />
      <DTQK value="到庭" nameCN="到庭情况" />
    </SSCYR>
    <SSCYR value="被告王荣新，男，汉族。" nameCN="诉讼参与人">
      <SSCYRMC value="王荣新" nameCN="诉讼参与人名称" />
      <SSSF value="被告" nameCN="诉讼身份" />
      <SSDW value="被告" nameCN="诉讼地位" />
      <DSRLB value="被告" nameCN="当事人类别" />
      <DSRLX value="自然人" nameCN="当事人类型" />
      <XB value="男" nameCN="性别" />
      <MZ value="汉族" nameCN="民族" />
      <GJ value="中国" nameCN="国籍" />
    </SSCYR>
    <SSCYR value="被告王甲勤，男，汉族。" nameCN="诉讼参与人">
      <SSCYRMC value="王甲勤" nameCN="诉讼参与人名称" />
      <SSSF value="被告" nameCN="诉讼身份" />
      <SSDW value="被告" nameCN="诉讼地位" />
      <DSRLB value="被告" nameCN="当事人类别" />
      <DSRLX value="自然人" nameCN="当事人类型" />
      <XB value="男" nameCN="性别" />
      <MZ value="汉族" nameCN="民族" />
      <GJ value="中国" nameCN="国籍" />
    </SSCYR>
    <SSCYRQJ value="错误" nameCN="保险公司是否作为被告" />
  </SSCYRQJ>
  <SSJL value="原告于淑兰与被告王荣新、王甲勤民间借贷纠纷一案，本院于2015年10月9日立案受理。依法由审判员张七品适用简易程序公开开庭进行了审理。原告于淑兰到庭参加诉讼。被告王荣新、王甲勤经本院传票传唤无正当理由拒不到庭参加诉讼。本案缺席审理，现已审理终结。" nameCN="诉讼记录">
    <JJCT value="" nameCN="拒绝出庭">
      <DSR value="" nameCN="当事人" />
      <RQ value="" nameCN="日期" />
    </JJCT>
    <AY value="民间借贷纠纷" nameCN="案由" />
    <KTSL value="是" nameCN="开庭审理" />
    <KTSLXX value="公开审理" nameCN="开庭审理信息" />
    <WZAY value="民间借贷纠纷" nameCN="完整案由" />
    <AYDM value="9181" nameCN="案由代码" />
    <LARQ value="2015年10月9日" nameCN="立案日期" />
    <YSAJSYCX value="简易程序" nameCN="一审案件适用程序" />
    <JYZPT value="否" nameCN="简易转普通" />
    <YSAJLY value="新收" nameCN="一审案件来源" />
    <SLRQ value="2015年10月9日" nameCN="受理日期" />
    <DXRQX nameCN="当事人缺席">
      <XM value="王荣新" nameCN="姓名">
        <SSDW value="被告" nameCN="诉讼地位" />
      </XM>
      <XM value="王甲勤" nameCN="姓名">
        <SSDW value="被告" nameCN="诉讼地位" />
      </XM>
    </DXRQX>
    <CTDSRXX nameCN="出庭当事人信息">
      <CTRXM value="于淑兰" nameCN="出庭人姓名">
        <SSDW value="原告" nameCN="诉讼地位" />
      </CTRXM>
    </CTDSRXX>
  </SSJL>
  <AJJBQK value="原告于淑兰诉称，2012年3月28日，二被告向我借款30000元。此款经我多次索要未果。故起诉，请求二被告偿还借款30000元。&#xA;原告向本院提交了欠条一枚，证明二被告借原告30000元。&#xA;本院对原告所举的证据认证如下：原告提供的证据内容客观真实，与本案有关联，本院予以采信。&#xA;被告王荣新、王甲勤未答辩亦未向本院提交证据。&#xA;经审理查明，2012年3月28日，二被告向原告借款30000元。并出具欠条一枚。此款经原告索要未果。原告诉至本院，请求二被告偿还上述借款。&#xA;" nameCN="案件基本情况">
    <YGSCD value="原告于淑兰诉称，2012年3月28日，二被告向我借款30000元。此款经我多次索要未果。故起诉，请求二被告偿还借款30000元。 " nameCN="原告诉称段" />
    <BGBCD value="被告王荣新、王甲勤未答辩亦未向本院提交证据。 " nameCN="被告辩称段" />
    <ZJD value="原告向本院提交了欠条一枚，证明二被告借原告30000元。本院对原告所举的证据认证如下：原告提供的证据内容客观真实，与本案有关联，本院予以采信。 " nameCN="证据段" />
    <CMSSD value="经审理查明，2012年3月28日，二被告向原告借款30000元。并出具欠条一枚。此款经原告索要未果。原告诉至本院，请求二被告偿还上述借款。" nameCN="查明事实段">
      <SGXQ value="未提及" nameCN="事故详情">
        <SGSJ value="未提及" nameCN="事故时间" />
        <SGDD value="未提及" nameCN="事故地点" />
      </SGXQ>
      <JDCSYR value="王荣新" nameCN="机动车所有人" />
      <SFTB value="是" nameCN="是否投保" />
      <SFZBXQN value="是" nameCN="是否在保险期内" />
      <SFXQPF value="是" nameCN="是否先期赔付" />
      <JDSFKK value="是" nameCN="鉴定是否可靠" />
    </CMSSD>
  </AJJBQK>
  <CPFXGC value="本院认为，二被告借原告款属实，有其出具的欠条予以证实，二被告应当履行偿还义务。故对原告的诉讼请求，本院予以支持。依据《中华人民共和国民法通则》第八十四条、第一百零八条，《中华人民共和国民事诉讼法》第一百四十四条的规定，判决如下：&#xA;" nameCN="裁判分析过程">
    <JAFSLX value="判决" nameCN="结案方式类型" />
    <FLFTMC value="中华人民共和国民法通则" nameCN="法律法条名称">
      <TM value="一百零八" nameCN="条目" />
      <TM value="八十四" nameCN="条目" />
      <SFCXF value="非程序法" nameCN="是否是程序法" />
    </FLFTMC>
    <FLFTMC value="中华人民共和国民事诉讼法" nameCN="法律法条名称">
      <TM value="一百四十四" nameCN="条目" />
      <SFCXF value="是程序法" nameCN="是否是程序法" />
    </FLFTMC>
  </CPFXGC>
  <CPJG value="被告王荣新、王甲勤于本判决生效后立即偿还原告于淑兰借款30000元。&#xA;如果未按本判决指定的期间履行给付金钱义务，应当依照《中华人民共和国民事诉讼法》第二百五十三条的规定，加倍支付迟延履行期间的债务利息。&#xA;案件受理费275元，由二被告负担。&#xA;如不服本判决，可在判决书送达之日起十五日内，向本院递交上诉状，并按对方当事人的人数提出副本，上诉于赤峰市中级人民法院。&#xA;" nameCN="裁判结果">
    <JAFS value="判决" nameCN="结案方式" />
    <PCSFSXZQ value="正确" nameCN="同时起诉侵权人与保险公司的赔偿顺序" />
    <JTPJJG value="被告王荣新、王甲勤于本判决生效后立即偿还原告于淑兰借款30000元。" nameCN="具体裁判段">
      <QLR value="于淑兰" nameCN="权利人">
        <QLRSSDW value="原告" nameCN="诉讼地位" />
      </QLR>
      <YWR value="王荣新" nameCN="义务人">
        <YWRSSDW value="被告" nameCN="诉讼地位" />
      </YWR>
      <YWR value="王甲勤" nameCN="义务人">
        <YWRSSDW value="被告" nameCN="诉讼地位" />
      </YWR>
      <PJJE nameCN="判决金额">
        <JE value="30000元" nameCN="金额" />
        <JELX value="借款" nameCN="金额类型" />
      </PJJE>
    </JTPJJG>
    <JTPJJG value="如果未按本判决指定的期间履行给付金钱义务，应当依照《中华人民共和国民事诉讼法》第二百五十三条的规定，加倍支付迟延履行期间的债务利息。" nameCN="具体裁判段" />
    <SSFCD nameCN="诉讼费承担">
      <SSFCDJL value="案件受理费275元，由二被告负担。" nameCN="诉讼费承担记录">
        <SSFJE value="275元" nameCN="诉讼费金额" />
        <SSFZL value="受理费" nameCN="诉讼费种类" />
      </SSFCDJL>
    </SSFCD>
    <SFFHCS value="否" nameCN="是否发回重审" />
    <KSSZ value="赤峰市中级人民法院" nameCN="可上诉至" />
    <SSTJCL value="上诉状，并按对方当事人的人数提出副本" nameCN="上诉提交材料" />
    <SSQX value="十五日" nameCN="上诉期限" />
    <TCGXQYY value="否" nameCN="是否提出管辖权异议" />
  </CPJG>
  <WW value="审判员张七品&#xA;二〇一五年十一月十一日&#xA;书记员李立军&#xA;" nameCN="文尾">
    <SPZZCY nameCN="审判组织成员">
      <SPRYXM value="张七品" nameCN="审判人员姓名" />
      <SPRYJS value="审判员" nameCN="审判人员角色" />
    </SPZZCY>
    <SPZZCY nameCN="审判组织成员">
      <SPRYXM value="李立军" nameCN="审判人员姓名" />
      <SPRYJS value="书记员" nameCN="审判人员角色" />
    </SPZZCY>
    <CPSJ value="2015年11月11日" nameCN="裁判时间">
      <Year value="2015" nameCN="结案年度" />
      <JANYR value="2015年11月11日" nameCN="结案年月日" />
      <JANY value="2015-11" nameCN="结案年月" />
      <Month value="11" nameCN="月" />
      <Day value="11" nameCN="日" />
    </CPSJ>
  </WW>
  <FL value="" nameCN="附录" />
</QW>

