<?xml version="1.0" encoding="UTF-8"?>
<QW value="山东省莱芜市莱城区人民法院&#xA;民事判决书&#xA;（2015）莱城民初字第1236号&#xA;原告：亓涛。&#xA;被告：魏亮。&#xA;被告：陈凤。&#xA;原告亓涛与被告魏亮、陈凤民间借贷纠纷一案，本院受理后，依法组成合议庭，公开开庭进行了审理。原告亓涛到庭参加诉讼，被告魏亮、陈凤经传票合法传唤无正当理由拒不到庭参加诉讼，本院依法缺席审理。本案现已审理终结。&#xA;原告亓涛诉称：被告魏亮、陈凤为夫妻关系，自2013年10月17号向我借款10000元用于生意周转，2013年11月19日又借20000元，2014年1月28号、2014男7月28号分三次又借8000元、3500元、1800元，共计43300元。经多次催要拒不偿还。特诉至法院，请判令被告支付借款43300元及利息；本案所有费用由被告支付。&#xA;被告魏亮、陈凤均未作答辩。&#xA;本案的争议焦点为，原告要求被告偿还借款及利息有无事实及法律依据；两被告责任承担问题。原告对上述争议焦点无异议，无补充。&#xA;经审理查明：2013年10月17日被告亓涛向原告借款一万元，并为原告出具借条一份，内容为：“今借亓涛现金壹万元正（10000．00）魏亮2013．10．17号”。2013年11月19日两被告向原告借款2万元，为原告出具借条一份，内容为：“今借亓涛现金贰万元正（20000．00）魏亮陈凤2013．11．19号”。2014年1月28日、2014年9月28日被告魏亮分别又向原告借款8000元、3500元，并向原告出具欠条、借条各一份。被告魏亮还曾向原告借款1800元，并向原告出具借条一份。2015年1月7日被告魏亮向原告出具保证书一份，内容为：“保证年前还款贰万元正（20000．00）如还不上贰万元可承担原告欠条本金每月10％的滞纳金，付带法院民事责任。（还款日期2．16之前）保证人：魏亮2015．1．7”。被告累计偿还10000元后，未再履行还款义务。2015年5月5日，原告诉来本院，要求被告偿还借款及利息。&#xA;以上事实，由原告提交的借条两份及原告在庭审中的陈述等证据予以证实。&#xA;本院认为：被告向原告借款43300元，事实清楚，证据充分，原告作为债权人，有权按照约定或法律规定，要求被告承担还款责任，被告偿还的10000元应依法予以扣除，被告应偿还原告33300元；原告主张利息因双方未就利息作出书面约定，原告主张的利息可以按照中国人民银行同期贷款利率，自起诉之日计算至本判决生效之日；被告经本院合法传唤，无正当理由拒不到庭参加诉讼，视为放弃相应诉讼权利。依照《中华人民共和国民法通则》第八十四条、第八十八条、第一百零八条，《最高人民法院关于人民法院审理借贷案件的若干意见》第六条，《中华人民共和国民事诉讼法》第六十四条、第一百四十四条的规定，判决如下：&#xA;一、被告魏亮、陈凤于本判决生效之日起五日内，偿还所欠原告借款本金33300元及利息（按照中国人民银行同期贷款利率，自起诉之日计算至本判决生效之日）。&#xA;如果未按本判决指定的期间履行给付金钱义务，应当依&#xA;照《中华人民共和国民事诉讼法》第二百五十三条之规定，加倍支付迟延期间的债务利息。&#xA;案件受理费883元，由被告负担。&#xA;如不服本判决，可在判决书送达之日起十五日内，向本院递交上诉状，并按对方当事人的人数或者代表人的人数提出副本，上诉于山东省莱芜市中级人民法院。&#xA;审判长亓珉&#xA;代理审判员万东&#xA;代理审判员李艳&#xA;二〇一五年十月二十七日&#xA;书记员胥文恺&#xA;" nameCN="全文">
  <WS value="山东省莱芜市莱城区人民法院&#xA;民事判决书&#xA;（2015）莱城民初字第1236号&#xA;" nameCN="文首">
    <WSZZDW value="法院" nameCN="文书制作单位" />
    <JBFY value="山东省莱芜市莱城区人民法院" nameCN="经办法院">
      <FYJB value="基层" nameCN="法院级别" />
      <XZQH_P value="山东" nameCN="行政区划(省)" />
      <XZQH_C value="莱芜市" nameCN="行政区划(市)" />
    </JBFY>
    <WSMC value="民事判决书" nameCN="文书名称" />
    <AH value="(2015)莱城民初字第1236号" nameCN="案号" />
    <LAND value="2015" nameCN="立案年度" />
    <AJXZ value="民事案件" nameCN="案件性质" />
    <WSZL value="判决书" nameCN="文书种类" />
    <SPCX value="一审案件" nameCN="审判程序" />
    <AJLX value="民事一审案件" nameCN="案件类型" />
  </WS>
  <SSCYRQJ value="原告：亓涛。&#xA;被告：魏亮。&#xA;被告：陈凤。&#xA;" nameCN="诉讼参与人全集">
    <SSCYR value="原告：亓涛。" nameCN="诉讼参与人">
      <SSCYRMC value="亓涛" nameCN="诉讼参与人名称" />
      <SSSF value="原告" nameCN="诉讼身份" />
      <SSDW value="原告" nameCN="诉讼地位" />
      <DSRLB value="原告" nameCN="当事人类别" />
      <DSRLX value="自然人" nameCN="当事人类型" />
      <GJ value="中国" nameCN="国籍" />
      <DTQK value="到庭" nameCN="到庭情况" />
    </SSCYR>
    <SSCYR value="被告：魏亮。" nameCN="诉讼参与人">
      <SSCYRMC value="魏亮" nameCN="诉讼参与人名称" />
      <SSSF value="被告" nameCN="诉讼身份" />
      <SSDW value="被告" nameCN="诉讼地位" />
      <DSRLB value="被告" nameCN="当事人类别" />
      <DSRLX value="自然人" nameCN="当事人类型" />
      <GJ value="中国" nameCN="国籍" />
    </SSCYR>
    <SSCYR value="被告：陈凤。" nameCN="诉讼参与人">
      <SSCYRMC value="陈凤" nameCN="诉讼参与人名称" />
      <SSSF value="被告" nameCN="诉讼身份" />
      <SSDW value="被告" nameCN="诉讼地位" />
      <DSRLB value="被告" nameCN="当事人类别" />
      <DSRLX value="自然人" nameCN="当事人类型" />
      <GJ value="中国" nameCN="国籍" />
    </SSCYR>
    <SSCYRQJ value="错误" nameCN="保险公司是否作为被告" />
  </SSCYRQJ>
  <SSJL value="原告亓涛与被告魏亮、陈凤民间借贷纠纷一案，本院受理后，依法组成合议庭，公开开庭进行了审理。原告亓涛到庭参加诉讼，被告魏亮、陈凤经传票合法传唤无正当理由拒不到庭参加诉讼，本院依法缺席审理。本案现已审理终结。" nameCN="诉讼记录">
    <JJCT value="" nameCN="拒绝出庭">
      <DSR value="" nameCN="当事人" />
      <RQ value="" nameCN="日期" />
    </JJCT>
    <AY value="民间借贷纠纷" nameCN="案由" />
    <KTSL value="是" nameCN="开庭审理" />
    <KTSLXX value="公开审理" nameCN="开庭审理信息" />
    <WZAY value="民间借贷纠纷" nameCN="完整案由" />
    <AYDM value="9181" nameCN="案由代码" />
    <YSAJSYCX value="普通程序" nameCN="一审案件适用程序" />
    <JYZPT value="否" nameCN="简易转普通" />
    <SPZZ value="合议庭" nameCN="审判组织" />
    <YSAJLY value="新收" nameCN="一审案件来源" />
    <DXRQX nameCN="当事人缺席">
      <XM value="魏亮" nameCN="姓名">
        <SSDW value="被告" nameCN="诉讼地位" />
      </XM>
      <XM value="陈凤" nameCN="姓名">
        <SSDW value="被告" nameCN="诉讼地位" />
      </XM>
    </DXRQX>
    <CTDSRXX nameCN="出庭当事人信息">
      <CTRXM value="亓涛" nameCN="出庭人姓名">
        <SSDW value="原告" nameCN="诉讼地位" />
      </CTRXM>
    </CTDSRXX>
  </SSJL>
  <AJJBQK value="原告亓涛诉称：被告魏亮、陈凤为夫妻关系，自2013年10月17号向我借款10000元用于生意周转，2013年11月19日又借20000元，2014年1月28号、2014男7月28号分三次又借8000元、3500元、1800元，共计43300元。经多次催要拒不偿还。特诉至法院，请判令被告支付借款43300元及利息；本案所有费用由被告支付。&#xA;被告魏亮、陈凤均未作答辩。&#xA;本案的争议焦点为，原告要求被告偿还借款及利息有无事实及法律依据；两被告责任承担问题。原告对上述争议焦点无异议，无补充。&#xA;经审理查明：2013年10月17日被告亓涛向原告借款一万元，并为原告出具借条一份，内容为：“今借亓涛现金壹万元正（10000．00）魏亮2013．10．17号”。2013年11月19日两被告向原告借款2万元，为原告出具借条一份，内容为：“今借亓涛现金贰万元正（20000．00）魏亮陈凤2013．11．19号”。2014年1月28日、2014年9月28日被告魏亮分别又向原告借款8000元、3500元，并向原告出具欠条、借条各一份。被告魏亮还曾向原告借款1800元，并向原告出具借条一份。2015年1月7日被告魏亮向原告出具保证书一份，内容为：“保证年前还款贰万元正（20000．00）如还不上贰万元可承担原告欠条本金每月10％的滞纳金，付带法院民事责任。（还款日期2．16之前）保证人：魏亮2015．1．7”。被告累计偿还10000元后，未再履行还款义务。2015年5月5日，原告诉来本院，要求被告偿还借款及利息。&#xA;以上事实，由原告提交的借条两份及原告在庭审中的陈述等证据予以证实。&#xA;" nameCN="案件基本情况">
    <YGSCD value="原告亓涛诉称：被告魏亮、陈凤为夫妻关系，自2013年10月17号向我借款10000元用于生意周转，2013年11月19日又借20000元，2014年1月28号、2014男7月28号分三次又借8000元、3500元、1800元，共计43300元。经多次催要拒不偿还。特诉至法院，请判令被告支付借款43300元及利息；本案所有费用由被告支付。 " nameCN="原告诉称段" />
    <BGBCD value="被告魏亮、陈凤均未作答辩。 本案的争议焦点为，原告要求被告偿还借款及利息有无事实及法律依据；两被告责任承担问题。原告对上述争议焦点无异议，无补充。 " nameCN="被告辩称段" />
    <ZJD value="以上事实，由原告提交的借条两份及原告在庭审中的陈述等证据予以证实。" nameCN="证据段" />
    <CMSSD value="经审理查明：2013年10月17日被告亓涛向原告借款一万元，并为原告出具借条一份，内容为：“今借亓涛现金壹万元正（10000．00）魏亮2013．10．17号”。2013年11月19日两被告向原告借款2万元，为原告出具借条一份，内容为：“今借亓涛现金贰万元正（20000．00）魏亮陈凤2013．11．19号”。2014年1月28日、2014年9月28日被告魏亮分别又向原告借款8000元、3500元，并向原告出具欠条、借条各一份。被告魏亮还曾向原告借款1800元，并向原告出具借条一份。2015年1月7日被告魏亮向原告出具保证书一份，内容为：“保证年前还款贰万元正（20000．00）如还不上贰万元可承担原告欠条本金每月10％的滞纳金，付带法院民事责任。（还款日期2．16之前）保证人：魏亮2015．1．7”。被告累计偿还10000元后，未再履行还款义务。2015年5月5日，原告诉来本院，要求被告偿还借款及利息。" nameCN="查明事实段">
      <SGXQ value="未提及" nameCN="事故详情">
        <SGSJ value="未提及" nameCN="事故时间" />
        <SGDD value="未提及" nameCN="事故地点" />
      </SGXQ>
      <JDCSYR value="魏亮" nameCN="机动车所有人" />
      <SFTB value="是" nameCN="是否投保" />
      <SFZBXQN value="是" nameCN="是否在保险期内" />
      <SFXQPF value="是" nameCN="是否先期赔付" />
      <JDSFKK value="是" nameCN="鉴定是否可靠" />
    </CMSSD>
  </AJJBQK>
  <CPFXGC value="本院认为：被告向原告借款43300元，事实清楚，证据充分，原告作为债权人，有权按照约定或法律规定，要求被告承担还款责任，被告偿还的10000元应依法予以扣除，被告应偿还原告33300元；原告主张利息因双方未就利息作出书面约定，原告主张的利息可以按照中国人民银行同期贷款利率，自起诉之日计算至本判决生效之日；被告经本院合法传唤，无正当理由拒不到庭参加诉讼，视为放弃相应诉讼权利。依照《中华人民共和国民法通则》第八十四条、第八十八条、第一百零八条，《最高人民法院关于人民法院审理借贷案件的若干意见》第六条，《中华人民共和国民事诉讼法》第六十四条、第一百四十四条的规定，判决如下：&#xA;" nameCN="裁判分析过程">
    <JAFSLX value="判决" nameCN="结案方式类型" />
    <FLFTMC value="中华人民共和国民法通则" nameCN="法律法条名称">
      <TM value="一百零八" nameCN="条目" />
      <TM value="八十四" nameCN="条目" />
      <TM value="八十八" nameCN="条目" />
      <SFCXF value="非程序法" nameCN="是否是程序法" />
    </FLFTMC>
    <FLFTMC value="最高人民法院关于人民法院审理借贷案件的若干意见" nameCN="法律法条名称">
      <TM value="六" nameCN="条目" />
      <SFCXF value="非程序法" nameCN="是否是程序法" />
    </FLFTMC>
    <FLFTMC value="中华人民共和国民事诉讼法" nameCN="法律法条名称">
      <TM value="一百四十四" nameCN="条目" />
      <TM value="六十四" nameCN="条目" />
      <SFCXF value="是程序法" nameCN="是否是程序法" />
    </FLFTMC>
  </CPFXGC>
  <CPJG value="一、被告魏亮、陈凤于本判决生效之日起五日内，偿还所欠原告借款本金33300元及利息（按照中国人民银行同期贷款利率，自起诉之日计算至本判决生效之日）。&#xA;如果未按本判决指定的期间履行给付金钱义务，应当依照《中华人民共和国民事诉讼法》第二百五十三条之规定，加倍支付迟延期间的债务利息。&#xA;案件受理费883元，由被告负担。&#xA;如不服本判决，可在判决书送达之日起十五日内，向本院递交上诉状，并按对方当事人的人数或者代表人的人数提出副本，上诉于山东省莱芜市中级人民法院。&#xA;" nameCN="裁判结果">
    <JAFS value="判决" nameCN="结案方式" />
    <PCSFSXZQ value="正确" nameCN="同时起诉侵权人与保险公司的赔偿顺序" />
    <JTPJJG value="一、被告魏亮、陈凤于本判决生效之日起五日内，偿还所欠原告借款本金33300元及利息（按照中国人民银行同期贷款利率，自起诉之日计算至本判决生效之日）。" nameCN="具体裁判段">
      <PJZXQX value="五日" nameCN="判决执行期限" />
      <PJJE nameCN="判决金额">
        <JE value="33300元" nameCN="金额" />
        <JELX value="借款" nameCN="金额类型" />
        <JELX value="本金" nameCN="金额类型" />
      </PJJE>
    </JTPJJG>
    <JTPJJG value="如果未按本判决指定的期间履行给付金钱义务，应当依照《中华人民共和国民事诉讼法》第二百五十三条之规定，加倍支付迟延期间的债务利息。" nameCN="具体裁判段" />
    <SSFCD nameCN="诉讼费承担">
      <SSFCDJL value="案件受理费883元，由被告负担。" nameCN="诉讼费承担记录">
        <SSFJE value="883元" nameCN="诉讼费金额" />
        <SSFZL value="受理费" nameCN="诉讼费种类" />
      </SSFCDJL>
    </SSFCD>
    <SFFHCS value="否" nameCN="是否发回重审" />
    <KSSZ value="山东省莱芜市中级人民法院" nameCN="可上诉至" />
    <SSTJCL value="上诉状，并按对方当事人的人数或者代表人的人数提出副本" nameCN="上诉提交材料" />
    <SSQX value="十五日" nameCN="上诉期限" />
    <TCGXQYY value="否" nameCN="是否提出管辖权异议" />
  </CPJG>
  <WW value="审判长亓珉&#xA;代理审判员万东&#xA;代理审判员李艳&#xA;二〇一五年十月二十七日&#xA;书记员胥文恺&#xA;" nameCN="文尾">
    <SPZZCY nameCN="审判组织成员">
      <SPRYXM value="李艳" nameCN="审判人员姓名" />
      <SPRYJS value="代理审判员" nameCN="审判人员角色" />
    </SPZZCY>
    <SPZZCY nameCN="审判组织成员">
      <SPRYXM value="胥文恺" nameCN="审判人员姓名" />
      <SPRYJS value="书记员" nameCN="审判人员角色" />
    </SPZZCY>
    <SPZZCY nameCN="审判组织成员">
      <SPRYXM value="万东" nameCN="审判人员姓名" />
      <SPRYJS value="代理审判员" nameCN="审判人员角色" />
    </SPZZCY>
    <SPZZCY nameCN="审判组织成员">
      <SPRYXM value="亓珉" nameCN="审判人员姓名" />
      <SPRYJS value="审判长" nameCN="审判人员角色" />
    </SPZZCY>
    <CPSJ value="2015年10月27日" nameCN="裁判时间">
      <Year value="2015" nameCN="结案年度" />
      <JANYR value="2015年10月27日" nameCN="结案年月日" />
      <JANY value="2015-10" nameCN="结案年月" />
      <Month value="10" nameCN="月" />
      <Day value="27" nameCN="日" />
    </CPSJ>
  </WW>
  <FL value="" nameCN="附录" />
</QW>

