<?xml version="1.0" encoding="UTF-8"?>
<QW value="〈style&#xA;type=&quot;text／css&quot;〉&#xA;{C}〈。--TABLE{border-collapse：collapse；border：none；mso-border-alt：solidblack．5pt；mso-yfti-tbllook：1184；mso-padding-alt：0cm5．4pt0cm5．4pt；mso-border-insideh：．5ptsolidblack；mso-border-insidev：．5ptsolidblack}TD{border：solidblack1．0pt；}--〉〈／style〉&#xA;黑龙江省九三农垦法院&#xA;民事判决书&#xA;（2015）九民初字第236号&#xA;原告付某某，女，1980年3月10日出生，汉族，无职业。&#xA;被告郭某某，男，1973年8月21日出生，汉族，无职业。&#xA;原告付某某与被告郭某某离婚纠纷一案，于2015年10月9日向本院起诉。本院当日立案受理后，依法适用简易程序实行独任审判。于2015年11月10日、11月26日公开开庭进行了审理。原告付某某、被告郭某某均到庭参加诉讼。本案现已审理终结。&#xA;原告诉称：原告与被告1998年经人介绍相识，相处1个月即举行婚礼。2001年2月3日生一女孩，现已辍学。2003年3月12日在建边民政局办理结婚登记。因双方婚前缺乏了解，致使婚后经常因家庭琐事发生争吵，被告张嘴就骂人，还经常实施家庭暴力，双方没有共同语言，请求与被告离婚。共同财产归被告所有，债务由被告承担。&#xA;被告辩称：被告没有对原告实施家庭暴力，夫妻感情还存在，不同意离婚。&#xA;原、被告在举证期限内均未向法庭提供证据。&#xA;根据当事人的诉辩主张及庭审调查，本院确认案件事实如下：&#xA;原告与被告1998年经人介绍相识，相处1个月即举行了结婚仪式。2001年2月3日生一女孩，现已辍学。2003年3月12日原、被告在建边民政局办理了结婚登记。婚后夫妻感情尚好，近两年原、被告因家庭琐事偶尔发生争吵，原告以与被告没有共同语言，被告经常实施家庭暴力为由请求与被告离婚。&#xA;本院认为，原、被告虽因家庭琐事偶尔发生争执，但其夫妻感情尚未达到破裂程度，原告以与被告无共同语言，被告经常实施家庭暴力为由请求与被告离婚，原告未向法庭提供证据证实其主张，故原告请求离婚的主张证据不足，本院不予支持。依照《中华人民共和国婚姻法》第三十二条的规定，判决如下：&#xA;驳回原告付某某的诉讼请求。&#xA;案件受理费150．00元，由原告负担。&#xA;如不服本判决，可在判决书送达之日起十五日内向本院递交上诉状，并按对方当事人的人数提出副本，上诉于黑龙江省农垦中级法院。&#xA;代理审判员李方&#xA;二〇一五年十二月十七日&#xA;书记员付丽颖&#xA;" nameCN="全文">
  <WS value="黑龙江省九三农垦法院&#xA;民事判决书&#xA;（2015）九民初字第236号&#xA;" nameCN="文首">
    <WSZZDW value="法院" nameCN="文书制作单位" />
    <JBFY value="黑龙江省九三农垦法院" nameCN="经办法院">
      <FYJB value="基层" nameCN="法院级别" />
      <XZQH_P value="黑龙江" nameCN="行政区划(省)" />
      <XZQH_C value="黑龙江" nameCN="行政区划(市)" />
    </JBFY>
    <WSMC value="民事判决书" nameCN="文书名称" />
    <AH value="(2015)九民初字第236号" nameCN="案号" />
    <LAND value="2015" nameCN="立案年度" />
    <AJXZ value="民事案件" nameCN="案件性质" />
    <WSZL value="判决书" nameCN="文书种类" />
    <SPCX value="一审案件" nameCN="审判程序" />
    <AJLX value="民事一审案件" nameCN="案件类型" />
  </WS>
  <SSCYRQJ value="原告付某某，女，1980年3月10日出生，汉族，无职业。&#xA;被告郭某某，男，1973年8月21日出生，汉族，无职业。&#xA;" nameCN="诉讼参与人全集">
    <SSCYR value="原告付某某，女，1980年3月10日出生，汉族，无职业。" nameCN="诉讼参与人">
      <SSCYRMC value="付某某" nameCN="诉讼参与人名称" />
      <SSSF value="原告" nameCN="诉讼身份" />
      <SSDW value="原告" nameCN="诉讼地位" />
      <DSRLB value="原告" nameCN="当事人类别" />
      <DSRLX value="自然人" nameCN="当事人类型" />
      <XB value="女" nameCN="性别" />
      <MZ value="汉族" nameCN="民族" />
      <CSRQ value="1980年3月10日" nameCN="出生日期">
        <Year value="1980" nameCN="年" />
        <Month value="3" nameCN="月" />
        <Day value="10" nameCN="日" />
      </CSRQ>
      <GJ value="中国" nameCN="国籍" />
      <DTQK value="到庭" nameCN="到庭情况" />
      <DWZWFZ nameCN="单位职务分组">
        <ZW value="无职业" nameCN="职务" />
      </DWZWFZ>
      <DSRSFZH value="否" nameCN="当事人是否再婚" />
    </SSCYR>
    <SSCYR value="被告郭某某，男，1973年8月21日出生，汉族，无职业。" nameCN="诉讼参与人">
      <SSCYRMC value="郭某某" nameCN="诉讼参与人名称" />
      <SSSF value="被告" nameCN="诉讼身份" />
      <SSDW value="被告" nameCN="诉讼地位" />
      <DSRLB value="被告" nameCN="当事人类别" />
      <DSRLX value="自然人" nameCN="当事人类型" />
      <XB value="男" nameCN="性别" />
      <MZ value="汉族" nameCN="民族" />
      <CSRQ value="1973年8月21日" nameCN="出生日期">
        <Year value="1973" nameCN="年" />
        <Month value="8" nameCN="月" />
        <Day value="21" nameCN="日" />
      </CSRQ>
      <GJ value="中国" nameCN="国籍" />
      <DTQK value="到庭" nameCN="到庭情况" />
      <DWZWFZ nameCN="单位职务分组">
        <ZW value="无职业" nameCN="职务" />
      </DWZWFZ>
      <DSRSFZH value="否" nameCN="当事人是否再婚" />
    </SSCYR>
    <SSCYRQJ value="错误" nameCN="保险公司是否作为被告" />
  </SSCYRQJ>
  <SSJL value="原告付某某与被告郭某某离婚纠纷一案，于2015年10月9日向本院起诉。本院当日立案受理后，依法适用简易程序实行独任审判。于2015年11月10日、11月26日公开开庭进行了审理。原告付某某、被告郭某某均到庭参加诉讼。本案现已审理终结。" nameCN="诉讼记录">
    <YG value="付某某" nameCN="原告" />
    <BG value="郭某某" nameCN="被告" />
    <AY value="离婚纠纷" nameCN="案由" />
    <KTSL value="是" nameCN="开庭审理" />
    <KTSLXX value="公开审理" nameCN="开庭审理信息" />
    <WZAY value="离婚纠纷" nameCN="完整案由" />
    <AYDM value="9015" nameCN="案由代码" />
    <YSAJSYCX value="简易程序" nameCN="一审案件适用程序" />
    <JYZPT value="否" nameCN="简易转普通" />
    <SPZZ value="独任庭" nameCN="审判组织" />
    <YSAJLY value="新收" nameCN="一审案件来源" />
    <CTDSRXX nameCN="出庭当事人信息">
      <CTRXM value="郭某某" nameCN="出庭人姓名">
        <SSDW value="被告" nameCN="诉讼地位" />
      </CTRXM>
      <CTRXM value="付某某" nameCN="出庭人姓名">
        <SSDW value="原告" nameCN="诉讼地位" />
      </CTRXM>
    </CTDSRXX>
  </SSJL>
  <AJJBQK value="原告诉称：原告与被告1998年经人介绍相识，相处1个月即举行婚礼。2001年2月3日生一女孩，现已辍学。2003年3月12日在建边民政局办理结婚登记。因双方婚前缺乏了解，致使婚后经常因家庭琐事发生争吵，被告张嘴就骂人，还经常实施家庭暴力，双方没有共同语言，请求与被告离婚。共同财产归被告所有，债务由被告承担。&#xA;被告辩称：被告没有对原告实施家庭暴力，夫妻感情还存在，不同意离婚。&#xA;原、被告在举证期限内均未向法庭提供证据。&#xA;根据当事人的诉辩主张及庭审调查，本院确认案件事实如下：&#xA;原告与被告1998年经人介绍相识，相处1个月即举行了结婚仪式。2001年2月3日生一女孩，现已辍学。2003年3月12日原、被告在建边民政局办理了结婚登记。婚后夫妻感情尚好，近两年原、被告因家庭琐事偶尔发生争吵，原告以与被告没有共同语言，被告经常实施家庭暴力为由请求与被告离婚。&#xA;" nameCN="案件基本情况">
    <YGSCD value="原告诉称：原告与被告1998年经人介绍相识，相处1个月即举行婚礼。2001年2月3日生一女孩，现已辍学。2003年3月12日在建边民政局办理结婚登记。因双方婚前缺乏了解，致使婚后经常因家庭琐事发生争吵，被告张嘴就骂人，还经常实施家庭暴力，双方没有共同语言，请求与被告离婚。共同财产归被告所有，债务由被告承担。 " nameCN="原告诉称段" />
    <BGBCD value="被告辩称：被告没有对原告实施家庭暴力，夫妻感情还存在，不同意离婚。 " nameCN="被告辩称段" />
    <ZJD value="原、被告在举证期限内均未向法庭提供证据。" nameCN="证据段" />
    <CMSSD value="根据当事人的诉辩主张及庭审调查，本院确认案件事实如下：原告与被告1998年经人介绍相识，相处1个月即举行了结婚仪式。2001年2月3日生一女孩，现已辍学。2003年3月12日原、被告在建边民政局办理了结婚登记。婚后夫妻感情尚好，近两年原、被告因家庭琐事偶尔发生争吵，原告以与被告没有共同语言，被告经常实施家庭暴力为由请求与被告离婚。 " nameCN="查明事实段">
      <SGXQ value="未提及" nameCN="事故详情">
        <SGSJ value="未提及" nameCN="事故时间" />
        <SGDD value="未提及" nameCN="事故地点" />
      </SGXQ>
      <JDCSYR value="郭某某" nameCN="机动车所有人" />
      <SHRZY value="无职业" nameCN="受害人职业" />
      <SFTB value="是" nameCN="是否投保" />
      <SFZBXQN value="是" nameCN="是否在保险期内" />
      <SFXQPF value="是" nameCN="是否先期赔付" />
      <JDSFKK value="是" nameCN="鉴定是否可靠" />
    </CMSSD>
  </AJJBQK>
  <CPFXGC value="本院认为，原、被告虽因家庭琐事偶尔发生争执，但其夫妻感情尚未达到破裂程度，原告以与被告无共同语言，被告经常实施家庭暴力为由请求与被告离婚，原告未向法庭提供证据证实其主张，故原告请求离婚的主张证据不足，本院不予支持。依照《中华人民共和国婚姻法》第三十二条的规定，判决如下：&#xA;" nameCN="裁判分析过程">
    <JAFSLX value="判决" nameCN="结案方式类型" />
    <FLFTMC value="中华人民共和国婚姻法" nameCN="法律法条名称">
      <TM value="三十二" nameCN="条目" />
      <SFCXF value="非程序法" nameCN="是否是程序法" />
    </FLFTMC>
  </CPFXGC>
  <CPJG value="驳回原告付某某的诉讼请求。&#xA;案件受理费150．00元，由原告负担。&#xA;如不服本判决，可在判决书送达之日起十五日内向本院递交上诉状，并按对方当事人的人数提出副本，上诉于黑龙江省农垦中级法院。&#xA;" nameCN="裁判结果">
    <JAFS value="判决" nameCN="结案方式" />
    <PCSFSXZQ value="正确" nameCN="同时起诉侵权人与保险公司的赔偿顺序" />
    <JTPJJG value="驳回原告付某某的诉讼请求。" nameCN="具体裁判段" />
    <SSFCD nameCN="诉讼费承担">
      <SSFCDJL value="案件受理费150．00元，由原告负担。" nameCN="诉讼费承担记录">
        <SSFJE value="150.00元" nameCN="诉讼费金额" />
        <SSFZL value="受理费" nameCN="诉讼费种类" />
      </SSFCDJL>
    </SSFCD>
    <SFFHCS value="否" nameCN="是否发回重审" />
    <KSSZ value="黑龙江省农垦中级法院" nameCN="可上诉至" />
    <SSTJCL value="上诉状，并按对方当事人的人数提出副本" nameCN="上诉提交材料" />
    <SSQX value="十五日" nameCN="上诉期限" />
    <TCGXQYY value="否" nameCN="是否提出管辖权异议" />
  </CPJG>
  <WW value="代理审判员李方&#xA;二〇一五年十二月十七日&#xA;书记员付丽颖&#xA;" nameCN="文尾">
    <SPZZCY nameCN="审判组织成员">
      <SPRYXM value="付丽颖" nameCN="审判人员姓名" />
      <SPRYJS value="书记员" nameCN="审判人员角色" />
    </SPZZCY>
    <SPZZCY nameCN="审判组织成员">
      <SPRYXM value="李方" nameCN="审判人员姓名" />
      <SPRYJS value="代理审判员" nameCN="审判人员角色" />
    </SPZZCY>
    <CPSJ value="2015年12月17日" nameCN="裁判时间">
      <Year value="2015" nameCN="结案年度" />
      <JANYR value="2015年12月17日" nameCN="结案年月日" />
      <JANY value="2015-12" nameCN="结案年月" />
      <Month value="12" nameCN="月" />
      <Day value="17" nameCN="日" />
    </CPSJ>
  </WW>
  <FL value="" nameCN="附录" />
</QW>

