<?xml version="1.0" encoding="UTF-8"?>
<QW value="&#xA;辽宁省东港市人民法院&#xA;民事判决书&#xA;（2015）东民初字第02628号&#xA;原告代岩松。&#xA;被告曲文华。&#xA;原告代岩松与被告曲文华民间借贷纠纷一案，本院受理后，依法由代理审判员于波独任审判，公开开庭进行了审理。原告代岩松、被告曲文华到庭参加诉讼。本案现已审理终结。&#xA;原告诉称，被告因其儿子出狱急需用钱为由向原告借款10000元，后于2012年11月20日为原告出具借条一张。此款后经原告多次催要，被告至今未给付。现请求被告立即给付借款10000元。&#xA;被告辩称，原告所述不属实，被告不欠原告钱，借条不是被告出具的，上面的签名非被告本人书写，故不同意原告的诉讼请求。&#xA;经审理查明，2012年11月20日，被告向原告借款人民币10000元，并为原告出具借条一份。借条载明：“欠代延松10000元。曲文华。2012年11月20日。”此款后经原告多次催要，被告至今未给付。&#xA;另查，丹东市公安局边境经济合作区分局安民派出所与丹东市振兴区安民镇金安居民委员会于2015年6月1日共同出具证明一份，证明原告代岩松与“代延松”系同一人。&#xA;本院所确认的上述事实有原、被告陈述、证明、借条、录音光盘等证明材料在卷为凭，上述证明材料已经庭审质证及本院的审查，可以采信。&#xA;本院认为，原告与被告之间借贷关系合法有效，因双方未约定还款期限，被告应按原告要求及时偿还借款，至今未付系违约行为，应承担民事责任。被告辩称，被告不欠原告钱，借条上面的签名非被告本人书写，但未提供证据予以证实，且对借条上的签名不申请笔迹鉴定，故本院对此抗辩理由不予采信。原告诉讼请求合理，本院依法予以支持。《中华人民共和国合同法》第二百零六条、《最高人民法院﹤关于民事诉讼证据的若干规定﹥》第二条之规定，判决如下：&#xA;被告曲文华于本判决发生法律效力后10日内给付原告代岩松借款人民币10000元。&#xA;如果被告未按本判决履行给付金钱义务，应当依照《中华人民共和国民事诉讼法》第二百五十三条之规定，加倍支付迟延履行期间的债务利息。&#xA;案件受理费30元，由被告承担。此款原告已预交，被告于本判决生效后10日内给付原告。&#xA;如不服本判决，可在判决书送达之日起十五日内，向本院递交上诉状，并按对方当事人的人数提供副本，上诉于辽宁省丹东市中级人民法院。&#xA;代理审判员于波&#xA;二〇一五年七月三日&#xA;书记员王沁宜&#xA;" nameCN="全文">
  <WS value="辽宁省东港市人民法院&#xA;民事判决书&#xA;（2015）东民初字第02628号&#xA;" nameCN="文首">
    <WSZZDW value="法院" nameCN="文书制作单位" />
    <JBFY value="辽宁省东港市人民法院" nameCN="经办法院">
      <FYJB value="基层" nameCN="法院级别" />
      <XZQH_P value="辽宁" nameCN="行政区划(省)" />
      <XZQH_C value="东港市" nameCN="行政区划(市)" />
    </JBFY>
    <WSMC value="民事判决书" nameCN="文书名称" />
    <AH value="(2015)东民初字第02628号" nameCN="案号" />
    <LAND value="2015" nameCN="立案年度" />
    <AJXZ value="民事案件" nameCN="案件性质" />
    <WSZL value="判决书" nameCN="文书种类" />
    <SPCX value="一审案件" nameCN="审判程序" />
    <AJLX value="民事一审案件" nameCN="案件类型" />
  </WS>
  <SSCYRQJ value="原告代岩松。&#xA;被告曲文华。&#xA;" nameCN="诉讼参与人全集">
    <SSCYR value="原告代岩松。" nameCN="诉讼参与人">
      <SSCYRMC value="代岩松" nameCN="诉讼参与人名称" />
      <SSSF value="原告" nameCN="诉讼身份" />
      <SSDW value="原告" nameCN="诉讼地位" />
      <DSRLB value="原告" nameCN="当事人类别" />
      <DSRLX value="自然人" nameCN="当事人类型" />
      <GJ value="中国" nameCN="国籍" />
      <DTQK value="到庭" nameCN="到庭情况" />
    </SSCYR>
    <SSCYR value="被告曲文华。" nameCN="诉讼参与人">
      <SSCYRMC value="曲文华" nameCN="诉讼参与人名称" />
      <SSSF value="被告" nameCN="诉讼身份" />
      <SSDW value="被告" nameCN="诉讼地位" />
      <DSRLB value="被告" nameCN="当事人类别" />
      <DSRLX value="自然人" nameCN="当事人类型" />
      <GJ value="中国" nameCN="国籍" />
      <DTQK value="到庭" nameCN="到庭情况" />
    </SSCYR>
    <SSCYRQJ value="错误" nameCN="保险公司是否作为被告" />
  </SSCYRQJ>
  <SSJL value="原告代岩松与被告曲文华民间借贷纠纷一案，本院受理后，依法由代理审判员于波独任审判，公开开庭进行了审理。原告代岩松、被告曲文华到庭参加诉讼。本案现已审理终结。" nameCN="诉讼记录">
    <YG value="代岩松" nameCN="原告" />
    <BG value="曲文华" nameCN="被告" />
    <AY value="民间借贷纠纷" nameCN="案由" />
    <KTSL value="是" nameCN="开庭审理" />
    <KTSLXX value="公开审理" nameCN="开庭审理信息" />
    <WZAY value="民间借贷纠纷" nameCN="完整案由" />
    <AYDM value="9181" nameCN="案由代码" />
    <YSAJSYCX value="普通程序" nameCN="一审案件适用程序" />
    <JYZPT value="否" nameCN="简易转普通" />
    <YSAJLY value="新收" nameCN="一审案件来源" />
    <CTDSRXX nameCN="出庭当事人信息">
      <CTRXM value="曲文华" nameCN="出庭人姓名">
        <SSDW value="被告" nameCN="诉讼地位" />
      </CTRXM>
      <CTRXM value="代岩松" nameCN="出庭人姓名">
        <SSDW value="原告" nameCN="诉讼地位" />
      </CTRXM>
    </CTDSRXX>
  </SSJL>
  <AJJBQK value="原告诉称，被告因其儿子出狱急需用钱为由向原告借款10000元，后于2012年11月20日为原告出具借条一张。此款后经原告多次催要，被告至今未给付。现请求被告立即给付借款10000元。&#xA;被告辩称，原告所述不属实，被告不欠原告钱，借条不是被告出具的，上面的签名非被告本人书写，故不同意原告的诉讼请求。&#xA;经审理查明，2012年11月20日，被告向原告借款人民币10000元，并为原告出具借条一份。借条载明：“欠代延松10000元。曲文华。2012年11月20日。”此款后经原告多次催要，被告至今未给付。&#xA;另查，丹东市公安局边境经济合作区分局安民派出所与丹东市振兴区安民镇金安居民委员会于2015年6月1日共同出具证明一份，证明原告代岩松与“代延松”系同一人。&#xA;本院所确认的上述事实有原、被告陈述、证明、借条、录音光盘等证明材料在卷为凭，上述证明材料已经庭审质证及本院的审查，可以采信。&#xA;" nameCN="案件基本情况">
    <YGSCD value="原告诉称，被告因其儿子出狱急需用钱为由向原告借款10000元，后于2012年11月20日为原告出具借条一张。此款后经原告多次催要，被告至今未给付。现请求被告立即给付借款10000元。 " nameCN="原告诉称段" />
    <BGBCD value="被告辩称，原告所述不属实，被告不欠原告钱，借条不是被告出具的，上面的签名非被告本人书写，故不同意原告的诉讼请求。 " nameCN="被告辩称段" />
    <ZJD value="本院所确认的上述事实有原、被告陈述、证明、借条、录音光盘等证明材料在卷为凭，上述证明材料已经庭审质证及本院的审查，可以采信。" nameCN="证据段" />
    <CMSSD value="经审理查明，2012年11月20日，被告向原告借款人民币10000元，并为原告出具借条一份。借条载明：“欠代延松10000元。曲文华。2012年11月20日。”此款后经原告多次催要，被告至今未给付。另查，丹东市公安局边境经济合作区分局安民派出所与丹东市振兴区安民镇金安居民委员会于2015年6月1日共同出具证明一份，证明原告代岩松与“代延松”系同一人。 " nameCN="查明事实段">
      <SGXQ value="未提及" nameCN="事故详情">
        <SGSJ value="未提及" nameCN="事故时间" />
        <SGDD value="未提及" nameCN="事故地点" />
      </SGXQ>
      <JDCSYR value="曲文华" nameCN="机动车所有人" />
      <SFTB value="是" nameCN="是否投保" />
      <SFZBXQN value="是" nameCN="是否在保险期内" />
      <SFXQPF value="是" nameCN="是否先期赔付" />
      <JDSFKK value="是" nameCN="鉴定是否可靠" />
    </CMSSD>
  </AJJBQK>
  <CPFXGC value="本院认为，原告与被告之间借贷关系合法有效，因双方未约定还款期限，被告应按原告要求及时偿还借款，至今未付系违约行为，应承担民事责任。被告辩称，被告不欠原告钱，借条上面的签名非被告本人书写，但未提供证据予以证实，且对借条上的签名不申请笔迹鉴定，故本院对此抗辩理由不予采信。原告诉讼请求合理，本院依法予以支持。《中华人民共和国合同法》第二百零六条、《最高人民法院﹤关于民事诉讼证据的若干规定﹥》第二条之规定，判决如下：&#xA;" nameCN="裁判分析过程">
    <JAFSLX value="判决" nameCN="结案方式类型" />
    <FLFTMC value="中华人民共和国合同法" nameCN="法律法条名称">
      <TM value="二百零六" nameCN="条目" />
      <SFCXF value="非程序法" nameCN="是否是程序法" />
    </FLFTMC>
    <FLFTMC value="最高人民法院﹤关于民事诉讼证据的若干规定﹥" nameCN="法律法条名称">
      <TM value="二" nameCN="条目" />
      <SFCXF value="非程序法" nameCN="是否是程序法" />
    </FLFTMC>
  </CPFXGC>
  <CPJG value="被告曲文华于本判决发生法律效力后10日内给付原告代岩松借款人民币10000元。&#xA;如果被告未按本判决履行给付金钱义务，应当依照《中华人民共和国民事诉讼法》第二百五十三条之规定，加倍支付迟延履行期间的债务利息。&#xA;案件受理费30元，由被告承担。此款原告已预交，被告于本判决生效后10日内给付原告。&#xA;如不服本判决，可在判决书送达之日起十五日内，向本院递交上诉状，并按对方当事人的人数提供副本，上诉于辽宁省丹东市中级人民法院。&#xA;" nameCN="裁判结果">
    <JAFS value="判决" nameCN="结案方式" />
    <PCSFSXZQ value="正确" nameCN="同时起诉侵权人与保险公司的赔偿顺序" />
    <JTPJJG value="被告曲文华于本判决发生法律效力后10日内给付原告代岩松借款人民币10000元。" nameCN="具体裁判段">
      <QLR value="代岩松" nameCN="权利人">
        <QLRSSDW value="原告" nameCN="诉讼地位" />
      </QLR>
      <YWR value="曲文华" nameCN="义务人">
        <YWRSSDW value="被告" nameCN="诉讼地位" />
      </YWR>
      <PJZXQX value="10日" nameCN="判决执行期限" />
      <PJJE nameCN="判决金额">
        <JE value="10000元" nameCN="金额" />
        <JELX value="借款" nameCN="金额类型" />
      </PJJE>
    </JTPJJG>
    <JTPJJG value="如果被告未按本判决履行给付金钱义务，应当依照《中华人民共和国民事诉讼法》第二百五十三条之规定，加倍支付迟延履行期间的债务利息。" nameCN="具体裁判段" />
    <SSFCD nameCN="诉讼费承担">
      <SSFCDJL value="案件受理费30元，由被告承担。此款原告已预交，被告于本判决生效后10日内给付原告。" nameCN="诉讼费承担记录">
        <SSFJE value="30元" nameCN="诉讼费金额" />
        <SSFZL value="受理费" nameCN="诉讼费种类" />
      </SSFCDJL>
    </SSFCD>
    <SFFHCS value="否" nameCN="是否发回重审" />
    <KSSZ value="辽宁省丹东市中级人民法院" nameCN="可上诉至" />
    <SSTJCL value="上诉状，并按对方当事人的人数提供副本" nameCN="上诉提交材料" />
    <SSQX value="十五日" nameCN="上诉期限" />
    <TCGXQYY value="否" nameCN="是否提出管辖权异议" />
  </CPJG>
  <WW value="代理审判员于波&#xA;二〇一五年七月三日&#xA;书记员王沁宜&#xA;" nameCN="文尾">
    <SPZZCY nameCN="审判组织成员">
      <SPRYXM value="王沁宜" nameCN="审判人员姓名" />
      <SPRYJS value="书记员" nameCN="审判人员角色" />
    </SPZZCY>
    <SPZZCY nameCN="审判组织成员">
      <SPRYXM value="于波" nameCN="审判人员姓名" />
      <SPRYJS value="代理审判员" nameCN="审判人员角色" />
    </SPZZCY>
    <CPSJ value="2015年7月3日" nameCN="裁判时间">
      <Year value="2015" nameCN="结案年度" />
      <JANYR value="2015年7月3日" nameCN="结案年月日" />
      <JANY value="2015-7" nameCN="结案年月" />
      <Month value="7" nameCN="月" />
      <Day value="3" nameCN="日" />
    </CPSJ>
  </WW>
  <FL value="" nameCN="附录" />
</QW>

