<?xml version="1.0" encoding="UTF-8"?>
<QW value="天津市红桥区人民法院&#xA;民事判决书&#xA;（2015）红民初字第4302号&#xA;原告任××，女，1962年9月24日出生，蒙族。&#xA;被告王一×，男，1963年12月7日出生，汉族。&#xA;原告任××与被告王一×离婚纠纷一案，本院于2015年8月13日立案受理。依法由代理审判员冯晓飞适用简易程序，于2015年9月9日公开开庭进行了审理。原告任××，被告王一×到庭参加诉讼。本案现已审理终结。&#xA;原告任××诉称，原告与被告1989年经人介绍相识，1990年10月12日生活，女儿王二×1991年9月2日出生。婚初双方感情一般，被告经常酗酒，无所事事，脾气暴躁，经常无端与原告吵架、骂街，动手打原告，原告起初看在孩子尚小，为给女儿一个完整的家而没有起诉，被告对原告的一再忍让并不知情与感恩，且没有一丝悔改，认为原告软弱可欺，其还变本加厉的精神上折磨与恐吓原告，特别是2015年8月12日晚上约5：30被告无端闹事并找茬辱骂原告，用拳头殴打原告脸部，至原告左眼、眼眶及面部肿胀、淤血，被告对原告实施家庭暴力，被告的所作所为使原告伤透了心。由于原告与被告长期感情不合，造成女儿抑郁、精神障碍。现双方的婚姻关系名存实亡，双方的感情彻底破裂，为此，原告只得诉至法院，请求：1、依法判决原告与被告离婚；2、女儿王二×随原告生活；3、共同财产依法分割；4、本案诉讼费用由被告承担。&#xA;被告王一×辩称，不同意离婚；我家原住在红桥区XX道X号楼X门XXX号，我和原告同在一个单位，而且父一辈子一辈。我们自1990年1月12日经人介绍恋爱结婚，生有一女叫王二×。我们双方感情很好，共同生活在老人的房子里，互相照顾，共同抚养孩子。我们2000年下岗，在外地干了几个月一起同甘苦。2011年在爱人任××的劝说下买了他弟弟的半个出租车，为了能让她过上好日子，我没黑没白的跑活，甚至没节假日，就春节休息一天，我把所有的钱都交给她，我就让他们娘俩幸福。近期发生的争执主要是2015年8月12日发生的，冲突的原因是她与刘某某走的过近。家里的事不与我商量却和刘某某商量，并不时互相送东西，我几次提醒她不听，还跟我说瞎话。这次收他的东西被我发现，发生了口角，以致互相动手，我的确打了原告，我们都动手了，我后悔了，我认识到自己的错误了，但不导致我们感情破裂。我们俩是两个又可怜、又可悲的人，本来应有一个幸福的家庭，由于她娘家总想从中得利，再加上她对娘家言听计从，导致接触到以上问题发生口角。所以我坚决不同意离婚，希望法庭给予调解。&#xA;经审理查明，原、被告1989年经人介绍相识，1990年10月12日登记结婚，同年10月20日举行婚礼并共同生活，1991年9月2日生育一女名王二×。原、被告婚后初期居住于天津市西青区X号楼X门XXX号房屋内，后该房拆迁，双方购置并居住于天津市红桥区XXX路XX楼X门XXX号房屋，该房原系公产房屋，后购买产权，登记于被告王一×名下。双方婚后初期感情尚可，后因琐事发生纠纷，双方于2014年开始分室居住，2015年8月12日双方因故发生争执，原告诉至法院要求离婚，庭审中，被告向原告表达歉意并表示不同意离婚。&#xA;上述事实，有双方当事人当庭陈述、结婚证等证据在案证明。&#xA;本院认为，原、被告结婚多年并育有一女，感情基础较好，虽因生活琐事造成感情出现裂痕，但夫妻感情并未完全破裂，希望双方今后相互尊重，相互信任、相互扶助，互谅互让、共同承担家庭责任，合理处理并化解家庭矛盾，现原告的离婚请求不符合婚姻法准予离婚的法定条件，本院依法不予支持。综上，依照《中华人民共和国婚姻法》第三十二条第三款的规定，判决如下：&#xA;驳回原告任××离婚的诉讼请求。&#xA;案件受理费200元，减半收取100元，由原告任××负担。&#xA;如不服本判决，可在判决书送达之日起十五日内，向本院递交上诉状，并按对方当事人的人数提出副本，上诉于天津市第一中级人民法院。&#xA;代理审判员冯晓飞&#xA;二〇一五年九月十八日&#xA;书记员任万岱&#xA;附本裁判文书所依据法律规定的具体条文：&#xA;《中华人民共和国婚姻法》&#xA;第三十二条男女一方要求离婚的，可由有关部门进行调解或直接向人民法院提出离婚诉讼。&#xA;人民法院审理离婚案件，应当进行调解；如感情确已破裂，调解无效，应准予离婚。&#xA;有下列情形之一，调解无效的，应准予离婚：&#xA;（一）重婚或有配偶者与他人同居的；&#xA;（二）实施家庭暴力或虐待、遗弃家庭成员的；&#xA;（三）有赌博、吸毒等恶习屡教不改的；&#xA;（四）因感情不和分居满二年的；&#xA;（五）其他导致夫妻感情破裂的情形。&#xA;一方被宣告失踪，另一方提出离婚诉讼的，应准予离婚。&#xA;" nameCN="全文">
  <WS value="天津市红桥区人民法院&#xA;民事判决书&#xA;（2015）红民初字第4302号&#xA;" nameCN="文首">
    <WSZZDW value="法院" nameCN="文书制作单位" />
    <JBFY value="天津市红桥区人民法院" nameCN="经办法院">
      <FYJB value="基层" nameCN="法院级别" />
      <XZQH_P value="天津" nameCN="行政区划(省)" />
    </JBFY>
    <WSMC value="民事判决书" nameCN="文书名称" />
    <AH value="(2015)红民初字第4302号" nameCN="案号" />
    <LAND value="2015" nameCN="立案年度" />
    <AJXZ value="民事案件" nameCN="案件性质" />
    <WSZL value="判决书" nameCN="文书种类" />
    <SPCX value="一审案件" nameCN="审判程序" />
    <AJLX value="民事一审案件" nameCN="案件类型" />
  </WS>
  <SSCYRQJ value="原告任××，女，1962年9月24日出生，蒙族。&#xA;被告王一×，男，1963年12月7日出生，汉族。&#xA;" nameCN="诉讼参与人全集">
    <SSCYR value="原告任××，女，1962年9月24日出生，蒙族。" nameCN="诉讼参与人">
      <SSCYRMC value="任××" nameCN="诉讼参与人名称" />
      <SSSF value="原告" nameCN="诉讼身份" />
      <SSDW value="原告" nameCN="诉讼地位" />
      <DSRLB value="原告" nameCN="当事人类别" />
      <DSRLX value="自然人" nameCN="当事人类型" />
      <XB value="女" nameCN="性别" />
      <CSRQ value="1962年9月24日" nameCN="出生日期">
        <Year value="1962" nameCN="年" />
        <Month value="9" nameCN="月" />
        <Day value="24" nameCN="日" />
      </CSRQ>
      <GJ value="中国" nameCN="国籍" />
      <DSRSFZH value="否" nameCN="当事人是否再婚" />
    </SSCYR>
    <SSCYR value="被告王一×，男，1963年12月7日出生，汉族。" nameCN="诉讼参与人">
      <SSCYRMC value="王一×" nameCN="诉讼参与人名称" />
      <SSSF value="被告" nameCN="诉讼身份" />
      <SSDW value="被告" nameCN="诉讼地位" />
      <DSRLB value="被告" nameCN="当事人类别" />
      <DSRLX value="自然人" nameCN="当事人类型" />
      <XB value="男" nameCN="性别" />
      <MZ value="汉族" nameCN="民族" />
      <CSRQ value="1963年12月7日" nameCN="出生日期">
        <Year value="1963" nameCN="年" />
        <Month value="12" nameCN="月" />
        <Day value="7" nameCN="日" />
      </CSRQ>
      <GJ value="中国" nameCN="国籍" />
      <DTQK value="到庭" nameCN="到庭情况" />
      <DSRSFZH value="否" nameCN="当事人是否再婚" />
    </SSCYR>
    <SSCYRQJ value="错误" nameCN="保险公司是否作为被告" />
  </SSCYRQJ>
  <SSJL value="原告任××与被告王一×离婚纠纷一案，本院于2015年8月13日立案受理。依法由代理审判员冯晓飞适用简易程序，于2015年9月9日公开开庭进行了审理。原告任××，被告王一×到庭参加诉讼。本案现已审理终结。" nameCN="诉讼记录">
    <YG value="任××" nameCN="原告" />
    <BG value="王一×" nameCN="被告" />
    <AY value="离婚纠纷" nameCN="案由" />
    <KTSL value="是" nameCN="开庭审理" />
    <KTSLXX value="公开审理" nameCN="开庭审理信息" />
    <WZAY value="离婚纠纷" nameCN="完整案由" />
    <AYDM value="9015" nameCN="案由代码" />
    <LARQ value="2015年8月13日" nameCN="立案日期" />
    <YSAJSYCX value="简易程序" nameCN="一审案件适用程序" />
    <JYZPT value="否" nameCN="简易转普通" />
    <YSAJLY value="新收" nameCN="一审案件来源" />
    <SLRQ value="2015年8月13日" nameCN="受理日期" />
    <CTDSRXX nameCN="出庭当事人信息">
      <CTRXM value="任××" nameCN="出庭人姓名">
        <SSDW value="原告" nameCN="诉讼地位" />
      </CTRXM>
      <CTRXM value="王一×" nameCN="出庭人姓名">
        <SSDW value="被告" nameCN="诉讼地位" />
      </CTRXM>
    </CTDSRXX>
  </SSJL>
  <AJJBQK value="原告任××诉称，原告与被告1989年经人介绍相识，1990年10月12日生活，女儿王二×1991年9月2日出生。婚初双方感情一般，被告经常酗酒，无所事事，脾气暴躁，经常无端与原告吵架、骂街，动手打原告，原告起初看在孩子尚小，为给女儿一个完整的家而没有起诉，被告对原告的一再忍让并不知情与感恩，且没有一丝悔改，认为原告软弱可欺，其还变本加厉的精神上折磨与恐吓原告，特别是2015年8月12日晚上约5：30被告无端闹事并找茬辱骂原告，用拳头殴打原告脸部，至原告左眼、眼眶及面部肿胀、淤血，被告对原告实施家庭暴力，被告的所作所为使原告伤透了心。由于原告与被告长期感情不合，造成女儿抑郁、精神障碍。现双方的婚姻关系名存实亡，双方的感情彻底破裂，为此，原告只得诉至法院，请求：1、依法判决原告与被告离婚；2、女儿王二×随原告生活；3、共同财产依法分割；4、本案诉讼费用由被告承担。&#xA;被告王一×辩称，不同意离婚；我家原住在红桥区XX道X号楼X门XXX号，我和原告同在一个单位，而且父一辈子一辈。我们自1990年1月12日经人介绍恋爱结婚，生有一女叫王二×。我们双方感情很好，共同生活在老人的房子里，互相照顾，共同抚养孩子。我们2000年下岗，在外地干了几个月一起同甘苦。2011年在爱人任××的劝说下买了他弟弟的半个出租车，为了能让她过上好日子，我没黑没白的跑活，甚至没节假日，就春节休息一天，我把所有的钱都交给她，我就让他们娘俩幸福。近期发生的争执主要是2015年8月12日发生的，冲突的原因是她与刘某某走的过近。家里的事不与我商量却和刘某某商量，并不时互相送东西，我几次提醒她不听，还跟我说瞎话。这次收他的东西被我发现，发生了口角，以致互相动手，我的确打了原告，我们都动手了，我后悔了，我认识到自己的错误了，但不导致我们感情破裂。我们俩是两个又可怜、又可悲的人，本来应有一个幸福的家庭，由于她娘家总想从中得利，再加上她对娘家言听计从，导致接触到以上问题发生口角。所以我坚决不同意离婚，希望法庭给予调解。&#xA;经审理查明，原、被告1989年经人介绍相识，1990年10月12日登记结婚，同年10月20日举行婚礼并共同生活，1991年9月2日生育一女名王二×。原、被告婚后初期居住于天津市西青区X号楼X门XXX号房屋内，后该房拆迁，双方购置并居住于天津市红桥区XXX路XX楼X门XXX号房屋，该房原系公产房屋，后购买产权，登记于被告王一×名下。双方婚后初期感情尚可，后因琐事发生纠纷，双方于2014年开始分室居住，2015年8月12日双方因故发生争执，原告诉至法院要求离婚，庭审中，被告向原告表达歉意并表示不同意离婚。&#xA;上述事实，有双方当事人当庭陈述、结婚证等证据在案证明。&#xA;" nameCN="案件基本情况">
    <YGSCD value="原告任××诉称，原告与被告1989年经人介绍相识，1990年10月12日生活，女儿王二×1991年9月2日出生。婚初双方感情一般，被告经常酗酒，无所事事，脾气暴躁，经常无端与原告吵架、骂街，动手打原告，原告起初看在孩子尚小，为给女儿一个完整的家而没有起诉，被告对原告的一再忍让并不知情与感恩，且没有一丝悔改，认为原告软弱可欺，其还变本加厉的精神上折磨与恐吓原告，特别是2015年8月12日晚上约5：30被告无端闹事并找茬辱骂原告，用拳头殴打原告脸部，至原告左眼、眼眶及面部肿胀、淤血，被告对原告实施家庭暴力，被告的所作所为使原告伤透了心。由于原告与被告长期感情不合，造成女儿抑郁、精神障碍。现双方的婚姻关系名存实亡，双方的感情彻底破裂，为此，原告只得诉至法院，请求：1、依法判决原告与被告离婚；2、女儿王二×随原告生活；3、共同财产依法分割；4、本案诉讼费用由被告承担。 " nameCN="原告诉称段" />
    <BGBCD value="被告王一×辩称，不同意离婚；我家原住在红桥区XX道X号楼X门XXX号，我和原告同在一个单位，而且父一辈子一辈。我们自1990年1月12日经人介绍恋爱结婚，生有一女叫王二×。我们双方感情很好，共同生活在老人的房子里，互相照顾，共同抚养孩子。我们2000年下岗，在外地干了几个月一起同甘苦。2011年在爱人任××的劝说下买了他弟弟的半个出租车，为了能让她过上好日子，我没黑没白的跑活，甚至没节假日，就春节休息一天，我把所有的钱都交给她，我就让他们娘俩幸福。近期发生的争执主要是2015年8月12日发生的，冲突的原因是她与刘某某走的过近。家里的事不与我商量却和刘某某商量，并不时互相送东西，我几次提醒她不听，还跟我说瞎话。这次收他的东西被我发现，发生了口角，以致互相动手，我的确打了原告，我们都动手了，我后悔了，我认识到自己的错误了，但不导致我们感情破裂。我们俩是两个又可怜、又可悲的人，本来应有一个幸福的家庭，由于她娘家总想从中得利，再加上她对娘家言听计从，导致接触到以上问题发生口角。所以我坚决不同意离婚，希望法庭给予调解。 " nameCN="被告辩称段" />
    <ZJD value="上述事实，有双方当事人当庭陈述、结婚证等证据在案证明。" nameCN="证据段" />
    <CMSSD value="经审理查明，原、被告1989年经人介绍相识，1990年10月12日登记结婚，同年10月20日举行婚礼并共同生活，1991年9月2日生育一女名王二×。原、被告婚后初期居住于天津市西青区X号楼X门XXX号房屋内，后该房拆迁，双方购置并居住于天津市红桥区XXX路XX楼X门XXX号房屋，该房原系公产房屋，后购买产权，登记于被告王一×名下。双方婚后初期感情尚可，后因琐事发生纠纷，双方于2014年开始分室居住，2015年8月12日双方因故发生争执，原告诉至法院要求离婚，庭审中，被告向原告表达歉意并表示不同意离婚。" nameCN="查明事实段">
      <SGXQ value="未提及" nameCN="事故详情">
        <SGSJ value="未提及" nameCN="事故时间" />
        <SGDD value="未提及" nameCN="事故地点" />
      </SGXQ>
      <JDCSYR value="王一×" nameCN="机动车所有人" />
      <SFTB value="是" nameCN="是否投保" />
      <SFZBXQN value="是" nameCN="是否在保险期内" />
      <SFXQPF value="是" nameCN="是否先期赔付" />
      <JDSFKK value="是" nameCN="鉴定是否可靠" />
    </CMSSD>
  </AJJBQK>
  <CPFXGC value="本院认为，原、被告结婚多年并育有一女，感情基础较好，虽因生活琐事造成感情出现裂痕，但夫妻感情并未完全破裂，希望双方今后相互尊重，相互信任、相互扶助，互谅互让、共同承担家庭责任，合理处理并化解家庭矛盾，现原告的离婚请求不符合婚姻法准予离婚的法定条件，本院依法不予支持。综上，依照《中华人民共和国婚姻法》第三十二条第三款的规定，判决如下：&#xA;" nameCN="裁判分析过程">
    <JAFSLX value="判决" nameCN="结案方式类型" />
    <FLFTMC value="中华人民共和国婚姻法" nameCN="法律法条名称">
      <TM value="三十二" nameCN="条目">
        <KM value="第三款" nameCN="款目" />
      </TM>
      <SFCXF value="非程序法" nameCN="是否是程序法" />
    </FLFTMC>
  </CPFXGC>
  <CPJG value="驳回原告任××离婚的诉讼请求。&#xA;案件受理费200元，减半收取100元，由原告任××负担。&#xA;如不服本判决，可在判决书送达之日起十五日内，向本院递交上诉状，并按对方当事人的人数提出副本，上诉于天津市第一中级人民法院。&#xA;" nameCN="裁判结果">
    <JAFS value="判决" nameCN="结案方式" />
    <PCSFSXZQ value="正确" nameCN="同时起诉侵权人与保险公司的赔偿顺序" />
    <JTPJJG value="驳回原告任××离婚的诉讼请求。" nameCN="具体裁判段" />
    <SSFCD nameCN="诉讼费承担">
      <SSFCDJL value="案件受理费200元，减半收取100元，由原告任××负担。" nameCN="诉讼费承担记录">
        <SSFJE value="100元" nameCN="诉讼费金额" />
        <SSFZL value="受理费" nameCN="诉讼费种类" />
        <SSFCDR value="任××" nameCN="承担人">
          <SSFCDJE value="100元" nameCN="承担金额" />
          <SSFCDFS value="个人独立承担该金额" nameCN="承担方式" />
          <SSFCDDW value="原告" nameCN="承担人地位" />
        </SSFCDR>
      </SSFCDJL>
    </SSFCD>
    <SFFHCS value="否" nameCN="是否发回重审" />
    <KSSZ value="天津市第一中级人民法院" nameCN="可上诉至" />
    <SSTJCL value="上诉状，并按对方当事人的人数提出副本" nameCN="上诉提交材料" />
    <SSQX value="十五日" nameCN="上诉期限" />
    <TCGXQYY value="否" nameCN="是否提出管辖权异议" />
  </CPJG>
  <WW value="代理审判员冯晓飞&#xA;二〇一五年九月十八日&#xA;书记员任万岱&#xA;" nameCN="文尾">
    <SPZZCY nameCN="审判组织成员">
      <SPRYXM value="冯晓飞" nameCN="审判人员姓名" />
      <SPRYJS value="代理审判员" nameCN="审判人员角色" />
    </SPZZCY>
    <SPZZCY nameCN="审判组织成员">
      <SPRYXM value="任万岱" nameCN="审判人员姓名" />
      <SPRYJS value="书记员" nameCN="审判人员角色" />
    </SPZZCY>
    <CPSJ value="2015年9月18日" nameCN="裁判时间">
      <Year value="2015" nameCN="结案年度" />
      <JANYR value="2015年9月18日" nameCN="结案年月日" />
      <JANY value="2015-9" nameCN="结案年月" />
      <Month value="9" nameCN="月" />
      <Day value="18" nameCN="日" />
    </CPSJ>
  </WW>
  <FL value="" nameCN="附录" />
</QW>

