<?xml version="1.0" encoding="UTF-8"?>
<QW value="浙江省诸暨市人民法院&#xA;民事裁定书&#xA;（2015）绍诸民初字第2136号&#xA;原告：何俟播，女，1972年1月16日出生，汉族，浙江省诸暨市人，住浙江省诸暨市浣东街道丁严王居委会38号。公民身份号码：330625197201164561。&#xA;委托代理人（特别授权）：孙锡泉，男，1946年6月12出生，汉族，浙江省杭州市人，住浙江省杭州市下城区施家桥8幢4单元401室。公民身份号码：330106194606120014。&#xA;被告：诸暨市浣东街道丁严王居民区股份经济合作社。住所地：浙江省诸暨市浣东街道丁严王。组织机构代码：66713196-5。&#xA;委托代理人（特别授权）：王李全，浙江卓颂律师事务所律师。&#xA;本院在审理原告何俟播与被告诸暨市浣东街道丁严王居民区股份经济合作社侵害集体经济组织成员权益纠纷一案过程中，因案情复杂，不宜适用简易程序审理，依照《中华人民共和国民事诉讼法》第一百六十三条的规定，裁定如下：&#xA;本案转为普通程序审理。&#xA;审判员郦武亮&#xA;二〇一五年九月十五日&#xA;书记员张方媛&#xA;" nameCN="全文">
  <WS value="浙江省诸暨市人民法院&#xA;民事裁定书&#xA;（2015）绍诸民初字第2136号&#xA;" nameCN="文首">
    <WSZZDW value="法院" nameCN="文书制作单位" />
    <JBFY value="浙江省诸暨市人民法院" nameCN="经办法院">
      <FYJB value="基层" nameCN="法院级别" />
      <XZQH_P value="浙江" nameCN="行政区划(省)" />
      <XZQH_C value="诸暨市" nameCN="行政区划(市)" />
    </JBFY>
    <WSMC value="民事裁定书" nameCN="文书名称" />
    <AH value="(2015)绍诸民初字第2136号" nameCN="案号" />
    <LAND value="2015" nameCN="立案年度" />
    <AJXZ value="民事案件" nameCN="案件性质" />
    <WSZL value="裁定书" nameCN="文书种类" />
    <SPCX value="一审案件" nameCN="审判程序" />
    <AJLX value="民事一审案件" nameCN="案件类型" />
  </WS>
  <SSCYRQJ value="原告：何俟播，女，1972年1月16日出生，汉族，浙江省诸暨市人，住浙江省诸暨市浣东街道丁严王居委会38号。公民身份号码：330625197201164561。&#xA;委托代理人（特别授权）：孙锡泉，男，1946年6月12出生，汉族，浙江省杭州市人，住浙江省杭州市下城区施家桥8幢4单元401室。公民身份号码：330106194606120014。&#xA;被告：诸暨市浣东街道丁严王居民区股份经济合作社。住所地：浙江省诸暨市浣东街道丁严王。组织机构代码：66713196-5。&#xA;委托代理人（特别授权）：王李全，浙江卓颂律师事务所律师。&#xA;" nameCN="诉讼参与人全集">
    <SSCYR value="原告：何俟播，女，1972年1月16日出生，汉族，浙江省诸暨市人，住浙江省诸暨市浣东街道丁严王居委会38号。公民身份号码：330625197201164561。" nameCN="诉讼参与人">
      <SSCYRMC value="何俟播" nameCN="诉讼参与人名称" />
      <SSSF value="原告" nameCN="诉讼身份" />
      <SSDW value="原告" nameCN="诉讼地位" />
      <DSRLB value="原告" nameCN="当事人类别" />
      <DSRLX value="自然人" nameCN="当事人类型" />
      <XB value="女" nameCN="性别" />
      <MZ value="汉族" nameCN="民族" />
      <CSRQ value="1972年1月16日" nameCN="出生日期">
        <Year value="1972" nameCN="年" />
        <Month value="1" nameCN="月" />
        <Day value="16" nameCN="日" />
      </CSRQ>
      <GJ value="中国" nameCN="国籍" />
      <DSRDZ value="浙江省诸暨市浣东街道丁严王居委会38号" nameCN="当事人地址" />
    </SSCYR>
    <SSCYR value="委托代理人（特别授权）：孙锡泉，男，1946年6月12出生，汉族，浙江省杭州市人，住浙江省杭州市下城区施家桥8幢4单元401室。公民身份号码：330106194606120014。" nameCN="诉讼参与人">
      <SSCYRMC value="孙锡泉" nameCN="诉讼参与人名称" />
      <SSSF value="委托代理人" nameCN="诉讼身份" />
      <DSRLX value="自然人" nameCN="当事人类型" />
      <XB value="男" nameCN="性别" />
      <MZ value="汉族" nameCN="民族" />
      <GJ value="中国" nameCN="国籍" />
      <DSRDZ value="浙江省杭州市下城区施家桥8幢4单元401室" nameCN="当事人地址" />
    </SSCYR>
    <SSCYR value="被告：诸暨市浣东街道丁严王居民区股份经济合作社。住所地：浙江省诸暨市浣东街道丁严王。组织机构代码：66713196-5。" nameCN="诉讼参与人">
      <SSCYRMC value="诸暨市浣东街道丁严王居民区股份经济合作社" nameCN="诉讼参与人名称" />
      <SSSF value="被告" nameCN="诉讼身份" />
      <SSDW value="被告" nameCN="诉讼地位" />
      <DSRLB value="被告" nameCN="当事人类别" />
      <DSRLX value="法人" nameCN="当事人类型" />
      <DSRDZ value="浙江省诸暨市浣东街道丁严王" nameCN="当事人地址" />
    </SSCYR>
    <SSCYR value="委托代理人（特别授权）：王李全，浙江卓颂律师事务所律师。" nameCN="诉讼参与人">
      <SSCYRMC value="王李全" nameCN="诉讼参与人名称" />
      <SSSF value="委托代理人" nameCN="诉讼身份" />
      <DSRLX value="自然人" nameCN="当事人类型" />
      <GJ value="中国" nameCN="国籍" />
      <DWZWFZ nameCN="单位职务分组">
        <ZW value="律师" nameCN="职务" />
      </DWZWFZ>
    </SSCYR>
    <SSCYRQJ value="错误" nameCN="保险公司是否作为被告" />
  </SSCYRQJ>
  <SSJL value="本院在审理原告何俟播与被告诸暨市浣东街道丁严王居民区股份经济合作社侵害集体经济组织成员权益纠纷一案过程中，因案情复杂，不宜适用简易程序审理，依照《中华人民共和国民事诉讼法》第一百六十三条的规定，裁定如下：" nameCN="诉讼记录">
    <YG value="何俟播" nameCN="原告" />
    <BG value="诸暨市浣东街道丁严王居民区股份经济合作社" nameCN="被告" />
    <AY value="侵害集体经济组织成员权益纠纷" nameCN="案由" />
    <KTSL value="否" nameCN="开庭审理" />
    <WZAY value="侵害集体经济组织成员权益纠纷" nameCN="完整案由" />
    <AYDM value="9063" nameCN="案由代码" />
    <YSAJSYCX value="普通程序" nameCN="一审案件适用程序" />
    <JYZPT value="否" nameCN="简易转普通" />
    <SPZZ value="独任庭" nameCN="审判组织" />
    <YSAJLY value="新收" nameCN="一审案件来源" />
  </SSJL>
  <AJJBQK value="" nameCN="案件基本情况" />
  <CPFXGC value="本院在审理原告何俟播与被告诸暨市浣东街道丁严王居民区股份经济合作社侵害集体经济组织成员权益纠纷一案过程中，因案情复杂，不宜适用简易程序审理，依照《中华人民共和国民事诉讼法》第一百六十三条的规定，裁定如下：&#xA;" nameCN="裁判分析过程">
    <JAFSLX value="裁定" nameCN="结案方式类型" />
    <FLFTMC value="中华人民共和国民事诉讼法" nameCN="法律法条名称">
      <TM value="一百六十三" nameCN="条目" />
      <SFCXF value="是程序法" nameCN="是否是程序法" />
    </FLFTMC>
  </CPFXGC>
  <CPJG value="本案转为普通程序审理。&#xA;" nameCN="裁判结果">
    <JAFS value="其他" nameCN="结案方式" />
    <PCSFSXZQ value="正确" nameCN="同时起诉侵权人与保险公司的赔偿顺序" />
    <JTPJJG value="本案转为普通程序审理。" nameCN="具体裁判段" />
    <SFFHCS value="否" nameCN="是否发回重审" />
    <TCGXQYY value="否" nameCN="是否提出管辖权异议" />
  </CPJG>
  <WW value="审判员郦武亮&#xA;二〇一五年九月十五日&#xA;书记员张方媛&#xA;" nameCN="文尾">
    <SPZZCY nameCN="审判组织成员">
      <SPRYXM value="郦武亮" nameCN="审判人员姓名" />
      <SPRYJS value="审判员" nameCN="审判人员角色" />
    </SPZZCY>
    <SPZZCY nameCN="审判组织成员">
      <SPRYXM value="张方媛" nameCN="审判人员姓名" />
      <SPRYJS value="书记员" nameCN="审判人员角色" />
    </SPZZCY>
    <CPSJ value="2015年9月15日" nameCN="裁判时间">
      <Year value="2015" nameCN="结案年度" />
      <JANYR value="2015年9月15日" nameCN="结案年月日" />
      <JANY value="2015-9" nameCN="结案年月" />
      <Month value="9" nameCN="月" />
      <Day value="15" nameCN="日" />
    </CPSJ>
  </WW>
  <FL value="" nameCN="附录" />
</QW>

