<?xml version="1.0" encoding="UTF-8"?>
<QW value="&#xA;贵州省遵义市汇川区人民法院&#xA;民事判决书&#xA;（2014）汇民初字第2464号&#xA;原告何光远，男，汉族，贵州省习水县人，住贵州省习水县。&#xA;委托代理人李泽友，贵州子尹律师事务所律师。&#xA;被告遵义市凯源顺商贸有限责任公司，住所地：遵义市红花岗区海尔大道海风小区A幢9号门面，组织机构代码：56091596-2。&#xA;法定代表人雷仕远，系该公司法人代表。&#xA;被告贵州黔盛达担保有限公司，住所地：遵义市红花岗区外环路祥和商住楼B栋门面B4，组织机构代码：66699394-2。&#xA;法定代表人唐琳，系该公司法人代表。&#xA;原告何光远与被告遵义市凯源顺商贸有限责任公司（以下简称凯源顺公司）、贵州黔盛达担保有限公司（以下简称黔盛达担保公司）借款合同纠纷一案，本院于2014年11月3日立案受理，依法由审判员张霞适用简易程序公开开庭进行了审理，原告的委托代理人李泽友到庭参加了诉讼，被告凯源顺公司和黔盛达担保公司经本院合法传唤，无正当理由未到庭参加诉讼，本院对该案依法缺席审理，现已审理终结。&#xA;原告诉称：2014年6月12日，原、被告签订了《借款合同》，双方约定：被告凯源顺公司向原告借款280万元，借款期限为1个月，借款月息1．6％，被告应于2014年7月11日归还全部借款。如果被告逾期偿还借款，按照利率上浮50％计算罚息，被告黔盛达担保公司对上述借款承担连带担保责任。借款到期后，经原告多次催收，被告未偿还借款本金及利息，为此，特诉至法院要求判令：1、被告凯源顺公司向原告偿还借款280万元，并以借款本金280万元为基数按照2．4％月利率从2014年7月12日起至本息付清之日止向原告支付利息；2、被告黔盛达担保公司对上述款项承担连带清偿责任；3、诉讼费由被告承担。&#xA;被告凯源顺公司、黔盛达担保公司经本院合法传唤无正当理由未到庭参加诉讼，也未提交书面答辩状。&#xA;原告为支持其诉请提供下述证据：一、原告与被告凯源顺公司签订了《借款合同》一份，证明借款金额、期限、以及约定的利率；二、中国建设银行转账汇款回单2张，证明原告已将借款280万汇入被告凯源顺公司的帐户；三、保证合同一份，证明被告黔盛达担保公司对借款280万本金及利息承担连带责任保证。&#xA;本院综合分析认证：原告提供的三份证据形式合法、内容客观真实、与本案具有关联性，符合证据的三性，本院依法予以认定。&#xA;经审理查明：2014年6月12日，原告何光远与被告凯源顺公司签订了《借款合同》，合同约定：“双方的借款金额为280万元；借款期限为2014年6月12日至2014年7月11日止；借款利率在合同期内按月息1．6％计算，逾期不归还借款本金或不支付利息，则从逾期日起至全部债务清偿日止按合同约定利率上浮50％即月利率2．4％予以计算利息。同时，原告与被告黔盛达担保公司签订了《保证合同》，双方约定，被告黔盛达担保公司对上述借款本金、利息等提供连带责任保证担保。合同签订后，原告按约定通过银行将280万元的借款本金转账汇入了被告凯顺源公司帐户。借款到期后，被告凯顺源未归还借款本金，且从2014年9月24日至今未支付利息。&#xA;以上事实：有原告提供的《借款合同》、《保证合同》、汇款凭证及当事人陈述在卷佐证，足以认定。&#xA;本院认为：根据《中华人民共和国民事诉讼法》第一百四十四条“被告经传票传唤，无正当理由拒不到庭的，或者未经法庭许可中途退庭的，可以缺席判决。”之规定，本院对该案缺席审理符合法律规定。公民之间的合法借贷关系受法律保护，被告凯源顺公司借原告款项，有双方签订的借款合同及汇款凭证为凭，本院对双方的借贷关系予以认定。根据《中华人民共和国民法通则》第一百零八条“债务应当清偿。暂时无力偿还的，经债权人同意或者人民法院裁决，可以由债务人分期偿还。有能力偿还拒不偿还的，由人民法院判决强制偿还”之规定，被告应当归还借款。关于双方利息的约定，根据《中华人民共和国合同法》第二百一十一条第二款“自然人之间的借款合同约定支付利息的，借款的利率不得违反国家有关限制借款利率的规定。”根据《最高人民法院关于人民法院审理借贷案件的若干意见》第六条：“民间借贷的利率可以适当高于银行的利率，各地人民法院可根据本地区的实际情况具体掌握，但最高不得超过银行同类贷款利率的四倍（包含利率本数）。超出此限度的，超出部分的利息不予保护”之规定，双方约定的利率和此规定不符，本院对双方之间的利息从2014年9月24日起至借款还清之日止以借款本金280万为基数，按中国人民银行同期同类贷款利率的四倍予以支持。被告黔盛达担保公司对该笔债务提供连带责任担保，根据《中华人民共和国担保法》第十八条第二款“连带责任保证的债务人在主合同规定的债务履行期届满没有履行债务的，债权人可以要求债务人履行债务，也可以要求保证人在其保证范围内承担保证责任”之规定，原告要求被告黔盛达担保公司对该笔债务承担连带清偿责任符合法律的规定，本院依法予以支持。综上：根据《中华人民共和国民法通则》第一百零八条、《中华人民共和国合同法》第二百一十一条第二款、《中华人民共和国担保法》第十八条第二款、《中华人民共和国民事诉讼法》第一百四十四条、《最高人民法院关于人民法院审理借贷案件的若干意见》第六条之规定，判决如下：&#xA;一、被告遵义市凯源顺商贸有限责任公司于本判决书生效后十日内偿还原告何光远借款本金280万元并从2014年9月24日起至借款还清之日止以借款本金280万元为基数按照中国人民银行同期同类贷款利率的四倍支付利息；&#xA;二、被告贵州黔盛达担保有限公司对上述借款本金及利息承担连带清偿责任。&#xA;案件受理费29200元，减半收取14600元，由被告遵义市凯源顺商贸有限责任公司、贵州黔盛达担保有限公司连带承担。&#xA;如果未按本判决指定的期间履行给付金钱义务，应当依照《中华人民共和国民事诉讼法》第二百五十三条之规定，加倍支付迟延履行期间的债务利息。&#xA;如不服本判决，可在判决书送达之日起十五日内向本院提交上诉状，并按对方当事人的人数提出副本，上诉于贵州省遵义市中级人民法院。逾期，本判决书则发生法律效力。&#xA;本判决发生法律效力后，原告可在判决确定的履行期限届满后二年内向本院或者与本院同级的被执行的财产所在地人民法院申请执行。&#xA;审判员张霞&#xA;二〇一四年十一月二十六日&#xA;书记员刘丹丹&#xA;" nameCN="全文">
  <WS value="贵州省遵义市汇川区人民法院&#xA;民事判决书&#xA;（2014）汇民初字第2464号&#xA;" nameCN="文首">
    <WSZZDW value="法院" nameCN="文书制作单位" />
    <JBFY value="贵州省遵义市汇川区人民法院" nameCN="经办法院">
      <FYJB value="基层" nameCN="法院级别" />
      <XZQH_P value="贵州" nameCN="行政区划(省)" />
      <XZQH_C value="遵义市" nameCN="行政区划(市)" />
    </JBFY>
    <WSMC value="民事判决书" nameCN="文书名称" />
    <AH value="(2014)汇民初字第2464号" nameCN="案号" />
    <LAND value="2014" nameCN="立案年度" />
    <AJXZ value="民事案件" nameCN="案件性质" />
    <WSZL value="判决书" nameCN="文书种类" />
    <SPCX value="一审案件" nameCN="审判程序" />
    <AJLX value="民事一审案件" nameCN="案件类型" />
  </WS>
  <SSCYRQJ value="原告何光远，男，汉族，贵州省习水县人，住贵州省习水县。&#xA;委托代理人李泽友，贵州子尹律师事务所律师。&#xA;被告遵义市凯源顺商贸有限责任公司，住所地：遵义市红花岗区海尔大道海风小区A幢9号门面，组织机构代码：56091596-2。&#xA;法定代表人雷仕远，系该公司法人代表。&#xA;被告贵州黔盛达担保有限公司，住所地：遵义市红花岗区外环路祥和商住楼B栋门面B4，组织机构代码：66699394-2。&#xA;法定代表人唐琳，系该公司法人代表。&#xA;" nameCN="诉讼参与人全集">
    <SSCYR value="原告何光远，男，汉族，贵州省习水县人，住贵州省习水县。" nameCN="诉讼参与人">
      <SSCYRMC value="何光远" nameCN="诉讼参与人名称" />
      <SSSF value="原告" nameCN="诉讼身份" />
      <SSDW value="原告" nameCN="诉讼地位" />
      <DSRLB value="原告" nameCN="当事人类别" />
      <DSRLX value="自然人" nameCN="当事人类型" />
      <XB value="男" nameCN="性别" />
      <MZ value="汉族" nameCN="民族" />
      <GJ value="中国" nameCN="国籍" />
      <DSRDZ value="贵州省习水县" nameCN="当事人地址" />
    </SSCYR>
    <SSCYR value="委托代理人李泽友，贵州子尹律师事务所律师。" nameCN="诉讼参与人">
      <SSCYRMC value="李泽友" nameCN="诉讼参与人名称" />
      <SSSF value="委托代理人" nameCN="诉讼身份" />
      <DSRLX value="自然人" nameCN="当事人类型" />
      <GJ value="中国" nameCN="国籍" />
      <DTQK value="到庭" nameCN="到庭情况" />
      <DWZWFZ nameCN="单位职务分组">
        <ZW value="律师" nameCN="职务" />
      </DWZWFZ>
    </SSCYR>
    <SSCYR value="被告遵义市凯源顺商贸有限责任公司，住所地：遵义市红花岗区海尔大道海风小区A幢9号门面，组织机构代码：56091596-2。" nameCN="诉讼参与人">
      <SSCYRMC value="遵义市凯源顺商贸有限责任公司" nameCN="诉讼参与人名称" />
      <SSSF value="被告" nameCN="诉讼身份" />
      <SSDW value="被告" nameCN="诉讼地位" />
      <DSRLB value="被告" nameCN="当事人类别" />
      <DSRLX value="法人" nameCN="当事人类型" />
      <DSRDZ value="遵义市红花岗区海尔大道海风小区A幢9号门面" nameCN="当事人地址" />
      <DWXZ value="有限责任公司" nameCN="单位性质" />
      <FDDBR value="唐琳" nameCN="单位法定代表人" />
    </SSCYR>
    <SSCYR value="法定代表人雷仕远，系该公司法人代表。" nameCN="诉讼参与人">
      <SSCYRMC value="雷仕远" nameCN="诉讼参与人名称" />
      <SSSF value="法定代表人" nameCN="诉讼身份" />
      <DSRLX value="自然人" nameCN="当事人类型" />
      <GJ value="中国" nameCN="国籍" />
      <DWZWFZ nameCN="单位职务分组">
        <DWMC value="遵义市凯源顺商贸有限责任公司" nameCN="单位名称" />
        <DWXZ value="有限责任公司" nameCN="单位性质" />
      </DWZWFZ>
    </SSCYR>
    <SSCYR value="被告贵州黔盛达担保有限公司，住所地：遵义市红花岗区外环路祥和商住楼B栋门面B4，组织机构代码：66699394-2。" nameCN="诉讼参与人">
      <SSCYRMC value="贵州黔盛达担保有限公司" nameCN="诉讼参与人名称" />
      <SSSF value="被告" nameCN="诉讼身份" />
      <SSDW value="被告" nameCN="诉讼地位" />
      <DSRLB value="被告" nameCN="当事人类别" />
      <DSRLX value="法人" nameCN="当事人类型" />
      <DSRDZ value="遵义市红花岗区外环路祥和商住楼B栋门面B4" nameCN="当事人地址" />
      <DWXZ value="有限责任公司" nameCN="单位性质" />
    </SSCYR>
    <SSCYR value="法定代表人唐琳，系该公司法人代表。" nameCN="诉讼参与人">
      <SSCYRMC value="唐琳" nameCN="诉讼参与人名称" />
      <SSSF value="法定代表人" nameCN="诉讼身份" />
      <DSRLX value="自然人" nameCN="当事人类型" />
      <GJ value="中国" nameCN="国籍" />
      <DWZWFZ nameCN="单位职务分组">
        <DWMC value="遵义市凯源顺商贸有限责任公司" nameCN="单位名称" />
        <DWXZ value="有限责任公司" nameCN="单位性质" />
      </DWZWFZ>
    </SSCYR>
    <SSCYRQJ value="错误" nameCN="保险公司是否作为被告" />
  </SSCYRQJ>
  <SSJL value="原告何光远与被告遵义市凯源顺商贸有限责任公司（以下简称凯源顺公司）、贵州黔盛达担保有限公司（以下简称黔盛达担保公司）借款合同纠纷一案，本院于2014年11月3日立案受理，依法由审判员张霞适用简易程序公开开庭进行了审理，原告的委托代理人李泽友到庭参加了诉讼，被告凯源顺公司和黔盛达担保公司经本院合法传唤，无正当理由未到庭参加诉讼，本院对该案依法缺席审理，现已审理终结。" nameCN="诉讼记录">
    <AY value="借款合同纠纷" nameCN="案由" />
    <KTSL value="是" nameCN="开庭审理" />
    <KTSLXX value="公开审理" nameCN="开庭审理信息" />
    <WZAY value="借款合同纠纷" nameCN="完整案由" />
    <AYDM value="9177" nameCN="案由代码" />
    <LARQ value="2014年11月3日" nameCN="立案日期" />
    <YSAJSYCX value="简易程序" nameCN="一审案件适用程序" />
    <JYZPT value="否" nameCN="简易转普通" />
    <YSAJLY value="新收" nameCN="一审案件来源" />
    <SLRQ value="2014年11月3日" nameCN="受理日期" />
    <CTDSRXX nameCN="出庭当事人信息">
      <CTRXM value="李泽友" nameCN="出庭人姓名">
        <SSDW value="委托代理人" nameCN="诉讼地位" />
      </CTRXM>
    </CTDSRXX>
  </SSJL>
  <AJJBQK value="原告诉称：2014年6月12日，原、被告签订了《借款合同》，双方约定：被告凯源顺公司向原告借款280万元，借款期限为1个月，借款月息1．6％，被告应于2014年7月11日归还全部借款。如果被告逾期偿还借款，按照利率上浮50％计算罚息，被告黔盛达担保公司对上述借款承担连带担保责任。借款到期后，经原告多次催收，被告未偿还借款本金及利息，为此，特诉至法院要求判令：1、被告凯源顺公司向原告偿还借款280万元，并以借款本金280万元为基数按照2．4％月利率从2014年7月12日起至本息付清之日止向原告支付利息；2、被告黔盛达担保公司对上述款项承担连带清偿责任；3、诉讼费由被告承担。&#xA;被告凯源顺公司、黔盛达担保公司经本院合法传唤无正当理由未到庭参加诉讼，也未提交书面答辩状。&#xA;原告为支持其诉请提供下述证据：一、原告与被告凯源顺公司签订了《借款合同》一份，证明借款金额、期限、以及约定的利率；二、中国建设银行转账汇款回单2张，证明原告已将借款280万汇入被告凯源顺公司的帐户；三、保证合同一份，证明被告黔盛达担保公司对借款280万本金及利息承担连带责任保证。&#xA;本院综合分析认证：原告提供的三份证据形式合法、内容客观真实、与本案具有关联性，符合证据的三性，本院依法予以认定。&#xA;经审理查明：2014年6月12日，原告何光远与被告凯源顺公司签订了《借款合同》，合同约定：“双方的借款金额为280万元；借款期限为2014年6月12日至2014年7月11日止；借款利率在合同期内按月息1．6％计算，逾期不归还借款本金或不支付利息，则从逾期日起至全部债务清偿日止按合同约定利率上浮50％即月利率2．4％予以计算利息。同时，原告与被告黔盛达担保公司签订了《保证合同》，双方约定，被告黔盛达担保公司对上述借款本金、利息等提供连带责任保证担保。合同签订后，原告按约定通过银行将280万元的借款本金转账汇入了被告凯顺源公司帐户。借款到期后，被告凯顺源未归还借款本金，且从2014年9月24日至今未支付利息。&#xA;以上事实：有原告提供的《借款合同》、《保证合同》、汇款凭证及当事人陈述在卷佐证，足以认定。&#xA;" nameCN="案件基本情况">
    <YGSCD value="原告诉称：2014年6月12日，原、被告签订了《借款合同》，双方约定：被告凯源顺公司向原告借款280万元，借款期限为1个月，借款月息1．6％，被告应于2014年7月11日归还全部借款。如果被告逾期偿还借款，按照利率上浮50％计算罚息，被告黔盛达担保公司对上述借款承担连带担保责任。借款到期后，经原告多次催收，被告未偿还借款本金及利息，为此，特诉至法院要求判令：1、被告凯源顺公司向原告偿还借款280万元，并以借款本金280万元为基数按照2．4％月利率从2014年7月12日起至本息付清之日止向原告支付利息；2、被告黔盛达担保公司对上述款项承担连带清偿责任；3、诉讼费由被告承担。 " nameCN="原告诉称段" />
    <BGBCD value="被告凯源顺公司、黔盛达担保公司经本院合法传唤无正当理由未到庭参加诉讼，也未提交书面答辩状。 " nameCN="被告辩称段" />
    <ZJD value="原告为支持其诉请提供下述证据：一、原告与被告凯源顺公司签订了《借款合同》一份，证明借款金额、期限、以及约定的利率；二、中国建设银行转账汇款回单2张，证明原告已将借款280万汇入被告凯源顺公司的帐户；三、保证合同一份，证明被告黔盛达担保公司对借款280万本金及利息承担连带责任保证。本院综合分析认证：原告提供的三份证据形式合法、内容客观真实、与本案具有关联性，符合证据的三性，本院依法予以认定。 " nameCN="证据段" />
    <ZJD value="以上事实：有原告提供的《借款合同》、《保证合同》、汇款凭证及当事人陈述在卷佐证，足以认定。 " nameCN="证据段" />
    <CMSSD value="经审理查明：2014年6月12日，原告何光远与被告凯源顺公司签订了《借款合同》，合同约定：“双方的借款金额为280万元；借款期限为2014年6月12日至2014年7月11日止；借款利率在合同期内按月息1．6％计算，逾期不归还借款本金或不支付利息，则从逾期日起至全部债务清偿日止按合同约定利率上浮50％即月利率2．4％予以计算利息。同时，原告与被告黔盛达担保公司签订了《保证合同》，双方约定，被告黔盛达担保公司对上述借款本金、利息等提供连带责任保证担保。合同签订后，原告按约定通过银行将280万元的借款本金转账汇入了被告凯顺源公司帐户。借款到期后，被告凯顺源未归还借款本金，且从2014年9月24日至今未支付利息。" nameCN="查明事实段">
      <SGXQ value="未提及" nameCN="事故详情">
        <SGSJ value="未提及" nameCN="事故时间" />
        <SGDD value="未提及" nameCN="事故地点" />
      </SGXQ>
      <JDCSYR value="遵义市凯源顺商贸有限责任公司" nameCN="机动车所有人" />
      <SHRJZD value="贵州省习水县" nameCN="受害人居住地" />
      <SFTB value="是" nameCN="是否投保" />
      <SFZBXQN value="是" nameCN="是否在保险期内" />
      <SFXQPF value="是" nameCN="是否先期赔付" />
      <JDSFKK value="是" nameCN="鉴定是否可靠" />
    </CMSSD>
  </AJJBQK>
  <CPFXGC value="本院认为：根据《中华人民共和国民事诉讼法》第一百四十四条“被告经传票传唤，无正当理由拒不到庭的，或者未经法庭许可中途退庭的，可以缺席判决。”之规定，本院对该案缺席审理符合法律规定。公民之间的合法借贷关系受法律保护，被告凯源顺公司借原告款项，有双方签订的借款合同及汇款凭证为凭，本院对双方的借贷关系予以认定。根据《中华人民共和国民法通则》第一百零八条“债务应当清偿。暂时无力偿还的，经债权人同意或者人民法院裁决，可以由债务人分期偿还。有能力偿还拒不偿还的，由人民法院判决强制偿还”之规定，被告应当归还借款。关于双方利息的约定，根据《中华人民共和国合同法》第二百一十一条第二款“自然人之间的借款合同约定支付利息的，借款的利率不得违反国家有关限制借款利率的规定。”根据《最高人民法院关于人民法院审理借贷案件的若干意见》第六条：“民间借贷的利率可以适当高于银行的利率，各地人民法院可根据本地区的实际情况具体掌握，但最高不得超过银行同类贷款利率的四倍（包含利率本数）。超出此限度的，超出部分的利息不予保护”之规定，双方约定的利率和此规定不符，本院对双方之间的利息从2014年9月24日起至借款还清之日止以借款本金280万为基数，按中国人民银行同期同类贷款利率的四倍予以支持。被告黔盛达担保公司对该笔债务提供连带责任担保，根据《中华人民共和国担保法》第十八条第二款“连带责任保证的债务人在主合同规定的债务履行期届满没有履行债务的，债权人可以要求债务人履行债务，也可以要求保证人在其保证范围内承担保证责任”之规定，原告要求被告黔盛达担保公司对该笔债务承担连带清偿责任符合法律的规定，本院依法予以支持。综上：根据《中华人民共和国民法通则》第一百零八条、《中华人民共和国合同法》第二百一十一条第二款、《中华人民共和国担保法》第十八条第二款、《中华人民共和国民事诉讼法》第一百四十四条、《最高人民法院关于人民法院审理借贷案件的若干意见》第六条之规定，判决如下：&#xA;" nameCN="裁判分析过程">
    <JAFSLX value="判决" nameCN="结案方式类型" />
    <FLFTMC value="中华人民共和国民法通则" nameCN="法律法条名称">
      <TM value="一百零八" nameCN="条目" />
      <SFCXF value="非程序法" nameCN="是否是程序法" />
    </FLFTMC>
    <FLFTMC value="中华人民共和国合同法" nameCN="法律法条名称">
      <TM value="二百一十一" nameCN="条目">
        <KM value="第二款" nameCN="款目" />
      </TM>
      <SFCXF value="非程序法" nameCN="是否是程序法" />
    </FLFTMC>
    <FLFTMC value="中华人民共和国担保法" nameCN="法律法条名称">
      <TM value="十八" nameCN="条目">
        <KM value="第二款" nameCN="款目" />
      </TM>
      <SFCXF value="非程序法" nameCN="是否是程序法" />
    </FLFTMC>
    <FLFTMC value="中华人民共和国民事诉讼法" nameCN="法律法条名称">
      <TM value="一百四十四" nameCN="条目" />
      <SFCXF value="是程序法" nameCN="是否是程序法" />
    </FLFTMC>
    <FLFTMC value="最高人民法院关于人民法院审理借贷案件的若干意见" nameCN="法律法条名称">
      <TM value="六" nameCN="条目" />
      <SFCXF value="非程序法" nameCN="是否是程序法" />
    </FLFTMC>
  </CPFXGC>
  <CPJG value="一、被告遵义市凯源顺商贸有限责任公司于本判决书生效后十日内偿还原告何光远借款本金280万元并从2014年9月24日起至借款还清之日止以借款本金280万元为基数按照中国人民银行同期同类贷款利率的四倍支付利息；&#xA;二、被告贵州黔盛达担保有限公司对上述借款本金及利息承担连带清偿责任。&#xA;案件受理费29200元，减半收取14600元，由被告遵义市凯源顺商贸有限责任公司、贵州黔盛达担保有限公司连带承担。&#xA;如果未按本判决指定的期间履行给付金钱义务，应当依照《中华人民共和国民事诉讼法》第二百五十三条之规定，加倍支付迟延履行期间的债务利息。&#xA;如不服本判决，可在判决书送达之日起十五日内向本院提交上诉状，并按对方当事人的人数提出副本，上诉于贵州省遵义市中级人民法院。逾期，本判决书则发生法律效力。&#xA;本判决发生法律效力后，原告可在判决确定的履行期限届满后二年内向本院或者与本院同级的被执行的财产所在地人民法院申请执行。&#xA;" nameCN="裁判结果">
    <JAFS value="判决" nameCN="结案方式" />
    <PCSFSXZQ value="正确" nameCN="同时起诉侵权人与保险公司的赔偿顺序" />
    <JTPJJG value="一、被告遵义市凯源顺商贸有限责任公司于本判决书生效后十日内偿还原告何光远借款本金280万元并从2014年9月24日起至借款还清之日止以借款本金280万元为基数按照中国人民银行同期同类贷款利率的四倍支付利息；" nameCN="具体裁判段">
      <QLR value="何光远" nameCN="权利人">
        <QLRSSDW value="原告" nameCN="诉讼地位" />
      </QLR>
      <YWR value="遵义市凯源顺商贸有限责任公司" nameCN="义务人">
        <YWRSSDW value="被告" nameCN="诉讼地位" />
      </YWR>
      <PJJE nameCN="判决金额">
        <JE value="2800000.0元" nameCN="金额" />
        <JELX value="借款" nameCN="金额类型" />
        <JELX value="本金" nameCN="金额类型" />
      </PJJE>
      <PJJE nameCN="判决金额">
        <JE value="2800000.0元" nameCN="金额" />
        <JELX value="借款" nameCN="金额类型" />
        <JELX value="本金" nameCN="金额类型" />
      </PJJE>
    </JTPJJG>
    <JTPJJG value="二、被告贵州黔盛达担保有限公司对上述借款本金及利息承担连带清偿责任。" nameCN="具体裁判段" />
    <SSFCD nameCN="诉讼费承担">
      <SSFCDJL value="案件受理费29200元，减半收取14600元，由被告遵义市凯源顺商贸有限责任公司、贵州黔盛达担保有限公司连带承担。" nameCN="诉讼费承担记录">
        <SSFJE value="14600元" nameCN="诉讼费金额" />
        <SSFZL value="受理费" nameCN="诉讼费种类" />
        <SSFCDR value="遵义市凯源顺商贸有限责任公司" nameCN="承担人">
          <SSFCDJE value="14600元" nameCN="承担金额" />
          <SSFCDFS value="与他人共同承担该金额" nameCN="承担方式" />
          <SSFCDDW value="被告" nameCN="承担人地位" />
        </SSFCDR>
        <SSFCDR value="贵州黔盛达担保有限公司" nameCN="承担人">
          <SSFCDJE value="14600元" nameCN="承担金额" />
          <SSFCDFS value="与他人共同承担该金额" nameCN="承担方式" />
          <SSFCDDW value="被告" nameCN="承担人地位" />
        </SSFCDR>
      </SSFCDJL>
    </SSFCD>
    <SFFHCS value="否" nameCN="是否发回重审" />
    <KSSZ value="贵州省遵义市中级人民法院" nameCN="可上诉至" />
    <SSQX value="十五日" nameCN="上诉期限" />
    <TCGXQYY value="否" nameCN="是否提出管辖权异议" />
  </CPJG>
  <WW value="审判员张霞&#xA;二〇一四年十一月二十六日&#xA;书记员刘丹丹&#xA;" nameCN="文尾">
    <SPZZCY nameCN="审判组织成员">
      <SPRYXM value="张霞" nameCN="审判人员姓名" />
      <SPRYJS value="审判员" nameCN="审判人员角色" />
    </SPZZCY>
    <SPZZCY nameCN="审判组织成员">
      <SPRYXM value="刘丹丹" nameCN="审判人员姓名" />
      <SPRYJS value="书记员" nameCN="审判人员角色" />
    </SPZZCY>
    <CPSJ value="2014年11月26日" nameCN="裁判时间">
      <Year value="2014" nameCN="结案年度" />
      <JANYR value="2014年11月26日" nameCN="结案年月日" />
      <JANY value="2014-11" nameCN="结案年月" />
      <Month value="11" nameCN="月" />
      <Day value="26" nameCN="日" />
    </CPSJ>
  </WW>
  <FL value="" nameCN="附录" />
</QW>

