<?xml version="1.0" encoding="UTF-8"?>
<QW value="四川省平昌县人民法院&#xA;民事判决书&#xA;（2015）平民初字第1937号&#xA;原告何徐芳，女。&#xA;委托代理人陈栋，四川百坚律师事务所律师。&#xA;被告李坤，男。&#xA;原告何徐芳诉被告李坤民间借贷纠纷一案，本院受理后，依法由审判员何景平独任审判，适用简易程序公开开庭进行了审理，原告何徐芳及委托代理人陈栋到庭参加了诉讼，被告李坤经本传票传唤无正当理由逾期未到庭参加诉讼，本案现已缺席审理终结。&#xA;原告何徐芳诉称：被告李坤于2014年7月13日在我处借现金5万元，并约定月利率2％，借款期限一年，其间，被告只结付利息2个月，借款逾期后，被告不予偿还，现要求被告立即还清借款本息。&#xA;被告李坤未作答辩。&#xA;经审理查明，被告李坤生意需资金周转，于2014年7月13日立据在原告处借现金5万元，约定月利率2％。2015年7月13日到期偿还。其间，被告给付利息2000元（即2个月利息），借款逾期后，被告未作偿还，原告诉讼来院。&#xA;上述事实有原告当庭陈述，有被告书立借据为证，本院予以确认。&#xA;本院认为，债是按照合同的约定或者依照法律的规定，在当事人之间产生的特定的权利和义务关系，享有权利的人是债权人，负有义务的人是债务人，原、被告之间的债权债务关系明确，被告李坤应当清偿债务。对原告诉请的被告立即偿还借款5万元应予支持。对原告主张的利息，符合最高人民法院关于审理民间借贷案件适用法律若干问题的规定，应依法予以支持。依照《中华人民共和国民事诉讼法》第一百四十四条、《中华人民共和国民法通则》第八十四条、最高人民法院《关于审理民间借贷案件适用法律若干问题的规定》第二十六条第一款之规定，判决如下：&#xA;限被告李坤在本判决生效后十日内偿还原告何徐芳借款5万元，并从2014年9月14日起按约定月利率2％给付利息，至本金还清之日止。&#xA;如未按本判决指定的期间履行金钱给付义务的，依照《中华人民共和国民事诉讼法》第二百五十三条之规定，应当加倍支付迟延履行期间的债务利息。&#xA;本案受理费1050元，由被告李坤负担。&#xA;如不服本判决，可在判决书送达之日起十五日内，向本院递交上诉状及副本，并预交上诉费1050元，上诉于四川省巴中市中级人民法院。&#xA;审判员何景平&#xA;二〇一五年十月十五日&#xA;书记员袁小明&#xA;" nameCN="全文">
  <WS value="四川省平昌县人民法院&#xA;民事判决书&#xA;（2015）平民初字第1937号&#xA;" nameCN="文首">
    <WSZZDW value="法院" nameCN="文书制作单位" />
    <JBFY value="四川省平昌县人民法院" nameCN="经办法院">
      <FYJB value="基层" nameCN="法院级别" />
      <XZQH_P value="四川" nameCN="行政区划(省)" />
      <XZQH_C value="四川" nameCN="行政区划(市)" />
    </JBFY>
    <WSMC value="民事判决书" nameCN="文书名称" />
    <AH value="(2015)平民初字第1937号" nameCN="案号" />
    <LAND value="2015" nameCN="立案年度" />
    <AJXZ value="民事案件" nameCN="案件性质" />
    <WSZL value="判决书" nameCN="文书种类" />
    <SPCX value="一审案件" nameCN="审判程序" />
    <AJLX value="民事一审案件" nameCN="案件类型" />
  </WS>
  <SSCYRQJ value="原告何徐芳，女。&#xA;委托代理人陈栋，四川百坚律师事务所律师。&#xA;被告李坤，男。&#xA;" nameCN="诉讼参与人全集">
    <SSCYR value="原告何徐芳，女。" nameCN="诉讼参与人">
      <SSCYRMC value="何徐芳" nameCN="诉讼参与人名称" />
      <SSSF value="原告" nameCN="诉讼身份" />
      <SSDW value="原告" nameCN="诉讼地位" />
      <DSRLB value="原告" nameCN="当事人类别" />
      <DSRLX value="自然人" nameCN="当事人类型" />
      <XB value="女" nameCN="性别" />
      <GJ value="中国" nameCN="国籍" />
      <DTQK value="到庭" nameCN="到庭情况" />
    </SSCYR>
    <SSCYR value="委托代理人陈栋，四川百坚律师事务所律师。" nameCN="诉讼参与人">
      <SSCYRMC value="陈栋" nameCN="诉讼参与人名称" />
      <SSSF value="委托代理人" nameCN="诉讼身份" />
      <DSRLX value="自然人" nameCN="当事人类型" />
      <GJ value="中国" nameCN="国籍" />
      <DTQK value="到庭" nameCN="到庭情况" />
      <DWZWFZ nameCN="单位职务分组">
        <ZW value="律师" nameCN="职务" />
      </DWZWFZ>
    </SSCYR>
    <SSCYR value="被告李坤，男。" nameCN="诉讼参与人">
      <SSCYRMC value="李坤" nameCN="诉讼参与人名称" />
      <SSSF value="被告" nameCN="诉讼身份" />
      <SSDW value="被告" nameCN="诉讼地位" />
      <DSRLB value="被告" nameCN="当事人类别" />
      <DSRLX value="自然人" nameCN="当事人类型" />
      <XB value="男" nameCN="性别" />
      <GJ value="中国" nameCN="国籍" />
    </SSCYR>
    <SSCYRQJ value="错误" nameCN="保险公司是否作为被告" />
  </SSCYRQJ>
  <SSJL value="原告何徐芳诉被告李坤民间借贷纠纷一案，本院受理后，依法由审判员何景平独任审判，适用简易程序公开开庭进行了审理，原告何徐芳及委托代理人陈栋到庭参加了诉讼，被告李坤经本传票传唤无正当理由逾期未到庭参加诉讼，本案现已缺席审理终结。" nameCN="诉讼记录">
    <YG value="何徐芳" nameCN="原告" />
    <BG value="李坤" nameCN="被告" />
    <AY value="民间借贷纠纷" nameCN="案由" />
    <KTSL value="是" nameCN="开庭审理" />
    <KTSLXX value="公开审理" nameCN="开庭审理信息" />
    <WZAY value="民间借贷纠纷" nameCN="完整案由" />
    <AYDM value="9181" nameCN="案由代码" />
    <YSAJSYCX value="简易程序" nameCN="一审案件适用程序" />
    <JYZPT value="否" nameCN="简易转普通" />
    <YSAJLY value="新收" nameCN="一审案件来源" />
    <DXRQX nameCN="当事人缺席">
      <XM value="李坤" nameCN="姓名">
        <SSDW value="被告" nameCN="诉讼地位" />
      </XM>
    </DXRQX>
    <CTDSRXX nameCN="出庭当事人信息">
      <CTRXM value="陈栋" nameCN="出庭人姓名">
        <SSDW value="委托代理人" nameCN="诉讼地位" />
      </CTRXM>
      <CTRXM value="何徐芳" nameCN="出庭人姓名">
        <SSDW value="原告" nameCN="诉讼地位" />
      </CTRXM>
    </CTDSRXX>
  </SSJL>
  <AJJBQK value="原告何徐芳诉称：被告李坤于2014年7月13日在我处借现金5万元，并约定月利率2％，借款期限一年，其间，被告只结付利息2个月，借款逾期后，被告不予偿还，现要求被告立即还清借款本息。&#xA;被告李坤未作答辩。&#xA;经审理查明，被告李坤生意需资金周转，于2014年7月13日立据在原告处借现金5万元，约定月利率2％。2015年7月13日到期偿还。其间，被告给付利息2000元（即2个月利息），借款逾期后，被告未作偿还，原告诉讼来院。&#xA;上述事实有原告当庭陈述，有被告书立借据为证，本院予以确认。&#xA;" nameCN="案件基本情况">
    <YGSCD value="原告何徐芳诉称：被告李坤于2014年7月13日在我处借现金5万元，并约定月利率2％，借款期限一年，其间，被告只结付利息2个月，借款逾期后，被告不予偿还，现要求被告立即还清借款本息。 " nameCN="原告诉称段" />
    <BGBCD value="被告李坤未作答辩。 " nameCN="被告辩称段" />
    <CMSSD value="经审理查明，被告李坤生意需资金周转，于2014年7月13日立据在原告处借现金5万元，约定月利率2％。2015年7月13日到期偿还。其间，被告给付利息2000元（即2个月利息），借款逾期后，被告未作偿还，原告诉讼来院。上述事实有原告当庭陈述，有被告书立借据为证，本院予以确认。 " nameCN="查明事实段">
      <SGXQ value="未提及" nameCN="事故详情">
        <SGSJ value="未提及" nameCN="事故时间" />
        <SGDD value="未提及" nameCN="事故地点" />
      </SGXQ>
      <JDCSYR value="李坤" nameCN="机动车所有人" />
      <SFTB value="是" nameCN="是否投保" />
      <SFZBXQN value="是" nameCN="是否在保险期内" />
      <SFXQPF value="是" nameCN="是否先期赔付" />
      <JDSFKK value="是" nameCN="鉴定是否可靠" />
    </CMSSD>
  </AJJBQK>
  <CPFXGC value="本院认为，债是按照合同的约定或者依照法律的规定，在当事人之间产生的特定的权利和义务关系，享有权利的人是债权人，负有义务的人是债务人，原、被告之间的债权债务关系明确，被告李坤应当清偿债务。对原告诉请的被告立即偿还借款5万元应予支持。对原告主张的利息，符合最高人民法院关于审理民间借贷案件适用法律若干问题的规定，应依法予以支持。依照《中华人民共和国民事诉讼法》第一百四十四条、《中华人民共和国民法通则》第八十四条、最高人民法院《关于审理民间借贷案件适用法律若干问题的规定》第二十六条第一款之规定，判决如下：&#xA;" nameCN="裁判分析过程">
    <JAFSLX value="判决" nameCN="结案方式类型" />
    <FLFTMC value="中华人民共和国民事诉讼法" nameCN="法律法条名称">
      <TM value="一百四十四" nameCN="条目" />
      <SFCXF value="是程序法" nameCN="是否是程序法" />
    </FLFTMC>
    <FLFTMC value="中华人民共和国民法通则" nameCN="法律法条名称">
      <TM value="八十四" nameCN="条目" />
      <SFCXF value="非程序法" nameCN="是否是程序法" />
    </FLFTMC>
    <FLFTMC value="关于审理民间借贷案件适用法律若干问题的规定" nameCN="法律法条名称">
      <TM value="二十六" nameCN="条目">
        <KM value="第一款" nameCN="款目" />
      </TM>
      <SFCXF value="非程序法" nameCN="是否是程序法" />
    </FLFTMC>
  </CPFXGC>
  <CPJG value="限被告李坤在本判决生效后十日内偿还原告何徐芳借款5万元，并从2014年9月14日起按约定月利率2％给付利息，至本金还清之日止。&#xA;如未按本判决指定的期间履行金钱给付义务的，依照《中华人民共和国民事诉讼法》第二百五十三条之规定，应当加倍支付迟延履行期间的债务利息。&#xA;本案受理费1050元，由被告李坤负担。&#xA;如不服本判决，可在判决书送达之日起十五日内，向本院递交上诉状及副本，并预交上诉费1050元，上诉于四川省巴中市中级人民法院。&#xA;" nameCN="裁判结果">
    <JAFS value="判决" nameCN="结案方式" />
    <PCSFSXZQ value="正确" nameCN="同时起诉侵权人与保险公司的赔偿顺序" />
    <JTPJJG value="限被告李坤在本判决生效后十日内偿还原告何徐芳借款5万元，并从2014年9月14日起按约定月利率2％给付利息，至本金还清之日止。" nameCN="具体裁判段">
      <QLR value="何徐芳" nameCN="权利人">
        <QLRSSDW value="原告" nameCN="诉讼地位" />
      </QLR>
      <YWR value="李坤" nameCN="义务人">
        <YWRSSDW value="被告" nameCN="诉讼地位" />
      </YWR>
      <PJZXQX value="十日" nameCN="判决执行期限" />
      <PJJE nameCN="判决金额">
        <JE value="50000.0元" nameCN="金额" />
        <JELX value="借款" nameCN="金额类型" />
      </PJJE>
    </JTPJJG>
    <JTPJJG value="如未按本判决指定的期间履行金钱给付义务的，依照《中华人民共和国民事诉讼法》第二百五十三条之规定，应当加倍支付迟延履行期间的债务利息。" nameCN="具体裁判段" />
    <SSFCD nameCN="诉讼费承担">
      <SSFCDJL value="本案受理费1050元，由被告李坤负担。" nameCN="诉讼费承担记录">
        <SSFJE value="1050元" nameCN="诉讼费金额" />
        <SSFZL value="受理费" nameCN="诉讼费种类" />
        <SSFCDR value="李坤" nameCN="承担人">
          <SSFCDJE value="1050元" nameCN="承担金额" />
          <SSFCDFS value="个人独立承担该金额" nameCN="承担方式" />
          <SSFCDDW value="被告" nameCN="承担人地位" />
        </SSFCDR>
      </SSFCDJL>
    </SSFCD>
    <SFFHCS value="否" nameCN="是否发回重审" />
    <KSSZ value="四川省巴中市中级人民法院" nameCN="可上诉至" />
    <SSTJCL value="上诉状及副本，并" nameCN="上诉提交材料" />
    <SSQX value="十五日" nameCN="上诉期限" />
    <TCGXQYY value="否" nameCN="是否提出管辖权异议" />
  </CPJG>
  <WW value="审判员何景平&#xA;二〇一五年十月十五日&#xA;书记员袁小明&#xA;" nameCN="文尾">
    <SPZZCY nameCN="审判组织成员">
      <SPRYXM value="袁小明" nameCN="审判人员姓名" />
      <SPRYJS value="书记员" nameCN="审判人员角色" />
    </SPZZCY>
    <SPZZCY nameCN="审判组织成员">
      <SPRYXM value="何景平" nameCN="审判人员姓名" />
      <SPRYJS value="审判员" nameCN="审判人员角色" />
    </SPZZCY>
    <CPSJ value="2015年10月15日" nameCN="裁判时间">
      <Year value="2015" nameCN="结案年度" />
      <JANYR value="2015年10月15日" nameCN="结案年月日" />
      <JANY value="2015-10" nameCN="结案年月" />
      <Month value="10" nameCN="月" />
      <Day value="15" nameCN="日" />
    </CPSJ>
  </WW>
  <FL value="" nameCN="附录" />
</QW>

