<?xml version="1.0" encoding="UTF-8"?>
<QW value="山东省泰安市泰山区人民法院&#xA;民事裁定书&#xA;（2015）泰山民初字第836号&#xA;原告何宝山，男，1951年出生，住泰安市泰山区。&#xA;被告泰安市泰山区岱庙办事处南关社区居委会，住所地泰山区。&#xA;法定代表人李志新。&#xA;本院在审理原告何宝山与被告泰安市泰山区岱庙办事处南关社区居委会财产损害赔偿纠纷一案中，发现原告何宝山起诉的被告泰安市泰山区岱庙办事处南关社区居委会名称错误，主体不适格。据此，依据《中华人民共和国民事诉讼法》第一百一十九条第二款、第一百五十四条第一款第三项及相关法律法规之规定，裁定如下：&#xA;驳回原告何宝山的起诉。&#xA;如不服本裁定，可在裁定书送达之日起十日内，向本院递交上诉状，并按对方当事人的人数提出副本，上诉于山东省泰安市中级人民法院。&#xA;审判长张同祯&#xA;人民陪审员范正平&#xA;人民陪审员魏晶&#xA;二〇一五年六月二十九日&#xA;书记员李思宇&#xA;" nameCN="全文">
  <WS value="山东省泰安市泰山区人民法院&#xA;民事裁定书&#xA;（2015）泰山民初字第836号&#xA;" nameCN="文首">
    <WSZZDW value="法院" nameCN="文书制作单位" />
    <JBFY value="山东省泰安市泰山区人民法院" nameCN="经办法院">
      <FYJB value="基层" nameCN="法院级别" />
      <XZQH_P value="山东" nameCN="行政区划(省)" />
      <XZQH_C value="泰安市" nameCN="行政区划(市)" />
    </JBFY>
    <WSMC value="民事裁定书" nameCN="文书名称" />
    <AH value="(2015)泰山民初字第836号" nameCN="案号" />
    <LAND value="2015" nameCN="立案年度" />
    <AJXZ value="民事案件" nameCN="案件性质" />
    <WSZL value="裁定书" nameCN="文书种类" />
    <SPCX value="一审案件" nameCN="审判程序" />
    <AJLX value="民事一审案件" nameCN="案件类型" />
  </WS>
  <SSCYRQJ value="原告何宝山，男，1951年出生，住泰安市泰山区。&#xA;被告泰安市泰山区岱庙办事处南关社区居委会，住所地泰山区。&#xA;法定代表人李志新。&#xA;" nameCN="诉讼参与人全集">
    <SSCYR value="原告何宝山，男，1951年出生，住泰安市泰山区。" nameCN="诉讼参与人">
      <SSCYRMC value="何宝山" nameCN="诉讼参与人名称" />
      <SSSF value="原告" nameCN="诉讼身份" />
      <SSDW value="原告" nameCN="诉讼地位" />
      <DSRLB value="原告" nameCN="当事人类别" />
      <DSRLX value="自然人" nameCN="当事人类型" />
      <XB value="男" nameCN="性别" />
      <GJ value="中国" nameCN="国籍" />
      <DSRDZ value="泰安市泰山区" nameCN="当事人地址" />
    </SSCYR>
    <SSCYR value="被告泰安市泰山区岱庙办事处南关社区居委会，住所地泰山区。" nameCN="诉讼参与人">
      <SSCYRMC value="泰安市泰山区岱庙办事处南关社区居委会" nameCN="诉讼参与人名称" />
      <SSSF value="被告" nameCN="诉讼身份" />
      <SSDW value="被告" nameCN="诉讼地位" />
      <DSRLB value="被告" nameCN="当事人类别" />
      <DSRLX value="法人" nameCN="当事人类型" />
      <DSRDZ value="泰山区" nameCN="当事人地址" />
      <FDDBR value="李志新" nameCN="单位法定代表人" />
    </SSCYR>
    <SSCYR value="法定代表人李志新。" nameCN="诉讼参与人">
      <SSCYRMC value="李志新" nameCN="诉讼参与人名称" />
      <SSSF value="法定代表人" nameCN="诉讼身份" />
      <DSRLX value="自然人" nameCN="当事人类型" />
      <GJ value="中国" nameCN="国籍" />
      <DWZWFZ nameCN="单位职务分组">
        <DWMC value="泰安市泰山区岱庙办事处南关社区居委会" nameCN="单位名称" />
      </DWZWFZ>
    </SSCYR>
    <SSCYRQJ value="错误" nameCN="保险公司是否作为被告" />
  </SSCYRQJ>
  <SSJL value="本院在审理原告何宝山与被告泰安市泰山区岱庙办事处南关社区居委会财产损害赔偿纠纷一案中，发现原告何宝山起诉的被告泰安市泰山区岱庙办事处南关社区居委会名称错误，主体不适格。据此，依据《中华人民共和国民事诉讼法》第一百一十九条第二款、第一百五十四条第一款第三项及相关法律法规之规定，裁定如下：" nameCN="诉讼记录">
    <YG value="何宝山" nameCN="原告" />
    <BG value="泰安市泰山区岱庙办事处南关社区居委会" nameCN="被告" />
    <AY value="财产损害赔偿纠纷" nameCN="案由" />
    <KTSL value="否" nameCN="开庭审理" />
    <WZAY value="财产损害赔偿纠纷" nameCN="完整案由" />
    <AYDM value="9061" nameCN="案由代码" />
    <YSAJSYCX value="普通程序" nameCN="一审案件适用程序" />
    <JYZPT value="否" nameCN="简易转普通" />
    <SPZZ value="独任庭" nameCN="审判组织" />
    <YSAJLY value="新收" nameCN="一审案件来源" />
  </SSJL>
  <AJJBQK value="" nameCN="案件基本情况" />
  <CPFXGC value="本院在审理原告何宝山与被告泰安市泰山区岱庙办事处南关社区居委会财产损害赔偿纠纷一案中，发现原告何宝山起诉的被告泰安市泰山区岱庙办事处南关社区居委会名称错误，主体不适格。据此，依据《中华人民共和国民事诉讼法》第一百一十九条第二款、第一百五十四条第一款第三项及相关法律法规之规定，裁定如下：&#xA;" nameCN="裁判分析过程">
    <JAFSLX value="裁定" nameCN="结案方式类型" />
    <FLFTMC value="中华人民共和国民事诉讼法" nameCN="法律法条名称">
      <TM value="一百五十四" nameCN="条目">
        <KM value="第一款第三项" nameCN="款目" />
      </TM>
      <TM value="一百一十九" nameCN="条目">
        <KM value="第二款" nameCN="款目" />
      </TM>
      <SFCXF value="是程序法" nameCN="是否是程序法" />
    </FLFTMC>
  </CPFXGC>
  <CPJG value="驳回原告何宝山的起诉。&#xA;如不服本裁定，可在裁定书送达之日起十日内，向本院递交上诉状，并按对方当事人的人数提出副本，上诉于山东省泰安市中级人民法院。&#xA;" nameCN="裁判结果">
    <JAFS value="驳回起诉" nameCN="结案方式" />
    <PCSFSXZQ value="正确" nameCN="同时起诉侵权人与保险公司的赔偿顺序" />
    <JTPJJG value="驳回原告何宝山的起诉。" nameCN="具体裁判段" />
    <JTPJJG value="如不服本裁定，可在裁定书送达之日起十日内，向本院递交上诉状，并按对方当事人的人数提出副本，上诉于山东省泰安市中级人民法院。" nameCN="具体裁判段" />
    <SFFHCS value="否" nameCN="是否发回重审" />
    <KSSZ value="山东省泰安市中级人民法院" nameCN="可上诉至" />
    <SSTJCL value="上诉状，并按对方当事人的人数提出副本" nameCN="上诉提交材料" />
    <SSQX value="十日" nameCN="上诉期限" />
    <TCGXQYY value="否" nameCN="是否提出管辖权异议" />
  </CPJG>
  <WW value="审判长张同祯&#xA;人民陪审员范正平&#xA;人民陪审员魏晶&#xA;二〇一五年六月二十九日&#xA;书记员李思宇&#xA;" nameCN="文尾">
    <SPZZCY nameCN="审判组织成员">
      <SPRYXM value="魏晶" nameCN="审判人员姓名" />
      <SPRYJS value="人民陪审员" nameCN="审判人员角色" />
    </SPZZCY>
    <SPZZCY nameCN="审判组织成员">
      <SPRYXM value="李思宇" nameCN="审判人员姓名" />
      <SPRYJS value="书记员" nameCN="审判人员角色" />
    </SPZZCY>
    <SPZZCY nameCN="审判组织成员">
      <SPRYXM value="范正平" nameCN="审判人员姓名" />
      <SPRYJS value="人民陪审员" nameCN="审判人员角色" />
    </SPZZCY>
    <SPZZCY nameCN="审判组织成员">
      <SPRYXM value="张同祯" nameCN="审判人员姓名" />
      <SPRYJS value="审判长" nameCN="审判人员角色" />
    </SPZZCY>
    <CPSJ value="2015年6月29日" nameCN="裁判时间">
      <Year value="2015" nameCN="结案年度" />
      <JANYR value="2015年6月29日" nameCN="结案年月日" />
      <JANY value="2015-6" nameCN="结案年月" />
      <Month value="6" nameCN="月" />
      <Day value="29" nameCN="日" />
    </CPSJ>
  </WW>
  <FL value="" nameCN="附录" />
</QW>

