<?xml version="1.0" encoding="UTF-8"?>
<QW value="&#xA;江苏省宜兴市人民法院&#xA;民事判决书&#xA;（2014）宜徐民初字第0175号&#xA;原告何某，女，1978年10月4日生，汉族。&#xA;委托代理人贺心亮。&#xA;被告吴某甲，男，1979年10月16日生，汉族。&#xA;原告何某与被告吴梦奇离婚纠纷一案，本院于2014年4月25日立案受理后，依法由代理审判员陈思远适用简易程序，于2014年5月16日公开开庭进行了审理。原告何某及其委托代理人贺心亮，被告吴某甲到庭参加诉讼。本案现已审理终结。&#xA;原告何某诉称：其与吴某甲于2006年经朋友介绍相识恋爱，于××××年××月××日登记结婚，于次年1月1日举行结婚仪式，于××××年××月××日生育女儿吴某乙。近几年来，其与吴某甲因性格不合，经常吵架打骂，吴某甲对其施行家庭暴力，且不计后果。夫妻间因感情不合已分居超过两年，夫妻关系名存实亡，感情完全破裂，现诉至法院，要求与吴某甲离婚。&#xA;被告吴某甲辩称：何某陈述的不是事实，其为了女儿的健康成长，其不同意离婚。&#xA;经审理查明：何某与吴某甲于2006年经朋友介绍相识恋爱，于××××年××月××日办理了结婚登记手续，次年1月1日举办了结婚仪式，于××××年××月××日生育一女取名吴某乙。婚初夫妻关系尚可，在共同生活期间偶为生活琐事发生争吵。2013年8月29日，何某向本院起诉要求离婚，本院于同年9月14日判决不准离婚。双方自2013年8月29日起分居至今。&#xA;上述事实，有结婚登记审查处理表、常住人口登记卡、（2013）宜徐民初字第0384号民事判决书及本院庭审笔录等证据在卷佐证。本院认为：何某与吴某甲经登记结婚，婚姻关系合法有效，受法律保护。何某主张其与吴某甲夫妻感情已完全破裂，但未举证证明存在法律规定的可认定夫妻感情确已破裂的情形。本院从双方的婚姻基础、婚后感情、离婚原因、夫妻关系现状等方面综合分析，认为双方夫妻感情尚未完全破裂。只要双方能加强沟通、相互理解，着眼于家庭与子女的利益，尚有和好可能。对于何某要求离婚的诉讼请求，本院不予支持。依照《中华人民共和国婚姻法》第三十二条第二款之规定，判决如下：&#xA;不准何某与吴某甲离婚。案件受理费减半收取120元，由何某负担。如不服本判决，可在判决书送达之日起十五日内，向本院递交上诉状，并按对方当事人的人数提出副本，上诉于江苏省无锡市中级人民法院。同时根据《诉讼费用交纳办法》的有关规定，向该院预交上诉案件受理费（江苏省无锡市中级人民法院开户行：中国工商银行无锡城中支行；账号：11×××05）&#xA;代理审判员陈思远&#xA;二〇一四年五月二十九日&#xA;书记员邵珏&#xA;" nameCN="全文">
  <WS value="江苏省宜兴市人民法院&#xA;民事判决书&#xA;（2014）宜徐民初字第0175号&#xA;" nameCN="文首">
    <WSZZDW value="法院" nameCN="文书制作单位" />
    <JBFY value="江苏省宜兴市人民法院" nameCN="经办法院">
      <FYJB value="基层" nameCN="法院级别" />
      <XZQH_P value="江苏" nameCN="行政区划(省)" />
      <XZQH_C value="宜兴市" nameCN="行政区划(市)" />
    </JBFY>
    <WSMC value="民事判决书" nameCN="文书名称" />
    <AH value="(2014)宜徐民初字第0175号" nameCN="案号" />
    <LAND value="2014" nameCN="立案年度" />
    <AJXZ value="民事案件" nameCN="案件性质" />
    <WSZL value="判决书" nameCN="文书种类" />
    <SPCX value="一审案件" nameCN="审判程序" />
    <AJLX value="民事一审案件" nameCN="案件类型" />
  </WS>
  <SSCYRQJ value="原告何某，女，1978年10月4日生，汉族。&#xA;委托代理人贺心亮。&#xA;被告吴某甲，男，1979年10月16日生，汉族。&#xA;" nameCN="诉讼参与人全集">
    <SSCYR value="原告何某，女，1978年10月4日生，汉族。" nameCN="诉讼参与人">
      <SSCYRMC value="何某" nameCN="诉讼参与人名称" />
      <SSSF value="原告" nameCN="诉讼身份" />
      <SSDW value="原告" nameCN="诉讼地位" />
      <DSRLB value="原告" nameCN="当事人类别" />
      <DSRLX value="自然人" nameCN="当事人类型" />
      <XB value="女" nameCN="性别" />
      <MZ value="汉族" nameCN="民族" />
      <CSRQ value="1978年10月4日" nameCN="出生日期">
        <Year value="1978" nameCN="年" />
        <Month value="10" nameCN="月" />
        <Day value="4" nameCN="日" />
      </CSRQ>
      <GJ value="中国" nameCN="国籍" />
      <DSRSFZH value="否" nameCN="当事人是否再婚" />
    </SSCYR>
    <SSCYR value="委托代理人贺心亮。" nameCN="诉讼参与人">
      <SSCYRMC value="贺心亮" nameCN="诉讼参与人名称" />
      <SSSF value="委托代理人" nameCN="诉讼身份" />
      <DSRLX value="自然人" nameCN="当事人类型" />
      <GJ value="中国" nameCN="国籍" />
    </SSCYR>
    <SSCYR value="被告吴某甲，男，1979年10月16日生，汉族。" nameCN="诉讼参与人">
      <SSCYRMC value="吴某甲" nameCN="诉讼参与人名称" />
      <SSSF value="被告" nameCN="诉讼身份" />
      <SSDW value="被告" nameCN="诉讼地位" />
      <DSRLB value="被告" nameCN="当事人类别" />
      <DSRLX value="自然人" nameCN="当事人类型" />
      <XB value="男" nameCN="性别" />
      <MZ value="汉族" nameCN="民族" />
      <CSRQ value="1979年10月16日" nameCN="出生日期">
        <Year value="1979" nameCN="年" />
        <Month value="10" nameCN="月" />
        <Day value="16" nameCN="日" />
      </CSRQ>
      <GJ value="中国" nameCN="国籍" />
      <DTQK value="到庭" nameCN="到庭情况" />
      <DSRSFZH value="否" nameCN="当事人是否再婚" />
    </SSCYR>
    <SSCYRQJ value="错误" nameCN="保险公司是否作为被告" />
  </SSCYRQJ>
  <SSJL value="原告何某与被告吴梦奇离婚纠纷一案，本院于2014年4月25日立案受理后，依法由代理审判员陈思远适用简易程序，于2014年5月16日公开开庭进行了审理。原告何某及其委托代理人贺心亮，被告吴某甲到庭参加诉讼。本案现已审理终结。" nameCN="诉讼记录">
    <YG value="何某" nameCN="原告" />
    <BG value="吴梦奇" nameCN="被告" />
    <AY value="离婚纠纷" nameCN="案由" />
    <KTSL value="是" nameCN="开庭审理" />
    <KTSLXX value="公开审理" nameCN="开庭审理信息" />
    <WZAY value="离婚纠纷" nameCN="完整案由" />
    <AYDM value="9015" nameCN="案由代码" />
    <LARQ value="2014年4月25日" nameCN="立案日期" />
    <YSAJSYCX value="简易程序" nameCN="一审案件适用程序" />
    <JYZPT value="否" nameCN="简易转普通" />
    <YSAJLY value="新收" nameCN="一审案件来源" />
    <SLRQ value="2014年4月25日" nameCN="受理日期" />
    <CTDSRXX nameCN="出庭当事人信息">
      <CTRXM value="何某" nameCN="出庭人姓名">
        <SSDW value="原告" nameCN="诉讼地位" />
      </CTRXM>
      <CTRXM value="贺心亮" nameCN="出庭人姓名">
        <SSDW value="委托代理人" nameCN="诉讼地位" />
      </CTRXM>
      <CTRXM value="吴某甲" nameCN="出庭人姓名">
        <SSDW value="被告" nameCN="诉讼地位" />
      </CTRXM>
    </CTDSRXX>
  </SSJL>
  <AJJBQK value="原告何某诉称：其与吴某甲于2006年经朋友介绍相识恋爱，于××××年××月××日登记结婚，于次年1月1日举行结婚仪式，于××××年××月××日生育女儿吴某乙。近几年来，其与吴某甲因性格不合，经常吵架打骂，吴某甲对其施行家庭暴力，且不计后果。夫妻间因感情不合已分居超过两年，夫妻关系名存实亡，感情完全破裂，现诉至法院，要求与吴某甲离婚。&#xA;被告吴某甲辩称：何某陈述的不是事实，其为了女儿的健康成长，其不同意离婚。&#xA;经审理查明：何某与吴某甲于2006年经朋友介绍相识恋爱，于××××年××月××日办理了结婚登记手续，次年1月1日举办了结婚仪式，于××××年××月××日生育一女取名吴某乙。婚初夫妻关系尚可，在共同生活期间偶为生活琐事发生争吵。2013年8月29日，何某向本院起诉要求离婚，本院于同年9月14日判决不准离婚。双方自2013年8月29日起分居至今。&#xA;" nameCN="案件基本情况">
    <YGSCD value="原告何某诉称：其与吴某甲于2006年经朋友介绍相识恋爱，于××××年××月××日登记结婚，于次年1月1日举行结婚仪式，于××××年××月××日生育女儿吴某乙。近几年来，其与吴某甲因性格不合，经常吵架打骂，吴某甲对其施行家庭暴力，且不计后果。夫妻间因感情不合已分居超过两年，夫妻关系名存实亡，感情完全破裂，现诉至法院，要求与吴某甲离婚。 " nameCN="原告诉称段" />
    <BGBCD value="被告吴某甲辩称：何某陈述的不是事实，其为了女儿的健康成长，其不同意离婚。 " nameCN="被告辩称段" />
    <CMSSD value="经审理查明：何某与吴某甲于2006年经朋友介绍相识恋爱，于××××年××月××日办理了结婚登记手续，次年1月1日举办了结婚仪式，于××××年××月××日生育一女取名吴某乙。婚初夫妻关系尚可，在共同生活期间偶为生活琐事发生争吵。2013年8月29日，何某向本院起诉要求离婚，本院于同年9月14日判决不准离婚。双方自2013年8月29日起分居至今。" nameCN="查明事实段">
      <SGXQ value="未提及" nameCN="事故详情">
        <SGSJ value="未提及" nameCN="事故时间" />
        <SGDD value="未提及" nameCN="事故地点" />
      </SGXQ>
      <JDCSYR value="吴某甲" nameCN="机动车所有人" />
      <SFTB value="是" nameCN="是否投保" />
      <SFZBXQN value="是" nameCN="是否在保险期内" />
      <SFXQPF value="是" nameCN="是否先期赔付" />
      <JDSFKK value="是" nameCN="鉴定是否可靠" />
    </CMSSD>
  </AJJBQK>
  <CPFXGC value="上述事实，有结婚登记审查处理表、常住人口登记卡、（2013）宜徐民初字第0384号民事判决书及本院庭审笔录等证据在卷佐证。本院认为：何某与吴某甲经登记结婚，婚姻关系合法有效，受法律保护。何某主张其与吴某甲夫妻感情已完全破裂，但未举证证明存在法律规定的可认定夫妻感情确已破裂的情形。本院从双方的婚姻基础、婚后感情、离婚原因、夫妻关系现状等方面综合分析，认为双方夫妻感情尚未完全破裂。只要双方能加强沟通、相互理解，着眼于家庭与子女的利益，尚有和好可能。对于何某要求离婚的诉讼请求，本院不予支持。依照《中华人民共和国婚姻法》第三十二条第二款之规定，判决如下：&#xA;" nameCN="裁判分析过程">
    <JAFSLX value="判决" nameCN="结案方式类型" />
    <FLFTMC value="中华人民共和国婚姻法" nameCN="法律法条名称">
      <TM value="三十二" nameCN="条目">
        <KM value="第二款" nameCN="款目" />
      </TM>
      <SFCXF value="非程序法" nameCN="是否是程序法" />
    </FLFTMC>
  </CPFXGC>
  <CPJG value="不准何某与吴某甲离婚。案件受理费减半收取120元，由何某负担。如不服本判决，可在判决书送达之日起十五日内，向本院递交上诉状，并按对方当事人的人数提出副本，上诉于江苏省无锡市中级人民法院。同时根据《诉讼费用交纳办法》的有关规定，向该院预交上诉案件受理费（江苏省无锡市中级人民法院开户行：中国工商银行无锡城中支行；账号：11×××05）&#xA;" nameCN="裁判结果">
    <PCSFSXZQ value="正确" nameCN="同时起诉侵权人与保险公司的赔偿顺序" />
    <SSFCD nameCN="诉讼费承担">
      <SSFCDJL value="不准何某与吴某甲离婚。案件受理费减半收取120元，由何某负担。如不服本判决，可在判决书送达之日起十五日内，向本院递交上诉状，并按对方当事人的人数提出副本，上诉于江苏省无锡市中级人民法院。同时根据《诉讼费用交纳办法》的有关规定，向该院预交上诉案件受理费（江苏省无锡市中级人民法院开户行：中国工商银行无锡城中支行；账号：11×××05）" nameCN="诉讼费承担记录">
        <SSFJE value="120元" nameCN="诉讼费金额" />
        <SSFZL value="受理费" nameCN="诉讼费种类" />
        <SSFCDR value="何某" nameCN="承担人">
          <SSFCDJE value="120元" nameCN="承担金额" />
          <SSFCDFS value="个人独立承担该金额" nameCN="承担方式" />
          <SSFCDDW value="原告" nameCN="承担人地位" />
        </SSFCDR>
      </SSFCDJL>
    </SSFCD>
    <SFFHCS value="否" nameCN="是否发回重审" />
    <KSSZ value="江苏省无锡市中级人民法院" nameCN="可上诉至" />
    <SSTJCL value="上诉状，并按对方当事人的人数提出副本" nameCN="上诉提交材料" />
    <SSQX value="十五日" nameCN="上诉期限" />
    <TCGXQYY value="否" nameCN="是否提出管辖权异议" />
  </CPJG>
  <WW value="代理审判员陈思远&#xA;二〇一四年五月二十九日&#xA;书记员邵珏&#xA;" nameCN="文尾">
    <SPZZCY nameCN="审判组织成员">
      <SPRYXM value="陈思远" nameCN="审判人员姓名" />
      <SPRYJS value="代理审判员" nameCN="审判人员角色" />
    </SPZZCY>
    <SPZZCY nameCN="审判组织成员">
      <SPRYXM value="邵珏" nameCN="审判人员姓名" />
      <SPRYJS value="书记员" nameCN="审判人员角色" />
    </SPZZCY>
    <CPSJ value="2014年5月29日" nameCN="裁判时间">
      <Year value="2014" nameCN="结案年度" />
      <JANYR value="2014年5月29日" nameCN="结案年月日" />
      <JANY value="2014-5" nameCN="结案年月" />
      <Month value="5" nameCN="月" />
      <Day value="29" nameCN="日" />
    </CPSJ>
  </WW>
  <FL value="" nameCN="附录" />
</QW>

