<?xml version="1.0" encoding="UTF-8"?>
<QW value="&#xA;广东省佛山市顺德区人民法院&#xA;民事判决书&#xA;（2015）佛顺法良民初字第512号&#xA;原告何淑燕，女，1976年04月09日出生，汉族，住广东省佛山市顺德区。&#xA;委托代理人朱孝义，广东拓信律师事务所律师。&#xA;委托代理人苏伶贞，广东桂顺律师事务所律师。&#xA;被告佛山市源美物业管理有限公司，住所地广东省佛山市顺德区大良街道文秀路嘉信广场一至十三座2楼1号写字楼G铺。&#xA;法定代表人刘卫琪。&#xA;委托代理人李静映，住广东省佛山市顺德区，被告的员工。&#xA;原告何淑燕诉被告佛山市源美物业管理有限公司（以下简称源美公司）房屋租赁合同纠纷一案，本院于2015年3月4日立案受理后，依法适用简易程序，由审判员范子进独任审判，于2015年3月31日公开开庭进行了审理，原告何淑燕的委托代理人苏伶贞，被告源美公司的委托代理人李静映到庭参加诉讼。本案现已审理终结。&#xA;原告诉称，2009年10月30日，原被告签订《房屋租赁合同协议书》，约定被告租用原告坐落于大良宜新路39号骏涛国际商务公寓第B2132号和第B2128号单元之房屋，租金按月结算，为5658元，被告应在每月10号前付清上月租金。合同签订后，原告依约向被告交付了租赁房屋。从2014年4月起，被告无故拖欠原告租金，原告曾多次催收，但被告至今分文未付。为维护原告的合法权益，特向法院起诉，请求判令：一、被告向原告支付10个月的租金合计67896元；二、被告向原告支付滞纳金13392．49元；三、本案诉讼费由被告承担。&#xA;被告承认原告在本案中所主张的事实，对于原告关于租金的诉讼请求也无异议，仅对于滞纳金提出异议，认为过高。&#xA;经审理查明，对于何淑燕所主张的事实，源美公司予以承认，经审查，本院予以确认。&#xA;另查明，双方于《房屋租赁合同协议书》中约定的滞纳金为每日千分之一，何淑燕请求的滞纳金是计至2015年3月31日。&#xA;本院认为，原被告双方存在房屋租赁合同关系，被告未按照约定向原告支付租金，已经构成了违约，应当继续支付2014年4月至2015年3月的租金合计67896元。至于原告请求的滞纳金，双方约定为每日千分之一，被告提出该标准过高，请求本院予以调整，本院依法进行调整，确定滞纳金按中国人民银行同期贷款基准利率的四倍计算。经计算，合计为6776．81元，原告请求的滞纳金超出部分，本院不予支持。&#xA;综上，依照《中华人民共和国合同法》第一百零七条、第一百一十四条、第二百二十六条，《最高人民法院关于适用〈中华人民共和国合同法〉若干问题的解释（二）》第二十七条的规定，判决如下：&#xA;一、被告佛山市源美物业管理有限公司应于本判决发生法律效力之日起十日内向原告何淑燕支付所欠租金67896元（2014年4月至2015年3月期间）以及滞纳金6776．81元；&#xA;二、驳回原告何淑燕的其他诉讼请求。&#xA;如果未按照本判决指定的期间履行给付金钱义务，应当依照《中华人民共和国民事诉讼法》第二百五十三条之规定，加倍支付迟延履行期间的债务利息。&#xA;案件受理费916．11元（已减半收取），由原告何淑燕负担82．71元，由被告佛山市源美物业管理有限公司承担833．40元（直接返还给原告，本院不另作收退）。&#xA;如不服本判决，可在判决书送达之日起十五日内，向本院递交上诉状，并按对方当事人的人数提出副本，上诉于广东省佛山市中级人民法院。&#xA;审判员范子进&#xA;二〇一五年六月一日&#xA;书记员冯秋莹&#xA;" nameCN="全文">
  <WS value="广东省佛山市顺德区人民法院&#xA;民事判决书&#xA;（2015）佛顺法良民初字第512号&#xA;" nameCN="文首">
    <WSZZDW value="法院" nameCN="文书制作单位" />
    <JBFY value="广东省佛山市顺德区人民法院" nameCN="经办法院">
      <FYJB value="基层" nameCN="法院级别" />
      <XZQH_P value="广东" nameCN="行政区划(省)" />
      <XZQH_C value="佛山市" nameCN="行政区划(市)" />
    </JBFY>
    <WSMC value="民事判决书" nameCN="文书名称" />
    <AH value="(2015)佛顺法良民初字第512号" nameCN="案号" />
    <LAND value="2015" nameCN="立案年度" />
    <AJXZ value="民事案件" nameCN="案件性质" />
    <WSZL value="判决书" nameCN="文书种类" />
    <SPCX value="一审案件" nameCN="审判程序" />
    <AJLX value="民事一审案件" nameCN="案件类型" />
  </WS>
  <SSCYRQJ value="原告何淑燕，女，1976年04月09日出生，汉族，住广东省佛山市顺德区。&#xA;委托代理人朱孝义，广东拓信律师事务所律师。&#xA;委托代理人苏伶贞，广东桂顺律师事务所律师。&#xA;被告佛山市源美物业管理有限公司，住所地广东省佛山市顺德区大良街道文秀路嘉信广场一至十三座2楼1号写字楼G铺。&#xA;法定代表人刘卫琪。&#xA;委托代理人李静映，住广东省佛山市顺德区，被告的员工。&#xA;" nameCN="诉讼参与人全集">
    <SSCYR value="原告何淑燕，女，1976年04月09日出生，汉族，住广东省佛山市顺德区。" nameCN="诉讼参与人">
      <SSCYRMC value="何淑燕" nameCN="诉讼参与人名称" />
      <SSSF value="原告" nameCN="诉讼身份" />
      <SSDW value="原告" nameCN="诉讼地位" />
      <DSRLB value="原告" nameCN="当事人类别" />
      <DSRLX value="自然人" nameCN="当事人类型" />
      <XB value="女" nameCN="性别" />
      <MZ value="汉族" nameCN="民族" />
      <CSRQ value="1976年04月09日" nameCN="出生日期">
        <Year value="1976" nameCN="年" />
        <Month value="04" nameCN="月" />
        <Day value="09" nameCN="日" />
      </CSRQ>
      <GJ value="中国" nameCN="国籍" />
      <DSRDZ value="广东省佛山市顺德区" nameCN="当事人地址" />
    </SSCYR>
    <SSCYR value="委托代理人朱孝义，广东拓信律师事务所律师。" nameCN="诉讼参与人">
      <SSCYRMC value="朱孝义" nameCN="诉讼参与人名称" />
      <SSSF value="委托代理人" nameCN="诉讼身份" />
      <DSRLX value="自然人" nameCN="当事人类型" />
      <GJ value="中国" nameCN="国籍" />
      <DWZWFZ nameCN="单位职务分组">
        <ZW value="律师" nameCN="职务" />
      </DWZWFZ>
    </SSCYR>
    <SSCYR value="委托代理人苏伶贞，广东桂顺律师事务所律师。" nameCN="诉讼参与人">
      <SSCYRMC value="苏伶贞" nameCN="诉讼参与人名称" />
      <SSSF value="委托代理人" nameCN="诉讼身份" />
      <DSRLX value="自然人" nameCN="当事人类型" />
      <GJ value="中国" nameCN="国籍" />
      <DWZWFZ nameCN="单位职务分组">
        <ZW value="律师" nameCN="职务" />
      </DWZWFZ>
    </SSCYR>
    <SSCYR value="被告佛山市源美物业管理有限公司，住所地广东省佛山市顺德区大良街道文秀路嘉信广场一至十三座2楼1号写字楼G铺。" nameCN="诉讼参与人">
      <SSCYRMC value="佛山市源美物业管理有限公司" nameCN="诉讼参与人名称" />
      <SSSF value="被告" nameCN="诉讼身份" />
      <SSDW value="被告" nameCN="诉讼地位" />
      <DSRLB value="被告" nameCN="当事人类别" />
      <DSRLX value="法人" nameCN="当事人类型" />
      <DSRDZ value="广东省佛山市顺德区大良街道文秀路嘉信广场一至十三座2楼1号写字楼G铺" nameCN="当事人地址" />
      <DWXZ value="有限责任公司" nameCN="单位性质" />
      <FDDBR value="刘卫琪" nameCN="单位法定代表人" />
    </SSCYR>
    <SSCYR value="法定代表人刘卫琪。" nameCN="诉讼参与人">
      <SSCYRMC value="刘卫琪" nameCN="诉讼参与人名称" />
      <SSSF value="法定代表人" nameCN="诉讼身份" />
      <DSRLX value="自然人" nameCN="当事人类型" />
      <GJ value="中国" nameCN="国籍" />
      <DWZWFZ nameCN="单位职务分组">
        <DWMC value="佛山市源美物业管理有限公司" nameCN="单位名称" />
        <DWXZ value="有限责任公司" nameCN="单位性质" />
      </DWZWFZ>
    </SSCYR>
    <SSCYR value="委托代理人李静映，住广东省佛山市顺德区，被告的员工。" nameCN="诉讼参与人">
      <SSCYRMC value="李静映" nameCN="诉讼参与人名称" />
      <SSSF value="委托代理人" nameCN="诉讼身份" />
      <DSRLX value="自然人" nameCN="当事人类型" />
      <GJ value="中国" nameCN="国籍" />
      <DSRDZ value="广东省佛山市顺德区" nameCN="当事人地址" />
      <DTQK value="到庭" nameCN="到庭情况" />
      <DWZWFZ nameCN="单位职务分组">
        <ZW value="员工" nameCN="职务" />
      </DWZWFZ>
    </SSCYR>
    <SSCYRQJ value="错误" nameCN="保险公司是否作为被告" />
  </SSCYRQJ>
  <SSJL value="原告何淑燕诉被告佛山市源美物业管理有限公司（以下简称源美公司）房屋租赁合同纠纷一案，本院于2015年3月4日立案受理后，依法适用简易程序，由审判员范子进独任审判，于2015年3月31日公开开庭进行了审理，原告何淑燕的委托代理人苏伶贞，被告源美公司的委托代理人李静映到庭参加诉讼。本案现已审理终结。" nameCN="诉讼记录">
    <YG value="何淑燕" nameCN="原告" />
    <BG value="佛山市源美物业管理有限公司（以下简称源美公司）" nameCN="被告" />
    <AY value="房屋租赁合同纠纷" nameCN="案由" />
    <KTSL value="是" nameCN="开庭审理" />
    <KTSLXX value="公开审理" nameCN="开庭审理信息" />
    <WZAY value="房屋租赁合同纠纷" nameCN="完整案由" />
    <AYDM value="9196" nameCN="案由代码" />
    <LARQ value="2015年3月4日" nameCN="立案日期" />
    <YSAJSYCX value="简易程序" nameCN="一审案件适用程序" />
    <JYZPT value="否" nameCN="简易转普通" />
    <YSAJLY value="新收" nameCN="一审案件来源" />
    <SLRQ value="2015年3月4日" nameCN="受理日期" />
    <CTDSRXX nameCN="出庭当事人信息">
      <CTRXM value="苏伶贞" nameCN="出庭人姓名">
        <SSDW value="委托代理人" nameCN="诉讼地位" />
      </CTRXM>
      <CTRXM value="李静映" nameCN="出庭人姓名">
        <SSDW value="委托代理人" nameCN="诉讼地位" />
      </CTRXM>
      <CTRXM value="何淑燕" nameCN="出庭人姓名">
        <SSDW value="原告" nameCN="诉讼地位" />
      </CTRXM>
    </CTDSRXX>
  </SSJL>
  <AJJBQK value="原告诉称，2009年10月30日，原被告签订《房屋租赁合同协议书》，约定被告租用原告坐落于大良宜新路39号骏涛国际商务公寓第B2132号和第B2128号单元之房屋，租金按月结算，为5658元，被告应在每月10号前付清上月租金。合同签订后，原告依约向被告交付了租赁房屋。从2014年4月起，被告无故拖欠原告租金，原告曾多次催收，但被告至今分文未付。为维护原告的合法权益，特向法院起诉，请求判令：一、被告向原告支付10个月的租金合计67896元；二、被告向原告支付滞纳金13392．49元；三、本案诉讼费由被告承担。&#xA;被告承认原告在本案中所主张的事实，对于原告关于租金的诉讼请求也无异议，仅对于滞纳金提出异议，认为过高。&#xA;经审理查明，对于何淑燕所主张的事实，源美公司予以承认，经审查，本院予以确认。&#xA;另查明，双方于《房屋租赁合同协议书》中约定的滞纳金为每日千分之一，何淑燕请求的滞纳金是计至2015年3月31日。&#xA;" nameCN="案件基本情况">
    <YGSCD value="原告诉称，2009年10月30日，原被告签订《房屋租赁合同协议书》，约定被告租用原告坐落于大良宜新路39号骏涛国际商务公寓第B2132号和第B2128号单元之房屋，租金按月结算，为5658元，被告应在每月10号前付清上月租金。合同签订后，原告依约向被告交付了租赁房屋。从2014年4月起，被告无故拖欠原告租金，原告曾多次催收，但被告至今分文未付。为维护原告的合法权益，特向法院起诉，请求判令：一、被告向原告支付10个月的租金合计67896元；二、被告向原告支付滞纳金13392．49元；三、本案诉讼费由被告承担。 被告承认原告在本案中所主张的事实，对于原告关于租金的诉讼请求也无异议，仅对于滞纳金提出异议，认为过高。 " nameCN="原告诉称段" />
    <CMSSD value="经审理查明，对于何淑燕所主张的事实，源美公司予以承认，经审查，本院予以确认。另查明，双方于《房屋租赁合同协议书》中约定的滞纳金为每日千分之一，何淑燕请求的滞纳金是计至2015年3月31日。 " nameCN="查明事实段">
      <SGXQ value="未提及" nameCN="事故详情">
        <SGSJ value="未提及" nameCN="事故时间" />
        <SGDD value="未提及" nameCN="事故地点" />
      </SGXQ>
      <JDCSYR value="佛山市源美物业管理有限公司" nameCN="机动车所有人" />
      <SHRJZD value="广东省佛山市顺德区" nameCN="受害人居住地" />
      <SFTB value="是" nameCN="是否投保" />
      <SFZBXQN value="是" nameCN="是否在保险期内" />
      <SFXQPF value="是" nameCN="是否先期赔付" />
      <JDSFKK value="是" nameCN="鉴定是否可靠" />
    </CMSSD>
  </AJJBQK>
  <CPFXGC value="本院认为，原被告双方存在房屋租赁合同关系，被告未按照约定向原告支付租金，已经构成了违约，应当继续支付2014年4月至2015年3月的租金合计67896元。至于原告请求的滞纳金，双方约定为每日千分之一，被告提出该标准过高，请求本院予以调整，本院依法进行调整，确定滞纳金按中国人民银行同期贷款基准利率的四倍计算。经计算，合计为6776．81元，原告请求的滞纳金超出部分，本院不予支持。&#xA;综上，依照《中华人民共和国合同法》第一百零七条、第一百一十四条、第二百二十六条，《最高人民法院关于适用〈中华人民共和国合同法〉若干问题的解释（二）》第二十七条的规定，判决如下：&#xA;" nameCN="裁判分析过程">
    <JAFSLX value="判决" nameCN="结案方式类型" />
    <FLFTMC value="中华人民共和国合同法" nameCN="法律法条名称">
      <TM value="一百一十四" nameCN="条目" />
      <TM value="二百二十六" nameCN="条目" />
      <TM value="一百零七" nameCN="条目" />
      <SFCXF value="非程序法" nameCN="是否是程序法" />
    </FLFTMC>
    <FLFTMC value="最高人民法院关于适用〈中华人民共和国合同法〉若干问题的解释（二）" nameCN="法律法条名称">
      <TM value="二十七" nameCN="条目" />
      <SFCXF value="非程序法" nameCN="是否是程序法" />
    </FLFTMC>
  </CPFXGC>
  <CPJG value="一、被告佛山市源美物业管理有限公司应于本判决发生法律效力之日起十日内向原告何淑燕支付所欠租金67896元（2014年4月至2015年3月期间）以及滞纳金6776．81元；&#xA;二、驳回原告何淑燕的其他诉讼请求。&#xA;如果未按照本判决指定的期间履行给付金钱义务，应当依照《中华人民共和国民事诉讼法》第二百五十三条之规定，加倍支付迟延履行期间的债务利息。&#xA;案件受理费916．11元（已减半收取），由原告何淑燕负担82．71元，由被告佛山市源美物业管理有限公司承担833．40元（直接返还给原告，本院不另作收退）。&#xA;如不服本判决，可在判决书送达之日起十五日内，向本院递交上诉状，并按对方当事人的人数提出副本，上诉于广东省佛山市中级人民法院。&#xA;" nameCN="裁判结果">
    <JAFS value="判决" nameCN="结案方式" />
    <PCSFSXZQ value="正确" nameCN="同时起诉侵权人与保险公司的赔偿顺序" />
    <JTPJJG value="一、被告佛山市源美物业管理有限公司应于本判决发生法律效力之日起十日内向原告何淑燕支付所欠租金67896元（2014年4月至2015年3月期间）以及滞纳金6776．81元；" nameCN="具体裁判段">
      <QLR value="何淑燕" nameCN="权利人">
        <QLRSSDW value="原告" nameCN="诉讼地位" />
      </QLR>
      <YWR value="佛山市源美物业管理有限公司" nameCN="义务人">
        <YWRSSDW value="被告" nameCN="诉讼地位" />
      </YWR>
      <PJZXQX value="十日" nameCN="判决执行期限" />
      <PJJE nameCN="判决金额">
        <JE value="67896元" nameCN="金额" />
        <JELX value="租金" nameCN="金额类型" />
      </PJJE>
      <PJJE nameCN="判决金额">
        <JE value="6776.81元" nameCN="金额" />
        <JELX value="滞纳金" nameCN="金额类型" />
      </PJJE>
    </JTPJJG>
    <JTPJJG value="二、驳回原告何淑燕的其他诉讼请求。" nameCN="具体裁判段" />
    <JTPJJG value="如果未按照本判决指定的期间履行给付金钱义务，应当依照《中华人民共和国民事诉讼法》第二百五十三条之规定，加倍支付迟延履行期间的债务利息。" nameCN="具体裁判段" />
    <SSFCD nameCN="诉讼费承担">
      <SSFCDJL value="案件受理费916．11元（已减半收取），由原告何淑燕负担82．71元，由被告佛山市源美物业管理有限公司承担833．40元（直接返还给原告，本院不另作收退）。" nameCN="诉讼费承担记录">
        <SSFJE value="）由原告何淑燕负担82.71元" nameCN="诉讼费金额" />
        <SSFZL value="受理费" nameCN="诉讼费种类" />
        <SSFCDR value="何淑燕" nameCN="承担人">
          <SSFCDJE value="71元" nameCN="承担金额" />
          <SSFCDFS value="个人独立承担该金额" nameCN="承担方式" />
          <SSFCDDW value="原告" nameCN="承担人地位" />
        </SSFCDR>
        <SSFCDR value="佛山市源美物业管理有限公司" nameCN="承担人">
          <SSFCDJE value="40元" nameCN="承担金额" />
          <SSFCDFS value="个人独立承担该金额" nameCN="承担方式" />
          <SSFCDDW value="被告" nameCN="承担人地位" />
        </SSFCDR>
      </SSFCDJL>
    </SSFCD>
    <SFZCSSQQ value="部分支持部分不支持" nameCN="是否支持诉讼请求" />
    <SBSF value="起诉方" nameCN="胜诉方" />
    <SFFHCS value="否" nameCN="是否发回重审" />
    <KSSZ value="广东省佛山市中级人民法院" nameCN="可上诉至" />
    <SSTJCL value="上诉状，并按对方当事人的人数提出副本" nameCN="上诉提交材料" />
    <SSQX value="十五日" nameCN="上诉期限" />
    <TCGXQYY value="否" nameCN="是否提出管辖权异议" />
  </CPJG>
  <WW value="审判员范子进&#xA;二〇一五年六月一日&#xA;书记员冯秋莹&#xA;" nameCN="文尾">
    <SPZZCY nameCN="审判组织成员">
      <SPRYXM value="范子进" nameCN="审判人员姓名" />
      <SPRYJS value="审判员" nameCN="审判人员角色" />
    </SPZZCY>
    <SPZZCY nameCN="审判组织成员">
      <SPRYXM value="冯秋莹" nameCN="审判人员姓名" />
      <SPRYJS value="书记员" nameCN="审判人员角色" />
    </SPZZCY>
    <CPSJ value="2015年6月1日" nameCN="裁判时间">
      <Year value="2015" nameCN="结案年度" />
      <JANYR value="2015年6月1日" nameCN="结案年月日" />
      <JANY value="2015-6" nameCN="结案年月" />
      <Month value="6" nameCN="月" />
      <Day value="1" nameCN="日" />
    </CPSJ>
  </WW>
  <FL value="" nameCN="附录" />
</QW>

