<?xml version="1.0" encoding="UTF-8"?>
<QW value="&#xA;广东省佛山市三水区人民法院&#xA;民事判决书&#xA;（2015）佛三法西民初字第64号&#xA;原告何某，汉族，住广东省四会市。&#xA;被告吴某甲，汉族，住广东省佛山市三水区。&#xA;原告何某诉被告吴某甲抚养费纠纷一案，本院于2015年1月23日立案受理后，依法由审判员梁敏独任审判，于2015年3月10日公开开庭进行了审理。开庭时，原告何某到庭参加了诉讼。被告吴某甲经本院合法传唤，无正当理由拒不到庭参加诉讼。本案现已审理终结。&#xA;原告诉称，原告与被告于××××年××月××日在佛山市三水区民政局西南婚姻登记处办理结婚登记手续，并于××××年××月××日生育女儿吴某乙。原告和被告因性格不合，夫妻感情完全破裂，双方于2013年4月2日协议离婚。离婚协议中约定，夫妻婚后生育女儿吴某乙的抚养权归女方，随女方生活，男方每月给付抚养费（包括生活费、教育费、医疗费）1000元，在每月1号前付清，直到孩子完成高中教育阶段止，高中教育阶段之后的有关费用双方日后重新协商。但之后，被告并无按离婚协议约定的时间、数额支付抚养费，故特向法院提起诉讼，请求法院判令：1、被告向原告支付2013年4月2日至2015年1月22日期间拖欠的抚养费共19000元；2、本案诉讼费由被告承担。&#xA;原告在诉讼中提供了离婚证、离婚协议书和常住人口登记卡各一份，拟证明何某与被告离婚时签订了离婚协议，约定婚生女儿吴某乙由何某抚养，被告每月支付女儿抚养费1000元。&#xA;被告没有提供答辩意见和相关证据。&#xA;经审查，原告提供的证据均为原件，具有真实性、合法性，与本案有关联，本院确认其证明效力，并结合当事人的陈述，确认以下事实：&#xA;原告与被告原为夫妻关系，双方在婚姻关系存续期间于××××年××月××日生育女儿吴某乙。原、被告于2013年4月2日协议离婚并办理了离婚登记手续，同日双方签订离婚协议书，约定婚生女儿吴某乙的抚养权归何某，随何某生活，被告于每月1日前给付抚养费（包括生活费、教育费、医疗费）1000元，直到吴某乙完成高中教育阶段止，高中教育阶段之后的有关费用双方日后重新协商。&#xA;本院认为，原、被告之间签订的离婚协议书中关于离婚后女儿吴某乙的抚养权及抚养费承担的约定并没有违反法律规定，具有法律效力，被告应按协议约定支付1000元／月的抚养费。原告以被告未按协议约定足额支付女儿吴某乙的抚养费为由，诉请被告支付自2013年4月至2015年1月22日期间的抚养费19000元，合法有理，本院应予支持。被告经本院合法传唤，无正当理由拒不到庭参加诉讼，本院依法缺席判决。&#xA;依照《中华人民共和国婚姻法》第二十一条、第三十六条、第三十七条和《中华人民共和国民事诉讼法》第一百四十四条的规定，判决如下：&#xA;被告吴某甲于本判决书生效之日起十日内向原告何某支付2013年4月至2015年1月22日期间女儿吴某乙的抚养费19000元。&#xA;如果未按本判决指定的期间履行给付金钱义务，应当依照《中华人民共和国民事诉讼法》第二百五十三条之规定，加倍支付迟延履行期间的债务利息。&#xA;案件受理费减半收取即138元，由被告吴某甲负担。&#xA;如不服本判决，可在判决书送达之日起十五日内向本院递交上诉状，并按对方当事人人数提交副本，上诉于广东省佛山市中级人民法院。&#xA;审判员梁敏&#xA;二〇一五年三月十八日&#xA;书记员朱秋红&#xA;" nameCN="全文">
  <WS value="广东省佛山市三水区人民法院&#xA;民事判决书&#xA;（2015）佛三法西民初字第64号&#xA;" nameCN="文首">
    <WSZZDW value="法院" nameCN="文书制作单位" />
    <JBFY value="广东省佛山市三水区人民法院" nameCN="经办法院">
      <FYJB value="基层" nameCN="法院级别" />
      <XZQH_P value="广东" nameCN="行政区划(省)" />
      <XZQH_C value="佛山市" nameCN="行政区划(市)" />
    </JBFY>
    <WSMC value="民事判决书" nameCN="文书名称" />
    <AH value="(2015)佛三法西民初字第64号" nameCN="案号" />
    <LAND value="2015" nameCN="立案年度" />
    <AJXZ value="民事案件" nameCN="案件性质" />
    <WSZL value="判决书" nameCN="文书种类" />
    <SPCX value="一审案件" nameCN="审判程序" />
    <AJLX value="民事一审案件" nameCN="案件类型" />
  </WS>
  <SSCYRQJ value="原告何某，汉族，住广东省四会市。&#xA;被告吴某甲，汉族，住广东省佛山市三水区。&#xA;" nameCN="诉讼参与人全集">
    <SSCYR value="原告何某，汉族，住广东省四会市。" nameCN="诉讼参与人">
      <SSCYRMC value="何某" nameCN="诉讼参与人名称" />
      <SSSF value="原告" nameCN="诉讼身份" />
      <SSDW value="原告" nameCN="诉讼地位" />
      <DSRLB value="原告" nameCN="当事人类别" />
      <DSRLX value="自然人" nameCN="当事人类型" />
      <MZ value="汉族" nameCN="民族" />
      <GJ value="中国" nameCN="国籍" />
      <DSRDZ value="广东省四会市" nameCN="当事人地址" />
      <DTQK value="到庭" nameCN="到庭情况" />
      <DSRSFZH value="否" nameCN="当事人是否再婚" />
    </SSCYR>
    <SSCYR value="被告吴某甲，汉族，住广东省佛山市三水区。" nameCN="诉讼参与人">
      <SSCYRMC value="吴某甲" nameCN="诉讼参与人名称" />
      <SSSF value="被告" nameCN="诉讼身份" />
      <SSDW value="被告" nameCN="诉讼地位" />
      <DSRLB value="被告" nameCN="当事人类别" />
      <DSRLX value="自然人" nameCN="当事人类型" />
      <MZ value="汉族" nameCN="民族" />
      <GJ value="中国" nameCN="国籍" />
      <DSRDZ value="广东省佛山市三水区" nameCN="当事人地址" />
      <DSRSFZH value="否" nameCN="当事人是否再婚" />
    </SSCYR>
    <SSCYRQJ value="错误" nameCN="保险公司是否作为被告" />
  </SSCYRQJ>
  <SSJL value="原告何某诉被告吴某甲抚养费纠纷一案，本院于2015年1月23日立案受理后，依法由审判员梁敏独任审判，于2015年3月10日公开开庭进行了审理。开庭时，原告何某到庭参加了诉讼。被告吴某甲经本院合法传唤，无正当理由拒不到庭参加诉讼。本案现已审理终结。" nameCN="诉讼记录">
    <JJCT value="" nameCN="拒绝出庭">
      <DSR value="" nameCN="当事人" />
      <RQ value="" nameCN="日期" />
    </JJCT>
    <YG value="何某" nameCN="原告" />
    <BG value="吴某甲" nameCN="被告" />
    <AY value="抚养费纠纷" nameCN="案由" />
    <KTSL value="是" nameCN="开庭审理" />
    <KTSLXX value="公开审理" nameCN="开庭审理信息" />
    <WZAY value="抚养费纠纷" nameCN="完整案由" />
    <AYDM value="9025" nameCN="案由代码" />
    <LARQ value="2015年1月23日" nameCN="立案日期" />
    <YSAJSYCX value="普通程序" nameCN="一审案件适用程序" />
    <JYZPT value="否" nameCN="简易转普通" />
    <YSAJLY value="新收" nameCN="一审案件来源" />
    <SLRQ value="2015年1月23日" nameCN="受理日期" />
    <DXRQX nameCN="当事人缺席">
      <XM value="吴某甲" nameCN="姓名">
        <SSDW value="被告" nameCN="诉讼地位" />
      </XM>
    </DXRQX>
    <CTDSRXX nameCN="出庭当事人信息">
      <CTRXM value="何某" nameCN="出庭人姓名">
        <SSDW value="原告" nameCN="诉讼地位" />
      </CTRXM>
    </CTDSRXX>
  </SSJL>
  <AJJBQK value="原告诉称，原告与被告于××××年××月××日在佛山市三水区民政局西南婚姻登记处办理结婚登记手续，并于××××年××月××日生育女儿吴某乙。原告和被告因性格不合，夫妻感情完全破裂，双方于2013年4月2日协议离婚。离婚协议中约定，夫妻婚后生育女儿吴某乙的抚养权归女方，随女方生活，男方每月给付抚养费（包括生活费、教育费、医疗费）1000元，在每月1号前付清，直到孩子完成高中教育阶段止，高中教育阶段之后的有关费用双方日后重新协商。但之后，被告并无按离婚协议约定的时间、数额支付抚养费，故特向法院提起诉讼，请求法院判令：1、被告向原告支付2013年4月2日至2015年1月22日期间拖欠的抚养费共19000元；2、本案诉讼费由被告承担。&#xA;原告在诉讼中提供了离婚证、离婚协议书和常住人口登记卡各一份，拟证明何某与被告离婚时签订了离婚协议，约定婚生女儿吴某乙由何某抚养，被告每月支付女儿抚养费1000元。&#xA;被告没有提供答辩意见和相关证据。&#xA;经审查，原告提供的证据均为原件，具有真实性、合法性，与本案有关联，本院确认其证明效力，并结合当事人的陈述，确认以下事实：&#xA;原告与被告原为夫妻关系，双方在婚姻关系存续期间于××××年××月××日生育女儿吴某乙。原、被告于2013年4月2日协议离婚并办理了离婚登记手续，同日双方签订离婚协议书，约定婚生女儿吴某乙的抚养权归何某，随何某生活，被告于每月1日前给付抚养费（包括生活费、教育费、医疗费）1000元，直到吴某乙完成高中教育阶段止，高中教育阶段之后的有关费用双方日后重新协商。&#xA;" nameCN="案件基本情况">
    <YGSCD value="原告诉称，原告与被告于××××年××月××日在佛山市三水区民政局西南婚姻登记处办理结婚登记手续，并于××××年××月××日生育女儿吴某乙。原告和被告因性格不合，夫妻感情完全破裂，双方于2013年4月2日协议离婚。离婚协议中约定，夫妻婚后生育女儿吴某乙的抚养权归女方，随女方生活，男方每月给付抚养费（包括生活费、教育费、医疗费）1000元，在每月1号前付清，直到孩子完成高中教育阶段止，高中教育阶段之后的有关费用双方日后重新协商。但之后，被告并无按离婚协议约定的时间、数额支付抚养费，故特向法院提起诉讼，请求法院判令：1、被告向原告支付2013年4月2日至2015年1月22日期间拖欠的抚养费共19000元；2、本案诉讼费由被告承担。 " nameCN="原告诉称段" />
    <BGBCD value="被告没有提供答辩意见和相关证据。 " nameCN="被告辩称段" />
    <ZJD value="原告在诉讼中提供了离婚证、离婚协议书和常住人口登记卡各一份，拟证明何某与被告离婚时签订了离婚协议，约定婚生女儿吴某乙由何某抚养，被告每月支付女儿抚养费1000元。" nameCN="证据段" />
    <CMSSD value="经审查，原告提供的证据均为原件，具有真实性、合法性，与本案有关联，本院确认其证明效力，并结合当事人的陈述，确认以下事实：原告与被告原为夫妻关系，双方在婚姻关系存续期间于××××年××月××日生育女儿吴某乙。原、被告于2013年4月2日协议离婚并办理了离婚登记手续，同日双方签订离婚协议书，约定婚生女儿吴某乙的抚养权归何某，随何某生活，被告于每月1日前给付抚养费（包括生活费、教育费、医疗费）1000元，直到吴某乙完成高中教育阶段止，高中教育阶段之后的有关费用双方日后重新协商。 " nameCN="查明事实段">
      <SGXQ value="未提及" nameCN="事故详情">
        <SGSJ value="未提及" nameCN="事故时间" />
        <SGDD value="未提及" nameCN="事故地点" />
      </SGXQ>
      <JDCSYR value="吴某甲" nameCN="机动车所有人" />
      <SHRJZD value="广东省四会市" nameCN="受害人居住地" />
      <SFTB value="是" nameCN="是否投保" />
      <SFZBXQN value="是" nameCN="是否在保险期内" />
      <SFXQPF value="是" nameCN="是否先期赔付" />
      <JDSFKK value="是" nameCN="鉴定是否可靠" />
    </CMSSD>
  </AJJBQK>
  <CPFXGC value="本院认为，原、被告之间签订的离婚协议书中关于离婚后女儿吴某乙的抚养权及抚养费承担的约定并没有违反法律规定，具有法律效力，被告应按协议约定支付1000元／月的抚养费。原告以被告未按协议约定足额支付女儿吴某乙的抚养费为由，诉请被告支付自2013年4月至2015年1月22日期间的抚养费19000元，合法有理，本院应予支持。被告经本院合法传唤，无正当理由拒不到庭参加诉讼，本院依法缺席判决。&#xA;依照《中华人民共和国婚姻法》第二十一条、第三十六条、第三十七条和《中华人民共和国民事诉讼法》第一百四十四条的规定，判决如下：&#xA;" nameCN="裁判分析过程">
    <JAFSLX value="判决" nameCN="结案方式类型" />
    <FLFTMC value="中华人民共和国婚姻法" nameCN="法律法条名称">
      <TM value="三十七" nameCN="条目" />
      <TM value="二十一" nameCN="条目" />
      <TM value="三十六" nameCN="条目" />
      <SFCXF value="非程序法" nameCN="是否是程序法" />
    </FLFTMC>
    <FLFTMC value="中华人民共和国民事诉讼法" nameCN="法律法条名称">
      <TM value="一百四十四" nameCN="条目" />
      <SFCXF value="是程序法" nameCN="是否是程序法" />
    </FLFTMC>
  </CPFXGC>
  <CPJG value="被告吴某甲于本判决书生效之日起十日内向原告何某支付2013年4月至2015年1月22日期间女儿吴某乙的抚养费19000元。&#xA;如果未按本判决指定的期间履行给付金钱义务，应当依照《中华人民共和国民事诉讼法》第二百五十三条之规定，加倍支付迟延履行期间的债务利息。&#xA;案件受理费减半收取即138元，由被告吴某甲负担。&#xA;如不服本判决，可在判决书送达之日起十五日内向本院递交上诉状，并按对方当事人人数提交副本，上诉于广东省佛山市中级人民法院。&#xA;" nameCN="裁判结果">
    <JAFS value="判决" nameCN="结案方式" />
    <PCSFSXZQ value="正确" nameCN="同时起诉侵权人与保险公司的赔偿顺序" />
    <JTPJJG value="被告吴某甲于本判决书生效之日起十日内向原告何某支付2013年4月至2015年1月22日期间女儿吴某乙的抚养费19000元。" nameCN="具体裁判段">
      <QLR value="何某" nameCN="权利人">
        <QLRSSDW value="原告" nameCN="诉讼地位" />
      </QLR>
      <YWR value="吴某甲" nameCN="义务人">
        <YWRSSDW value="被告" nameCN="诉讼地位" />
      </YWR>
      <PJJE nameCN="判决金额">
        <JE value="19000元" nameCN="金额" />
        <JELX value="抚养费" nameCN="金额类型" />
      </PJJE>
    </JTPJJG>
    <JTPJJG value="如果未按本判决指定的期间履行给付金钱义务，应当依照《中华人民共和国民事诉讼法》第二百五十三条之规定，加倍支付迟延履行期间的债务利息。" nameCN="具体裁判段" />
    <SSFCD nameCN="诉讼费承担">
      <SSFCDJL value="案件受理费减半收取即138元，由被告吴某甲负担。" nameCN="诉讼费承担记录">
        <SSFJE value="138元" nameCN="诉讼费金额" />
        <SSFZL value="受理费" nameCN="诉讼费种类" />
        <SSFCDR value="吴某甲" nameCN="承担人">
          <SSFCDJE value="138元" nameCN="承担金额" />
          <SSFCDFS value="个人独立承担该金额" nameCN="承担方式" />
          <SSFCDDW value="被告" nameCN="承担人地位" />
        </SSFCDR>
      </SSFCDJL>
    </SSFCD>
    <SFFHCS value="否" nameCN="是否发回重审" />
    <KSSZ value="广东省佛山市中级人民法院" nameCN="可上诉至" />
    <SSTJCL value="上诉状，并按对方当事人人数提交副本" nameCN="上诉提交材料" />
    <SSQX value="十五日" nameCN="上诉期限" />
    <TCGXQYY value="否" nameCN="是否提出管辖权异议" />
  </CPJG>
  <WW value="审判员梁敏&#xA;二〇一五年三月十八日&#xA;书记员朱秋红&#xA;" nameCN="文尾">
    <SPZZCY nameCN="审判组织成员">
      <SPRYXM value="梁敏" nameCN="审判人员姓名" />
      <SPRYJS value="审判员" nameCN="审判人员角色" />
    </SPZZCY>
    <SPZZCY nameCN="审判组织成员">
      <SPRYXM value="朱秋红" nameCN="审判人员姓名" />
      <SPRYJS value="书记员" nameCN="审判人员角色" />
    </SPZZCY>
    <CPSJ value="2015年3月18日" nameCN="裁判时间">
      <Year value="2015" nameCN="结案年度" />
      <JANYR value="2015年3月18日" nameCN="结案年月日" />
      <JANY value="2015-3" nameCN="结案年月" />
      <Month value="3" nameCN="月" />
      <Day value="18" nameCN="日" />
    </CPSJ>
  </WW>
  <FL value="" nameCN="附录" />
</QW>

