<?xml version="1.0" encoding="UTF-8"?>
<QW value="&#xA;浙江省永康市人民法院&#xA;民事判决书&#xA;（2014）金永石民初字第16号&#xA;原告何某甲。&#xA;被告李某。&#xA;原告何某甲与被告李某离婚纠纷一案，本院于2014年2月18日立案受理后，依法组成合议庭，于2014年7月22日公开开庭进行了审理。原告何某甲到庭参加诉讼，被告李某经本院合法传唤，无正当理由未到庭参加诉讼。本案现已审理终结。&#xA;原告何某甲起诉称：原、被告双方于2010年经人介绍认识，于××××年××月××日在永康市民政局登记结婚，于××××年××月××日生育女儿何某乙。因婚前感情不深，2011年上半年原、被告双方感情开始不合，双方因无法沟通而多次发生争吵。2011年被告离家出走，两人一直分居生活。为此，原告曾于2013年2月28日向永康市人民法院提起诉讼请求离婚，后在法院的调解下，原告撤回起诉。但撤回起诉后，原、被告仍因各种矛盾未共同生活，至今双方已形同陌路。因被告离家出走后，婚生女儿一直由原告抚养，被告亦一直未尽过为人母的责任。综上，原、被告感情已完全破裂，双方的婚姻已无挽回的可能。故原告诉请：1、判令准予原、被告离婚；2、判令婚生女儿何某乙由原告抚养，抚养费由被告承担。庭审中，原告变更第二项诉讼请求为：判令婚生女儿何某乙由原告抚养，抚养费由原告自行承担。&#xA;被告李某未在法定期限内向本院提交书面答辩意见及证据。&#xA;原告何某甲为证明其主张成立，向本院提供证据如下：&#xA;1、人口信息复印件一份，用于证明被告李某的身份情况。&#xA;2、结婚证原件一份，用于证明原、被告于××××年××月××日登记结婚的事实。&#xA;3、出生医学证明复印件一份，用于证明原、被告婚生女儿何某乙于××××年××月××日出生的事实。&#xA;被告何某乙未到庭进行质证。&#xA;本院认证意见：对原告提供的证据1、2、3，本院予以认定。&#xA;另查明，原告何某甲曾于2013年3月7日向本院起诉要求与被告李某离婚，后于2013年4月17日提出撤回起诉的申请，本院予以了准许。&#xA;经审理，本院认定事实如下：原告何某甲与被告李某于2010年经人介绍认识，确立恋爱关系后，于××××年××月××日登记结婚，××××年××月××日生育女儿何某乙。婚后，双方为家庭琐事产生了矛盾。对此，原告曾于2013年3月7日向法院起诉要求与被告李某离婚，后于2013年4月17日向法院提出撤回起诉的申请，法院予以了准许。&#xA;本院认为：原、被告之间的婚姻关系虽系依法登记成立，但婚后双方为家庭琐事产生了矛盾。在原告第一次起诉要求与被告离婚后，夫妻关系并未好转，应认定为夫妻感情确已破裂。故对原告要求与被告离婚的诉讼请求，本院予以支持。对于女儿的抚养问题，考虑到女儿一直由原告抚养，为了孩子有一个稳定的生活环境以及今后能健康成长，本院确定女儿何某乙由原告抚养为宜。原告自愿不需被告支付女儿的抚养费，并不违反法律规定，本院予以准许。被告李某经本院合法传唤，无正当理由未到庭参加诉讼，系其对法律的不尊重及对自身诉讼权利的放弃，由此产生的法律后果应由其自行承担。综上，依照《中华人民共和国婚姻法》第三十二条的规定，判决如下：&#xA;一、准予原告何某甲与被告李某离婚。&#xA;二、婚生女儿何某乙由原告何某甲抚养成人。&#xA;案件受理费300元（已减半收取），公告费400元，合计700元由原告何某甲承担。&#xA;如不服本判决，可在判决书送达之日起十五日内，向本院递交上诉状，并按对方当事人的人数提出副本，上诉于浙江省金华市中级人民法院。&#xA;审判长蒋晓广代理审判员施红敏代理审判员舒宁&#xA;二〇一四年七月二十九日&#xA;代书记员陈既文&#xA;" nameCN="全文">
  <WS value="浙江省永康市人民法院&#xA;民事判决书&#xA;（2014）金永石民初字第16号&#xA;" nameCN="文首">
    <WSZZDW value="法院" nameCN="文书制作单位" />
    <JBFY value="浙江省永康市人民法院" nameCN="经办法院">
      <FYJB value="基层" nameCN="法院级别" />
      <XZQH_P value="浙江" nameCN="行政区划(省)" />
      <XZQH_C value="永康市" nameCN="行政区划(市)" />
    </JBFY>
    <WSMC value="民事判决书" nameCN="文书名称" />
    <AH value="(2014)金永石民初字第16号" nameCN="案号" />
    <LAND value="2014" nameCN="立案年度" />
    <AJXZ value="民事案件" nameCN="案件性质" />
    <WSZL value="判决书" nameCN="文书种类" />
    <SPCX value="一审案件" nameCN="审判程序" />
    <AJLX value="民事一审案件" nameCN="案件类型" />
  </WS>
  <SSCYRQJ value="原告何某甲。&#xA;被告李某。&#xA;" nameCN="诉讼参与人全集">
    <SSCYR value="原告何某甲。" nameCN="诉讼参与人">
      <SSCYRMC value="何某甲" nameCN="诉讼参与人名称" />
      <SSSF value="原告" nameCN="诉讼身份" />
      <SSDW value="原告" nameCN="诉讼地位" />
      <DSRLB value="原告" nameCN="当事人类别" />
      <DSRLX value="自然人" nameCN="当事人类型" />
      <GJ value="中国" nameCN="国籍" />
      <DTQK value="到庭" nameCN="到庭情况" />
      <DSRSFZH value="否" nameCN="当事人是否再婚" />
    </SSCYR>
    <SSCYR value="被告李某。" nameCN="诉讼参与人">
      <SSCYRMC value="李某" nameCN="诉讼参与人名称" />
      <SSSF value="被告" nameCN="诉讼身份" />
      <SSDW value="被告" nameCN="诉讼地位" />
      <DSRLB value="被告" nameCN="当事人类别" />
      <DSRLX value="自然人" nameCN="当事人类型" />
      <GJ value="中国" nameCN="国籍" />
      <DSRSFZH value="否" nameCN="当事人是否再婚" />
    </SSCYR>
    <SSCYRQJ value="错误" nameCN="保险公司是否作为被告" />
  </SSCYRQJ>
  <SSJL value="原告何某甲与被告李某离婚纠纷一案，本院于2014年2月18日立案受理后，依法组成合议庭，于2014年7月22日公开开庭进行了审理。原告何某甲到庭参加诉讼，被告李某经本院合法传唤，无正当理由未到庭参加诉讼。本案现已审理终结。" nameCN="诉讼记录">
    <YG value="何某甲" nameCN="原告" />
    <BG value="李某" nameCN="被告" />
    <AY value="离婚纠纷" nameCN="案由" />
    <KTSL value="是" nameCN="开庭审理" />
    <KTSLXX value="公开审理" nameCN="开庭审理信息" />
    <WZAY value="离婚纠纷" nameCN="完整案由" />
    <AYDM value="9015" nameCN="案由代码" />
    <LARQ value="2014年2月18日" nameCN="立案日期" />
    <YSAJSYCX value="普通程序" nameCN="一审案件适用程序" />
    <JYZPT value="否" nameCN="简易转普通" />
    <SPZZ value="合议庭" nameCN="审判组织" />
    <YSAJLY value="新收" nameCN="一审案件来源" />
    <SLRQ value="2014年2月18日" nameCN="受理日期" />
    <DXRQX nameCN="当事人缺席">
      <XM value="李某" nameCN="姓名">
        <SSDW value="被告" nameCN="诉讼地位" />
      </XM>
    </DXRQX>
    <CTDSRXX nameCN="出庭当事人信息">
      <CTRXM value="何某甲" nameCN="出庭人姓名">
        <SSDW value="原告" nameCN="诉讼地位" />
      </CTRXM>
    </CTDSRXX>
  </SSJL>
  <AJJBQK value="原告何某甲起诉称：原、被告双方于2010年经人介绍认识，于××××年××月××日在永康市民政局登记结婚，于××××年××月××日生育女儿何某乙。因婚前感情不深，2011年上半年原、被告双方感情开始不合，双方因无法沟通而多次发生争吵。2011年被告离家出走，两人一直分居生活。为此，原告曾于2013年2月28日向永康市人民法院提起诉讼请求离婚，后在法院的调解下，原告撤回起诉。但撤回起诉后，原、被告仍因各种矛盾未共同生活，至今双方已形同陌路。因被告离家出走后，婚生女儿一直由原告抚养，被告亦一直未尽过为人母的责任。综上，原、被告感情已完全破裂，双方的婚姻已无挽回的可能。故原告诉请：1、判令准予原、被告离婚；2、判令婚生女儿何某乙由原告抚养，抚养费由被告承担。庭审中，原告变更第二项诉讼请求为：判令婚生女儿何某乙由原告抚养，抚养费由原告自行承担。&#xA;被告李某未在法定期限内向本院提交书面答辩意见及证据。&#xA;原告何某甲为证明其主张成立，向本院提供证据如下：&#xA;1、人口信息复印件一份，用于证明被告李某的身份情况。&#xA;2、结婚证原件一份，用于证明原、被告于××××年××月××日登记结婚的事实。&#xA;3、出生医学证明复印件一份，用于证明原、被告婚生女儿何某乙于××××年××月××日出生的事实。&#xA;被告何某乙未到庭进行质证。&#xA;本院认证意见：对原告提供的证据1、2、3，本院予以认定。&#xA;另查明，原告何某甲曾于2013年3月7日向本院起诉要求与被告李某离婚，后于2013年4月17日提出撤回起诉的申请，本院予以了准许。&#xA;经审理，本院认定事实如下：原告何某甲与被告李某于2010年经人介绍认识，确立恋爱关系后，于××××年××月××日登记结婚，××××年××月××日生育女儿何某乙。婚后，双方为家庭琐事产生了矛盾。对此，原告曾于2013年3月7日向法院起诉要求与被告李某离婚，后于2013年4月17日向法院提出撤回起诉的申请，法院予以了准许。&#xA;" nameCN="案件基本情况">
    <YGSCD value="原告何某甲起诉称：原、被告双方于2010年经人介绍认识，于××××年××月××日在永康市民政局登记结婚，于××××年××月××日生育女儿何某乙。因婚前感情不深，2011年上半年原、被告双方感情开始不合，双方因无法沟通而多次发生争吵。2011年被告离家出走，两人一直分居生活。为此，原告曾于2013年2月28日向永康市人民法院提起诉讼请求离婚，后在法院的调解下，原告撤回起诉。但撤回起诉后，原、被告仍因各种矛盾未共同生活，至今双方已形同陌路。因被告离家出走后，婚生女儿一直由原告抚养，被告亦一直未尽过为人母的责任。综上，原、被告感情已完全破裂，双方的婚姻已无挽回的可能。故原告诉请：1、判令准予原、被告离婚；2、判令婚生女儿何某乙由原告抚养，抚养费由被告承担。庭审中，原告变更第二项诉讼请求为：判令婚生女儿何某乙由原告抚养，抚养费由原告自行承担。 " nameCN="原告诉称段" />
    <BGBCD value="被告李某未在法定期限内向本院提交书面答辩意见及证据。 " nameCN="被告辩称段" />
    <ZJD value="原告何某甲为证明其主张成立，向本院提供证据如下：1、人口信息复印件一份，用于证明被告李某的身份情况。 2、结婚证原件一份，用于证明原、被告于××××年××月××日登记结婚的事实。 3、出生医学证明复印件一份，用于证明原、被告婚生女儿何某乙于××××年××月××日出生的事实。 被告何某乙未到庭进行质证。 本院认证意见：对原告提供的证据1、2、3，本院予以认定。 " nameCN="证据段" />
    <CMSSD value="另查明，原告何某甲曾于2013年3月7日向本院起诉要求与被告李某离婚，后于2013年4月17日提出撤回起诉的申请，本院予以了准许。经审理，本院认定事实如下：原告何某甲与被告李某于2010年经人介绍认识，确立恋爱关系后，于××××年××月××日登记结婚，××××年××月××日生育女儿何某乙。婚后，双方为家庭琐事产生了矛盾。对此，原告曾于2013年3月7日向法院起诉要求与被告李某离婚，后于2013年4月17日向法院提出撤回起诉的申请，法院予以了准许。 " nameCN="查明事实段">
      <SGXQ value="未提及" nameCN="事故详情">
        <SGSJ value="未提及" nameCN="事故时间" />
        <SGDD value="未提及" nameCN="事故地点" />
      </SGXQ>
      <JDCSYR value="李某" nameCN="机动车所有人" />
      <GAJGRDYJ value="原告何某甲与被告李某于2010年经人介绍认识，确立恋爱关系后，于××××年××月××日登记结婚，××××年××月××日生育女儿何某乙。" nameCN="公安机关认定意见" />
      <SFTB value="是" nameCN="是否投保" />
      <SFZBXQN value="是" nameCN="是否在保险期内" />
      <SFXQPF value="是" nameCN="是否先期赔付" />
      <JDSFKK value="是" nameCN="鉴定是否可靠" />
    </CMSSD>
  </AJJBQK>
  <CPFXGC value="本院认为：原、被告之间的婚姻关系虽系依法登记成立，但婚后双方为家庭琐事产生了矛盾。在原告第一次起诉要求与被告离婚后，夫妻关系并未好转，应认定为夫妻感情确已破裂。故对原告要求与被告离婚的诉讼请求，本院予以支持。对于女儿的抚养问题，考虑到女儿一直由原告抚养，为了孩子有一个稳定的生活环境以及今后能健康成长，本院确定女儿何某乙由原告抚养为宜。原告自愿不需被告支付女儿的抚养费，并不违反法律规定，本院予以准许。被告李某经本院合法传唤，无正当理由未到庭参加诉讼，系其对法律的不尊重及对自身诉讼权利的放弃，由此产生的法律后果应由其自行承担。综上，依照《中华人民共和国婚姻法》第三十二条的规定，判决如下：&#xA;" nameCN="裁判分析过程">
    <JAFSLX value="判决" nameCN="结案方式类型" />
    <FLFTMC value="中华人民共和国婚姻法" nameCN="法律法条名称">
      <TM value="三十二" nameCN="条目" />
      <SFCXF value="非程序法" nameCN="是否是程序法" />
    </FLFTMC>
  </CPFXGC>
  <CPJG value="一、准予原告何某甲与被告李某离婚。&#xA;二、婚生女儿何某乙由原告何某甲抚养成人。&#xA;案件受理费300元（已减半收取），公告费400元，合计700元由原告何某甲承担。&#xA;如不服本判决，可在判决书送达之日起十五日内，向本院递交上诉状，并按对方当事人的人数提出副本，上诉于浙江省金华市中级人民法院。&#xA;" nameCN="裁判结果">
    <JAFS value="判决" nameCN="结案方式" />
    <PCSFSXZQ value="正确" nameCN="同时起诉侵权人与保险公司的赔偿顺序" />
    <JTPJJG value="一、准予原告何某甲与被告李某离婚。" nameCN="具体裁判段" />
    <JTPJJG value="二、婚生女儿何某乙由原告何某甲抚养成人。" nameCN="具体裁判段" />
    <SSFCD nameCN="诉讼费承担">
      <SSFCDJL value="案件受理费300元（已减半收取），公告费400元，合计700元由原告何某甲承担。" nameCN="诉讼费承担记录">
        <SSFJE value="300元" nameCN="诉讼费金额" />
        <SSFZL value="受理费" nameCN="诉讼费种类" />
        <SSFJE value="400元" nameCN="诉讼费金额" />
        <SSFZL value="公告费" nameCN="诉讼费种类" />
        <SSFCDR value="何某甲" nameCN="承担人">
          <SSFCDJE value="700元" nameCN="承担金额" />
          <SSFCDFS value="个人独立承担该金额" nameCN="承担方式" />
          <SSFCDDW value="原告" nameCN="承担人地位" />
        </SSFCDR>
      </SSFCDJL>
    </SSFCD>
    <SFFHCS value="否" nameCN="是否发回重审" />
    <KSSZ value="浙江省金华市中级人民法院" nameCN="可上诉至" />
    <SSTJCL value="上诉状，并按对方当事人的人数提出副本" nameCN="上诉提交材料" />
    <SSQX value="十五日" nameCN="上诉期限" />
    <TCGXQYY value="否" nameCN="是否提出管辖权异议" />
  </CPJG>
  <WW value="审判长蒋晓广代理审判员施红敏代理审判员舒宁&#xA;二〇一四年七月二十九日&#xA;代书记员陈既文&#xA;&#xA;审判长蒋晓广&#xA;代理&#xA;审判员施红敏&#xA;代理&#xA;审判员舒宁&#xA;" nameCN="文尾">
    <SPZZCY nameCN="审判组织成员">
      <SPRYXM value="施红敏" nameCN="审判人员姓名" />
      <SPRYJS value="审判员" nameCN="审判人员角色" />
    </SPZZCY>
    <SPZZCY nameCN="审判组织成员">
      <SPRYXM value="蒋晓广" nameCN="审判人员姓名" />
      <SPRYJS value="审判长" nameCN="审判人员角色" />
    </SPZZCY>
    <SPZZCY nameCN="审判组织成员">
      <SPRYXM value="陈既文" nameCN="审判人员姓名" />
      <SPRYJS value="代书记员" nameCN="审判人员角色" />
    </SPZZCY>
    <SPZZCY nameCN="审判组织成员">
      <SPRYXM value="舒宁" nameCN="审判人员姓名" />
      <SPRYJS value="审判员" nameCN="审判人员角色" />
    </SPZZCY>
    <CPSJ value="2014年7月29日" nameCN="裁判时间">
      <Year value="2014" nameCN="结案年度" />
      <JANYR value="2014年7月29日" nameCN="结案年月日" />
      <JANY value="2014-7" nameCN="结案年月" />
      <Month value="7" nameCN="月" />
      <Day value="29" nameCN="日" />
    </CPSJ>
  </WW>
  <FL value="" nameCN="附录" />
</QW>

