<?xml version="1.0" encoding="UTF-8"?>
<QW value="贵州省遵义县人民法院&#xA;民事判决书&#xA;（2015）遵县法民初字第1232号&#xA;原告何祥德，男，1970年6月30日出生，汉族，贵州省遵义县人。&#xA;被告余前应，男，1968年11月21日出生，汉族，贵州省遵义县人。&#xA;被告刘显碧，女，1968年11月11日出生，汉族，贵州省遵义市人。&#xA;原告何祥德诉被告余前应、刘显碧民间借贷纠纷一案，本院于2015年3月13日立案受理后，依法组成合议庭，公开开庭进行了审理。原告何祥德到庭参加了诉讼，被告余前应、刘显碧因下落不明，经公告传唤未到庭参加诉讼，本案现已审理终结。&#xA;原告诉称：2012年4月27日，被告余前应向原告借款7万元，并出具了借条，被告刘显碧在借条上签名担保。定于2012年5月15日前归还，到期后，原告至今无法与二被告取得联系，故请求法院判令：由二被告共同偿还原告借款本金7万元，并从2012年5月15日起按银行同期贷款利率计付利息至付清之日止。&#xA;二被未提交书面答辩。&#xA;经审理查明：2012年4月27日，被告余前应向原告借款7万元，并出具了借条，该借条载明：“今借到何祥德现金柒万元，定于2012年5月15日前归还，到期不还，则用本人房产抵还。”，被告刘显碧作为担保人在借条上签了名字。逾期后，原告因一直无法与二被告取得联系，遂向本院提起诉讼。&#xA;另查明：被告余前应与刘显碧系夫妻关系，二人于2007年2月25日登记结婚。&#xA;上述事实，有原告提供的借条、结婚证，及原告的陈述等证据在卷佐证，足以认定。&#xA;本院认为：被告余前应在与被告刘显碧婚姻关系存续期间向原告何祥德借款的事实成立，证据充分。根据最高人民法院《关于适用﹤中华人民共和国婚姻法﹥若干问题的解释（二）》第二十四条的规定：“债权人就婚姻关系存续期间夫妻一方以个人名义所负债务主张权利的，应当按夫妻共同债务处理。但夫妻一方能够证明债权人与债务人明确约定为个人债务，或者能够证明属于婚姻法第十九条第三款规定情形的除外”。因此应认定该借款为二被告夫妻共同债务。故对原告请求由二被告共同偿还其借款并从逾期之日起按中国人民银行同期贷款利率计算利息的主张本院应予支持。被告余前应、刘显碧经本院公告传唤，无正当理由拒不到庭参加诉讼，本案依法缺席判决。据此，为维护当事人的合法权益，依照《中华人民共和国合同法》第六十条、第二百零六条、《中华人民共和国婚姻法》第四十一条、最高人民法院《关于适用﹤中华人民共和国婚姻法﹥若干问题的解释（二）》第二十四条、《中华人民共和国民事诉讼法》第九十二条第一款、第一百四十四条的规定，判决如下：&#xA;限被告余前应、刘显碧于本判决生效后十日内偿还原告何祥德借款7万元，并按中国人民银行同期贷款利率计算利息，从2012年5月16日起算至付清之日止。&#xA;案件受理费2250．00元，由被告余前应、刘显碧承担。&#xA;如果未按判决指定的期间履行给付金钱义务，应当依照《中华人民共和国民事诉讼法》第二百五十三条之规定，加倍支付迟延履行期间的债务利息。&#xA;如不服本判决，可在判决书送达之日起十五日内，向本院递交上诉状，并按对方当事人的人数提出副本，上诉于贵州省遵义市中级人民法院。逾期，本判决则发生法律效力。&#xA;本判决书发生法律效力后，权利人可在判决书确定的履行期限届满之日起二年内向本院或被执行财产所在地的基层人民法院申请执行。&#xA;审判长杨扬审判员薛祖芬人民陪审员徐应江&#xA;二〇一五年七月十日&#xA;书记员刘新睿&#xA;" nameCN="全文">
  <WS value="贵州省遵义县人民法院&#xA;民事判决书&#xA;（2015）遵县法民初字第1232号&#xA;" nameCN="文首">
    <WSZZDW value="法院" nameCN="文书制作单位" />
    <JBFY value="贵州省遵义县人民法院" nameCN="经办法院">
      <FYJB value="基层" nameCN="法院级别" />
      <XZQH_P value="贵州" nameCN="行政区划(省)" />
      <XZQH_C value="贵州" nameCN="行政区划(市)" />
    </JBFY>
    <WSMC value="民事判决书" nameCN="文书名称" />
    <AH value="(2015)遵县法民初字第1232号" nameCN="案号" />
    <LAND value="2015" nameCN="立案年度" />
    <AJXZ value="民事案件" nameCN="案件性质" />
    <WSZL value="判决书" nameCN="文书种类" />
    <SPCX value="一审案件" nameCN="审判程序" />
    <AJLX value="民事一审案件" nameCN="案件类型" />
  </WS>
  <SSCYRQJ value="原告何祥德，男，1970年6月30日出生，汉族，贵州省遵义县人。&#xA;被告余前应，男，1968年11月21日出生，汉族，贵州省遵义县人。&#xA;被告刘显碧，女，1968年11月11日出生，汉族，贵州省遵义市人。&#xA;" nameCN="诉讼参与人全集">
    <SSCYR value="原告何祥德，男，1970年6月30日出生，汉族，贵州省遵义县人。" nameCN="诉讼参与人">
      <SSCYRMC value="何祥德" nameCN="诉讼参与人名称" />
      <SSSF value="原告" nameCN="诉讼身份" />
      <SSDW value="原告" nameCN="诉讼地位" />
      <DSRLB value="原告" nameCN="当事人类别" />
      <DSRLX value="自然人" nameCN="当事人类型" />
      <XB value="男" nameCN="性别" />
      <MZ value="汉族" nameCN="民族" />
      <CSRQ value="1970年6月30日" nameCN="出生日期">
        <Year value="1970" nameCN="年" />
        <Month value="6" nameCN="月" />
        <Day value="30" nameCN="日" />
      </CSRQ>
      <GJ value="中国" nameCN="国籍" />
      <DTQK value="到庭" nameCN="到庭情况" />
    </SSCYR>
    <SSCYR value="被告余前应，男，1968年11月21日出生，汉族，贵州省遵义县人。" nameCN="诉讼参与人">
      <SSCYRMC value="余前应" nameCN="诉讼参与人名称" />
      <SSSF value="被告" nameCN="诉讼身份" />
      <SSDW value="被告" nameCN="诉讼地位" />
      <DSRLB value="被告" nameCN="当事人类别" />
      <DSRLX value="自然人" nameCN="当事人类型" />
      <XB value="男" nameCN="性别" />
      <MZ value="汉族" nameCN="民族" />
      <CSRQ value="1968年11月21日" nameCN="出生日期">
        <Year value="1968" nameCN="年" />
        <Month value="11" nameCN="月" />
        <Day value="21" nameCN="日" />
      </CSRQ>
      <GJ value="中国" nameCN="国籍" />
    </SSCYR>
    <SSCYR value="被告刘显碧，女，1968年11月11日出生，汉族，贵州省遵义市人。" nameCN="诉讼参与人">
      <SSCYRMC value="刘显碧" nameCN="诉讼参与人名称" />
      <SSSF value="被告" nameCN="诉讼身份" />
      <SSDW value="被告" nameCN="诉讼地位" />
      <DSRLB value="被告" nameCN="当事人类别" />
      <DSRLX value="自然人" nameCN="当事人类型" />
      <XB value="女" nameCN="性别" />
      <MZ value="汉族" nameCN="民族" />
      <CSRQ value="1968年11月11日" nameCN="出生日期">
        <Year value="1968" nameCN="年" />
        <Month value="11" nameCN="月" />
        <Day value="11" nameCN="日" />
      </CSRQ>
      <GJ value="中国" nameCN="国籍" />
    </SSCYR>
    <SSCYRQJ value="错误" nameCN="保险公司是否作为被告" />
  </SSCYRQJ>
  <SSJL value="原告何祥德诉被告余前应、刘显碧民间借贷纠纷一案，本院于2015年3月13日立案受理后，依法组成合议庭，公开开庭进行了审理。原告何祥德到庭参加了诉讼，被告余前应、刘显碧因下落不明，经公告传唤未到庭参加诉讼，本案现已审理终结。" nameCN="诉讼记录">
    <AY value="民间借贷纠纷" nameCN="案由" />
    <KTSL value="是" nameCN="开庭审理" />
    <KTSLXX value="公开审理" nameCN="开庭审理信息" />
    <WZAY value="民间借贷纠纷" nameCN="完整案由" />
    <AYDM value="9181" nameCN="案由代码" />
    <LARQ value="2015年3月13日" nameCN="立案日期" />
    <YSAJSYCX value="普通程序" nameCN="一审案件适用程序" />
    <JYZPT value="否" nameCN="简易转普通" />
    <SPZZ value="合议庭" nameCN="审判组织" />
    <YSAJLY value="新收" nameCN="一审案件来源" />
    <SLRQ value="2015年3月13日" nameCN="受理日期" />
    <DXRQX nameCN="当事人缺席">
      <XM value="刘显碧" nameCN="姓名">
        <SSDW value="被告" nameCN="诉讼地位" />
      </XM>
      <XM value="余前应" nameCN="姓名">
        <SSDW value="被告" nameCN="诉讼地位" />
      </XM>
    </DXRQX>
    <CTDSRXX nameCN="出庭当事人信息">
      <CTRXM value="何祥德" nameCN="出庭人姓名">
        <SSDW value="原告" nameCN="诉讼地位" />
      </CTRXM>
    </CTDSRXX>
  </SSJL>
  <AJJBQK value="原告诉称：2012年4月27日，被告余前应向原告借款7万元，并出具了借条，被告刘显碧在借条上签名担保。定于2012年5月15日前归还，到期后，原告至今无法与二被告取得联系，故请求法院判令：由二被告共同偿还原告借款本金7万元，并从2012年5月15日起按银行同期贷款利率计付利息至付清之日止。&#xA;二被未提交书面答辩。&#xA;经审理查明：2012年4月27日，被告余前应向原告借款7万元，并出具了借条，该借条载明：“今借到何祥德现金柒万元，定于2012年5月15日前归还，到期不还，则用本人房产抵还。”，被告刘显碧作为担保人在借条上签了名字。逾期后，原告因一直无法与二被告取得联系，遂向本院提起诉讼。&#xA;另查明：被告余前应与刘显碧系夫妻关系，二人于2007年2月25日登记结婚。&#xA;上述事实，有原告提供的借条、结婚证，及原告的陈述等证据在卷佐证，足以认定。&#xA;" nameCN="案件基本情况">
    <YGSCD value="原告诉称：2012年4月27日，被告余前应向原告借款7万元，并出具了借条，被告刘显碧在借条上签名担保。定于2012年5月15日前归还，到期后，原告至今无法与二被告取得联系，故请求法院判令：由二被告共同偿还原告借款本金7万元，并从2012年5月15日起按银行同期贷款利率计付利息至付清之日止。 " nameCN="原告诉称段" />
    <BGBCD value="二被未提交书面答辩。 " nameCN="被告辩称段" />
    <ZJD value="上述事实，有原告提供的借条、结婚证，及原告的陈述等证据在卷佐证，足以认定。" nameCN="证据段" />
    <CMSSD value="经审理查明：2012年4月27日，被告余前应向原告借款7万元，并出具了借条，该借条载明：“今借到何祥德现金柒万元，定于2012年5月15日前归还，到期不还，则用本人房产抵还。”，被告刘显碧作为担保人在借条上签了名字。逾期后，原告因一直无法与二被告取得联系，遂向本院提起诉讼。另查明：被告余前应与刘显碧系夫妻关系，二人于2007年2月25日登记结婚。 " nameCN="查明事实段">
      <SGXQ value="未提及" nameCN="事故详情">
        <SGSJ value="未提及" nameCN="事故时间" />
        <SGDD value="未提及" nameCN="事故地点" />
      </SGXQ>
      <JDCSYR value="余前应" nameCN="机动车所有人" />
      <SFTB value="是" nameCN="是否投保" />
      <SFZBXQN value="是" nameCN="是否在保险期内" />
      <SFXQPF value="是" nameCN="是否先期赔付" />
      <JDSFKK value="是" nameCN="鉴定是否可靠" />
    </CMSSD>
  </AJJBQK>
  <CPFXGC value="本院认为：被告余前应在与被告刘显碧婚姻关系存续期间向原告何祥德借款的事实成立，证据充分。根据最高人民法院《关于适用﹤中华人民共和国婚姻法﹥若干问题的解释（二）》第二十四条的规定：“债权人就婚姻关系存续期间夫妻一方以个人名义所负债务主张权利的，应当按夫妻共同债务处理。但夫妻一方能够证明债权人与债务人明确约定为个人债务，或者能够证明属于婚姻法第十九条第三款规定情形的除外”。因此应认定该借款为二被告夫妻共同债务。故对原告请求由二被告共同偿还其借款并从逾期之日起按中国人民银行同期贷款利率计算利息的主张本院应予支持。被告余前应、刘显碧经本院公告传唤，无正当理由拒不到庭参加诉讼，本案依法缺席判决。据此，为维护当事人的合法权益，依照《中华人民共和国合同法》第六十条、第二百零六条、《中华人民共和国婚姻法》第四十一条、最高人民法院《关于适用﹤中华人民共和国婚姻法﹥若干问题的解释（二）》第二十四条、《中华人民共和国民事诉讼法》第九十二条第一款、第一百四十四条的规定，判决如下：&#xA;" nameCN="裁判分析过程">
    <JAFSLX value="判决" nameCN="结案方式类型" />
    <FLFTMC value="中华人民共和国合同法" nameCN="法律法条名称">
      <TM value="二百零六" nameCN="条目" />
      <TM value="六十" nameCN="条目" />
      <SFCXF value="非程序法" nameCN="是否是程序法" />
    </FLFTMC>
    <FLFTMC value="中华人民共和国婚姻法" nameCN="法律法条名称">
      <TM value="四十一" nameCN="条目" />
      <SFCXF value="非程序法" nameCN="是否是程序法" />
    </FLFTMC>
    <FLFTMC value="关于适用﹤中华人民共和国婚姻法﹥若干问题的解释（二）" nameCN="法律法条名称">
      <TM value="二十四" nameCN="条目" />
      <SFCXF value="非程序法" nameCN="是否是程序法" />
    </FLFTMC>
    <FLFTMC value="中华人民共和国民事诉讼法" nameCN="法律法条名称">
      <TM value="一百四十四" nameCN="条目" />
      <TM value="九十二" nameCN="条目">
        <KM value="第一款" nameCN="款目" />
      </TM>
      <SFCXF value="是程序法" nameCN="是否是程序法" />
    </FLFTMC>
  </CPFXGC>
  <CPJG value="限被告余前应、刘显碧于本判决生效后十日内偿还原告何祥德借款7万元，并按中国人民银行同期贷款利率计算利息，从2012年5月16日起算至付清之日止。&#xA;案件受理费2250．00元，由被告余前应、刘显碧承担。&#xA;如果未按判决指定的期间履行给付金钱义务，应当依照《中华人民共和国民事诉讼法》第二百五十三条之规定，加倍支付迟延履行期间的债务利息。&#xA;如不服本判决，可在判决书送达之日起十五日内，向本院递交上诉状，并按对方当事人的人数提出副本，上诉于贵州省遵义市中级人民法院。逾期，本判决则发生法律效力。&#xA;本判决书发生法律效力后，权利人可在判决书确定的履行期限届满之日起二年内向本院或被执行财产所在地的基层人民法院申请执行。&#xA;" nameCN="裁判结果">
    <JAFS value="判决" nameCN="结案方式" />
    <PCSFSXZQ value="正确" nameCN="同时起诉侵权人与保险公司的赔偿顺序" />
    <JTPJJG value="限被告余前应、刘显碧于本判决生效后十日内偿还原告何祥德借款7万元，并按中国人民银行同期贷款利率计算利息，从2012年5月16日起算至付清之日止。" nameCN="具体裁判段">
      <QLR value="何祥德" nameCN="权利人">
        <QLRSSDW value="原告" nameCN="诉讼地位" />
      </QLR>
      <YWR value="刘显碧" nameCN="义务人">
        <YWRSSDW value="被告" nameCN="诉讼地位" />
      </YWR>
      <YWR value="余前应" nameCN="义务人">
        <YWRSSDW value="被告" nameCN="诉讼地位" />
      </YWR>
      <PJZXQX value="十日" nameCN="判决执行期限" />
      <PJJE nameCN="判决金额">
        <JE value="70000.0元" nameCN="金额" />
        <JELX value="借款" nameCN="金额类型" />
      </PJJE>
    </JTPJJG>
    <SSFCD nameCN="诉讼费承担">
      <SSFCDJL value="案件受理费2250．00元，由被告余前应、刘显碧承担。" nameCN="诉讼费承担记录">
        <SSFJE value="2250.00元" nameCN="诉讼费金额" />
        <SSFZL value="受理费" nameCN="诉讼费种类" />
        <SSFCDR value="刘显碧" nameCN="承担人">
          <SSFCDJE value="2250.00元" nameCN="承担金额" />
          <SSFCDFS value="与他人共同承担该金额" nameCN="承担方式" />
          <SSFCDDW value="被告" nameCN="承担人地位" />
        </SSFCDR>
        <SSFCDR value="余前应" nameCN="承担人">
          <SSFCDJE value="2250.00元" nameCN="承担金额" />
          <SSFCDFS value="与他人共同承担该金额" nameCN="承担方式" />
          <SSFCDDW value="被告" nameCN="承担人地位" />
        </SSFCDR>
      </SSFCDJL>
    </SSFCD>
    <SFFHCS value="否" nameCN="是否发回重审" />
    <KSSZ value="贵州省遵义市中级人民法院" nameCN="可上诉至" />
    <SSTJCL value="上诉状，并按对方当事人的人数提出副本" nameCN="上诉提交材料" />
    <SSQX value="十五日" nameCN="上诉期限" />
    <TCGXQYY value="否" nameCN="是否提出管辖权异议" />
  </CPJG>
  <WW value="审判长杨扬审判员薛祖芬人民陪审员徐应江&#xA;二〇一五年七月十日&#xA;书记员刘新睿&#xA;&#xA;审判长杨扬&#xA;审判员薛祖芬&#xA;人民陪审员徐应江&#xA;" nameCN="文尾">
    <SPZZCY nameCN="审判组织成员">
      <SPRYXM value="薛祖芬" nameCN="审判人员姓名" />
      <SPRYJS value="审判员" nameCN="审判人员角色" />
    </SPZZCY>
    <SPZZCY nameCN="审判组织成员">
      <SPRYXM value="刘新睿" nameCN="审判人员姓名" />
      <SPRYJS value="书记员" nameCN="审判人员角色" />
    </SPZZCY>
    <SPZZCY nameCN="审判组织成员">
      <SPRYXM value="杨扬" nameCN="审判人员姓名" />
      <SPRYJS value="审判长" nameCN="审判人员角色" />
    </SPZZCY>
    <SPZZCY nameCN="审判组织成员">
      <SPRYXM value="徐应江" nameCN="审判人员姓名" />
      <SPRYJS value="人民陪审员" nameCN="审判人员角色" />
    </SPZZCY>
    <CPSJ value="2015年7月10日" nameCN="裁判时间">
      <Year value="2015" nameCN="结案年度" />
      <JANYR value="2015年7月10日" nameCN="结案年月日" />
      <JANY value="2015-7" nameCN="结案年月" />
      <Month value="7" nameCN="月" />
      <Day value="10" nameCN="日" />
    </CPSJ>
  </WW>
  <FL value="" nameCN="附录" />
</QW>

