<?xml version="1.0" encoding="UTF-8"?>
<QW value="&#xA;四川省仁寿县人民法院&#xA;民事裁定书&#xA;（2014）仁寿民初字第2108号&#xA;原告宋通华，男，生于1948年11月28日，汉族，居民，住四川省仁寿县禄加镇长沟村3组。&#xA;原告宋通付，男，生于1950年3月3日，汉族，居民，居民，住四川省仁寿县禄加镇长沟村3组。&#xA;原告宋通贵，男，生于1955年12月27日，汉族，居民，住仁寿县文林镇南坛路257号5幢1单元7号。&#xA;原告宋通荣，男，生于1964年4月13日，汉族，居民，居民，住四川省仁寿县禄加镇长沟村3组。身份证号码：&#xA;原告宋淑芳，女，生于1956年2月27日，汉族，居民，住仁寿县禄加镇顺利村4组。&#xA;原告宋淑清，女，生于1959年6月28日，汉族，居民，住仁寿县宝飞镇松鹤村1组。&#xA;原告余俊文，男，生于1938年3月13日，汉族，居民，居民，住四川省仁寿县禄加镇长沟村3组。&#xA;被告仁寿县人民医院&#xA;法定代表人曹云，院长。&#xA;委托代理人刘子林，四川力恒律师事务所律师。&#xA;委托代理人李晓玲，女，生于1976年3月6日，汉族，医院消化内科主任，住仁寿县文林镇文林路一段202号3幢2号。&#xA;本院在审理原告宋通华、宋通付、宋通贵、宋通荣、宋淑芳、宋淑清、余俊文诉被告仁寿县人民医院医疗服务合同纠纷一案中，原告于2014年9月24日向本院申请撤诉。&#xA;本院认为，原告自愿申请撤诉，符合有关法律规定。依照《中华人民共和国民事诉讼法》第一百四十五条之规定，裁定如下：&#xA;准予原告宋通华、宋通付、宋通贵、宋通荣、宋淑芳、宋淑清、余俊文撤回起诉。&#xA;本案受理费900元，减半收取450元，由七原告负担。&#xA;审判员刘再志&#xA;二〇一四年九月二十四日&#xA;书记员刘坤&#xA;" nameCN="全文">
  <WS value="四川省仁寿县人民法院&#xA;民事裁定书&#xA;（2014）仁寿民初字第2108号&#xA;" nameCN="文首">
    <WSZZDW value="法院" nameCN="文书制作单位" />
    <JBFY value="四川省仁寿县人民法院" nameCN="经办法院">
      <FYJB value="基层" nameCN="法院级别" />
      <XZQH_P value="四川" nameCN="行政区划(省)" />
      <XZQH_C value="四川" nameCN="行政区划(市)" />
    </JBFY>
    <WSMC value="民事裁定书" nameCN="文书名称" />
    <AH value="(2014)仁寿民初字第2108号" nameCN="案号" />
    <LAND value="2014" nameCN="立案年度" />
    <AJXZ value="民事案件" nameCN="案件性质" />
    <WSZL value="裁定书" nameCN="文书种类" />
    <SPCX value="一审案件" nameCN="审判程序" />
    <AJLX value="民事一审案件" nameCN="案件类型" />
  </WS>
  <SSCYRQJ value="原告宋通华，男，生于1948年11月28日，汉族，居民，住四川省仁寿县禄加镇长沟村3组。&#xA;原告宋通付，男，生于1950年3月3日，汉族，居民，居民，住四川省仁寿县禄加镇长沟村3组。&#xA;原告宋通贵，男，生于1955年12月27日，汉族，居民，住仁寿县文林镇南坛路257号5幢1单元7号。&#xA;原告宋通荣，男，生于1964年4月13日，汉族，居民，居民，住四川省仁寿县禄加镇长沟村3组。身份证号码：&#xA;原告宋淑芳，女，生于1956年2月27日，汉族，居民，住仁寿县禄加镇顺利村4组。&#xA;原告宋淑清，女，生于1959年6月28日，汉族，居民，住仁寿县宝飞镇松鹤村1组。&#xA;原告余俊文，男，生于1938年3月13日，汉族，居民，居民，住四川省仁寿县禄加镇长沟村3组。&#xA;被告仁寿县人民医院&#xA;法定代表人曹云，院长。&#xA;委托代理人刘子林，四川力恒律师事务所律师。&#xA;委托代理人李晓玲，女，生于1976年3月6日，汉族，医院消化内科主任，住仁寿县文林镇文林路一段202号3幢2号。&#xA;" nameCN="诉讼参与人全集">
    <SSCYR value="原告宋通华，男，生于1948年11月28日，汉族，居民，住四川省仁寿县禄加镇长沟村3组。" nameCN="诉讼参与人">
      <SSCYRMC value="宋通华" nameCN="诉讼参与人名称" />
      <SSSF value="原告" nameCN="诉讼身份" />
      <SSDW value="原告" nameCN="诉讼地位" />
      <DSRLB value="原告" nameCN="当事人类别" />
      <DSRLX value="自然人" nameCN="当事人类型" />
      <XB value="男" nameCN="性别" />
      <MZ value="汉族" nameCN="民族" />
      <CSRQ value="1948年11月28日" nameCN="出生日期">
        <Year value="1948" nameCN="年" />
        <Month value="11" nameCN="月" />
        <Day value="28" nameCN="日" />
      </CSRQ>
      <GJ value="中国" nameCN="国籍" />
      <DSRDZ value="四川省仁寿县禄加镇长沟村3组" nameCN="当事人地址" />
      <DWZWFZ nameCN="单位职务分组">
        <ZW value="镇长" nameCN="职务" />
      </DWZWFZ>
    </SSCYR>
    <SSCYR value="原告宋通付，男，生于1950年3月3日，汉族，居民，居民，住四川省仁寿县禄加镇长沟村3组。" nameCN="诉讼参与人">
      <SSCYRMC value="宋通付" nameCN="诉讼参与人名称" />
      <SSSF value="原告" nameCN="诉讼身份" />
      <SSDW value="原告" nameCN="诉讼地位" />
      <DSRLB value="原告" nameCN="当事人类别" />
      <DSRLX value="自然人" nameCN="当事人类型" />
      <XB value="男" nameCN="性别" />
      <MZ value="汉族" nameCN="民族" />
      <CSRQ value="1950年3月3日" nameCN="出生日期">
        <Year value="1950" nameCN="年" />
        <Month value="3" nameCN="月" />
        <Day value="3" nameCN="日" />
      </CSRQ>
      <GJ value="中国" nameCN="国籍" />
      <DSRDZ value="四川省仁寿县禄加镇长沟村3组" nameCN="当事人地址" />
      <DWZWFZ nameCN="单位职务分组">
        <ZW value="镇长" nameCN="职务" />
      </DWZWFZ>
    </SSCYR>
    <SSCYR value="原告宋通贵，男，生于1955年12月27日，汉族，居民，住仁寿县文林镇南坛路257号5幢1单元7号。" nameCN="诉讼参与人">
      <SSCYRMC value="宋通贵" nameCN="诉讼参与人名称" />
      <SSSF value="原告" nameCN="诉讼身份" />
      <SSDW value="原告" nameCN="诉讼地位" />
      <DSRLB value="原告" nameCN="当事人类别" />
      <DSRLX value="自然人" nameCN="当事人类型" />
      <XB value="男" nameCN="性别" />
      <MZ value="汉族" nameCN="民族" />
      <CSRQ value="1955年12月27日" nameCN="出生日期">
        <Year value="1955" nameCN="年" />
        <Month value="12" nameCN="月" />
        <Day value="27" nameCN="日" />
      </CSRQ>
      <GJ value="中国" nameCN="国籍" />
      <DSRDZ value="仁寿县文林镇南坛路257号5幢1单元7号" nameCN="当事人地址" />
    </SSCYR>
    <SSCYR value="原告宋通荣，男，生于1964年4月13日，汉族，居民，居民，住四川省仁寿县禄加镇长沟村3组。身份证号码：" nameCN="诉讼参与人">
      <SSCYRMC value="宋通荣" nameCN="诉讼参与人名称" />
      <SSSF value="原告" nameCN="诉讼身份" />
      <SSDW value="原告" nameCN="诉讼地位" />
      <DSRLB value="原告" nameCN="当事人类别" />
      <DSRLX value="自然人" nameCN="当事人类型" />
      <XB value="男" nameCN="性别" />
      <MZ value="汉族" nameCN="民族" />
      <CSRQ value="1964年4月13日" nameCN="出生日期">
        <Year value="1964" nameCN="年" />
        <Month value="4" nameCN="月" />
        <Day value="13" nameCN="日" />
      </CSRQ>
      <GJ value="中国" nameCN="国籍" />
      <DSRDZ value="四川省仁寿县禄加镇长沟村3组" nameCN="当事人地址" />
      <DWZWFZ nameCN="单位职务分组">
        <ZW value="镇长" nameCN="职务" />
      </DWZWFZ>
    </SSCYR>
    <SSCYR value="原告宋淑芳，女，生于1956年2月27日，汉族，居民，住仁寿县禄加镇顺利村4组。" nameCN="诉讼参与人">
      <SSCYRMC value="宋淑芳" nameCN="诉讼参与人名称" />
      <SSSF value="原告" nameCN="诉讼身份" />
      <SSDW value="原告" nameCN="诉讼地位" />
      <DSRLB value="原告" nameCN="当事人类别" />
      <DSRLX value="自然人" nameCN="当事人类型" />
      <XB value="女" nameCN="性别" />
      <MZ value="汉族" nameCN="民族" />
      <CSRQ value="1956年2月27日" nameCN="出生日期">
        <Year value="1956" nameCN="年" />
        <Month value="2" nameCN="月" />
        <Day value="27" nameCN="日" />
      </CSRQ>
      <GJ value="中国" nameCN="国籍" />
      <DSRDZ value="仁寿县禄加镇顺利村4组" nameCN="当事人地址" />
    </SSCYR>
    <SSCYR value="原告宋淑清，女，生于1959年6月28日，汉族，居民，住仁寿县宝飞镇松鹤村1组。" nameCN="诉讼参与人">
      <SSCYRMC value="宋淑清" nameCN="诉讼参与人名称" />
      <SSSF value="原告" nameCN="诉讼身份" />
      <SSDW value="原告" nameCN="诉讼地位" />
      <DSRLB value="原告" nameCN="当事人类别" />
      <DSRLX value="自然人" nameCN="当事人类型" />
      <XB value="女" nameCN="性别" />
      <MZ value="汉族" nameCN="民族" />
      <CSRQ value="1959年6月28日" nameCN="出生日期">
        <Year value="1959" nameCN="年" />
        <Month value="6" nameCN="月" />
        <Day value="28" nameCN="日" />
      </CSRQ>
      <GJ value="中国" nameCN="国籍" />
      <DSRDZ value="仁寿县宝飞镇松鹤村1组" nameCN="当事人地址" />
    </SSCYR>
    <SSCYR value="原告余俊文，男，生于1938年3月13日，汉族，居民，居民，住四川省仁寿县禄加镇长沟村3组。" nameCN="诉讼参与人">
      <SSCYRMC value="余俊文" nameCN="诉讼参与人名称" />
      <SSSF value="原告" nameCN="诉讼身份" />
      <SSDW value="原告" nameCN="诉讼地位" />
      <DSRLB value="原告" nameCN="当事人类别" />
      <DSRLX value="自然人" nameCN="当事人类型" />
      <XB value="男" nameCN="性别" />
      <MZ value="汉族" nameCN="民族" />
      <CSRQ value="1938年3月13日" nameCN="出生日期">
        <Year value="1938" nameCN="年" />
        <Month value="3" nameCN="月" />
        <Day value="13" nameCN="日" />
      </CSRQ>
      <GJ value="中国" nameCN="国籍" />
      <DSRDZ value="四川省仁寿县禄加镇长沟村3组" nameCN="当事人地址" />
      <DWZWFZ nameCN="单位职务分组">
        <ZW value="镇长" nameCN="职务" />
      </DWZWFZ>
    </SSCYR>
    <SSCYR value="被告仁寿县人民医院" nameCN="诉讼参与人">
      <SSCYRMC value="仁寿县人民医院" nameCN="诉讼参与人名称" />
      <SSSF value="被告" nameCN="诉讼身份" />
      <SSDW value="被告" nameCN="诉讼地位" />
      <DSRLB value="被告" nameCN="当事人类别" />
      <DSRLX value="自然人" nameCN="当事人类型" />
      <DWXZ value="事业单位" nameCN="单位性质" />
      <FDDBR value="曹云" nameCN="单位法定代表人" />
      <TSHY value="医院" nameCN="特殊行业" />
    </SSCYR>
    <SSCYR value="法定代表人曹云，院长。" nameCN="诉讼参与人">
      <SSCYRMC value="曹云" nameCN="诉讼参与人名称" />
      <SSSF value="法定代表人" nameCN="诉讼身份" />
      <DSRLX value="自然人" nameCN="当事人类型" />
      <GJ value="中国" nameCN="国籍" />
      <DWZWFZ nameCN="单位职务分组">
        <DWMC value="仁寿县人民医院" nameCN="单位名称" />
        <DWXZ value="事业单位" nameCN="单位性质" />
      </DWZWFZ>
      <TSHY value="医院" nameCN="特殊行业" />
    </SSCYR>
    <SSCYR value="委托代理人刘子林，四川力恒律师事务所律师。" nameCN="诉讼参与人">
      <SSCYRMC value="刘子林" nameCN="诉讼参与人名称" />
      <SSSF value="委托代理人" nameCN="诉讼身份" />
      <DSRLX value="自然人" nameCN="当事人类型" />
      <GJ value="中国" nameCN="国籍" />
      <DWZWFZ nameCN="单位职务分组">
        <ZW value="律师" nameCN="职务" />
      </DWZWFZ>
    </SSCYR>
    <SSCYR value="委托代理人李晓玲，女，生于1976年3月6日，汉族，医院消化内科主任，住仁寿县文林镇文林路一段202号3幢2号。" nameCN="诉讼参与人">
      <SSCYRMC value="李晓玲" nameCN="诉讼参与人名称" />
      <SSSF value="委托代理人" nameCN="诉讼身份" />
      <DSRLX value="自然人" nameCN="当事人类型" />
      <XB value="女" nameCN="性别" />
      <MZ value="汉族" nameCN="民族" />
      <CSRQ value="1976年3月6日" nameCN="出生日期">
        <Year value="1976" nameCN="年" />
        <Month value="3" nameCN="月" />
        <Day value="6" nameCN="日" />
      </CSRQ>
      <GJ value="中国" nameCN="国籍" />
      <DSRDZ value="仁寿县文林镇文林路一段202号3幢2号" nameCN="当事人地址" />
      <DWZWFZ nameCN="单位职务分组">
        <ZW value="主任" nameCN="职务" />
      </DWZWFZ>
    </SSCYR>
    <SSCYRQJ value="错误" nameCN="保险公司是否作为被告" />
  </SSCYRQJ>
  <SSJL value="本院在审理原告宋通华、宋通付、宋通贵、宋通荣、宋淑芳、宋淑清、余俊文诉被告仁寿县人民医院医疗服务合同纠纷一案中，原告于2014年9月24日向本院申请撤诉。" nameCN="诉讼记录">
    <AY value="医疗服务合同纠纷" nameCN="案由" />
    <AJSJ value="涉医疗纠纷" nameCN="案件涉及" />
    <KTSL value="否" nameCN="开庭审理" />
    <WZAY value="医疗服务合同纠纷" nameCN="完整案由" />
    <AYDM value="9268" nameCN="案由代码" />
    <YSAJSYCX value="普通程序" nameCN="一审案件适用程序" />
    <JYZPT value="否" nameCN="简易转普通" />
    <SPZZ value="独任庭" nameCN="审判组织" />
    <YSAJLY value="新收" nameCN="一审案件来源" />
    <SQCSRQ value="2014年9月24日" nameCN="申请撤诉日期" />
  </SSJL>
  <AJJBQK value="" nameCN="案件基本情况" />
  <CPFXGC value="本院认为，原告自愿申请撤诉，符合有关法律规定。依照《中华人民共和国民事诉讼法》第一百四十五条之规定，裁定如下：&#xA;" nameCN="裁判分析过程">
    <JAFSLX value="裁定" nameCN="结案方式类型" />
    <FLFTMC value="中华人民共和国民事诉讼法" nameCN="法律法条名称">
      <TM value="一百四十五" nameCN="条目" />
      <SFCXF value="是程序法" nameCN="是否是程序法" />
    </FLFTMC>
  </CPFXGC>
  <CPJG value="准予原告宋通华、宋通付、宋通贵、宋通荣、宋淑芳、宋淑清、余俊文撤回起诉。&#xA;本案受理费900元，减半收取450元，由七原告负担。&#xA;" nameCN="裁判结果">
    <JAFS value="准予撤诉" nameCN="结案方式" />
    <PCSFSXZQ value="正确" nameCN="同时起诉侵权人与保险公司的赔偿顺序" />
    <JTPJJG value="准予原告宋通华、宋通付、宋通贵、宋通荣、宋淑芳、宋淑清、余俊文撤回起诉。" nameCN="具体裁判段" />
    <SSFCD nameCN="诉讼费承担">
      <SSFCDJL value="本案受理费900元，减半收取450元，由七原告负担。" nameCN="诉讼费承担记录">
        <SSFJE value="450元" nameCN="诉讼费金额" />
        <SSFZL value="受理费" nameCN="诉讼费种类" />
      </SSFCDJL>
    </SSFCD>
    <SFFHCS value="否" nameCN="是否发回重审" />
    <CSRJH nameCN="撤诉人集合">
      <CSR value="宋通华" nameCN="撤诉人" />
      <CSR value="宋通付" nameCN="撤诉人" />
      <CSR value="宋通贵" nameCN="撤诉人" />
      <CSR value="宋通荣" nameCN="撤诉人" />
      <CSR value="宋淑芳" nameCN="撤诉人" />
      <CSR value="宋淑清" nameCN="撤诉人" />
      <CSR value="余俊文" nameCN="撤诉人" />
    </CSRJH>
    <CSLX value="原告主动撤诉" nameCN="撤诉类型" />
    <TCGXQYY value="否" nameCN="是否提出管辖权异议" />
  </CPJG>
  <WW value="审判员刘再志&#xA;二〇一四年九月二十四日&#xA;书记员刘坤&#xA;" nameCN="文尾">
    <SPZZCY nameCN="审判组织成员">
      <SPRYXM value="刘坤" nameCN="审判人员姓名" />
      <SPRYJS value="书记员" nameCN="审判人员角色" />
    </SPZZCY>
    <SPZZCY nameCN="审判组织成员">
      <SPRYXM value="刘再志" nameCN="审判人员姓名" />
      <SPRYJS value="审判员" nameCN="审判人员角色" />
    </SPZZCY>
    <CPSJ value="2014年9月24日" nameCN="裁判时间">
      <Year value="2014" nameCN="结案年度" />
      <JANYR value="2014年9月24日" nameCN="结案年月日" />
      <JANY value="2014-9" nameCN="结案年月" />
      <Month value="9" nameCN="月" />
      <Day value="24" nameCN="日" />
    </CPSJ>
  </WW>
  <FL value="" nameCN="附录" />
</QW>

