<?xml version="1.0" encoding="UTF-8"?>
<QW value="&#xA;浙江省余姚市人民法院&#xA;民事裁定书&#xA;（2014）甬余民初字第3548号&#xA;原告：余姚市人民医院。住所地：浙江省余姚市城东路800号。&#xA;法定代表人：袁海鸿，该院院长。&#xA;委托代理人：陈浓南，系该院员工。&#xA;被告：金品权。&#xA;本院在审理原告余姚市人民医院与被告金品权医疗服务合同纠纷一案中，因原告余姚市人民医院自接到本院的交纳诉讼费用通知后，未在规定期限内向本院预交案件受理费，又未提出免交、缓交申请，属不依法履行诉讼义务。依照《中华人民共和国民事诉讼法》第十三条、第一百一十八条、第一百五十四条第一款第（十一）项、《诉讼费用交纳办法》第二十二条第一款、第四款之规定，裁定如下：&#xA;本案按撤诉处理。&#xA;审判员严联江&#xA;二〇一四年十一月十八日&#xA;代书记员茅忆慧&#xA;" nameCN="全文">
  <WS value="浙江省余姚市人民法院&#xA;民事裁定书&#xA;（2014）甬余民初字第3548号&#xA;" nameCN="文首">
    <WSZZDW value="法院" nameCN="文书制作单位" />
    <JBFY value="浙江省余姚市人民法院" nameCN="经办法院">
      <FYJB value="基层" nameCN="法院级别" />
      <XZQH_P value="浙江" nameCN="行政区划(省)" />
      <XZQH_C value="余姚市" nameCN="行政区划(市)" />
    </JBFY>
    <WSMC value="民事裁定书" nameCN="文书名称" />
    <AH value="(2014)甬余民初字第3548号" nameCN="案号" />
    <LAND value="2014" nameCN="立案年度" />
    <AJXZ value="民事案件" nameCN="案件性质" />
    <WSZL value="裁定书" nameCN="文书种类" />
    <SPCX value="一审案件" nameCN="审判程序" />
    <AJLX value="民事一审案件" nameCN="案件类型" />
  </WS>
  <SSCYRQJ value="原告：余姚市人民医院。住所地：浙江省余姚市城东路800号。&#xA;法定代表人：袁海鸿，该院院长。&#xA;委托代理人：陈浓南，系该院员工。&#xA;被告：金品权。&#xA;" nameCN="诉讼参与人全集">
    <SSCYR value="原告：余姚市人民医院。住所地：浙江省余姚市城东路800号。" nameCN="诉讼参与人">
      <SSCYRMC value="余姚市人民医院" nameCN="诉讼参与人名称" />
      <SSSF value="原告" nameCN="诉讼身份" />
      <SSDW value="原告" nameCN="诉讼地位" />
      <DSRLB value="原告" nameCN="当事人类别" />
      <DSRLX value="自然人" nameCN="当事人类型" />
      <DSRDZ value="浙江省余姚市城东路800号" nameCN="当事人地址" />
      <DWXZ value="事业单位" nameCN="单位性质" />
      <FDDBR value="袁海鸿" nameCN="单位法定代表人" />
      <TSHY value="医院" nameCN="特殊行业" />
    </SSCYR>
    <SSCYR value="法定代表人：袁海鸿，该院院长。" nameCN="诉讼参与人">
      <SSCYRMC value="袁海鸿" nameCN="诉讼参与人名称" />
      <SSSF value="法定代表人" nameCN="诉讼身份" />
      <DSRLX value="自然人" nameCN="当事人类型" />
      <GJ value="中国" nameCN="国籍" />
      <DWZWFZ nameCN="单位职务分组">
        <DWMC value="余姚市人民医院" nameCN="单位名称" />
        <DWXZ value="事业单位" nameCN="单位性质" />
      </DWZWFZ>
      <TSHY value="医院" nameCN="特殊行业" />
    </SSCYR>
    <SSCYR value="委托代理人：陈浓南，系该院员工。" nameCN="诉讼参与人">
      <SSCYRMC value="陈浓南" nameCN="诉讼参与人名称" />
      <SSSF value="委托代理人" nameCN="诉讼身份" />
      <DSRLX value="自然人" nameCN="当事人类型" />
      <GJ value="中国" nameCN="国籍" />
      <DWZWFZ nameCN="单位职务分组">
        <ZW value="员工" nameCN="职务" />
      </DWZWFZ>
    </SSCYR>
    <SSCYR value="被告：金品权。" nameCN="诉讼参与人">
      <SSCYRMC value="金品权" nameCN="诉讼参与人名称" />
      <SSSF value="被告" nameCN="诉讼身份" />
      <SSDW value="被告" nameCN="诉讼地位" />
      <DSRLB value="被告" nameCN="当事人类别" />
      <DSRLX value="自然人" nameCN="当事人类型" />
      <GJ value="中国" nameCN="国籍" />
    </SSCYR>
    <SSCYRQJ value="错误" nameCN="保险公司是否作为被告" />
  </SSCYRQJ>
  <SSJL value="本院在审理原告余姚市人民医院与被告金品权医疗服务合同纠纷一案中，因原告余姚市人民医院自接到本院的交纳诉讼费用通知后，未在规定期限内向本院预交案件受理费，又未提出免交、缓交申请，属不依法履行诉讼义务。依照《中华人民共和国民事诉讼法》第十三条、第一百一十八条、第一百五十四条第一款第（十一）项、《诉讼费用交纳办法》第二十二条第一款、第四款之规定，裁定如下：" nameCN="诉讼记录">
    <YG value="余姚市人民医院" nameCN="原告" />
    <BG value="金品权" nameCN="被告" />
    <AY value="医疗服务合同纠纷" nameCN="案由" />
    <AJSJ value="涉医疗纠纷" nameCN="案件涉及" />
    <KTSL value="否" nameCN="开庭审理" />
    <WZAY value="医疗服务合同纠纷" nameCN="完整案由" />
    <AYDM value="9268" nameCN="案由代码" />
    <YSAJSYCX value="普通程序" nameCN="一审案件适用程序" />
    <JYZPT value="否" nameCN="简易转普通" />
    <SPZZ value="独任庭" nameCN="审判组织" />
    <YSAJLY value="新收" nameCN="一审案件来源" />
  </SSJL>
  <AJJBQK value="" nameCN="案件基本情况" />
  <CPFXGC value="本院在审理原告余姚市人民医院与被告金品权医疗服务合同纠纷一案中，因原告余姚市人民医院自接到本院的交纳诉讼费用通知后，未在规定期限内向本院预交案件受理费，又未提出免交、缓交申请，属不依法履行诉讼义务。依照《中华人民共和国民事诉讼法》第十三条、第一百一十八条、第一百五十四条第一款第（十一）项、《诉讼费用交纳办法》第二十二条第一款、第四款之规定，裁定如下：&#xA;" nameCN="裁判分析过程">
    <JAFSLX value="裁定" nameCN="结案方式类型" />
    <FLFTMC value="中华人民共和国民事诉讼法" nameCN="法律法条名称">
      <TM value="十三" nameCN="条目" />
      <TM value="一百五十四" nameCN="条目">
        <KM value="第一款第（十一）项" nameCN="款目" />
      </TM>
      <TM value="一百一十八" nameCN="条目" />
      <SFCXF value="是程序法" nameCN="是否是程序法" />
    </FLFTMC>
    <FLFTMC value="诉讼费用交纳办法" nameCN="法律法条名称">
      <TM value="二十二" nameCN="条目">
        <KM value="第一款、第四款" nameCN="款目" />
      </TM>
      <SFCXF value="非程序法" nameCN="是否是程序法" />
    </FLFTMC>
  </CPFXGC>
  <CPJG value="本案按撤诉处理。&#xA;" nameCN="裁判结果">
    <JAFS value="按撤诉处理" nameCN="结案方式" />
    <PCSFSXZQ value="正确" nameCN="同时起诉侵权人与保险公司的赔偿顺序" />
    <JTPJJG value="本案按撤诉处理。" nameCN="具体裁判段" />
    <SFFHCS value="否" nameCN="是否发回重审" />
    <TCGXQYY value="否" nameCN="是否提出管辖权异议" />
  </CPJG>
  <WW value="审判员严联江&#xA;二〇一四年十一月十八日&#xA;代书记员茅忆慧&#xA;" nameCN="文尾">
    <SPZZCY nameCN="审判组织成员">
      <SPRYXM value="茅忆慧" nameCN="审判人员姓名" />
      <SPRYJS value="代书记员" nameCN="审判人员角色" />
    </SPZZCY>
    <SPZZCY nameCN="审判组织成员">
      <SPRYXM value="严联江" nameCN="审判人员姓名" />
      <SPRYJS value="审判员" nameCN="审判人员角色" />
    </SPZZCY>
    <CPSJ value="2014年11月18日" nameCN="裁判时间">
      <Year value="2014" nameCN="结案年度" />
      <JANYR value="2014年11月18日" nameCN="结案年月日" />
      <JANY value="2014-11" nameCN="结案年月" />
      <Month value="11" nameCN="月" />
      <Day value="18" nameCN="日" />
    </CPSJ>
  </WW>
  <FL value="" nameCN="附录" />
</QW>

