<?xml version="1.0" encoding="UTF-8"?>
<QW value="&#xA;广东省佛山市顺德区人民法院&#xA;民事判决书&#xA;（2014）佛顺法均民初字第280号&#xA;原告佛山市顺德区固特顺服装辅料有限公司，住所地广东省佛山市顺德区均安镇新华永丰寿桃街。&#xA;法定代表人欧阳焕荷。&#xA;委托代理人陈泽荣，广东怡法律师事务所律师。&#xA;被告陈华。&#xA;被告胡丽洁。&#xA;原告佛山市顺德区固特顺服装辅料有限公司（以下简称固特顺公司）诉被告陈华、胡丽洁买卖合同纠纷一案，本院于2014年4月2日立案受理后，依法组成合议庭适用普通程序于2014年7月17日公开开庭进行了审理。本案开庭时，原告固特顺公司的委托代理人陈泽荣到庭参加诉讼，被告陈华、胡丽洁未到庭参加诉讼。本案现已审理终结。&#xA;原告固特顺公司诉称，被告胡丽洁是佛山市顺德区均安镇布加迪制衣厂（以下简称布加迪厂）的实际经营者，原告应被告胡丽洁的要求提供服装拉链给布加迪厂。经核对，2011年4月至2012年3月底，被告陈华、胡丽洁尚欠原告服装拉链款106936．75元。据此，请求法院判令：1．被告陈华、胡丽洁连带支付货款106936．75元及利息（从起诉之日起至全部归还完毕之日止，按中国人民银行同期贷款利率计算）；2．本案诉讼费用由两被告承担。&#xA;本院于2014年4月16日和2014年6月13日先后向被告胡丽洁、陈华送达起诉状副本和开庭传票，但被告胡丽洁、陈华在期限内既不到庭参加诉讼，也没有向本院说明正当理由。&#xA;原告固特顺公司提交的证据如下：&#xA;1．原告的营业执照、组织机构代码证、法定代表人身份证复印件、法定代表人身份证明书原件、被告陈华的身份证复印件、被告胡丽洁的人口信息查询表复印件、个体户机读档案登记资料原件各一份，证明原、被告的诉讼主体资格，被告陈华是佛山市顺德区均安镇布加迪制衣厂的经营者。&#xA;2．育龄信息卡打印件一份，证明该资料在佛山市顺德区人民法院（2013）佛顺法均民初字第179号民事判决书中已确认两被告是夫妻关系。&#xA;3．欠条原件一份，证明两被告拖欠原告2011年4月至2012年3月的货款106936．75元。&#xA;经本院合法传唤，被告陈华、胡丽洁无正当理由拒不到庭参加诉讼，不影响本院对证据的认定。经审核，原告提交的证据1、3，客观真实且能相互印证，本院予以采信。原告提交的证据2，没有其他证据佐证，本院不予采信。&#xA;经审理查明，被告陈华是布加迪厂的经营者。被告方向原告出具欠条一份，主要内容为：2011年4月至2012年3月，布加迪厂共欠原告货款106936．75元。布加迪厂在欠条上加盖了公章，被告胡丽洁在欠条的布加迪厂负责人处签名予以确认。因被告陈华、胡丽洁一直未支付货款，原告遂于2014年4月1日起诉至本院。&#xA;本院认为，被告陈华是布加迪厂的经营者，被告胡丽洁也确认是布加迪厂的负责人，故原告要求被告陈华、胡丽洁连带支付货款106936．75元有事实根据，本院应予支持。至于货款利息问题，应从2014年4月1日起至本判决确定清偿之日止按中国人民银行同期贷款利率计算。据此，依照《中华人民共和国合同法》第一百零七条、第一百零九条，《中华人民共和国民事诉讼法》第一百四十四条的规定，缺席判决如下：&#xA;一、被告陈华、胡丽洁应于本判决发生法律效力之日起十日内向原告佛山市顺德区固特顺服装辅料有限公司支付货款106936．75元及利息（利息计算方法：从2014年4月1日起至本判决确定清偿之日止，按中国人民银行同期贷款利率计算）；&#xA;二、驳回原告佛山市顺德区固特顺服装辅料有限公司的其他诉讼请求。&#xA;如未按本判决指定的期限履行金钱给付义务的，则应按《中华人民共和国民事诉讼法》第二百五十三条之规定，加倍计付迟延履行期间的债务利息。&#xA;本案受理费2438．74元，由被告陈华、胡丽洁负担。&#xA;如不服本判决，可在判决书送达之日起十五日内，向本院递交上诉状，并按对方当事人的人数提出副本，上诉于广东省佛山市中级人民法院。&#xA;审判长李海昌&#xA;审判员蒋竞雄&#xA;人民陪审员欧阳婉茵&#xA;二〇一四年七月十七日&#xA;书记员梁银敏&#xA;" nameCN="全文">
  <WS value="广东省佛山市顺德区人民法院&#xA;民事判决书&#xA;（2014）佛顺法均民初字第280号&#xA;" nameCN="文首">
    <WSZZDW value="法院" nameCN="文书制作单位" />
    <JBFY value="广东省佛山市顺德区人民法院" nameCN="经办法院">
      <FYJB value="基层" nameCN="法院级别" />
      <XZQH_P value="广东" nameCN="行政区划(省)" />
      <XZQH_C value="佛山市" nameCN="行政区划(市)" />
    </JBFY>
    <WSMC value="民事判决书" nameCN="文书名称" />
    <AH value="(2014)佛顺法均民初字第280号" nameCN="案号" />
    <LAND value="2014" nameCN="立案年度" />
    <AJXZ value="民事案件" nameCN="案件性质" />
    <WSZL value="判决书" nameCN="文书种类" />
    <SPCX value="一审案件" nameCN="审判程序" />
    <AJLX value="民事一审案件" nameCN="案件类型" />
  </WS>
  <SSCYRQJ value="原告佛山市顺德区固特顺服装辅料有限公司，住所地广东省佛山市顺德区均安镇新华永丰寿桃街。&#xA;法定代表人欧阳焕荷。&#xA;委托代理人陈泽荣，广东怡法律师事务所律师。&#xA;被告陈华。&#xA;被告胡丽洁。&#xA;" nameCN="诉讼参与人全集">
    <SSCYR value="原告佛山市顺德区固特顺服装辅料有限公司，住所地广东省佛山市顺德区均安镇新华永丰寿桃街。" nameCN="诉讼参与人">
      <SSCYRMC value="佛山市顺德区固特顺服装辅料有限公司" nameCN="诉讼参与人名称" />
      <SSSF value="原告" nameCN="诉讼身份" />
      <SSDW value="原告" nameCN="诉讼地位" />
      <DSRLB value="原告" nameCN="当事人类别" />
      <DSRLX value="法人" nameCN="当事人类型" />
      <DSRDZ value="广东省佛山市顺德区均安镇新华永丰寿桃街" nameCN="当事人地址" />
      <DWXZ value="有限责任公司" nameCN="单位性质" />
      <FDDBR value="欧阳焕荷" nameCN="单位法定代表人" />
    </SSCYR>
    <SSCYR value="法定代表人欧阳焕荷。" nameCN="诉讼参与人">
      <SSCYRMC value="欧阳焕荷" nameCN="诉讼参与人名称" />
      <SSSF value="法定代表人" nameCN="诉讼身份" />
      <DSRLX value="自然人" nameCN="当事人类型" />
      <GJ value="中国" nameCN="国籍" />
      <DWZWFZ nameCN="单位职务分组">
        <DWMC value="佛山市顺德区固特顺服装辅料有限公司" nameCN="单位名称" />
        <DWXZ value="有限责任公司" nameCN="单位性质" />
      </DWZWFZ>
    </SSCYR>
    <SSCYR value="委托代理人陈泽荣，广东怡法律师事务所律师。" nameCN="诉讼参与人">
      <SSCYRMC value="陈泽荣" nameCN="诉讼参与人名称" />
      <SSSF value="委托代理人" nameCN="诉讼身份" />
      <DSRLX value="自然人" nameCN="当事人类型" />
      <GJ value="中国" nameCN="国籍" />
      <DTQK value="到庭" nameCN="到庭情况" />
      <DWZWFZ nameCN="单位职务分组">
        <ZW value="律师" nameCN="职务" />
      </DWZWFZ>
    </SSCYR>
    <SSCYR value="被告陈华。" nameCN="诉讼参与人">
      <SSCYRMC value="陈华" nameCN="诉讼参与人名称" />
      <SSSF value="被告" nameCN="诉讼身份" />
      <SSDW value="被告" nameCN="诉讼地位" />
      <DSRLB value="被告" nameCN="当事人类别" />
      <DSRLX value="自然人" nameCN="当事人类型" />
      <GJ value="中国" nameCN="国籍" />
    </SSCYR>
    <SSCYR value="被告胡丽洁。" nameCN="诉讼参与人">
      <SSCYRMC value="胡丽洁" nameCN="诉讼参与人名称" />
      <SSSF value="被告" nameCN="诉讼身份" />
      <SSDW value="被告" nameCN="诉讼地位" />
      <DSRLB value="被告" nameCN="当事人类别" />
      <DSRLX value="自然人" nameCN="当事人类型" />
      <GJ value="中国" nameCN="国籍" />
    </SSCYR>
    <SSCYRQJ value="错误" nameCN="保险公司是否作为被告" />
  </SSCYRQJ>
  <SSJL value="原告佛山市顺德区固特顺服装辅料有限公司（以下简称固特顺公司）诉被告陈华、胡丽洁买卖合同纠纷一案，本院于2014年4月2日立案受理后，依法组成合议庭适用普通程序于2014年7月17日公开开庭进行了审理。本案开庭时，原告固特顺公司的委托代理人陈泽荣到庭参加诉讼，被告陈华、胡丽洁未到庭参加诉讼。本案现已审理终结。" nameCN="诉讼记录">
    <AY value="买卖合同纠纷" nameCN="案由" />
    <KTSL value="是" nameCN="开庭审理" />
    <KTSLXX value="公开审理" nameCN="开庭审理信息" />
    <WZAY value="买卖合同纠纷" nameCN="完整案由" />
    <AYDM value="9142" nameCN="案由代码" />
    <LARQ value="2014年4月2日" nameCN="立案日期" />
    <YSAJSYCX value="普通程序" nameCN="一审案件适用程序" />
    <JYZPT value="否" nameCN="简易转普通" />
    <SPZZ value="合议庭" nameCN="审判组织" />
    <YSAJLY value="新收" nameCN="一审案件来源" />
    <SLRQ value="2014年4月2日" nameCN="受理日期" />
    <DXRQX nameCN="当事人缺席">
      <XM value="陈华" nameCN="姓名">
        <SSDW value="被告" nameCN="诉讼地位" />
      </XM>
      <XM value="胡丽洁" nameCN="姓名">
        <SSDW value="被告" nameCN="诉讼地位" />
      </XM>
    </DXRQX>
    <CTDSRXX nameCN="出庭当事人信息">
      <CTRXM value="陈泽荣" nameCN="出庭人姓名">
        <SSDW value="委托代理人" nameCN="诉讼地位" />
      </CTRXM>
    </CTDSRXX>
  </SSJL>
  <AJJBQK value="原告固特顺公司诉称，被告胡丽洁是佛山市顺德区均安镇布加迪制衣厂（以下简称布加迪厂）的实际经营者，原告应被告胡丽洁的要求提供服装拉链给布加迪厂。经核对，2011年4月至2012年3月底，被告陈华、胡丽洁尚欠原告服装拉链款106936．75元。据此，请求法院判令：1．被告陈华、胡丽洁连带支付货款106936．75元及利息（从起诉之日起至全部归还完毕之日止，按中国人民银行同期贷款利率计算）；2．本案诉讼费用由两被告承担。&#xA;本院于2014年4月16日和2014年6月13日先后向被告胡丽洁、陈华送达起诉状副本和开庭传票，但被告胡丽洁、陈华在期限内既不到庭参加诉讼，也没有向本院说明正当理由。&#xA;原告固特顺公司提交的证据如下：&#xA;1．原告的营业执照、组织机构代码证、法定代表人身份证复印件、法定代表人身份证明书原件、被告陈华的身份证复印件、被告胡丽洁的人口信息查询表复印件、个体户机读档案登记资料原件各一份，证明原、被告的诉讼主体资格，被告陈华是佛山市顺德区均安镇布加迪制衣厂的经营者。&#xA;2．育龄信息卡打印件一份，证明该资料在佛山市顺德区人民法院（2013）佛顺法均民初字第179号民事判决书中已确认两被告是夫妻关系。&#xA;3．欠条原件一份，证明两被告拖欠原告2011年4月至2012年3月的货款106936．75元。&#xA;经本院合法传唤，被告陈华、胡丽洁无正当理由拒不到庭参加诉讼，不影响本院对证据的认定。经审核，原告提交的证据1、3，客观真实且能相互印证，本院予以采信。原告提交的证据2，没有其他证据佐证，本院不予采信。&#xA;经审理查明，被告陈华是布加迪厂的经营者。被告方向原告出具欠条一份，主要内容为：2011年4月至2012年3月，布加迪厂共欠原告货款106936．75元。布加迪厂在欠条上加盖了公章，被告胡丽洁在欠条的布加迪厂负责人处签名予以确认。因被告陈华、胡丽洁一直未支付货款，原告遂于2014年4月1日起诉至本院。&#xA;" nameCN="案件基本情况">
    <YGSCD value="原告固特顺公司诉称，被告胡丽洁是佛山市顺德区均安镇布加迪制衣厂（以下简称布加迪厂）的实际经营者，原告应被告胡丽洁的要求提供服装拉链给布加迪厂。经核对，2011年4月至2012年3月底，被告陈华、胡丽洁尚欠原告服装拉链款106936．75元。据此，请求法院判令：1．被告陈华、胡丽洁连带支付货款106936．75元及利息（从起诉之日起至全部归还完毕之日止，按中国人民银行同期贷款利率计算）；2．本案诉讼费用由两被告承担。 本院于2014年4月16日和2014年6月13日先后向被告胡丽洁、陈华送达起诉状副本和开庭传票，但被告胡丽洁、陈华在期限内既不到庭参加诉讼，也没有向本院说明正当理由。 " nameCN="原告诉称段" />
    <ZJD value="原告固特顺公司提交的证据如下：1．原告的营业执照、组织机构代码证、法定代表人身份证复印件、法定代表人身份证明书原件、被告陈华的身份证复印件、被告胡丽洁的人口信息查询表复印件、个体户机读档案登记资料原件各一份，证明原、被告的诉讼主体资格，被告陈华是佛山市顺德区均安镇布加迪制衣厂的经营者。 2．育龄信息卡打印件一份，证明该资料在佛山市顺德区人民法院（2013）佛顺法均民初字第179号民事判决书中已确认两被告是夫妻关系。 3．欠条原件一份，证明两被告拖欠原告2011年4月至2012年3月的货款106936．75元。 经本院合法传唤，被告陈华、胡丽洁无正当理由拒不到庭参加诉讼，不影响本院对证据的认定。经审核，原告提交的证据1、3，客观真实且能相互印证，本院予以采信。原告提交的证据2，没有其他证据佐证，本院不予采信。 " nameCN="证据段" />
    <CMSSD value="经审理查明，被告陈华是布加迪厂的经营者。被告方向原告出具欠条一份，主要内容为：2011年4月至2012年3月，布加迪厂共欠原告货款106936．75元。布加迪厂在欠条上加盖了公章，被告胡丽洁在欠条的布加迪厂负责人处签名予以确认。因被告陈华、胡丽洁一直未支付货款，原告遂于2014年4月1日起诉至本院。" nameCN="查明事实段">
      <SGXQ value="未提及" nameCN="事故详情">
        <SGSJ value="未提及" nameCN="事故时间" />
        <SGDD value="未提及" nameCN="事故地点" />
      </SGXQ>
      <JDCSYR value="陈华" nameCN="机动车所有人" />
      <SFTB value="是" nameCN="是否投保" />
      <SFZBXQN value="是" nameCN="是否在保险期内" />
      <SFXQPF value="是" nameCN="是否先期赔付" />
      <JDSFKK value="是" nameCN="鉴定是否可靠" />
    </CMSSD>
  </AJJBQK>
  <CPFXGC value="本院认为，被告陈华是布加迪厂的经营者，被告胡丽洁也确认是布加迪厂的负责人，故原告要求被告陈华、胡丽洁连带支付货款106936．75元有事实根据，本院应予支持。至于货款利息问题，应从2014年4月1日起至本判决确定清偿之日止按中国人民银行同期贷款利率计算。据此，依照《中华人民共和国合同法》第一百零七条、第一百零九条，《中华人民共和国民事诉讼法》第一百四十四条的规定，缺席判决如下：&#xA;" nameCN="裁判分析过程">
    <JAFSLX value="判决" nameCN="结案方式类型" />
    <FLFTMC value="中华人民共和国合同法" nameCN="法律法条名称">
      <TM value="一百零九" nameCN="条目" />
      <TM value="一百零七" nameCN="条目" />
      <SFCXF value="非程序法" nameCN="是否是程序法" />
    </FLFTMC>
    <FLFTMC value="中华人民共和国民事诉讼法" nameCN="法律法条名称">
      <TM value="一百四十四" nameCN="条目" />
      <SFCXF value="是程序法" nameCN="是否是程序法" />
    </FLFTMC>
  </CPFXGC>
  <CPJG value="一、被告陈华、胡丽洁应于本判决发生法律效力之日起十日内向原告佛山市顺德区固特顺服装辅料有限公司支付货款106936．75元及利息（利息计算方法：从2014年4月1日起至本判决确定清偿之日止，按中国人民银行同期贷款利率计算）；&#xA;二、驳回原告佛山市顺德区固特顺服装辅料有限公司的其他诉讼请求。&#xA;如未按本判决指定的期限履行金钱给付义务的，则应按《中华人民共和国民事诉讼法》第二百五十三条之规定，加倍计付迟延履行期间的债务利息。&#xA;本案受理费2438．74元，由被告陈华、胡丽洁负担。&#xA;如不服本判决，可在判决书送达之日起十五日内，向本院递交上诉状，并按对方当事人的人数提出副本，上诉于广东省佛山市中级人民法院。&#xA;" nameCN="裁判结果">
    <JAFS value="判决" nameCN="结案方式" />
    <PCSFSXZQ value="正确" nameCN="同时起诉侵权人与保险公司的赔偿顺序" />
    <JTPJJG value="一、被告陈华、胡丽洁应于本判决发生法律效力之日起十日内向原告佛山市顺德区固特顺服装辅料有限公司支付货款106936．75元及利息（利息计算方法：从2014年4月1日起至本判决确定清偿之日止，按中国人民银行同期贷款利率计算）；" nameCN="具体裁判段">
      <QLR value="佛山市顺德区固特顺服装辅料有限公司" nameCN="权利人">
        <QLRSSDW value="原告" nameCN="诉讼地位" />
      </QLR>
      <YWR value="陈华" nameCN="义务人">
        <YWRSSDW value="被告" nameCN="诉讼地位" />
      </YWR>
      <YWR value="胡丽洁" nameCN="义务人">
        <YWRSSDW value="被告" nameCN="诉讼地位" />
      </YWR>
      <PJZXQX value="十日" nameCN="判决执行期限" />
      <PJJE nameCN="判决金额">
        <JE value="106936.75元" nameCN="金额" />
        <JELX value="货款" nameCN="金额类型" />
      </PJJE>
    </JTPJJG>
    <JTPJJG value="二、驳回原告佛山市顺德区固特顺服装辅料有限公司的其他诉讼请求。" nameCN="具体裁判段" />
    <JTPJJG value="如未按本判决指定的期限履行金钱给付义务的，则应按《中华人民共和国民事诉讼法》第二百五十三条之规定，加倍计付迟延履行期间的债务利息。" nameCN="具体裁判段" />
    <SSFCD nameCN="诉讼费承担">
      <SSFCDJL value="本案受理费2438．74元，由被告陈华、胡丽洁负担。" nameCN="诉讼费承担记录">
        <SSFJE value="2438.74元" nameCN="诉讼费金额" />
        <SSFZL value="受理费" nameCN="诉讼费种类" />
        <SSFCDR value="陈华" nameCN="承担人">
          <SSFCDJE value="2438.74元" nameCN="承担金额" />
          <SSFCDFS value="与他人共同承担该金额" nameCN="承担方式" />
          <SSFCDDW value="被告" nameCN="承担人地位" />
        </SSFCDR>
        <SSFCDR value="胡丽洁" nameCN="承担人">
          <SSFCDJE value="2438.74元" nameCN="承担金额" />
          <SSFCDFS value="与他人共同承担该金额" nameCN="承担方式" />
          <SSFCDDW value="被告" nameCN="承担人地位" />
        </SSFCDR>
      </SSFCDJL>
    </SSFCD>
    <SFZCSSQQ value="部分支持部分不支持" nameCN="是否支持诉讼请求" />
    <SBSF value="起诉方" nameCN="胜诉方" />
    <SFFHCS value="否" nameCN="是否发回重审" />
    <KSSZ value="广东省佛山市中级人民法院" nameCN="可上诉至" />
    <SSTJCL value="上诉状，并按对方当事人的人数提出副本" nameCN="上诉提交材料" />
    <SSQX value="十五日" nameCN="上诉期限" />
    <TCGXQYY value="否" nameCN="是否提出管辖权异议" />
  </CPJG>
  <WW value="审判长李海昌&#xA;审判员蒋竞雄&#xA;人民陪审员欧阳婉茵&#xA;二〇一四年七月十七日&#xA;书记员梁银敏&#xA;" nameCN="文尾">
    <SPZZCY nameCN="审判组织成员">
      <SPRYXM value="蒋竞雄" nameCN="审判人员姓名" />
      <SPRYJS value="审判员" nameCN="审判人员角色" />
    </SPZZCY>
    <SPZZCY nameCN="审判组织成员">
      <SPRYXM value="梁银敏" nameCN="审判人员姓名" />
      <SPRYJS value="书记员" nameCN="审判人员角色" />
    </SPZZCY>
    <SPZZCY nameCN="审判组织成员">
      <SPRYXM value="李海昌" nameCN="审判人员姓名" />
      <SPRYJS value="审判长" nameCN="审判人员角色" />
    </SPZZCY>
    <SPZZCY nameCN="审判组织成员">
      <SPRYXM value="欧阳婉茵" nameCN="审判人员姓名" />
      <SPRYJS value="人民陪审员" nameCN="审判人员角色" />
    </SPZZCY>
    <CPSJ value="2014年7月17日" nameCN="裁判时间">
      <Year value="2014" nameCN="结案年度" />
      <JANYR value="2014年7月17日" nameCN="结案年月日" />
      <JANY value="2014-7" nameCN="结案年月" />
      <Month value="7" nameCN="月" />
      <Day value="17" nameCN="日" />
    </CPSJ>
  </WW>
  <FL value="" nameCN="附录" />
</QW>

