<?xml version="1.0" encoding="UTF-8"?>
<QW value="&#xA;山东省蒙阴县人民法院&#xA;民事判决书&#xA;（2014）蒙民初字第3756号&#xA;原告：侯克庆，农民。&#xA;委托代理人：李秦，女。&#xA;被告：侯克明，农民。&#xA;原告侯克庆诉被告侯克明民间借贷纠纷一案，本院受理后，依法由审判员公维军独任审判，公开开庭进行了审理。原告侯克庆委托代理人李秦到庭参加诉讼，被告侯克明经本院合法传唤无正当理由拒不到庭。本案现已审理终结。&#xA;原告侯克庆诉称，2012年12月20日，被告以急需资金周转为由从原告处借款36000元，并向原告出具了借条。借款时双方口头约定，原告可以随时要求被告偿还。但经原告多次催要，被告均以种种理由推脱拒不偿还。被告借款拒不偿还侵害原告合法权益，现原告诉至本院，要求被告侯克明立即偿还原告借款36000元并承担诉讼费用。&#xA;被告侯克明在法定期限内未答辩。&#xA;经审理查明，2012年12月20日，被告侯克明向原告侯克庆借款36000元，并为原告出具借条一份。该借款未约定还款期限。经原告催要，被告未偿还该借款。后原告诉至本院，要求被告侯克明立即偿还原告借款36000元并承担诉讼费用。&#xA;上述事实有原告提供的借条一份及庭审笔录予以证实，并均已收集记录在卷。&#xA;本院认为，债务应当清偿。借款人应当按照约定的期限返还借款。对借款期限没有约定的，借款人可以随时返还，贷款人可以催告借款人在合理期限内返还。本案中，被告侯克明借原告侯克庆现金36000元，案件事实清楚、证据确实充分，原告要求被告偿还借款的诉讼请求，于法有据，本院予以支持。依据《中华人民共和国民法通则》第一百零八条、《中华人民共和国合同法》第二百零六条、《中华人民共和国民事诉讼法》第一百四十四条之规定，判决如下：&#xA;被告侯克明于本判决生效后七日内偿还原告侯克庆借款36000元。&#xA;如果未按本判决指定的期间履行给付金钱义务，应当依照《中华人民共和国民事诉讼法》第二百五十三条之规定，加倍支付迟延履行期间的债务利息。&#xA;本案诉讼费700元，减半收取350元，由被告侯克明负担。&#xA;如不服本判决，可在判决书送达之日起十五日内，向本院递交上诉状，并按对方当事人的人数提出副本，上诉于山东省临沂市中级人民法院。&#xA;审判员公维军&#xA;二〇一四年十二月八日&#xA;书记员王丽&#xA;" nameCN="全文">
  <WS value="山东省蒙阴县人民法院&#xA;民事判决书&#xA;（2014）蒙民初字第3756号&#xA;" nameCN="文首">
    <WSZZDW value="法院" nameCN="文书制作单位" />
    <JBFY value="山东省蒙阴县人民法院" nameCN="经办法院">
      <FYJB value="基层" nameCN="法院级别" />
      <XZQH_P value="山东" nameCN="行政区划(省)" />
      <XZQH_C value="山东" nameCN="行政区划(市)" />
    </JBFY>
    <WSMC value="民事判决书" nameCN="文书名称" />
    <AH value="(2014)蒙民初字第3756号" nameCN="案号" />
    <LAND value="2014" nameCN="立案年度" />
    <AJXZ value="民事案件" nameCN="案件性质" />
    <WSZL value="判决书" nameCN="文书种类" />
    <SPCX value="一审案件" nameCN="审判程序" />
    <AJLX value="民事一审案件" nameCN="案件类型" />
  </WS>
  <SSCYRQJ value="原告：侯克庆，农民。&#xA;委托代理人：李秦，女。&#xA;被告：侯克明，农民。&#xA;" nameCN="诉讼参与人全集">
    <SSCYR value="原告：侯克庆，农民。" nameCN="诉讼参与人">
      <SSCYRMC value="侯克庆" nameCN="诉讼参与人名称" />
      <SSSF value="原告" nameCN="诉讼身份" />
      <SSDW value="原告" nameCN="诉讼地位" />
      <DSRLB value="原告" nameCN="当事人类别" />
      <DSRLX value="自然人" nameCN="当事人类型" />
      <GJ value="中国" nameCN="国籍" />
      <DTQK value="到庭" nameCN="到庭情况" />
      <DWZWFZ nameCN="单位职务分组">
        <ZW value="农民" nameCN="职务" />
      </DWZWFZ>
    </SSCYR>
    <SSCYR value="委托代理人：李秦，女。" nameCN="诉讼参与人">
      <SSCYRMC value="李秦" nameCN="诉讼参与人名称" />
      <SSSF value="委托代理人" nameCN="诉讼身份" />
      <DSRLX value="自然人" nameCN="当事人类型" />
      <XB value="女" nameCN="性别" />
      <GJ value="中国" nameCN="国籍" />
      <DTQK value="到庭" nameCN="到庭情况" />
    </SSCYR>
    <SSCYR value="被告：侯克明，农民。" nameCN="诉讼参与人">
      <SSCYRMC value="侯克明" nameCN="诉讼参与人名称" />
      <SSSF value="被告" nameCN="诉讼身份" />
      <SSDW value="被告" nameCN="诉讼地位" />
      <DSRLB value="被告" nameCN="当事人类别" />
      <DSRLX value="自然人" nameCN="当事人类型" />
      <GJ value="中国" nameCN="国籍" />
      <DWZWFZ nameCN="单位职务分组">
        <ZW value="农民" nameCN="职务" />
      </DWZWFZ>
    </SSCYR>
    <SSCYRQJ value="错误" nameCN="保险公司是否作为被告" />
  </SSCYRQJ>
  <SSJL value="原告侯克庆诉被告侯克明民间借贷纠纷一案，本院受理后，依法由审判员公维军独任审判，公开开庭进行了审理。原告侯克庆委托代理人李秦到庭参加诉讼，被告侯克明经本院合法传唤无正当理由拒不到庭。本案现已审理终结。" nameCN="诉讼记录">
    <JJCT value="" nameCN="拒绝出庭">
      <DSR value="" nameCN="当事人" />
      <RQ value="" nameCN="日期" />
    </JJCT>
    <YG value="侯克庆" nameCN="原告" />
    <BG value="侯克明" nameCN="被告" />
    <AY value="民间借贷纠纷" nameCN="案由" />
    <KTSL value="是" nameCN="开庭审理" />
    <KTSLXX value="公开审理" nameCN="开庭审理信息" />
    <WZAY value="民间借贷纠纷" nameCN="完整案由" />
    <AYDM value="9181" nameCN="案由代码" />
    <YSAJSYCX value="普通程序" nameCN="一审案件适用程序" />
    <JYZPT value="否" nameCN="简易转普通" />
    <YSAJLY value="新收" nameCN="一审案件来源" />
    <DXRQX nameCN="当事人缺席">
      <XM value="侯克明" nameCN="姓名">
        <SSDW value="被告" nameCN="诉讼地位" />
      </XM>
    </DXRQX>
    <CTDSRXX nameCN="出庭当事人信息">
      <CTRXM value="李秦" nameCN="出庭人姓名">
        <SSDW value="委托代理人" nameCN="诉讼地位" />
      </CTRXM>
      <CTRXM value="侯克庆" nameCN="出庭人姓名">
        <SSDW value="原告" nameCN="诉讼地位" />
      </CTRXM>
    </CTDSRXX>
  </SSJL>
  <AJJBQK value="原告侯克庆诉称，2012年12月20日，被告以急需资金周转为由从原告处借款36000元，并向原告出具了借条。借款时双方口头约定，原告可以随时要求被告偿还。但经原告多次催要，被告均以种种理由推脱拒不偿还。被告借款拒不偿还侵害原告合法权益，现原告诉至本院，要求被告侯克明立即偿还原告借款36000元并承担诉讼费用。&#xA;被告侯克明在法定期限内未答辩。&#xA;经审理查明，2012年12月20日，被告侯克明向原告侯克庆借款36000元，并为原告出具借条一份。该借款未约定还款期限。经原告催要，被告未偿还该借款。后原告诉至本院，要求被告侯克明立即偿还原告借款36000元并承担诉讼费用。&#xA;上述事实有原告提供的借条一份及庭审笔录予以证实，并均已收集记录在卷。&#xA;" nameCN="案件基本情况">
    <YGSCD value="原告侯克庆诉称，2012年12月20日，被告以急需资金周转为由从原告处借款36000元，并向原告出具了借条。借款时双方口头约定，原告可以随时要求被告偿还。但经原告多次催要，被告均以种种理由推脱拒不偿还。被告借款拒不偿还侵害原告合法权益，现原告诉至本院，要求被告侯克明立即偿还原告借款36000元并承担诉讼费用。 " nameCN="原告诉称段" />
    <BGBCD value="被告侯克明在法定期限内未答辩。 " nameCN="被告辩称段" />
    <ZJD value="上述事实有原告提供的借条一份及庭审笔录予以证实，并均已收集记录在卷。" nameCN="证据段" />
    <CMSSD value="经审理查明，2012年12月20日，被告侯克明向原告侯克庆借款36000元，并为原告出具借条一份。该借款未约定还款期限。经原告催要，被告未偿还该借款。后原告诉至本院，要求被告侯克明立即偿还原告借款36000元并承担诉讼费用。" nameCN="查明事实段">
      <SGXQ value="未提及" nameCN="事故详情">
        <SGSJ value="未提及" nameCN="事故时间" />
        <SGDD value="未提及" nameCN="事故地点" />
      </SGXQ>
      <JDCSYR value="侯克明" nameCN="机动车所有人" />
      <SHRZY value="农民" nameCN="受害人职业" />
      <SFTB value="是" nameCN="是否投保" />
      <SFZBXQN value="是" nameCN="是否在保险期内" />
      <SFXQPF value="是" nameCN="是否先期赔付" />
      <JDSFKK value="是" nameCN="鉴定是否可靠" />
    </CMSSD>
  </AJJBQK>
  <CPFXGC value="本院认为，债务应当清偿。借款人应当按照约定的期限返还借款。对借款期限没有约定的，借款人可以随时返还，贷款人可以催告借款人在合理期限内返还。本案中，被告侯克明借原告侯克庆现金36000元，案件事实清楚、证据确实充分，原告要求被告偿还借款的诉讼请求，于法有据，本院予以支持。依据《中华人民共和国民法通则》第一百零八条、《中华人民共和国合同法》第二百零六条、《中华人民共和国民事诉讼法》第一百四十四条之规定，判决如下：&#xA;" nameCN="裁判分析过程">
    <JAFSLX value="判决" nameCN="结案方式类型" />
    <FLFTMC value="中华人民共和国民法通则" nameCN="法律法条名称">
      <TM value="一百零八" nameCN="条目" />
      <SFCXF value="非程序法" nameCN="是否是程序法" />
    </FLFTMC>
    <FLFTMC value="中华人民共和国合同法" nameCN="法律法条名称">
      <TM value="二百零六" nameCN="条目" />
      <SFCXF value="非程序法" nameCN="是否是程序法" />
    </FLFTMC>
    <FLFTMC value="中华人民共和国民事诉讼法" nameCN="法律法条名称">
      <TM value="一百四十四" nameCN="条目" />
      <SFCXF value="是程序法" nameCN="是否是程序法" />
    </FLFTMC>
  </CPFXGC>
  <CPJG value="被告侯克明于本判决生效后七日内偿还原告侯克庆借款36000元。&#xA;如果未按本判决指定的期间履行给付金钱义务，应当依照《中华人民共和国民事诉讼法》第二百五十三条之规定，加倍支付迟延履行期间的债务利息。&#xA;本案诉讼费700元，减半收取350元，由被告侯克明负担。&#xA;如不服本判决，可在判决书送达之日起十五日内，向本院递交上诉状，并按对方当事人的人数提出副本，上诉于山东省临沂市中级人民法院。&#xA;" nameCN="裁判结果">
    <JAFS value="判决" nameCN="结案方式" />
    <PCSFSXZQ value="正确" nameCN="同时起诉侵权人与保险公司的赔偿顺序" />
    <JTPJJG value="被告侯克明于本判决生效后七日内偿还原告侯克庆借款36000元。" nameCN="具体裁判段">
      <QLR value="侯克庆" nameCN="权利人">
        <QLRSSDW value="原告" nameCN="诉讼地位" />
      </QLR>
      <YWR value="侯克明" nameCN="义务人">
        <YWRSSDW value="被告" nameCN="诉讼地位" />
      </YWR>
      <PJZXQX value="七日" nameCN="判决执行期限" />
      <PJJE nameCN="判决金额">
        <JE value="36000元" nameCN="金额" />
        <JELX value="借款" nameCN="金额类型" />
      </PJJE>
    </JTPJJG>
    <JTPJJG value="如果未按本判决指定的期间履行给付金钱义务，应当依照《中华人民共和国民事诉讼法》第二百五十三条之规定，加倍支付迟延履行期间的债务利息。" nameCN="具体裁判段" />
    <SSFCD nameCN="诉讼费承担">
      <SSFCDJL value="本案诉讼费700元，减半收取350元，由被告侯克明负担。" nameCN="诉讼费承担记录">
        <SSFJE value="350元" nameCN="诉讼费金额" />
        <SSFZL value="诉讼费" nameCN="诉讼费种类" />
        <SSFCDR value="侯克明" nameCN="承担人">
          <SSFCDJE value="350元" nameCN="承担金额" />
          <SSFCDFS value="个人独立承担该金额" nameCN="承担方式" />
          <SSFCDDW value="被告" nameCN="承担人地位" />
        </SSFCDR>
      </SSFCDJL>
    </SSFCD>
    <SFFHCS value="否" nameCN="是否发回重审" />
    <KSSZ value="山东省临沂市中级人民法院" nameCN="可上诉至" />
    <SSTJCL value="上诉状，并按对方当事人的人数提出副本" nameCN="上诉提交材料" />
    <SSQX value="十五日" nameCN="上诉期限" />
    <TCGXQYY value="否" nameCN="是否提出管辖权异议" />
  </CPJG>
  <WW value="审判员公维军&#xA;二〇一四年十二月八日&#xA;书记员王丽&#xA;" nameCN="文尾">
    <SPZZCY nameCN="审判组织成员">
      <SPRYXM value="公维军" nameCN="审判人员姓名" />
      <SPRYJS value="审判员" nameCN="审判人员角色" />
    </SPZZCY>
    <SPZZCY nameCN="审判组织成员">
      <SPRYXM value="王丽" nameCN="审判人员姓名" />
      <SPRYJS value="书记员" nameCN="审判人员角色" />
    </SPZZCY>
    <CPSJ value="2014年12月8日" nameCN="裁判时间">
      <Year value="2014" nameCN="结案年度" />
      <JANYR value="2014年12月8日" nameCN="结案年月日" />
      <JANY value="2014-12" nameCN="结案年月" />
      <Month value="12" nameCN="月" />
      <Day value="8" nameCN="日" />
    </CPSJ>
  </WW>
  <FL value="" nameCN="附录" />
</QW>

