<?xml version="1.0" encoding="UTF-8"?>
<QW value="贵州省水城县人民法院&#xA;民事判决书&#xA;（2015）黔水民初字第01259号&#xA;原告侯贵林，男，1979年9月3日生，汉族，中专文化，贵州省钟山区人，住贵州省六盘水市钟山区。&#xA;被告杨林，男，1982年11月8日生，汉族，中专文化，贵州省钟山区人，住贵州省六盘水市水城县。&#xA;被告左敏，女，1989年10月6日生，穿青人，中专文化，贵州省水城县人，药房营业员，现住贵州省六盘水市水城县。&#xA;第三人赵泽云，男，1973年生，汉族，小学文化，贵州省钟山区人，农民，住六盘水市凤凰社区马鞍居委。&#xA;原告侯贵林与被告杨林民间借贷纠纷一案，本院于2015年5月27日立案受理后，于2015年6月1日追加左敏作为被告、赵泽云作为第三人参加诉讼。本院依法适用普通程序，由审判员王小艳担任审判长，与人民陪审员杨洪军、熊兴华组成合议庭，于2015年7月30日公开开庭进行了审理。原告侯贵林与被告杨林到庭参加了诉讼。被告左敏、第三人赵泽云经依法传唤，无正当理由拒不到庭参加诉讼。本案现已审理终结。&#xA;原告侯贵林诉称：原、被告系朋友关系，被告因急用资金，2013年2月20日向原告借款380000元整，约定还款期限为2015年2月20日前，并于2013年2月20日向原告出具借条一张，借条内容为：今借到侯贵林人民币现金大写叁拾捌万元整，小写380000元整，借款期限为2年，约定还款期限为2015年2月20日前还清借款。借款仅用于借款人资金周转，借款人不得挪作他用，借款人自愿用名下在水城县滥坝镇广场社区明硐小区6栋楼1单元202室的住宅抵押200000元和个人在水城县比德镇人民政府工作的工资收入抵押180000元作担保还款，借款到期不还，借款人愿承担借款本金及利息、违约金、律师费、拍卖费、诉讼费、评估费等所有费用。借款到期后，被告未及时还款。2015年3月初，原告多次向被告催讨借款，被告说其手头没有钱无法按时归还借款，2015年3月初至2015年5月中旬期间，原告多次讨要无果，故诉至法院，请求依法判决：一、判决被告向原告偿还本金人民币叁拾捌万元整（380000元）及逾期利息7600元；二本案诉讼费由被告承担。&#xA;原告侯贵林在举证期限内向本院提交的证据有：第一组：原告身份证，证明原告的诉讼主体资格；第二组：2012年3月28日的借条、2013年8月1日的借条、2013年2月20日的借条，证明被告欠原告38万元的事实。&#xA;被告杨林对以上两组证据均无异议。&#xA;被告杨林辩称：第一笔10万元是2013年3月份借到的，当时是被告的堂哥做工程，被告帮忙借钱给被告的堂哥，钱是原告与李菊粉拿现金去被告家给被告的。第二笔是2013年8月，被告的堂哥在红岩修路，找被告为他借钱，被告找原告借的钱，原告找赵泽云借给被告20万元，当时存在工商银行，被告与原告、赵泽云一起去存的，存的账户是6222082410001213749。法院可以去银行调查核实。第三笔是在2013年底借的，也是为被告的堂哥借的3万元，第四笔在2014年底借5万元，共计38万元，借条有两张，借条上没有约定利息，只是头口约定1％利息，38万元中有8万元没有约定利息，其中30万元是原告向别人借的钱，剩余8万元是原告自己的钱，被告与原告是中专同学。&#xA;被告杨林在举证期限内未向本院提交证据。&#xA;对本院2015年5月28日对杨林的询问笔录、2015年5月28日对侯贵林的询问笔录、2015年6月3日对左敏的询问笔录、2015年6月5日对赵泽云的询问笔录，原告侯贵林认为其笔录是按照2013年2月20日的借条说的，而被告是按照事实说的，所以原、被告的陈述有一些出入。被告杨林对该四份笔录没有异议，认为有出入是正常的。&#xA;综上，各方当事人无争议的证据有：第一组原告身份证，对该证据本院依法予以认定并作为认定本案事实的依据，第二组2012年3月28日的借条、2013年8月1日的借条、2013年2月20日的借条，虽被告对该三张借条并无异议，但2012年3月28日的借条系被告向李粉菊出具，虽原告侯贵林主张该笔借款已经由其代杨林向李粉菊还清，但并未提供相关证据证实，故本院对其关联性不予认定；对2013年8月1日、2013年2月20日的两份借条，根据原、被告的陈述，2013年2月20日的借条是2012年3月28日的借条、2013年8月1日的借条的金额合计后重新出具的，但从时间来看，既是重新出具的，时间应在2013年8月1日之后，故本院对该两份证据的真实性不予认定。&#xA;通过以上对证据的分析与认定，本院查明事实如下：被告杨林向李粉菊出具金额为100000元的借条一份，落款时间为2012年3月28日，原告侯贵林在担保人处签名。被告杨林向侯贵林出具金额为380000元的借条一份，落款时间为2013年2月20日。被告杨林向赵泽云出具金额为200000元的借条一份，落款时间为2013年8月1日，原告侯贵林在担保人处签名。&#xA;本院认为：原告侯贵林向本院提交的2012年3月28日的借条、2013年8月1日的借条、2013年2月20日的借条，虽被告对该三张借条并无异议，对2012年3月28日的借条，因原告未提供证据证实其对该笔款项有追偿权，故本院对被告的该项主张不予采信。至于2013年8月1日、2013年2月20日的两份借条，根据原、被告的陈述，2013年2月20日的借条上的金额是2012年3月28日、2013年8月1日两份借条的金额合计后重新出具的，但从时间来看，既是重新出具的，时间应在2013年8月1日之后，原告提交的2013年8月1日、2013年2月20日的两份借条在时间上相互矛盾，故本院对原告的该项主张不予采信。依照《中华人民共和国民事诉讼法》第六十四条第一款、《最高人民法院关于民事诉讼证据的若干规定》第二条之规定，判决如下：&#xA;驳回原告侯贵林的诉讼请求。&#xA;案件受理费7114元，由原告侯贵林负担。&#xA;如不服本判决，可在判决书送达之日起十五日内，向本院递交上诉状，并按对方当事人的人数或者代表人的人数提出副本，上诉于贵州省六盘水市中级人民法院。&#xA;逾期不提起上诉的，则本判决发生法律效力。&#xA;（此页无正文）&#xA;审判员王小艳&#xA;人民陪审员杨洪军&#xA;人民陪审员熊兴华&#xA;二〇一五年十月七日&#xA;书记员陈树&#xA;" nameCN="全文">
  <WS value="贵州省水城县人民法院&#xA;民事判决书&#xA;（2015）黔水民初字第01259号&#xA;" nameCN="文首">
    <WSZZDW value="法院" nameCN="文书制作单位" />
    <JBFY value="贵州省水城县人民法院" nameCN="经办法院">
      <FYJB value="基层" nameCN="法院级别" />
      <XZQH_P value="贵州" nameCN="行政区划(省)" />
      <XZQH_C value="贵州" nameCN="行政区划(市)" />
    </JBFY>
    <WSMC value="民事判决书" nameCN="文书名称" />
    <AH value="(2015)黔水民初字第01259号" nameCN="案号" />
    <LAND value="2015" nameCN="立案年度" />
    <AJXZ value="民事案件" nameCN="案件性质" />
    <WSZL value="判决书" nameCN="文书种类" />
    <SPCX value="一审案件" nameCN="审判程序" />
    <AJLX value="民事一审案件" nameCN="案件类型" />
  </WS>
  <SSCYRQJ value="原告侯贵林，男，1979年9月3日生，汉族，中专文化，贵州省钟山区人，住贵州省六盘水市钟山区。&#xA;被告杨林，男，1982年11月8日生，汉族，中专文化，贵州省钟山区人，住贵州省六盘水市水城县。&#xA;被告左敏，女，1989年10月6日生，穿青人，中专文化，贵州省水城县人，药房营业员，现住贵州省六盘水市水城县。&#xA;第三人赵泽云，男，1973年生，汉族，小学文化，贵州省钟山区人，农民，住六盘水市凤凰社区马鞍居委。&#xA;" nameCN="诉讼参与人全集">
    <SSCYR value="原告侯贵林，男，1979年9月3日生，汉族，中专文化，贵州省钟山区人，住贵州省六盘水市钟山区。" nameCN="诉讼参与人">
      <SSCYRMC value="侯贵林" nameCN="诉讼参与人名称" />
      <SSSF value="原告" nameCN="诉讼身份" />
      <SSDW value="原告" nameCN="诉讼地位" />
      <DSRLB value="原告" nameCN="当事人类别" />
      <DSRLX value="自然人" nameCN="当事人类型" />
      <XB value="男" nameCN="性别" />
      <MZ value="汉族" nameCN="民族" />
      <CSRQ value="1979年9月3日" nameCN="出生日期">
        <Year value="1979" nameCN="年" />
        <Month value="9" nameCN="月" />
        <Day value="3" nameCN="日" />
      </CSRQ>
      <GJ value="中国" nameCN="国籍" />
      <DSRDZ value="贵州省六盘水市钟山区" nameCN="当事人地址" />
      <DTQK value="到庭" nameCN="到庭情况" />
    </SSCYR>
    <SSCYR value="被告杨林，男，1982年11月8日生，汉族，中专文化，贵州省钟山区人，住贵州省六盘水市水城县。" nameCN="诉讼参与人">
      <SSCYRMC value="杨林" nameCN="诉讼参与人名称" />
      <SSSF value="被告" nameCN="诉讼身份" />
      <SSDW value="被告" nameCN="诉讼地位" />
      <DSRLB value="被告" nameCN="当事人类别" />
      <DSRLX value="自然人" nameCN="当事人类型" />
      <XB value="男" nameCN="性别" />
      <MZ value="汉族" nameCN="民族" />
      <CSRQ value="1982年11月8日" nameCN="出生日期">
        <Year value="1982" nameCN="年" />
        <Month value="11" nameCN="月" />
        <Day value="8" nameCN="日" />
      </CSRQ>
      <GJ value="中国" nameCN="国籍" />
      <DSRDZ value="贵州省六盘水市水城县" nameCN="当事人地址" />
      <DTQK value="到庭" nameCN="到庭情况" />
    </SSCYR>
    <SSCYR value="被告左敏，女，1989年10月6日生，穿青人，中专文化，贵州省水城县人，药房营业员，现住贵州省六盘水市水城县。" nameCN="诉讼参与人">
      <SSCYRMC value="左敏" nameCN="诉讼参与人名称" />
      <SSSF value="被告" nameCN="诉讼身份" />
      <SSDW value="被告" nameCN="诉讼地位" />
      <DSRLB value="被告" nameCN="当事人类别" />
      <DSRLX value="自然人" nameCN="当事人类型" />
      <XB value="女" nameCN="性别" />
      <CSRQ value="1989年10月6日" nameCN="出生日期">
        <Year value="1989" nameCN="年" />
        <Month value="10" nameCN="月" />
        <Day value="6" nameCN="日" />
      </CSRQ>
      <GJ value="中国" nameCN="国籍" />
      <DSRDZ value="贵州省六盘水市水城县" nameCN="当事人地址" />
    </SSCYR>
    <SSCYR value="第三人赵泽云，男，1973年生，汉族，小学文化，贵州省钟山区人，农民，住六盘水市凤凰社区马鞍居委。" nameCN="诉讼参与人">
      <SSCYRMC value="赵泽云" nameCN="诉讼参与人名称" />
      <SSSF value="第三人" nameCN="诉讼身份" />
      <DSRLX value="自然人" nameCN="当事人类型" />
      <XB value="男" nameCN="性别" />
      <MZ value="汉族" nameCN="民族" />
      <GJ value="中国" nameCN="国籍" />
      <DSRDZ value="六盘水市凤凰社区马鞍居委" nameCN="当事人地址" />
      <DWZWFZ nameCN="单位职务分组">
        <ZW value="农民" nameCN="职务" />
      </DWZWFZ>
    </SSCYR>
    <SSCYRQJ value="错误" nameCN="保险公司是否作为被告" />
  </SSCYRQJ>
  <SSJL value="原告侯贵林与被告杨林民间借贷纠纷一案，本院于2015年5月27日立案受理后，于2015年6月1日追加左敏作为被告、赵泽云作为第三人参加诉讼。本院依法适用普通程序，由审判员王小艳担任审判长，与人民陪审员杨洪军、熊兴华组成合议庭，于2015年7月30日公开开庭进行了审理。原告侯贵林与被告杨林到庭参加了诉讼。被告左敏、第三人赵泽云经依法传唤，无正当理由拒不到庭参加诉讼。本案现已审理终结。" nameCN="诉讼记录">
    <JJCT value="" nameCN="拒绝出庭">
      <DSR value="" nameCN="当事人" />
      <RQ value="" nameCN="日期" />
    </JJCT>
    <YG value="侯贵林" nameCN="原告" />
    <BG value="杨林" nameCN="被告" />
    <AY value="民间借贷纠纷" nameCN="案由" />
    <KTSL value="是" nameCN="开庭审理" />
    <KTSLXX value="公开审理" nameCN="开庭审理信息" />
    <WZAY value="民间借贷纠纷" nameCN="完整案由" />
    <AYDM value="9181" nameCN="案由代码" />
    <LARQ value="2015年5月27日" nameCN="立案日期" />
    <YSAJSYCX value="普通程序" nameCN="一审案件适用程序" />
    <JYZPT value="否" nameCN="简易转普通" />
    <SPZZ value="合议庭" nameCN="审判组织" />
    <YSAJLY value="新收" nameCN="一审案件来源" />
    <SLRQ value="2015年5月27日" nameCN="受理日期" />
    <CTDSRXX nameCN="出庭当事人信息">
      <CTRXM value="左敏" nameCN="出庭人姓名">
        <SSDW value="被告" nameCN="诉讼地位" />
      </CTRXM>
      <CTRXM value="杨林" nameCN="出庭人姓名">
        <SSDW value="被告" nameCN="诉讼地位" />
      </CTRXM>
      <CTRXM value="赵泽云" nameCN="出庭人姓名">
        <SSDW value="第三人" nameCN="诉讼地位" />
      </CTRXM>
      <CTRXM value="侯贵林" nameCN="出庭人姓名">
        <SSDW value="原告" nameCN="诉讼地位" />
      </CTRXM>
    </CTDSRXX>
  </SSJL>
  <AJJBQK value="原告侯贵林诉称：原、被告系朋友关系，被告因急用资金，2013年2月20日向原告借款380000元整，约定还款期限为2015年2月20日前，并于2013年2月20日向原告出具借条一张，借条内容为：今借到侯贵林人民币现金大写叁拾捌万元整，小写380000元整，借款期限为2年，约定还款期限为2015年2月20日前还清借款。借款仅用于借款人资金周转，借款人不得挪作他用，借款人自愿用名下在水城县滥坝镇广场社区明硐小区6栋楼1单元202室的住宅抵押200000元和个人在水城县比德镇人民政府工作的工资收入抵押180000元作担保还款，借款到期不还，借款人愿承担借款本金及利息、违约金、律师费、拍卖费、诉讼费、评估费等所有费用。借款到期后，被告未及时还款。2015年3月初，原告多次向被告催讨借款，被告说其手头没有钱无法按时归还借款，2015年3月初至2015年5月中旬期间，原告多次讨要无果，故诉至法院，请求依法判决：一、判决被告向原告偿还本金人民币叁拾捌万元整（380000元）及逾期利息7600元；二本案诉讼费由被告承担。&#xA;原告侯贵林在举证期限内向本院提交的证据有：第一组：原告身份证，证明原告的诉讼主体资格；第二组：2012年3月28日的借条、2013年8月1日的借条、2013年2月20日的借条，证明被告欠原告38万元的事实。&#xA;被告杨林对以上两组证据均无异议。&#xA;被告杨林辩称：第一笔10万元是2013年3月份借到的，当时是被告的堂哥做工程，被告帮忙借钱给被告的堂哥，钱是原告与李菊粉拿现金去被告家给被告的。第二笔是2013年8月，被告的堂哥在红岩修路，找被告为他借钱，被告找原告借的钱，原告找赵泽云借给被告20万元，当时存在工商银行，被告与原告、赵泽云一起去存的，存的账户是6222082410001213749。法院可以去银行调查核实。第三笔是在2013年底借的，也是为被告的堂哥借的3万元，第四笔在2014年底借5万元，共计38万元，借条有两张，借条上没有约定利息，只是头口约定1％利息，38万元中有8万元没有约定利息，其中30万元是原告向别人借的钱，剩余8万元是原告自己的钱，被告与原告是中专同学。&#xA;被告杨林在举证期限内未向本院提交证据。&#xA;对本院2015年5月28日对杨林的询问笔录、2015年5月28日对侯贵林的询问笔录、2015年6月3日对左敏的询问笔录、2015年6月5日对赵泽云的询问笔录，原告侯贵林认为其笔录是按照2013年2月20日的借条说的，而被告是按照事实说的，所以原、被告的陈述有一些出入。被告杨林对该四份笔录没有异议，认为有出入是正常的。&#xA;综上，各方当事人无争议的证据有：第一组原告身份证，对该证据本院依法予以认定并作为认定本案事实的依据，第二组2012年3月28日的借条、2013年8月1日的借条、2013年2月20日的借条，虽被告对该三张借条并无异议，但2012年3月28日的借条系被告向李粉菊出具，虽原告侯贵林主张该笔借款已经由其代杨林向李粉菊还清，但并未提供相关证据证实，故本院对其关联性不予认定；对2013年8月1日、2013年2月20日的两份借条，根据原、被告的陈述，2013年2月20日的借条是2012年3月28日的借条、2013年8月1日的借条的金额合计后重新出具的，但从时间来看，既是重新出具的，时间应在2013年8月1日之后，故本院对该两份证据的真实性不予认定。&#xA;通过以上对证据的分析与认定，本院查明事实如下：被告杨林向李粉菊出具金额为100000元的借条一份，落款时间为2012年3月28日，原告侯贵林在担保人处签名。被告杨林向侯贵林出具金额为380000元的借条一份，落款时间为2013年2月20日。被告杨林向赵泽云出具金额为200000元的借条一份，落款时间为2013年8月1日，原告侯贵林在担保人处签名。&#xA;" nameCN="案件基本情况">
    <YGSCD value="原告侯贵林诉称：原、被告系朋友关系，被告因急用资金，2013年2月20日向原告借款380000元整，约定还款期限为2015年2月20日前，并于2013年2月20日向原告出具借条一张，借条内容为：今借到侯贵林人民币现金大写叁拾捌万元整，小写380000元整，借款期限为2年，约定还款期限为2015年2月20日前还清借款。借款仅用于借款人资金周转，借款人不得挪作他用，借款人自愿用名下在水城县滥坝镇广场社区明硐小区6栋楼1单元202室的住宅抵押200000元和个人在水城县比德镇人民政府工作的工资收入抵押180000元作担保还款，借款到期不还，借款人愿承担借款本金及利息、违约金、律师费、拍卖费、诉讼费、评估费等所有费用。借款到期后，被告未及时还款。2015年3月初，原告多次向被告催讨借款，被告说其手头没有钱无法按时归还借款，2015年3月初至2015年5月中旬期间，原告多次讨要无果，故诉至法院，请求依法判决：一、判决被告向原告偿还本金人民币叁拾捌万元整（380000元）及逾期利息7600元；二本案诉讼费由被告承担。 " nameCN="原告诉称段" />
    <BGBCD value="被告杨林辩称：第一笔10万元是2013年3月份借到的，当时是被告的堂哥做工程，被告帮忙借钱给被告的堂哥，钱是原告与李菊粉拿现金去被告家给被告的。第二笔是2013年8月，被告的堂哥在红岩修路，找被告为他借钱，被告找原告借的钱，原告找赵泽云借给被告20万元，当时存在工商银行，被告与原告、赵泽云一起去存的，存的账户是6222082410001213749。法院可以去银行调查核实。第三笔是在2013年底借的，也是为被告的堂哥借的3万元，第四笔在2014年底借5万元，共计38万元，借条有两张，借条上没有约定利息，只是头口约定1％利息，38万元中有8万元没有约定利息，其中30万元是原告向别人借的钱，剩余8万元是原告自己的钱，被告与原告是中专同学。 " nameCN="被告辩称段" />
    <ZJD value="原告侯贵林在举证期限内向本院提交的证据有：第一组：原告身份证，证明原告的诉讼主体资格；第二组：2012年3月28日的借条、2013年8月1日的借条、2013年2月20日的借条，证明被告欠原告38万元的事实。被告杨林对以上两组证据均无异议。 " nameCN="证据段" />
    <ZJD value="被告杨林在举证期限内未向本院提交证据。 " nameCN="证据段" />
    <CMSSD value="对本院2015年5月28日对杨林的询问笔录、2015年5月28日对侯贵林的询问笔录、2015年6月3日对左敏的询问笔录、2015年6月5日对赵泽云的询问笔录，原告侯贵林认为其笔录是按照2013年2月20日的借条说的，而被告是按照事实说的，所以原、被告的陈述有一些出入。被告杨林对该四份笔录没有异议，认为有出入是正常的。综上，各方当事人无争议的证据有：第一组原告身份证，对该证据本院依法予以认定并作为认定本案事实的依据，第二组2012年3月28日的借条、2013年8月1日的借条、2013年2月20日的借条，虽被告对该三张借条并无异议，但2012年3月28日的借条系被告向李粉菊出具，虽原告侯贵林主张该笔借款已经由其代杨林向李粉菊还清，但并未提供相关证据证实，故本院对其关联性不予认定；对2013年8月1日、2013年2月20日的两份借条，根据原、被告的陈述，2013年2月20日的借条是2012年3月28日的借条、2013年8月1日的借条的金额合计后重新出具的，但从时间来看，既是重新出具的，时间应在2013年8月1日之后，故本院对该两份证据的真实性不予认定。 通过以上对证据的分析与认定，本院查明事实如下：被告杨林向李粉菊出具金额为100000元的借条一份，落款时间为2012年3月28日，原告侯贵林在担保人处签名。被告杨林向侯贵林出具金额为380000元的借条一份，落款时间为2013年2月20日。被告杨林向赵泽云出具金额为200000元的借条一份，落款时间为2013年8月1日，原告侯贵林在担保人处签名。 " nameCN="查明事实段">
      <SGXQ value="未提及" nameCN="事故详情">
        <SGSJ value="未提及" nameCN="事故时间" />
        <SGDD value="未提及" nameCN="事故地点" />
      </SGXQ>
      <JDCSYR value="杨林" nameCN="机动车所有人" />
      <GAJGRDYJ value="第二组2012年3月28日的借条、2013年8月1日的借条、2013年2月20日的借条，虽被告对该三张借条并无异议，但2012年3月28日的借条系被告向李粉菊出具，虽原告侯贵林主张该笔借款已经由其代杨林向李粉菊还清，但并未提供相关证据证实，故本院对其关联性不予认定；对2013年8月1日、2013年2月20日的两份借条，根据原、被告的陈述，2013年2月20日的借条是2012年3月28日的借条、2013年8月1日的借条的金额合计后重新出具的，但从时间来看，既是重新出具的，时间应在2013年8月1日之后，故本院对该两份证据的真实性不予认定。" nameCN="公安机关认定意见" />
      <SHRJZD value="贵州省六盘水市钟山区" nameCN="受害人居住地" />
      <SFTB value="是" nameCN="是否投保" />
      <SFZBXQN value="是" nameCN="是否在保险期内" />
      <SFXQPF value="是" nameCN="是否先期赔付" />
      <JDSFKK value="是" nameCN="鉴定是否可靠" />
    </CMSSD>
  </AJJBQK>
  <CPFXGC value="本院认为：原告侯贵林向本院提交的2012年3月28日的借条、2013年8月1日的借条、2013年2月20日的借条，虽被告对该三张借条并无异议，对2012年3月28日的借条，因原告未提供证据证实其对该笔款项有追偿权，故本院对被告的该项主张不予采信。至于2013年8月1日、2013年2月20日的两份借条，根据原、被告的陈述，2013年2月20日的借条上的金额是2012年3月28日、2013年8月1日两份借条的金额合计后重新出具的，但从时间来看，既是重新出具的，时间应在2013年8月1日之后，原告提交的2013年8月1日、2013年2月20日的两份借条在时间上相互矛盾，故本院对原告的该项主张不予采信。依照《中华人民共和国民事诉讼法》第六十四条第一款、《最高人民法院关于民事诉讼证据的若干规定》第二条之规定，判决如下：&#xA;" nameCN="裁判分析过程">
    <JAFSLX value="判决" nameCN="结案方式类型" />
    <FLFTMC value="中华人民共和国民事诉讼法" nameCN="法律法条名称">
      <TM value="六十四" nameCN="条目">
        <KM value="第一款" nameCN="款目" />
      </TM>
      <SFCXF value="是程序法" nameCN="是否是程序法" />
    </FLFTMC>
    <FLFTMC value="最高人民法院关于民事诉讼证据的若干规定" nameCN="法律法条名称">
      <TM value="二" nameCN="条目" />
      <SFCXF value="非程序法" nameCN="是否是程序法" />
    </FLFTMC>
  </CPFXGC>
  <CPJG value="驳回原告侯贵林的诉讼请求。&#xA;案件受理费7114元，由原告侯贵林负担。&#xA;如不服本判决，可在判决书送达之日起十五日内，向本院递交上诉状，并按对方当事人的人数或者代表人的人数提出副本，上诉于贵州省六盘水市中级人民法院。&#xA;逾期不提起上诉的，则本判决发生法律效力。&#xA;（此页无正文）&#xA;" nameCN="裁判结果">
    <JAFS value="判决" nameCN="结案方式" />
    <PCSFSXZQ value="正确" nameCN="同时起诉侵权人与保险公司的赔偿顺序" />
    <JTPJJG value="驳回原告侯贵林的诉讼请求。" nameCN="具体裁判段" />
    <SSFCD nameCN="诉讼费承担">
      <SSFCDJL value="案件受理费7114元，由原告侯贵林负担。" nameCN="诉讼费承担记录">
        <SSFJE value="7114元" nameCN="诉讼费金额" />
        <SSFZL value="受理费" nameCN="诉讼费种类" />
        <SSFCDR value="侯贵林" nameCN="承担人">
          <SSFCDJE value="7114元" nameCN="承担金额" />
          <SSFCDFS value="个人独立承担该金额" nameCN="承担方式" />
          <SSFCDDW value="原告" nameCN="承担人地位" />
        </SSFCDR>
      </SSFCDJL>
    </SSFCD>
    <SFFHCS value="否" nameCN="是否发回重审" />
    <KSSZ value="贵州省六盘水市中级人民法院" nameCN="可上诉至" />
    <SSTJCL value="上诉状，并按对方当事人的人数或者代表人的人数提出副本" nameCN="上诉提交材料" />
    <SSQX value="十五日" nameCN="上诉期限" />
    <TCGXQYY value="否" nameCN="是否提出管辖权异议" />
  </CPJG>
  <WW value="审判员王小艳&#xA;人民陪审员杨洪军&#xA;人民陪审员熊兴华&#xA;二〇一五年十月七日&#xA;书记员陈树&#xA;" nameCN="文尾">
    <SPZZCY nameCN="审判组织成员">
      <SPRYXM value="熊兴华" nameCN="审判人员姓名" />
      <SPRYJS value="人民陪审员" nameCN="审判人员角色" />
    </SPZZCY>
    <SPZZCY nameCN="审判组织成员">
      <SPRYXM value="王小艳" nameCN="审判人员姓名" />
      <SPRYJS value="审判员" nameCN="审判人员角色" />
    </SPZZCY>
    <SPZZCY nameCN="审判组织成员">
      <SPRYXM value="杨洪军" nameCN="审判人员姓名" />
      <SPRYJS value="人民陪审员" nameCN="审判人员角色" />
    </SPZZCY>
    <SPZZCY nameCN="审判组织成员">
      <SPRYXM value="陈树" nameCN="审判人员姓名" />
      <SPRYJS value="书记员" nameCN="审判人员角色" />
    </SPZZCY>
    <CPSJ value="2015年10月7日" nameCN="裁判时间">
      <Year value="2015" nameCN="结案年度" />
      <JANYR value="2015年10月7日" nameCN="结案年月日" />
      <JANY value="2015-10" nameCN="结案年月" />
      <Month value="10" nameCN="月" />
      <Day value="7" nameCN="日" />
    </CPSJ>
  </WW>
  <FL value="" nameCN="附录" />
</QW>

