<?xml version="1.0" encoding="UTF-8"?>
<QW value="&#xA;重庆市渝北区人民法院&#xA;民事判决书&#xA;（2014）渝北法民初字第02672号&#xA;原告傅晓容，女，汉族，1969年4月27日出生。&#xA;委托代理人张崇云，重庆市渝北区双龙法律服务所法律工作者。&#xA;被告丁泽兵，男，汉族，1970年11月7日出生。&#xA;委托代理人张忠均，重庆广贤律师事务所律师。&#xA;委托代理人付国锋，重庆广贤律师事务所律师。&#xA;第三人傅永梅，女，汉族，1973年8月10日出生。&#xA;原告傅晓容诉被告丁泽兵民间借贷纠纷一案，本院于2014年1月15日立案受理，依法由审判员颜长江独任审判，于2014年2月26日公开开庭进行了审理。因案件审理需要，本院通知第三人参加本案诉讼。本院依法将本案的审理变更适用普通程序，由审判员颜长江担任审判长，与人民陪审员雷娅、朱锡林组成合议庭，于2014年4月17日公开开庭进行了审理。原告傅晓容的委托代理人张崇云和被告丁泽兵及其委托代理人张忠均、付国锋、第三人傅永梅到庭参加了诉讼。本案现已审理终结。&#xA;原告傅晓容诉称：原告傅晓容系第三人傅永梅之姐姐，被告人与第三人傅永梅原是夫妻关系，婚姻关系存续期间共同向原告人借款10万元人民币，现第三人傅永梅和被告丁泽兵通过诉讼已离婚。原告根据（2012）渝北法民初字12754号生效的判决书被告人应当向原告履行5万元人民币的债务。原告多次找被告协商都未果。综上所述，原告为了维护自己的合法权益，特依法向人民法院提起诉讼，恳请人民法院判决被告向原告履行5万元人民币的债务。一、请求判决由被告丁泽兵偿还原告欠款人民币50000元（大写：人民币伍万元整）及其利息500元（以实际计算为准）。二、本案诉讼费由被告承担。&#xA;被告丁泽兵辩称：原告傅晓容是我前妻傅永梅的二姐。在我与傅永梅婚姻关系存续期间，傅永梅向没有向其二姐傅晓容借钱我不知道。我发现傅永梅以前在家里笔记本上记的开支流水账上注明得有&amp;ldquo；还欠二姐60000&amp;rdquo；的字样，说明即是傅永梅向傅晓容借得有钱，已还40000元，现在只欠60000元了，并不是还欠其100000元，并且借款被告不知情，是傅永梅个人的借款，被告不应承担还款义务。另外原告没有举示借款凭据。要求驳回原告诉讼请求。&#xA;第三人傅永梅辩称：自己与被告在婚姻关系存续期间，因为经营车辆运输需要共同向原告借款10万元属实。此借款在自己与被告离婚前未归还。被告所说的我在笔记本上写的&amp;ldquo；还欠二姐60000元&amp;rdquo；属实，但这与本案涉及的10万元借款无关，因为自己与原告不止这10万元的借款，还有其他借款往来。&#xA;本案审理中查明，原告傅晓容系被告丁泽兵前妻（本案第三人）傅永梅的二姐。被告丁泽兵与本案第三人傅永梅于1992年10月8日登记结婚。2013年8月22日重庆市渝北区人民法院判决被告丁泽兵与傅永梅离婚［（2012）渝北法民初字第12754号判决书］。2008年2月26日被告前妻本案第三人傅永梅因购买车辆向原告借款80000元、2008年5月7日本案第三人傅永梅再次向原告借款20000元。这两笔借款原告分别于2008年2月26日、2008年5月7日转入本案第三人傅永梅在邮政银行渝北区龙湖路储蓄卡账户中。2012年8月被告丁泽兵向重庆市渝北区法院提起与本案第三人傅永梅的离婚诉讼。重庆市渝北区人民法院于2013年8月22日作出（2012）渝北法民初字第12754号民事判决（已生效），该判决查明认定：&amp;ldquo；原（丁泽兵）被（傅永梅）告共同向傅晓容借款100000元。&amp;rdquo；该判决书同时判决&amp;ldquo；原（丁泽兵）被（傅永梅）告共同欠傅晓容100000元债务由原被告各承担50000元。&amp;rdquo；该判决生效后，本案被告丁泽兵没有依照判决所确定的义务向本案原告傅晓容归还借款50000元。诉讼中原告傅晓容撤回要求被告支付借款利息的请求，请求判令被告丁泽兵偿还借款50000元。&#xA;以上事实有邮政银行傅永梅存折两页、重庆市渝北区人民法院（2012）渝北法民初字第12754号民事判决书、原被告及第三人庭审笔录为据，足以认定。&#xA;本院认为被告丁泽兵及其前妻傅永梅向原告借款100000元属实，本院（2012）民初字第12754号民事判决对此予以查明确认，并则令丁泽兵与傅永梅各自承担50000元的偿还义务。本院（2012）民初字第12754号民事判决已生效，对于已经产生法律效力的法律文书所确认的事实和判决的内容在本案中可以作为证据直接引用。另外原告傅晓容借给丁泽兵，傅永梅的钱是通过银行转账支付的，借款的时间是2008年，当时丁泽兵与傅永梅关系并未恶化，借款用途为丁泽兵、傅永梅家庭经营车辆所需。本案借款的时间、用途以及邮局转账凭据，本院生效判决的认定内容已形成证据锁链，证实丁泽兵、傅永梅向原告傅晓容借款100000元的事实。另外本院（2012）民初字第12754号民事判决已确认丁泽兵、傅永梅向原告傅晓容的100000元的借款由丁泽兵、傅永梅各承担50000元的偿还义务，丁泽兵、傅永梅是按份偿还，并不是共同偿还且互不承担连带责任。现原告请求责令被告丁泽兵依据（2012）渝北法民初字第12754号判决所确定的义务偿还其借款50000元符合法律规定，本院依法予以支持。原告撤回要求被告支付借款利息的请求符合法律规定，本院依法允许。被告丁泽兵在诉讼中的辩解理由不成立。被告向本院提供的证据即丁泽兵自述为其前妻傅永梅书写的&amp;ldquo；还欠二姐60000&amp;rdquo；的书证内容不能确认第三人已向原告还款40000元。被告举证不充分。对被告的辩解请求本院不予支持。原告在本案中对第三人无诉讼请求，第三人在本案中不承担责任。依照《中华人民共和国民法通则》第八十四条，最高人民法院《关于民事诉讼证据若干规定》第二条、第九条（四）之规定，判决如下：&#xA;由被告丁泽兵在本判决生效后十日内偿还原告傅晓容借款50000元。&#xA;如果未按本判决指定的期间履行给付金钱义务，应当依照《中华人民共和国民事诉讼法》第二百五十三条之规定，按中国人民银行规定的同期贷款利率加倍支付延迟履行期间的债务利息。&#xA;本案受理费1060元，由被告丁泽兵承担。&#xA;如不服本判决，可在判决书送达之日起十五日内，向本院递交上诉状，并按对方当事人的人数提出副本，上诉于重庆市第一中级人民法院。双方当事人在法定上诉期内均未提出上诉或仅有一方上诉后又撤回的，本判决发生法律效力，当事人应自觉履行判决的全部义务。一方不履行的，自本判决内容生效后，权利人可以向人民法院申请强制执行。申请执行的期限为二年，该期限从法律文书规定履行期间的最后一日起计算。&#xA;审判长颜长江&#xA;人民陪审员雷娅&#xA;人民陪审员朱锡林&#xA;二〇一四年六月五日&#xA;书记员王玲&#xA;" nameCN="全文">
  <WS value="重庆市渝北区人民法院&#xA;民事判决书&#xA;（2014）渝北法民初字第02672号&#xA;" nameCN="文首">
    <WSZZDW value="法院" nameCN="文书制作单位" />
    <JBFY value="重庆市渝北区人民法院" nameCN="经办法院">
      <FYJB value="基层" nameCN="法院级别" />
      <XZQH_P value="重庆" nameCN="行政区划(省)" />
    </JBFY>
    <WSMC value="民事判决书" nameCN="文书名称" />
    <AH value="(2014)渝北法民初字第02672号" nameCN="案号" />
    <LAND value="2014" nameCN="立案年度" />
    <AJXZ value="民事案件" nameCN="案件性质" />
    <WSZL value="判决书" nameCN="文书种类" />
    <SPCX value="一审案件" nameCN="审判程序" />
    <AJLX value="民事一审案件" nameCN="案件类型" />
  </WS>
  <SSCYRQJ value="原告傅晓容，女，汉族，1969年4月27日出生。&#xA;委托代理人张崇云，重庆市渝北区双龙法律服务所法律工作者。&#xA;被告丁泽兵，男，汉族，1970年11月7日出生。&#xA;委托代理人张忠均，重庆广贤律师事务所律师。&#xA;委托代理人付国锋，重庆广贤律师事务所律师。&#xA;第三人傅永梅，女，汉族，1973年8月10日出生。&#xA;" nameCN="诉讼参与人全集">
    <SSCYR value="原告傅晓容，女，汉族，1969年4月27日出生。" nameCN="诉讼参与人">
      <SSCYRMC value="傅晓容" nameCN="诉讼参与人名称" />
      <SSSF value="原告" nameCN="诉讼身份" />
      <SSDW value="原告" nameCN="诉讼地位" />
      <DSRLB value="原告" nameCN="当事人类别" />
      <DSRLX value="自然人" nameCN="当事人类型" />
      <XB value="女" nameCN="性别" />
      <MZ value="汉族" nameCN="民族" />
      <CSRQ value="1969年4月27日" nameCN="出生日期">
        <Year value="1969" nameCN="年" />
        <Month value="4" nameCN="月" />
        <Day value="27" nameCN="日" />
      </CSRQ>
      <GJ value="中国" nameCN="国籍" />
      <DTQK value="到庭" nameCN="到庭情况" />
      <DSRSFZH value="否" nameCN="当事人是否再婚" />
    </SSCYR>
    <SSCYR value="委托代理人张崇云，重庆市渝北区双龙法律服务所法律工作者。" nameCN="诉讼参与人">
      <SSCYRMC value="张崇云" nameCN="诉讼参与人名称" />
      <SSSF value="委托代理人" nameCN="诉讼身份" />
      <DSRLX value="自然人" nameCN="当事人类型" />
      <GJ value="中国" nameCN="国籍" />
      <DTQK value="到庭" nameCN="到庭情况" />
    </SSCYR>
    <SSCYR value="被告丁泽兵，男，汉族，1970年11月7日出生。" nameCN="诉讼参与人">
      <SSCYRMC value="丁泽兵" nameCN="诉讼参与人名称" />
      <SSSF value="被告" nameCN="诉讼身份" />
      <SSDW value="被告" nameCN="诉讼地位" />
      <DSRLB value="被告" nameCN="当事人类别" />
      <DSRLX value="自然人" nameCN="当事人类型" />
      <XB value="男" nameCN="性别" />
      <MZ value="汉族" nameCN="民族" />
      <CSRQ value="1970年11月7日" nameCN="出生日期">
        <Year value="1970" nameCN="年" />
        <Month value="11" nameCN="月" />
        <Day value="7" nameCN="日" />
      </CSRQ>
      <GJ value="中国" nameCN="国籍" />
      <DTQK value="到庭" nameCN="到庭情况" />
      <DSRSFZH value="否" nameCN="当事人是否再婚" />
    </SSCYR>
    <SSCYR value="委托代理人张忠均，重庆广贤律师事务所律师。" nameCN="诉讼参与人">
      <SSCYRMC value="张忠均" nameCN="诉讼参与人名称" />
      <SSSF value="委托代理人" nameCN="诉讼身份" />
      <DSRLX value="自然人" nameCN="当事人类型" />
      <GJ value="中国" nameCN="国籍" />
      <DTQK value="到庭" nameCN="到庭情况" />
      <DWZWFZ nameCN="单位职务分组">
        <ZW value="律师" nameCN="职务" />
      </DWZWFZ>
    </SSCYR>
    <SSCYR value="委托代理人付国锋，重庆广贤律师事务所律师。" nameCN="诉讼参与人">
      <SSCYRMC value="付国锋" nameCN="诉讼参与人名称" />
      <SSSF value="委托代理人" nameCN="诉讼身份" />
      <DSRLX value="自然人" nameCN="当事人类型" />
      <GJ value="中国" nameCN="国籍" />
      <DTQK value="到庭" nameCN="到庭情况" />
      <DWZWFZ nameCN="单位职务分组">
        <ZW value="律师" nameCN="职务" />
      </DWZWFZ>
    </SSCYR>
    <SSCYR value="第三人傅永梅，女，汉族，1973年8月10日出生。" nameCN="诉讼参与人">
      <SSCYRMC value="傅永梅" nameCN="诉讼参与人名称" />
      <SSSF value="第三人" nameCN="诉讼身份" />
      <DSRLX value="自然人" nameCN="当事人类型" />
      <XB value="女" nameCN="性别" />
      <MZ value="汉族" nameCN="民族" />
      <CSRQ value="1973年8月10日" nameCN="出生日期">
        <Year value="1973" nameCN="年" />
        <Month value="8" nameCN="月" />
        <Day value="10" nameCN="日" />
      </CSRQ>
      <GJ value="中国" nameCN="国籍" />
      <DTQK value="到庭" nameCN="到庭情况" />
    </SSCYR>
    <SSCYRQJ value="错误" nameCN="保险公司是否作为被告" />
  </SSCYRQJ>
  <SSJL value="原告傅晓容诉被告丁泽兵民间借贷纠纷一案，本院于2014年1月15日立案受理，依法由审判员颜长江独任审判，于2014年2月26日公开开庭进行了审理。因案件审理需要，本院通知第三人参加本案诉讼。本院依法将本案的审理变更适用普通程序，由审判员颜长江担任审判长，与人民陪审员雷娅、朱锡林组成合议庭，于2014年4月17日公开开庭进行了审理。原告傅晓容的委托代理人张崇云和被告丁泽兵及其委托代理人张忠均、付国锋、第三人傅永梅到庭参加了诉讼。本案现已审理终结。" nameCN="诉讼记录">
    <YG value="傅晓容" nameCN="原告" />
    <BG value="丁泽兵" nameCN="被告" />
    <AY value="民间借贷纠纷" nameCN="案由" />
    <KTSL value="是" nameCN="开庭审理" />
    <KTSLXX value="公开审理" nameCN="开庭审理信息" />
    <WZAY value="民间借贷纠纷" nameCN="完整案由" />
    <AYDM value="9181" nameCN="案由代码" />
    <LARQ value="2014年1月15日" nameCN="立案日期" />
    <YSAJSYCX value="普通程序" nameCN="一审案件适用程序" />
    <JYZPT value="否" nameCN="简易转普通" />
    <SPZZ value="合议庭" nameCN="审判组织" />
    <YSAJLY value="新收" nameCN="一审案件来源" />
    <SLRQ value="2014年1月15日" nameCN="受理日期" />
    <CTDSRXX nameCN="出庭当事人信息">
      <CTRXM value="傅晓容" nameCN="出庭人姓名">
        <SSDW value="原告" nameCN="诉讼地位" />
      </CTRXM>
      <CTRXM value="付国锋" nameCN="出庭人姓名">
        <SSDW value="委托代理人" nameCN="诉讼地位" />
      </CTRXM>
      <CTRXM value="张忠均" nameCN="出庭人姓名">
        <SSDW value="委托代理人" nameCN="诉讼地位" />
      </CTRXM>
      <CTRXM value="傅永梅" nameCN="出庭人姓名">
        <SSDW value="第三人" nameCN="诉讼地位" />
      </CTRXM>
      <CTRXM value="张崇云" nameCN="出庭人姓名">
        <SSDW value="委托代理人" nameCN="诉讼地位" />
      </CTRXM>
      <CTRXM value="丁泽兵" nameCN="出庭人姓名">
        <SSDW value="被告" nameCN="诉讼地位" />
      </CTRXM>
    </CTDSRXX>
  </SSJL>
  <AJJBQK value="原告傅晓容诉称：原告傅晓容系第三人傅永梅之姐姐，被告人与第三人傅永梅原是夫妻关系，婚姻关系存续期间共同向原告人借款10万元人民币，现第三人傅永梅和被告丁泽兵通过诉讼已离婚。原告根据（2012）渝北法民初字12754号生效的判决书被告人应当向原告履行5万元人民币的债务。原告多次找被告协商都未果。综上所述，原告为了维护自己的合法权益，特依法向人民法院提起诉讼，恳请人民法院判决被告向原告履行5万元人民币的债务。一、请求判决由被告丁泽兵偿还原告欠款人民币50000元（大写：人民币伍万元整）及其利息500元（以实际计算为准）。二、本案诉讼费由被告承担。&#xA;被告丁泽兵辩称：原告傅晓容是我前妻傅永梅的二姐。在我与傅永梅婚姻关系存续期间，傅永梅向没有向其二姐傅晓容借钱我不知道。我发现傅永梅以前在家里笔记本上记的开支流水账上注明得有&amp;ldquo；还欠二姐60000&amp;rdquo；的字样，说明即是傅永梅向傅晓容借得有钱，已还40000元，现在只欠60000元了，并不是还欠其100000元，并且借款被告不知情，是傅永梅个人的借款，被告不应承担还款义务。另外原告没有举示借款凭据。要求驳回原告诉讼请求。&#xA;第三人傅永梅辩称：自己与被告在婚姻关系存续期间，因为经营车辆运输需要共同向原告借款10万元属实。此借款在自己与被告离婚前未归还。被告所说的我在笔记本上写的&amp;ldquo；还欠二姐60000元&amp;rdquo；属实，但这与本案涉及的10万元借款无关，因为自己与原告不止这10万元的借款，还有其他借款往来。&#xA;本案审理中查明，原告傅晓容系被告丁泽兵前妻（本案第三人）傅永梅的二姐。被告丁泽兵与本案第三人傅永梅于1992年10月8日登记结婚。2013年8月22日重庆市渝北区人民法院判决被告丁泽兵与傅永梅离婚［（2012）渝北法民初字第12754号判决书］。2008年2月26日被告前妻本案第三人傅永梅因购买车辆向原告借款80000元、2008年5月7日本案第三人傅永梅再次向原告借款20000元。这两笔借款原告分别于2008年2月26日、2008年5月7日转入本案第三人傅永梅在邮政银行渝北区龙湖路储蓄卡账户中。2012年8月被告丁泽兵向重庆市渝北区法院提起与本案第三人傅永梅的离婚诉讼。重庆市渝北区人民法院于2013年8月22日作出（2012）渝北法民初字第12754号民事判决（已生效），该判决查明认定：&amp;ldquo；原（丁泽兵）被（傅永梅）告共同向傅晓容借款100000元。&amp;rdquo；该判决书同时判决&amp;ldquo；原（丁泽兵）被（傅永梅）告共同欠傅晓容100000元债务由原被告各承担50000元。&amp;rdquo；该判决生效后，本案被告丁泽兵没有依照判决所确定的义务向本案原告傅晓容归还借款50000元。诉讼中原告傅晓容撤回要求被告支付借款利息的请求，请求判令被告丁泽兵偿还借款50000元。&#xA;以上事实有邮政银行傅永梅存折两页、重庆市渝北区人民法院（2012）渝北法民初字第12754号民事判决书、原被告及第三人庭审笔录为据，足以认定。&#xA;" nameCN="案件基本情况">
    <YGSCD value="原告傅晓容诉称：原告傅晓容系第三人傅永梅之姐姐，被告人与第三人傅永梅原是夫妻关系，婚姻关系存续期间共同向原告人借款10万元人民币，现第三人傅永梅和被告丁泽兵通过诉讼已离婚。原告根据（2012）渝北法民初字12754号生效的判决书被告人应当向原告履行5万元人民币的债务。原告多次找被告协商都未果。综上所述，原告为了维护自己的合法权益，特依法向人民法院提起诉讼，恳请人民法院判决被告向原告履行5万元人民币的债务。一、请求判决由被告丁泽兵偿还原告欠款人民币50000元（大写：人民币伍万元整）及其利息500元（以实际计算为准）。二、本案诉讼费由被告承担。 " nameCN="原告诉称段" />
    <BGBCD value="被告丁泽兵辩称：原告傅晓容是我前妻傅永梅的二姐。在我与傅永梅婚姻关系存续期间，傅永梅向没有向其二姐傅晓容借钱我不知道。我发现傅永梅以前在家里笔记本上记的开支流水账上注明得有&amp;ldquo；还欠二姐60000&amp;rdquo；的字样，说明即是傅永梅向傅晓容借得有钱，已还40000元，现在只欠60000元了，并不是还欠其100000元，并且借款被告不知情，是傅永梅个人的借款，被告不应承担还款义务。另外原告没有举示借款凭据。要求驳回原告诉讼请求。 " nameCN="被告辩称段" />
    <DSRYJD value="第三人傅永梅辩称：自己与被告在婚姻关系存续期间，因为经营车辆运输需要共同向原告借款10万元属实。此借款在自己与被告离婚前未归还。被告所说的我在笔记本上写的&amp;ldquo；还欠二姐60000元&amp;rdquo；属实，但这与本案涉及的10万元借款无关，因为自己与原告不止这10万元的借款，还有其他借款往来。" nameCN="第三人意见段" />
    <CMSSD value="本案审理中查明，原告傅晓容系被告丁泽兵前妻（本案第三人）傅永梅的二姐。被告丁泽兵与本案第三人傅永梅于1992年10月8日登记结婚。2013年8月22日重庆市渝北区人民法院判决被告丁泽兵与傅永梅离婚［（2012）渝北法民初字第12754号判决书］。2008年2月26日被告前妻本案第三人傅永梅因购买车辆向原告借款80000元、2008年5月7日本案第三人傅永梅再次向原告借款20000元。这两笔借款原告分别于2008年2月26日、2008年5月7日转入本案第三人傅永梅在邮政银行渝北区龙湖路储蓄卡账户中。2012年8月被告丁泽兵向重庆市渝北区法院提起与本案第三人傅永梅的离婚诉讼。重庆市渝北区人民法院于2013年8月22日作出（2012）渝北法民初字第12754号民事判决（已生效），该判决查明认定：&amp;ldquo；原（丁泽兵）被（傅永梅）告共同向傅晓容借款100000元。&amp;rdquo；该判决书同时判决&amp;ldquo；原（丁泽兵）被（傅永梅）告共同欠傅晓容100000元债务由原被告各承担50000元。&amp;rdquo；该判决生效后，本案被告丁泽兵没有依照判决所确定的义务向本案原告傅晓容归还借款50000元。诉讼中原告傅晓容撤回要求被告支付借款利息的请求，请求判令被告丁泽兵偿还借款50000元。以上事实有邮政银行傅永梅存折两页、重庆市渝北区人民法院（2012）渝北法民初字第12754号民事判决书、原被告及第三人庭审笔录为据，足以认定。 " nameCN="查明事实段">
      <SGXQ value="未提及" nameCN="事故详情">
        <SGSJ value="未提及" nameCN="事故时间" />
        <SGDD value="未提及" nameCN="事故地点" />
      </SGXQ>
      <JDCSYR value="丁泽兵" nameCN="机动车所有人" />
      <GAJGRDYJ value="&amp;ldquo；原（丁泽兵）被（傅永梅）告共同向傅晓容借款100000元，" nameCN="公安机关认定意见" />
      <SFTB value="是" nameCN="是否投保" />
      <SFZBXQN value="是" nameCN="是否在保险期内" />
      <SFXQPF value="是" nameCN="是否先期赔付" />
      <JDSFKK value="是" nameCN="鉴定是否可靠" />
    </CMSSD>
  </AJJBQK>
  <CPFXGC value="本院认为被告丁泽兵及其前妻傅永梅向原告借款100000元属实，本院（2012）民初字第12754号民事判决对此予以查明确认，并则令丁泽兵与傅永梅各自承担50000元的偿还义务。本院（2012）民初字第12754号民事判决已生效，对于已经产生法律效力的法律文书所确认的事实和判决的内容在本案中可以作为证据直接引用。另外原告傅晓容借给丁泽兵，傅永梅的钱是通过银行转账支付的，借款的时间是2008年，当时丁泽兵与傅永梅关系并未恶化，借款用途为丁泽兵、傅永梅家庭经营车辆所需。本案借款的时间、用途以及邮局转账凭据，本院生效判决的认定内容已形成证据锁链，证实丁泽兵、傅永梅向原告傅晓容借款100000元的事实。另外本院（2012）民初字第12754号民事判决已确认丁泽兵、傅永梅向原告傅晓容的100000元的借款由丁泽兵、傅永梅各承担50000元的偿还义务，丁泽兵、傅永梅是按份偿还，并不是共同偿还且互不承担连带责任。现原告请求责令被告丁泽兵依据（2012）渝北法民初字第12754号判决所确定的义务偿还其借款50000元符合法律规定，本院依法予以支持。原告撤回要求被告支付借款利息的请求符合法律规定，本院依法允许。被告丁泽兵在诉讼中的辩解理由不成立。被告向本院提供的证据即丁泽兵自述为其前妻傅永梅书写的&amp;ldquo；还欠二姐60000&amp;rdquo；的书证内容不能确认第三人已向原告还款40000元。被告举证不充分。对被告的辩解请求本院不予支持。原告在本案中对第三人无诉讼请求，第三人在本案中不承担责任。依照《中华人民共和国民法通则》第八十四条，最高人民法院《关于民事诉讼证据若干规定》第二条、第九条（四）之规定，判决如下：&#xA;" nameCN="裁判分析过程">
    <JAFSLX value="判决" nameCN="结案方式类型" />
    <FLFTMC value="中华人民共和国民法通则" nameCN="法律法条名称">
      <TM value="八十四" nameCN="条目" />
      <SFCXF value="非程序法" nameCN="是否是程序法" />
    </FLFTMC>
    <FLFTMC value="关于民事诉讼证据若干规定" nameCN="法律法条名称">
      <TM value="二" nameCN="条目" />
      <TM value="九" nameCN="条目" />
      <SFCXF value="非程序法" nameCN="是否是程序法" />
    </FLFTMC>
  </CPFXGC>
  <CPJG value="由被告丁泽兵在本判决生效后十日内偿还原告傅晓容借款50000元。&#xA;如果未按本判决指定的期间履行给付金钱义务，应当依照《中华人民共和国民事诉讼法》第二百五十三条之规定，按中国人民银行规定的同期贷款利率加倍支付延迟履行期间的债务利息。&#xA;本案受理费1060元，由被告丁泽兵承担。&#xA;如不服本判决，可在判决书送达之日起十五日内，向本院递交上诉状，并按对方当事人的人数提出副本，上诉于重庆市第一中级人民法院。双方当事人在法定上诉期内均未提出上诉或仅有一方上诉后又撤回的，本判决发生法律效力，当事人应自觉履行判决的全部义务。一方不履行的，自本判决内容生效后，权利人可以向人民法院申请强制执行。申请执行的期限为二年，该期限从法律文书规定履行期间的最后一日起计算。&#xA;" nameCN="裁判结果">
    <JAFS value="判决" nameCN="结案方式" />
    <PCSFSXZQ value="正确" nameCN="同时起诉侵权人与保险公司的赔偿顺序" />
    <JTPJJG value="由被告丁泽兵在本判决生效后十日内偿还原告傅晓容借款50000元。" nameCN="具体裁判段">
      <QLR value="傅晓容" nameCN="权利人">
        <QLRSSDW value="原告" nameCN="诉讼地位" />
      </QLR>
      <YWR value="丁泽兵" nameCN="义务人">
        <YWRSSDW value="被告" nameCN="诉讼地位" />
      </YWR>
      <PJZXQX value="十日" nameCN="判决执行期限" />
      <PJJE nameCN="判决金额">
        <JE value="50000元" nameCN="金额" />
        <JELX value="借款" nameCN="金额类型" />
      </PJJE>
    </JTPJJG>
    <JTPJJG value="如果未按本判决指定的期间履行给付金钱义务，应当依照《中华人民共和国民事诉讼法》第二百五十三条之规定，按中国人民银行规定的同期贷款利率加倍支付延迟履行期间的债务利息。" nameCN="具体裁判段" />
    <SSFCD nameCN="诉讼费承担">
      <SSFCDJL value="本案受理费1060元，由被告丁泽兵承担。" nameCN="诉讼费承担记录">
        <SSFJE value="1060元" nameCN="诉讼费金额" />
        <SSFZL value="受理费" nameCN="诉讼费种类" />
        <SSFCDR value="丁泽兵" nameCN="承担人">
          <SSFCDJE value="1060元" nameCN="承担金额" />
          <SSFCDFS value="个人独立承担该金额" nameCN="承担方式" />
          <SSFCDDW value="被告" nameCN="承担人地位" />
        </SSFCDR>
      </SSFCDJL>
    </SSFCD>
    <SFFHCS value="否" nameCN="是否发回重审" />
    <KSSZ value="重庆市第一中级人民法院" nameCN="可上诉至" />
    <SSTJCL value="上诉状，并按对方当事人的人数提出副本" nameCN="上诉提交材料" />
    <SSQX value="十五日" nameCN="上诉期限" />
    <TCGXQYY value="否" nameCN="是否提出管辖权异议" />
  </CPJG>
  <WW value="审判长颜长江&#xA;人民陪审员雷娅&#xA;人民陪审员朱锡林&#xA;二〇一四年六月五日&#xA;书记员王玲&#xA;" nameCN="文尾">
    <SPZZCY nameCN="审判组织成员">
      <SPRYXM value="朱锡林" nameCN="审判人员姓名" />
      <SPRYJS value="人民陪审员" nameCN="审判人员角色" />
    </SPZZCY>
    <SPZZCY nameCN="审判组织成员">
      <SPRYXM value="颜长江" nameCN="审判人员姓名" />
      <SPRYJS value="审判长" nameCN="审判人员角色" />
    </SPZZCY>
    <SPZZCY nameCN="审判组织成员">
      <SPRYXM value="王玲" nameCN="审判人员姓名" />
      <SPRYJS value="书记员" nameCN="审判人员角色" />
    </SPZZCY>
    <SPZZCY nameCN="审判组织成员">
      <SPRYXM value="雷娅" nameCN="审判人员姓名" />
      <SPRYJS value="人民陪审员" nameCN="审判人员角色" />
    </SPZZCY>
    <CPSJ value="2014年6月5日" nameCN="裁判时间">
      <Year value="2014" nameCN="结案年度" />
      <JANYR value="2014年6月5日" nameCN="结案年月日" />
      <JANY value="2014-6" nameCN="结案年月" />
      <Month value="6" nameCN="月" />
      <Day value="5" nameCN="日" />
    </CPSJ>
  </WW>
  <FL value="" nameCN="附录" />
</QW>

