<?xml version="1.0" encoding="UTF-8"?>
<QW value="&#xA;长春经济技术开发区人民法院&#xA;民事判决书&#xA;2013年长经开民初字第01281号&#xA;原告：傅立海，男，汉族，1947年5月15日生，无职业，现住长春经济技术开发区。&#xA;委托代理人：孟凡双，吉林博仑律师事务所律师。&#xA;被告：贾玉良，男，汉族，1968年3月23日生，现住长春经济技术开发区。&#xA;被告：陈建明，男，汉族，1957年8月25日生，无职业，现住长春市南关区。&#xA;委托代理人：高士河，男，汉族，1983年1月24日生，无职业，现住长春经济技术开发区。&#xA;被告：华安财产保险股份有限公司吉林分公司，住所地长春市朝阳区。&#xA;负责人：李高生，该公司总经理。&#xA;委托代理人：杨志涛，该公司职员。&#xA;原告傅立海诉被告贾玉良、陈建明、华安财产保险股份有限公司吉林分公司机动车交通事故责任纠纷一案，本院受理后，依法组成合议庭，公开开庭进行了审理。原告傅立海及其委托代理人孟凡双，被告贾玉良、被告陈建明委托代理人高士河、被告华安财产保险股份有限公司吉林分公司委托代理人杨志涛，均到庭参加诉讼，本案现已审理终结。&#xA;原告诉称，2013年5月12日18时30分，被告贾玉良驾驶蒙迪欧牌小型轿车沿会展大街由北向南行使，至雨乔宾馆前右转弯时，其车右后侧与同方向行驶的原告所骑电动自行车左前侧接触，致两车损坏，原告受伤。被告贾玉良将原告电动自行车移动，经长春经开区交警大队认定，被告贾玉良承担该事故全部责任，原告不承担此次事故责任。&#xA;原告受伤后，在吉林大学中日联谊医院住院治疗36天，诊断为头部外伤，左侧额叶脑出血，双侧放射冠区腔隙性脑梗死，右侧眶上裂伤，后枕部擦皮伤，左侧右臂及手掌擦皮伤，共花医药费等40000余元。被告陈建明为该肇事车辆的所有人，该肇事车辆在被告华安财产保险股份有限公司吉林分公司参保交强险，原告出院后，多次要求被告支付上述费用，被告拒不配合支付。故原告诉至法院，请求：1、判令三被告连带承担原告住院期间各项费用共计45279．42元（其中医疗费35399．93元＋577元=35976．93元、护理费102．77元／天×37天=3802．49元、住院伙食补助费50元／天×36天=1800元、交通费200．00元、律师费3500元）。2、诉讼费费由被告承担。被告贾玉良辩称，对事故发生没有异议，同意赔偿，但我认为事发时是原告喝酒撞到我车上，后来我为了积极抢救原告动了车的位置，致使现场破坏，所以我承担全部责任。我对原告的医疗费有异议。&#xA;被告陈建明辩称，对事故发生事实没有异议，但我认为是原告驾车撞到陈建明车的后面，而且陈建明将车借给贾玉良发生了事故，所以不同意赔偿。&#xA;被告华安财产保险股份有限公司吉林分公司辩称，同意在交强险责任范围内予以赔偿，不承担诉讼费、鉴定费、律师代理费。&#xA;经审理查明，2013年5月12日18时30分，被告贾玉良驾驶蒙迪欧牌小型轿车沿会展大街由北向南行使，至雨乔宾馆前右转弯时，其车右后侧与同方向行驶的原告所骑电动自行车左前侧接触，致两车损坏，原告受伤。原告受伤当日被送至吉林大学中日联谊医院住院治疗至2013年6月18日出院止，共住院36天，（花费门诊检查费577元、住院费35399．93元，共计35976．93元）；经吉林大学中日联谊医院诊断为：诊断为头部外伤，左侧额叶脑出血，双侧放射冠区腔隙性脑梗死，右侧眶上裂伤，后枕部擦皮伤，左侧右臂及手掌擦皮伤。出院注意事项：“1、休息三个月；2、继续口服抗癫痫药物；3、定期复查；病情变化随诊。”此次事故，2013年5月20日经长春市交警支队经济技术开发区交警大队处理，作出长公交认字（2013）第2013000974号道路交通事故认定书，认定贾玉良承担该起交通事故全部责任，傅立海不承担该起交通事故责任。被告陈建明为该肇事车辆蒙迪欧牌小型轿车的所有人，该肇事车辆在被告华安财产保险股份有限公司吉林分公司投保了交强险。诉讼期间，被告贾玉良对原告医疗费数额有异议，申请对原告住院期间用药进行司法鉴定。法院依法委托吉林立民司法鉴定所对原告住院期间用药是否合理进行鉴定；吉林立民司法鉴定所作出吉立民司鉴所（2013）法临鉴字第108号司法鉴定文审意见书，鉴定意见为：被鉴定人傅立海住院期间所发生的医疗费大部分合理，不合理费用约为人民币壹万伍仟零二十元（15020．00）整。此次鉴定的鉴定费为1400元。原告因不能当庭出具交通费票据，原告放弃主张交通费的诉求。庭审中，被告贾玉良出具2013年5月13日、2013年5月14日、2013年5月16日住院病人预交款（出院结算凭证）三份（共计人民币7000．00元，用以证明原告主张的医疗费中包括上述预交款7000．00元。上述住院病人预交款（出院结算凭证）上均载明“注意：1、此通知仅作交款根据。2、请妥善保管，丢失不补，以此凭证结账。报销无效”的内容。原告否认其主张的医疗费中包括被告贾玉良预交款7000．00元。&#xA;上记事实，有原告出具的住院病历、诊断、医疗费票据、交通事故认定书、公民户籍证明及被告贾玉良出具的司法鉴定结论在卷为凭。&#xA;本院认为，（1）该交通事故经公安交通部门责任认定，被告贾玉良承担事故全部责任，原告不承担事故责任；原、被告双方对此责任认定无异议，应予确认。被告贾玉良是此次事故肇事人，其应按公安交警部门认定的责任承担赔偿义务。（2）关于原告主张由被告华安财产保险股份有限公司吉林分公司承担连带责任的诉求，因于法无据，不予支持；被告华安财产保险股份有限公司吉林分公司应在交强险责任限额范围内赔偿原告医疗费、误工费、护理费。（3）关于原告主张由被告陈建明承担连带责任的诉求，因原告对被告陈建明在此次事故中是否存在过错未能举证予以证明，故对原告此项主张不予支持。（4）被告贾玉良抗辩原告主张的医疗费中包括预交款7000．00元，因被告贾玉良出具的住院病人预交款（出院结算凭证）三份，在被告处，并非医院出具的正式结算票据，该票据仅体现作交款根据，以此凭证结账，报销无效，被告贾玉良对此抗辩主张举证不足，故对被告贾玉良该抗辩主张不予确认。（5）吉林立民司法鉴定所作出吉立民司鉴所（2013）法临鉴字第108号司法鉴定文审意见书合法，对其鉴定意见应予采信。对鉴定意见确认的不合理用药部分费用15020．00元，应从原告主张的医疗费中扣除。被告贾玉良应赔偿原告交强险责任限额范围外的医疗费10956．93元、住院伙食补助费1800．00元、护理费3699．72元。（6）原告主张的律师代理费，虽被告贾玉良有异议，认为过高，但对此主张未能举证予以证明，故对被告贾玉良该抗辩不予支持。因（2013）法临鉴字第108号司法鉴定文审意见书确认了原告不合理用药部分费用15020．00元，故此次鉴定费1400元，应由原告承担466元，被告贾玉良承担934元。&#xA;综上所述，依据《中华人民共和国侵权责任法》第三条、第十五条第六项、第四十八条、第四十九条，《最高人民法院关于审理人身损害赔偿案件适用法律若干问题的解释》弟十七条、第十九条、第二十条、第二十一条、第二十三条之规定判决如下：&#xA;一、被告华安财产保险股份有限公司吉林分公司赔偿原告傅立海医疗费人民币10000．00元。&#xA;二、被告贾玉良赔偿原告傅立海医疗费10956．93元、住院伙食补助费1800．00元（50元／天×36天）、护理费3699．72元（102．77元／天×36天），合计人民币16456．65元。&#xA;三、鉴定费1400．00元（被告贾玉良垫付），由原告傅立海承担466元，被告贾玉良承担934元。&#xA;四、律师代理费3500．00元（原告傅立海垫付），由被告贾玉良承担。&#xA;五、驳回原告其他诉讼请求。&#xA;上述款项于本判决生效之日起十日内给付。&#xA;如被告未按判决书规定的期间履行给付金钱义务，依照《中华人民共和国民事诉讼法》第二百五十三条的规定，加倍支付迟延履行期间的债务利息。&#xA;案件受理费932．00元，由原告傅立海承担166．00元，被告贾玉良承担766．00元。&#xA;如不服本判决，可在判决书送达之日起十五日内，向本院递交上诉状，并按对方当事人的人数提出副本，上诉于吉林省长春市中级人民法院。&#xA;审判长胡忠宇&#xA;人民陪审员王丽波&#xA;人民陪审员黄学文&#xA;二〇一四年一月二十三日&#xA;书记员陶祥曦&#xA;" nameCN="全文">
  <WS value="长春经济技术开发区人民法院&#xA;民事判决书&#xA;2013年长经开民初字第01281号&#xA;" nameCN="文首">
    <WSZZDW value="法院" nameCN="文书制作单位" />
    <JBFY value="长春经济技术开发区人民法院" nameCN="经办法院">
      <FYJB value="基层" nameCN="法院级别" />
    </JBFY>
    <WSMC value="民事判决书" nameCN="文书名称" />
    <AH value="2013年长经开民初字第01281号" nameCN="案号" />
    <LAND value="2016" nameCN="立案年度" />
    <AJXZ value="民事案件" nameCN="案件性质" />
    <WSZL value="判决书" nameCN="文书种类" />
    <SPCX value="一审案件" nameCN="审判程序" />
    <AJLX value="民事一审案件" nameCN="案件类型" />
  </WS>
  <SSCYRQJ value="原告：傅立海，男，汉族，1947年5月15日生，无职业，现住长春经济技术开发区。&#xA;委托代理人：孟凡双，吉林博仑律师事务所律师。&#xA;被告：贾玉良，男，汉族，1968年3月23日生，现住长春经济技术开发区。&#xA;被告：陈建明，男，汉族，1957年8月25日生，无职业，现住长春市南关区。&#xA;委托代理人：高士河，男，汉族，1983年1月24日生，无职业，现住长春经济技术开发区。&#xA;被告：华安财产保险股份有限公司吉林分公司，住所地长春市朝阳区。&#xA;负责人：李高生，该公司总经理。&#xA;委托代理人：杨志涛，该公司职员。&#xA;" nameCN="诉讼参与人全集">
    <SSCYR value="原告：傅立海，男，汉族，1947年5月15日生，无职业，现住长春经济技术开发区。" nameCN="诉讼参与人">
      <SSCYRMC value="傅立海" nameCN="诉讼参与人名称" />
      <SSSF value="原告" nameCN="诉讼身份" />
      <SSDW value="原告" nameCN="诉讼地位" />
      <DSRLB value="原告" nameCN="当事人类别" />
      <DSRLX value="自然人" nameCN="当事人类型" />
      <XB value="男" nameCN="性别" />
      <MZ value="汉族" nameCN="民族" />
      <CSRQ value="1947年5月15日" nameCN="出生日期">
        <Year value="1947" nameCN="年" />
        <Month value="5" nameCN="月" />
        <Day value="15" nameCN="日" />
      </CSRQ>
      <GJ value="中国" nameCN="国籍" />
      <DSRDZ value="长春经济技术开发区" nameCN="当事人地址" />
      <DWZWFZ nameCN="单位职务分组">
        <ZW value="无职业" nameCN="职务" />
      </DWZWFZ>
    </SSCYR>
    <SSCYR value="委托代理人：孟凡双，吉林博仑律师事务所律师。" nameCN="诉讼参与人">
      <SSCYRMC value="孟凡双" nameCN="诉讼参与人名称" />
      <SSSF value="委托代理人" nameCN="诉讼身份" />
      <DSRLX value="自然人" nameCN="当事人类型" />
      <GJ value="中国" nameCN="国籍" />
      <DWZWFZ nameCN="单位职务分组">
        <ZW value="律师" nameCN="职务" />
      </DWZWFZ>
    </SSCYR>
    <SSCYR value="被告：贾玉良，男，汉族，1968年3月23日生，现住长春经济技术开发区。" nameCN="诉讼参与人">
      <SSCYRMC value="贾玉良" nameCN="诉讼参与人名称" />
      <SSSF value="被告" nameCN="诉讼身份" />
      <SSDW value="被告" nameCN="诉讼地位" />
      <DSRLB value="被告" nameCN="当事人类别" />
      <DSRLX value="自然人" nameCN="当事人类型" />
      <XB value="男" nameCN="性别" />
      <MZ value="汉族" nameCN="民族" />
      <CSRQ value="1968年3月23日" nameCN="出生日期">
        <Year value="1968" nameCN="年" />
        <Month value="3" nameCN="月" />
        <Day value="23" nameCN="日" />
      </CSRQ>
      <GJ value="中国" nameCN="国籍" />
      <DSRDZ value="长春经济技术开发区" nameCN="当事人地址" />
      <JTSFZR value="承担事故全部责任" nameCN="交通事故责任" />
    </SSCYR>
    <SSCYR value="被告：陈建明，男，汉族，1957年8月25日生，无职业，现住长春市南关区。" nameCN="诉讼参与人">
      <SSCYRMC value="陈建明" nameCN="诉讼参与人名称" />
      <SSSF value="被告" nameCN="诉讼身份" />
      <SSDW value="被告" nameCN="诉讼地位" />
      <DSRLB value="被告" nameCN="当事人类别" />
      <DSRLX value="自然人" nameCN="当事人类型" />
      <XB value="男" nameCN="性别" />
      <MZ value="汉族" nameCN="民族" />
      <CSRQ value="1957年8月25日" nameCN="出生日期">
        <Year value="1957" nameCN="年" />
        <Month value="8" nameCN="月" />
        <Day value="25" nameCN="日" />
      </CSRQ>
      <GJ value="中国" nameCN="国籍" />
      <DSRDZ value="长春市南关区" nameCN="当事人地址" />
      <DWZWFZ nameCN="单位职务分组">
        <ZW value="无职业" nameCN="职务" />
      </DWZWFZ>
      <JTSFZR value="承担连带责任" nameCN="交通事故责任" />
    </SSCYR>
    <SSCYR value="委托代理人：高士河，男，汉族，1983年1月24日生，无职业，现住长春经济技术开发区。" nameCN="诉讼参与人">
      <SSCYRMC value="高士河" nameCN="诉讼参与人名称" />
      <SSSF value="委托代理人" nameCN="诉讼身份" />
      <DSRLX value="自然人" nameCN="当事人类型" />
      <XB value="男" nameCN="性别" />
      <MZ value="汉族" nameCN="民族" />
      <CSRQ value="1983年1月24日" nameCN="出生日期">
        <Year value="1983" nameCN="年" />
        <Month value="1" nameCN="月" />
        <Day value="24" nameCN="日" />
      </CSRQ>
      <GJ value="中国" nameCN="国籍" />
      <DSRDZ value="长春经济技术开发区" nameCN="当事人地址" />
      <DWZWFZ nameCN="单位职务分组">
        <ZW value="无职业" nameCN="职务" />
      </DWZWFZ>
    </SSCYR>
    <SSCYR value="被告：华安财产保险股份有限公司吉林分公司，住所地长春市朝阳区。" nameCN="诉讼参与人">
      <SSCYRMC value="华安财产保险股份有限公司吉林分公司" nameCN="诉讼参与人名称" />
      <SSSF value="被告" nameCN="诉讼身份" />
      <SSDW value="被告" nameCN="诉讼地位" />
      <DSRLB value="被告" nameCN="当事人类别" />
      <DSRLX value="法人" nameCN="当事人类型" />
      <DSRDZ value="长春市朝阳区" nameCN="当事人地址" />
      <DWXZ value="股份有限公司" nameCN="单位性质" />
      <TSHY value="保险" nameCN="特殊行业" />
      <JTSFZR value="承担连带责任" nameCN="交通事故责任" />
    </SSCYR>
    <SSCYR value="负责人：李高生，该公司总经理。" nameCN="诉讼参与人">
      <SSCYRMC value="李高生" nameCN="诉讼参与人名称" />
      <SSSF value="负责人" nameCN="诉讼身份" />
      <DSRLX value="自然人" nameCN="当事人类型" />
      <GJ value="中国" nameCN="国籍" />
      <DWZWFZ nameCN="单位职务分组">
        <ZW value="总经理" nameCN="职务" />
      </DWZWFZ>
    </SSCYR>
    <SSCYR value="委托代理人：杨志涛，该公司职员。" nameCN="诉讼参与人">
      <SSCYRMC value="杨志涛" nameCN="诉讼参与人名称" />
      <SSSF value="委托代理人" nameCN="诉讼身份" />
      <DSRLX value="自然人" nameCN="当事人类型" />
      <GJ value="中国" nameCN="国籍" />
      <DWZWFZ nameCN="单位职务分组">
        <ZW value="职员" nameCN="职务" />
      </DWZWFZ>
    </SSCYR>
    <SSCYRQJ value="正确" nameCN="保险公司是否作为被告" />
  </SSCYRQJ>
  <SSJL value="原告傅立海诉被告贾玉良、陈建明、华安财产保险股份有限公司吉林分公司机动车交通事故责任纠纷一案，本院受理后，依法组成合议庭，公开开庭进行了审理。原告傅立海及其委托代理人孟凡双，被告贾玉良、被告陈建明委托代理人高士河、被告华安财产保险股份有限公司吉林分公司委托代理人杨志涛，均到庭参加诉讼，本案现已审理终结。" nameCN="诉讼记录">
    <AY value="机动车交通事故责任纠纷" nameCN="案由" />
    <KTSL value="是" nameCN="开庭审理" />
    <KTSLXX value="公开审理" nameCN="开庭审理信息" />
    <WZAY value="机动车交通事故责任纠纷" nameCN="完整案由" />
    <AYDM value="9722" nameCN="案由代码" />
    <YSAJSYCX value="普通程序" nameCN="一审案件适用程序" />
    <JYZPT value="否" nameCN="简易转普通" />
    <SPZZ value="合议庭" nameCN="审判组织" />
    <YSAJLY value="新收" nameCN="一审案件来源" />
    <CTDSRXX nameCN="出庭当事人信息">
      <CTRXM value="高士河" nameCN="出庭人姓名">
        <SSDW value="委托代理人" nameCN="诉讼地位" />
      </CTRXM>
      <CTRXM value="贾玉良" nameCN="出庭人姓名">
        <SSDW value="被告" nameCN="诉讼地位" />
      </CTRXM>
      <CTRXM value="孟凡双" nameCN="出庭人姓名">
        <SSDW value="委托代理人" nameCN="诉讼地位" />
      </CTRXM>
      <CTRXM value="傅立海" nameCN="出庭人姓名">
        <SSDW value="原告" nameCN="诉讼地位" />
      </CTRXM>
      <CTRXM value="陈建明" nameCN="出庭人姓名">
        <SSDW value="被告" nameCN="诉讼地位" />
      </CTRXM>
      <CTRXM value="华安财产保险股份有限公司吉林分公司" nameCN="出庭人姓名">
        <SSDW value="被告" nameCN="诉讼地位" />
      </CTRXM>
      <CTRXM value="杨志涛" nameCN="出庭人姓名">
        <SSDW value="委托代理人" nameCN="诉讼地位" />
      </CTRXM>
    </CTDSRXX>
  </SSJL>
  <AJJBQK value="原告诉称，2013年5月12日18时30分，被告贾玉良驾驶蒙迪欧牌小型轿车沿会展大街由北向南行使，至雨乔宾馆前右转弯时，其车右后侧与同方向行驶的原告所骑电动自行车左前侧接触，致两车损坏，原告受伤。被告贾玉良将原告电动自行车移动，经长春经开区交警大队认定，被告贾玉良承担该事故全部责任，原告不承担此次事故责任。&#xA;原告受伤后，在吉林大学中日联谊医院住院治疗36天，诊断为头部外伤，左侧额叶脑出血，双侧放射冠区腔隙性脑梗死，右侧眶上裂伤，后枕部擦皮伤，左侧右臂及手掌擦皮伤，共花医药费等40000余元。被告陈建明为该肇事车辆的所有人，该肇事车辆在被告华安财产保险股份有限公司吉林分公司参保交强险，原告出院后，多次要求被告支付上述费用，被告拒不配合支付。故原告诉至法院，请求：1、判令三被告连带承担原告住院期间各项费用共计45279．42元（其中医疗费35399．93元＋577元=35976．93元、护理费102．77元／天×37天=3802．49元、住院伙食补助费50元／天×36天=1800元、交通费200．00元、律师费3500元）。2、诉讼费费由被告承担。被告贾玉良辩称，对事故发生没有异议，同意赔偿，但我认为事发时是原告喝酒撞到我车上，后来我为了积极抢救原告动了车的位置，致使现场破坏，所以我承担全部责任。我对原告的医疗费有异议。&#xA;被告陈建明辩称，对事故发生事实没有异议，但我认为是原告驾车撞到陈建明车的后面，而且陈建明将车借给贾玉良发生了事故，所以不同意赔偿。&#xA;被告华安财产保险股份有限公司吉林分公司辩称，同意在交强险责任范围内予以赔偿，不承担诉讼费、鉴定费、律师代理费。&#xA;经审理查明，2013年5月12日18时30分，被告贾玉良驾驶蒙迪欧牌小型轿车沿会展大街由北向南行使，至雨乔宾馆前右转弯时，其车右后侧与同方向行驶的原告所骑电动自行车左前侧接触，致两车损坏，原告受伤。原告受伤当日被送至吉林大学中日联谊医院住院治疗至2013年6月18日出院止，共住院36天，（花费门诊检查费577元、住院费35399．93元，共计35976．93元）；经吉林大学中日联谊医院诊断为：诊断为头部外伤，左侧额叶脑出血，双侧放射冠区腔隙性脑梗死，右侧眶上裂伤，后枕部擦皮伤，左侧右臂及手掌擦皮伤。出院注意事项：“1、休息三个月；2、继续口服抗癫痫药物；3、定期复查；病情变化随诊。”此次事故，2013年5月20日经长春市交警支队经济技术开发区交警大队处理，作出长公交认字（2013）第2013000974号道路交通事故认定书，认定贾玉良承担该起交通事故全部责任，傅立海不承担该起交通事故责任。被告陈建明为该肇事车辆蒙迪欧牌小型轿车的所有人，该肇事车辆在被告华安财产保险股份有限公司吉林分公司投保了交强险。诉讼期间，被告贾玉良对原告医疗费数额有异议，申请对原告住院期间用药进行司法鉴定。法院依法委托吉林立民司法鉴定所对原告住院期间用药是否合理进行鉴定；吉林立民司法鉴定所作出吉立民司鉴所（2013）法临鉴字第108号司法鉴定文审意见书，鉴定意见为：被鉴定人傅立海住院期间所发生的医疗费大部分合理，不合理费用约为人民币壹万伍仟零二十元（15020．00）整。此次鉴定的鉴定费为1400元。原告因不能当庭出具交通费票据，原告放弃主张交通费的诉求。庭审中，被告贾玉良出具2013年5月13日、2013年5月14日、2013年5月16日住院病人预交款（出院结算凭证）三份（共计人民币7000．00元，用以证明原告主张的医疗费中包括上述预交款7000．00元。上述住院病人预交款（出院结算凭证）上均载明“注意：1、此通知仅作交款根据。2、请妥善保管，丢失不补，以此凭证结账。报销无效”的内容。原告否认其主张的医疗费中包括被告贾玉良预交款7000．00元。&#xA;上记事实，有原告出具的住院病历、诊断、医疗费票据、交通事故认定书、公民户籍证明及被告贾玉良出具的司法鉴定结论在卷为凭。&#xA;" nameCN="案件基本情况">
    <YGSCD value="原告诉称，2013年5月12日18时30分，被告贾玉良驾驶蒙迪欧牌小型轿车沿会展大街由北向南行使，至雨乔宾馆前右转弯时，其车右后侧与同方向行驶的原告所骑电动自行车左前侧接触，致两车损坏，原告受伤。被告贾玉良将原告电动自行车移动，经长春经开区交警大队认定，被告贾玉良承担该事故全部责任，原告不承担此次事故责任。 原告受伤后，在吉林大学中日联谊医院住院治疗36天，诊断为头部外伤，左侧额叶脑出血，双侧放射冠区腔隙性脑梗死，右侧眶上裂伤，后枕部擦皮伤，左侧右臂及手掌擦皮伤，共花医药费等40000余元。被告陈建明为该肇事车辆的所有人，该肇事车辆在被告华安财产保险股份有限公司吉林分公司参保交强险，原告出院后，多次要求被告支付上述费用，被告拒不配合支付。故原告诉至法院，请求：1、判令三被告连带承担原告住院期间各项费用共计45279．42元（其中医疗费35399．93元＋577元=35976．93元、护理费102．77元／天×37天=3802．49元、住院伙食补助费50元／天×36天=1800元、交通费200．00元、律师费3500元）。2、诉讼费费由被告承担。被告贾玉良辩称，对事故发生没有异议，同意赔偿，但我认为事发时是原告喝酒撞到我车上，后来我为了积极抢救原告动了车的位置，致使现场破坏，所以我承担全部责任。我对原告的医疗费有异议。 " nameCN="原告诉称段" />
    <BGBCD value="被告陈建明辩称，对事故发生事实没有异议，但我认为是原告驾车撞到陈建明车的后面，而且陈建明将车借给贾玉良发生了事故，所以不同意赔偿。 被告华安财产保险股份有限公司吉林分公司辩称，同意在交强险责任范围内予以赔偿，不承担诉讼费、鉴定费、律师代理费。 " nameCN="被告辩称段" />
    <ZJD value="上记事实，有原告出具的住院病历、诊断、医疗费票据、交通事故认定书、公民户籍证明及被告贾玉良出具的司法鉴定结论在卷为凭。" nameCN="证据段" />
    <CMSSD value="经审理查明，2013年5月12日18时30分，被告贾玉良驾驶蒙迪欧牌小型轿车沿会展大街由北向南行使，至雨乔宾馆前右转弯时，其车右后侧与同方向行驶的原告所骑电动自行车左前侧接触，致两车损坏，原告受伤。原告受伤当日被送至吉林大学中日联谊医院住院治疗至2013年6月18日出院止，共住院36天，（花费门诊检查费577元、住院费35399．93元，共计35976．93元）；经吉林大学中日联谊医院诊断为：诊断为头部外伤，左侧额叶脑出血，双侧放射冠区腔隙性脑梗死，右侧眶上裂伤，后枕部擦皮伤，左侧右臂及手掌擦皮伤。出院注意事项：“1、休息三个月；2、继续口服抗癫痫药物；3、定期复查；病情变化随诊。”此次事故，2013年5月20日经长春市交警支队经济技术开发区交警大队处理，作出长公交认字（2013）第2013000974号道路交通事故认定书，认定贾玉良承担该起交通事故全部责任，傅立海不承担该起交通事故责任。被告陈建明为该肇事车辆蒙迪欧牌小型轿车的所有人，该肇事车辆在被告华安财产保险股份有限公司吉林分公司投保了交强险。诉讼期间，被告贾玉良对原告医疗费数额有异议，申请对原告住院期间用药进行司法鉴定。法院依法委托吉林立民司法鉴定所对原告住院期间用药是否合理进行鉴定；吉林立民司法鉴定所作出吉立民司鉴所（2013）法临鉴字第108号司法鉴定文审意见书，鉴定意见为：被鉴定人傅立海住院期间所发生的医疗费大部分合理，不合理费用约为人民币壹万伍仟零二十元（15020．00）整。此次鉴定的鉴定费为1400元。原告因不能当庭出具交通费票据，原告放弃主张交通费的诉求。庭审中，被告贾玉良出具2013年5月13日、2013年5月14日、2013年5月16日住院病人预交款（出院结算凭证）三份（共计人民币7000．00元，用以证明原告主张的医疗费中包括上述预交款7000．00元。上述住院病人预交款（出院结算凭证）上均载明“注意：1、此通知仅作交款根据。2、请妥善保管，丢失不补，以此凭证结账。报销无效”的内容。原告否认其主张的医疗费中包括被告贾玉良预交款7000．00元。" nameCN="查明事实段">
      <SGXQ value="经审理查明，2013年5月12日18时30分，被告贾玉良驾驶蒙迪欧牌小型轿车沿会展大街由北向南行使，至雨乔宾馆前右转弯时，其车右后侧与同方向行驶的原告所骑电动自行车左前侧接触，致两车损坏，原告受伤。" nameCN="事故详情">
        <SGSJ value="2013年5月12日18时30分" nameCN="事故时间" />
        <SGDD value="未提及" nameCN="事故地点" />
      </SGXQ>
      <JDCGLR value="贾玉良" nameCN="机动车管理人" />
      <JDCSYR value="陈建明" nameCN="机动车所有人" />
      <GAJGRDYJ value="认定贾玉良承担该起交通事故全部责任，傅立海不承担该起交通事故责任。" nameCN="公安机关认定意见" />
      <SHRJZD value="长春经济技术开发区" nameCN="受害人居住地" />
      <SHRZY value="无职业" nameCN="受害人职业" />
      <SFTB value="是" nameCN="是否投保" />
      <TBXZ value="交通事故责任强制保险" nameCN="投保险种" />
      <SFZBXQN value="是" nameCN="是否在保险期内" />
      <SFXQPF value="是" nameCN="是否先期赔付" />
      <SQ value="诊断为：诊断为头部外伤，左侧额叶脑出血，双侧放射冠区腔隙性脑梗死，右侧眶上裂伤，后枕部擦皮伤，左侧右臂及手掌擦皮伤。" nameCN="伤情" />
      <SJZCQK value="35976．93元" nameCN="实际支出情况" />
      <XGJD value="被鉴定人傅立海住院期间所发生的医疗费大部分合理，不合理费用约为人民币壹万伍仟零二十元（15020．00）整。" nameCN="相关鉴定" />
      <JDSFKK value="否" nameCN="鉴定是否可靠" />
    </CMSSD>
  </AJJBQK>
  <CPFXGC value="本院认为，（1）该交通事故经公安交通部门责任认定，被告贾玉良承担事故全部责任，原告不承担事故责任；原、被告双方对此责任认定无异议，应予确认。被告贾玉良是此次事故肇事人，其应按公安交警部门认定的责任承担赔偿义务。（2）关于原告主张由被告华安财产保险股份有限公司吉林分公司承担连带责任的诉求，因于法无据，不予支持；被告华安财产保险股份有限公司吉林分公司应在交强险责任限额范围内赔偿原告医疗费、误工费、护理费。（3）关于原告主张由被告陈建明承担连带责任的诉求，因原告对被告陈建明在此次事故中是否存在过错未能举证予以证明，故对原告此项主张不予支持。（4）被告贾玉良抗辩原告主张的医疗费中包括预交款7000．00元，因被告贾玉良出具的住院病人预交款（出院结算凭证）三份，在被告处，并非医院出具的正式结算票据，该票据仅体现作交款根据，以此凭证结账，报销无效，被告贾玉良对此抗辩主张举证不足，故对被告贾玉良该抗辩主张不予确认。（5）吉林立民司法鉴定所作出吉立民司鉴所（2013）法临鉴字第108号司法鉴定文审意见书合法，对其鉴定意见应予采信。对鉴定意见确认的不合理用药部分费用15020．00元，应从原告主张的医疗费中扣除。被告贾玉良应赔偿原告交强险责任限额范围外的医疗费10956．93元、住院伙食补助费1800．00元、护理费3699．72元。（6）原告主张的律师代理费，虽被告贾玉良有异议，认为过高，但对此主张未能举证予以证明，故对被告贾玉良该抗辩不予支持。因（2013）法临鉴字第108号司法鉴定文审意见书确认了原告不合理用药部分费用15020．00元，故此次鉴定费1400元，应由原告承担466元，被告贾玉良承担934元。&#xA;综上所述，依据《中华人民共和国侵权责任法》第三条、第十五条第六项、第四十八条、第四十九条，《最高人民法院关于审理人身损害赔偿案件适用法律若干问题的解释》弟十七条、第十九条、第二十条、第二十一条、第二十三条之规定判决如下：&#xA;" nameCN="裁判分析过程">
    <JAFSLX value="判决" nameCN="结案方式类型" />
    <FLFTMC value="中华人民共和国侵权责任法" nameCN="法律法条名称">
      <TM value="四十八" nameCN="条目" />
      <TM value="四十九" nameCN="条目" />
      <TM value="三" nameCN="条目" />
      <TM value="十五" nameCN="条目">
        <KM value="第六项" nameCN="款目" />
      </TM>
      <SFCXF value="非程序法" nameCN="是否是程序法" />
    </FLFTMC>
    <FLFTMC value="最高人民法院关于审理人身损害赔偿案件适用法律若干问题的解释" nameCN="法律法条名称">
      <TM value="二十三" nameCN="条目" />
      <TM value="十九" nameCN="条目" />
      <TM value="二十一" nameCN="条目" />
      <TM value="二十" nameCN="条目" />
      <SFCXF value="非程序法" nameCN="是否是程序法" />
    </FLFTMC>
  </CPFXGC>
  <CPJG value="一、被告华安财产保险股份有限公司吉林分公司赔偿原告傅立海医疗费人民币10000．00元。&#xA;二、被告贾玉良赔偿原告傅立海医疗费10956．93元、住院伙食补助费1800．00元（50元／天×36天）、护理费3699．72元（102．77元／天×36天），合计人民币16456．65元。&#xA;三、鉴定费1400．00元（被告贾玉良垫付），由原告傅立海承担466元，被告贾玉良承担934元。&#xA;四、律师代理费3500．00元（原告傅立海垫付），由被告贾玉良承担。&#xA;五、驳回原告其他诉讼请求。&#xA;上述款项于本判决生效之日起十日内给付。&#xA;如被告未按判决书规定的期间履行给付金钱义务，依照《中华人民共和国民事诉讼法》第二百五十三条的规定，加倍支付迟延履行期间的债务利息。&#xA;案件受理费932．00元，由原告傅立海承担166．00元，被告贾玉良承担766．00元。&#xA;如不服本判决，可在判决书送达之日起十五日内，向本院递交上诉状，并按对方当事人的人数提出副本，上诉于吉林省长春市中级人民法院。&#xA;" nameCN="裁判结果">
    <JAFS value="判决" nameCN="结案方式" />
    <PCSFSXZQ value="正确" nameCN="同时起诉侵权人与保险公司的赔偿顺序" />
    <JTPJJG value="一、被告华安财产保险股份有限公司吉林分公司赔偿原告傅立海医疗费人民币10000．00元。" nameCN="具体裁判段">
      <QLR value="傅立海" nameCN="权利人">
        <QLRSSDW value="原告" nameCN="诉讼地位" />
      </QLR>
      <YWR value="华安财产保险股份有限公司吉林分公司" nameCN="义务人">
        <YWRSSDW value="被告" nameCN="诉讼地位" />
      </YWR>
      <PJJE nameCN="判决金额">
        <JE value="10000.00元" nameCN="金额" />
        <JELX value="医疗费" nameCN="金额类型" />
      </PJJE>
    </JTPJJG>
    <JTPJJG value="二、被告贾玉良赔偿原告傅立海医疗费10956．93元、住院伙食补助费1800．00元（50元／天×36天）、护理费3699．72元（102．77元／天×36天），合计人民币16456．65元。" nameCN="具体裁判段">
      <QLR value="傅立海" nameCN="权利人">
        <QLRSSDW value="原告" nameCN="诉讼地位" />
      </QLR>
      <YWR value="贾玉良" nameCN="义务人">
        <YWRSSDW value="被告" nameCN="诉讼地位" />
      </YWR>
      <PJJE nameCN="判决金额">
        <JE value="10956.93元" nameCN="金额" />
        <JELX value="医疗费" nameCN="金额类型" />
      </PJJE>
      <PJJE nameCN="判决金额">
        <JE value="1800.00元" nameCN="金额" />
        <JELX value="住院伙食补助费" nameCN="金额类型" />
        <JELX value="伙食补助费" nameCN="金额类型" />
      </PJJE>
      <PJJE nameCN="判决金额">
        <JE value="50元" nameCN="金额" />
      </PJJE>
      <PJJE nameCN="判决金额">
        <JE value="3699.72元" nameCN="金额" />
      </PJJE>
      <PJJE nameCN="判决金额">
        <JE value="102.77元" nameCN="金额" />
      </PJJE>
      <PJJE nameCN="判决金额">
        <JE value="16456.65元" nameCN="金额" />
      </PJJE>
    </JTPJJG>
    <JTPJJG value="三、鉴定费1400．00元（被告贾玉良垫付），由原告傅立海承担466元，被告贾玉良承担934元。" nameCN="具体裁判段">
      <PJJE nameCN="判决金额">
        <JE value="1400.00元" nameCN="金额" />
        <JELX value="鉴定费" nameCN="金额类型" />
      </PJJE>
      <PJJE nameCN="判决金额">
        <JE value="466元" nameCN="金额" />
      </PJJE>
      <PJJE nameCN="判决金额">
        <JE value="934元" nameCN="金额" />
      </PJJE>
    </JTPJJG>
    <JTPJJG value="四、律师代理费3500．00元（原告傅立海垫付），由被告贾玉良承担。" nameCN="具体裁判段">
      <PJJE nameCN="判决金额">
        <JE value="3500.00元" nameCN="金额" />
        <JELX value="代理费" nameCN="金额类型" />
      </PJJE>
    </JTPJJG>
    <JTPJJG value="五、驳回原告其他诉讼请求。" nameCN="具体裁判段" />
    <JTPJJG value="上述款项于本判决生效之日起十日内给付。" nameCN="具体裁判段">
      <PJZXQX value="十日" nameCN="判决执行期限" />
    </JTPJJG>
    <JTPJJG value="如被告未按判决书规定的期间履行给付金钱义务，依照《中华人民共和国民事诉讼法》第二百五十三条的规定，加倍支付迟延履行期间的债务利息。" nameCN="具体裁判段" />
    <SSFCD nameCN="诉讼费承担">
      <SSFCDJL value="案件受理费932．00元，由原告傅立海承担166．00元，被告贾玉良承担766．00元。" nameCN="诉讼费承担记录">
        <SSFJE value="932.00元" nameCN="诉讼费金额" />
        <SSFZL value="受理费" nameCN="诉讼费种类" />
        <SSFCDR value="傅立海" nameCN="承担人">
          <SSFCDJE value="00元" nameCN="承担金额" />
          <SSFCDFS value="个人独立承担该金额" nameCN="承担方式" />
          <SSFCDDW value="原告" nameCN="承担人地位" />
        </SSFCDR>
        <SSFCDR value="贾玉良" nameCN="承担人">
          <SSFCDJE value="00元" nameCN="承担金额" />
          <SSFCDFS value="个人独立承担该金额" nameCN="承担方式" />
          <SSFCDDW value="被告" nameCN="承担人地位" />
        </SSFCDR>
      </SSFCDJL>
    </SSFCD>
    <SFZCSSQQ value="部分支持部分不支持" nameCN="是否支持诉讼请求" />
    <SBSF value="起诉方" nameCN="胜诉方" />
    <SFFHCS value="否" nameCN="是否发回重审" />
    <KSSZ value="吉林省长春市中级人民法院" nameCN="可上诉至" />
    <SSTJCL value="上诉状，并按对方当事人的人数提出副本" nameCN="上诉提交材料" />
    <SSQX value="十五日" nameCN="上诉期限" />
    <TCGXQYY value="否" nameCN="是否提出管辖权异议" />
  </CPJG>
  <WW value="审判长胡忠宇&#xA;人民陪审员王丽波&#xA;人民陪审员黄学文&#xA;二〇一四年一月二十三日&#xA;书记员陶祥曦&#xA;" nameCN="文尾">
    <SPZZCY nameCN="审判组织成员">
      <SPRYXM value="陶祥曦" nameCN="审判人员姓名" />
      <SPRYJS value="书记员" nameCN="审判人员角色" />
    </SPZZCY>
    <SPZZCY nameCN="审判组织成员">
      <SPRYXM value="胡忠宇" nameCN="审判人员姓名" />
      <SPRYJS value="审判长" nameCN="审判人员角色" />
    </SPZZCY>
    <SPZZCY nameCN="审判组织成员">
      <SPRYXM value="黄学文" nameCN="审判人员姓名" />
      <SPRYJS value="人民陪审员" nameCN="审判人员角色" />
    </SPZZCY>
    <SPZZCY nameCN="审判组织成员">
      <SPRYXM value="王丽波" nameCN="审判人员姓名" />
      <SPRYJS value="人民陪审员" nameCN="审判人员角色" />
    </SPZZCY>
    <CPSJ value="2014年1月23日" nameCN="裁判时间">
      <Year value="2014" nameCN="结案年度" />
      <JANYR value="2014年1月23日" nameCN="结案年月日" />
      <JANY value="2014-1" nameCN="结案年月" />
      <Month value="1" nameCN="月" />
      <Day value="23" nameCN="日" />
    </CPSJ>
  </WW>
  <FL value="" nameCN="附录" />
</QW>

