<?xml version="1.0" encoding="UTF-8"?>
<QW value="河北省迁安市人民法院&#xA;民事裁定书&#xA;（2015）安民初字第2487号&#xA;原告：兖光林，农民。&#xA;被告：刘树增，农民。&#xA;本院在审理原告兖光林与被告刘树增买卖合同纠纷一案中，原告兖光林于2015年12月18日向本院提出撤诉申请。&#xA;本院认为，原告的申请符合法律规定。依照《中华人民共和国民事诉讼法》第一百四十五条之规定，裁定如下：&#xA;准许原告兖光林撤回起诉。&#xA;案件受理费235元，由原告兖光林负担。&#xA;审判长王永军&#xA;代理审判员杨洪伟&#xA;代理审判员李春举&#xA;二〇一五年十二月十八日&#xA;书记员杨帆&#xA;" nameCN="全文">
  <WS value="河北省迁安市人民法院&#xA;民事裁定书&#xA;（2015）安民初字第2487号&#xA;" nameCN="文首">
    <WSZZDW value="法院" nameCN="文书制作单位" />
    <JBFY value="河北省迁安市人民法院" nameCN="经办法院">
      <FYJB value="基层" nameCN="法院级别" />
      <XZQH_P value="河北" nameCN="行政区划(省)" />
      <XZQH_C value="迁安市" nameCN="行政区划(市)" />
    </JBFY>
    <WSMC value="民事裁定书" nameCN="文书名称" />
    <AH value="(2015)安民初字第2487号" nameCN="案号" />
    <LAND value="2015" nameCN="立案年度" />
    <AJXZ value="民事案件" nameCN="案件性质" />
    <WSZL value="裁定书" nameCN="文书种类" />
    <SPCX value="一审案件" nameCN="审判程序" />
    <AJLX value="民事一审案件" nameCN="案件类型" />
  </WS>
  <SSCYRQJ value="原告：兖光林，农民。&#xA;被告：刘树增，农民。&#xA;" nameCN="诉讼参与人全集">
    <SSCYR value="原告：兖光林，农民。" nameCN="诉讼参与人">
      <SSCYRMC value="兖光林" nameCN="诉讼参与人名称" />
      <SSSF value="原告" nameCN="诉讼身份" />
      <SSDW value="原告" nameCN="诉讼地位" />
      <DSRLB value="原告" nameCN="当事人类别" />
      <DSRLX value="自然人" nameCN="当事人类型" />
      <GJ value="中国" nameCN="国籍" />
      <DWZWFZ nameCN="单位职务分组">
        <ZW value="农民" nameCN="职务" />
      </DWZWFZ>
    </SSCYR>
    <SSCYR value="被告：刘树增，农民。" nameCN="诉讼参与人">
      <SSCYRMC value="刘树增" nameCN="诉讼参与人名称" />
      <SSSF value="被告" nameCN="诉讼身份" />
      <SSDW value="被告" nameCN="诉讼地位" />
      <DSRLB value="被告" nameCN="当事人类别" />
      <DSRLX value="自然人" nameCN="当事人类型" />
      <GJ value="中国" nameCN="国籍" />
      <DWZWFZ nameCN="单位职务分组">
        <ZW value="农民" nameCN="职务" />
      </DWZWFZ>
    </SSCYR>
    <SSCYRQJ value="错误" nameCN="保险公司是否作为被告" />
  </SSCYRQJ>
  <SSJL value="本院在审理原告兖光林与被告刘树增买卖合同纠纷一案中，原告兖光林于2015年12月18日向本院提出撤诉申请。" nameCN="诉讼记录">
    <CS value="" nameCN="撤诉">
      <CSR value="兖光林" nameCN="撤诉人" />
      <RQ value="2015年12月18日" nameCN="日期" />
    </CS>
    <YG value="兖光林" nameCN="原告" />
    <BG value="刘树增" nameCN="被告" />
    <AY value="买卖合同纠纷" nameCN="案由" />
    <KTSL value="否" nameCN="开庭审理" />
    <WZAY value="买卖合同纠纷" nameCN="完整案由" />
    <AYDM value="9142" nameCN="案由代码" />
    <YSAJSYCX value="普通程序" nameCN="一审案件适用程序" />
    <JYZPT value="否" nameCN="简易转普通" />
    <SPZZ value="独任庭" nameCN="审判组织" />
    <YSAJLY value="新收" nameCN="一审案件来源" />
    <SQCSRQ value="2015年12月18日" nameCN="申请撤诉日期" />
  </SSJL>
  <AJJBQK value="" nameCN="案件基本情况" />
  <CPFXGC value="本院认为，原告的申请符合法律规定。依照《中华人民共和国民事诉讼法》第一百四十五条之规定，裁定如下：&#xA;" nameCN="裁判分析过程">
    <JAFSLX value="裁定" nameCN="结案方式类型" />
    <FLFTMC value="中华人民共和国民事诉讼法" nameCN="法律法条名称">
      <TM value="一百四十五" nameCN="条目" />
      <SFCXF value="是程序法" nameCN="是否是程序法" />
    </FLFTMC>
  </CPFXGC>
  <CPJG value="准许原告兖光林撤回起诉。&#xA;案件受理费235元，由原告兖光林负担。&#xA;" nameCN="裁判结果">
    <JAFS value="准予撤诉" nameCN="结案方式" />
    <PCSFSXZQ value="正确" nameCN="同时起诉侵权人与保险公司的赔偿顺序" />
    <JTPJJG value="准许原告兖光林撤回起诉。" nameCN="具体裁判段" />
    <SSFCD nameCN="诉讼费承担">
      <SSFCDJL value="案件受理费235元，由原告兖光林负担。" nameCN="诉讼费承担记录">
        <SSFJE value="235元" nameCN="诉讼费金额" />
        <SSFZL value="受理费" nameCN="诉讼费种类" />
        <SSFCDR value="兖光林" nameCN="承担人">
          <SSFCDJE value="235元" nameCN="承担金额" />
          <SSFCDFS value="个人独立承担该金额" nameCN="承担方式" />
          <SSFCDDW value="原告" nameCN="承担人地位" />
        </SSFCDR>
      </SSFCDJL>
    </SSFCD>
    <SFFHCS value="否" nameCN="是否发回重审" />
    <CSRJH nameCN="撤诉人集合">
      <CSR value="兖光林" nameCN="撤诉人" />
    </CSRJH>
    <CSLX value="原告主动撤诉" nameCN="撤诉类型" />
    <TCGXQYY value="否" nameCN="是否提出管辖权异议" />
  </CPJG>
  <WW value="审判长王永军&#xA;代理审判员杨洪伟&#xA;代理审判员李春举&#xA;二〇一五年十二月十八日&#xA;书记员杨帆&#xA;" nameCN="文尾">
    <SPZZCY nameCN="审判组织成员">
      <SPRYXM value="王永军" nameCN="审判人员姓名" />
      <SPRYJS value="审判长" nameCN="审判人员角色" />
    </SPZZCY>
    <SPZZCY nameCN="审判组织成员">
      <SPRYXM value="杨帆" nameCN="审判人员姓名" />
      <SPRYJS value="书记员" nameCN="审判人员角色" />
    </SPZZCY>
    <SPZZCY nameCN="审判组织成员">
      <SPRYXM value="李春举" nameCN="审判人员姓名" />
      <SPRYJS value="代理审判员" nameCN="审判人员角色" />
    </SPZZCY>
    <SPZZCY nameCN="审判组织成员">
      <SPRYXM value="杨洪伟" nameCN="审判人员姓名" />
      <SPRYJS value="代理审判员" nameCN="审判人员角色" />
    </SPZZCY>
    <CPSJ value="2015年12月18日" nameCN="裁判时间">
      <Year value="2015" nameCN="结案年度" />
      <JANYR value="2015年12月18日" nameCN="结案年月日" />
      <JANY value="2015-12" nameCN="结案年月" />
      <Month value="12" nameCN="月" />
      <Day value="18" nameCN="日" />
    </CPSJ>
  </WW>
  <FL value="" nameCN="附录" />
</QW>

