<?xml version="1.0" encoding="UTF-8"?>
<QW value="重庆市江北区人民法院&#xA;民事判决书&#xA;（2014）江法民初字第08942号&#xA;原告兴业银行股份有限公司重庆分行，住所地重庆市江北区红旗河沟红黄路1号1幢兴业大厦（4至9层、16、17和19层），组织机构代码70938674-8。&#xA;代表人吕伟，行长。&#xA;委托代理人朱茵，女，1983年6月28日出生，汉族，住重庆市江北区。&#xA;委托代理人刘弘毅，男，1979年2月15日出生，汉族，住重庆市渝中区。&#xA;被告重庆金锄机械制造有限公司，住所地重庆市渝北区空港工业园区长凯路105号，组织机构代码68149829-6。&#xA;法定代表人吴江，董事长。&#xA;被告吴江，男，1975年11月21日出生，汉族，住重庆市渝北区。&#xA;被告王亚萍，女，1974年2月22日出生，汉族，住重庆市渝北区。&#xA;原告兴业银行股份有限公司重庆分行（以下简称兴业银行重庆分行）与被告重庆金锄机械制造有限公司（以下简称金锄公司）、吴江、王亚萍借款合同纠纷一案，本院于2014年9月26日立案受理后，依法组成合议庭，公开开庭进行了审理。原告兴业银行重庆分行的委托代理人朱茵到庭参加诉讼，被告金锄公司、吴江、王亚萍经本院合法传唤无正当理由拒不到庭。本案现已审理终结。&#xA;原告兴业银行重庆分行诉称，2014年2月19日，我行与金锄公司签订《流动资金借款合同》，约定我行向金锄公司提供借款200万元，借款利率为年利率7．8％；借款期限12个月，按月付息、到期还本；若逾期还款，我行有权对逾期借款计收罚息对未按时支付的利息按罚息利率计收复利，罚息利率为借款利率上浮50％。同日，吴江、王亚萍与我行签订《保证合同》，自愿为前述借款提供连带保证责任担保；我行依约发放了全部借款。现借款已到期，金锄公司未归还全部借款本金，已构成违约，请求判令金锄公司偿还我行尚欠借款本金20万元及截止2015年3月20日的利息、罚息、复利28478．53元；判令金锄公司支付我行2015年3月21日起至本息付清日止的罚息、复利（罚息以尚欠借款本金为基数，按年利率7．8％上浮50％计算，利随本清；复利以应付未付的利息和罚息为基数，按年利率7．8％上浮50％计算，按月计收）。&#xA;被告金锄公司、吴江、王亚萍未答辩。&#xA;经审理查明，2014年2月19日，兴业银行重庆分行（贷款人）与金锄公司（借款人）签订《流动资金借款合同》（编号：兴银渝两路口（零）贷字第201XXXX号），约定贷款人为借款人提供借款200万元，借款期限12个月，自2014年2月19日起至2015年2月18日止，放款日以借款借据、借款凭证记载的实际发放日为准；执行固定利率，年利率7．8％；本合同约定每月的20日为结息日，借款人应在结息日次日向贷款人支付当期借款利息，在借款到期日结清其余本息；如借款人未按期还款且又未就展期事宜与贷款人达成协议，即借款逾期的，贷款人有权对逾期的借款计收罚息、对未按时支付的利息按罚息利率计收复利，罚息利率为借款利率上浮50％。&#xA;2014年2月19日，兴业银行重庆分行（债权人）与吴江、万王亚萍（保证人）签订《保证合同》（编号：兴银渝两路口（零）保字第201XXXX号），约定保证人为债权人在前述《流动资金借款合同》项下的全部债权提供连带保证责任担保。同日，兴业银行重庆分行依约向金锄公司发放借款200万元。金锄公司未按约支付利息，兴业银行重庆分行于2014年9月18日向金锄公司、吴江、王亚萍发出《提前还款通知书》，宣布借款提前到期，并要求归还全部借款本息；截止2015年3月20日，金锄公司尚欠借款本金20万元，利息、罚息、复利共计27578．53元。&#xA;上述事实，有《流动资金借款合同》、《保证合同》、借款借据、《提前还款通知书》、EMS邮寄存单、借款欠息清单及当事人陈述在卷佐证，并经开庭质证，足以认定。&#xA;本院认为，兴业银行重庆分行分别与上展公司，吴江、王亚萍签订的《流动资金借款合同》、《保证合同》均是双方真实意思表示，且内容不违反法律规定，合法有效，双方当事人应按照合同的约定履行各自义务。合同订立后，兴业银行重庆分行依约发放了贷款200万元，履行了合同义务。上展公司未按约归还贷款，截至2015年3月20日，尚欠贷款本金20万元，利息、罚息复利28478．53元，其行为已构成违约，应承担相应的违约责；兴业银行重庆分行要求上展公司偿付尚欠贷款本金、利息、罚息、复利并自2015年3月21日起按合同约定的罚息利率支付罚息、复利的请求，符合双方约定及法律规定，本院予以支持。吴江、王亚萍自愿为借款提供连带保证责任担保，应当承担担保责任，对兴业银行重庆分行要求对吴江、王亚萍对上展公司的债务承担连带清偿的请求，本院予以支持。依照《中华人民共和国合同法》第六十条、第一百零七条、第一百九十六条、第二百零六条、第二百零七条，《中华人民共和国担保法》第十八条和《中华人民共和国民事诉讼法》第一百四十四条的规定，判决如下：&#xA;一、被告重庆金锄机械制造有限公司于本判决生效之日起十日内返还原告兴业银行股份有限公司重庆分行借款本金20万元及截止2015年3月20日的利息、罚息、复利28478．53元；&#xA;二、被告重庆金锄机械制造有限公司于本判决生效之日起十日内支付原告兴业银行股份有限公司重庆分行2015年3月21日起至本息付清日止的罚息、复利（罚息以尚欠借款本金为基数，按年利率7．8％上浮50％计算，利随本清；复利以应付未付的利息和罚息为基数，按年利率7．8％上浮50％按月计算）；&#xA;三、被告吴江、王亚萍对被告重庆金锄机械制造有限公司的前述付款义务承担连带清偿责任。&#xA;义务人如果未按本判决指定的期间履行给付金钱义务，应当依照《中华人民共和国民事诉讼法》第二百五十三条之规定，加倍支付迟延履行期间的债务利息。&#xA;本案案件受理费4727元、诉前财产保全申请费5000元、公告费800元，共计10527元，由被告重庆金锄机械制造有限公司、吴江、王亚萍负担，被告重庆金锄机械制造有限公司、吴江、王亚萍在履行前述义务时将其应当负担的诉讼费23671直接支付原告兴业银行股份有限公司重庆分行。&#xA;如不服本判决，可在判决书送达之日起十五日内，向本院递交上诉状，并按对方当事人的人数提出副本，上诉于重庆市第一中级人民法院。&#xA;审判长李世军&#xA;代理审判员李韶&#xA;人民陪审员郭敏&#xA;二〇一五年四月二十日&#xA;书记员段静强&#xA;" nameCN="全文">
  <WS value="重庆市江北区人民法院&#xA;民事判决书&#xA;（2014）江法民初字第08942号&#xA;" nameCN="文首">
    <WSZZDW value="法院" nameCN="文书制作单位" />
    <JBFY value="重庆市江北区人民法院" nameCN="经办法院">
      <FYJB value="基层" nameCN="法院级别" />
      <XZQH_P value="重庆" nameCN="行政区划(省)" />
    </JBFY>
    <WSMC value="民事判决书" nameCN="文书名称" />
    <AH value="(2014)江法民初字第08942号" nameCN="案号" />
    <LAND value="2014" nameCN="立案年度" />
    <AJXZ value="民事案件" nameCN="案件性质" />
    <WSZL value="判决书" nameCN="文书种类" />
    <SPCX value="一审案件" nameCN="审判程序" />
    <AJLX value="民事一审案件" nameCN="案件类型" />
  </WS>
  <SSCYRQJ value="原告兴业银行股份有限公司重庆分行，住所地重庆市江北区红旗河沟红黄路1号1幢兴业大厦（4至9层、16、17和19层），组织机构代码70938674-8。&#xA;代表人吕伟，行长。&#xA;委托代理人朱茵，女，1983年6月28日出生，汉族，住重庆市江北区。&#xA;委托代理人刘弘毅，男，1979年2月15日出生，汉族，住重庆市渝中区。&#xA;被告重庆金锄机械制造有限公司，住所地重庆市渝北区空港工业园区长凯路105号，组织机构代码68149829-6。&#xA;法定代表人吴江，董事长。&#xA;被告吴江，男，1975年11月21日出生，汉族，住重庆市渝北区。&#xA;被告王亚萍，女，1974年2月22日出生，汉族，住重庆市渝北区。&#xA;" nameCN="诉讼参与人全集">
    <SSCYR value="原告兴业银行股份有限公司重庆分行，住所地重庆市江北区红旗河沟红黄路1号1幢兴业大厦（4至9层、16、17和19层），组织机构代码70938674-8。" nameCN="诉讼参与人">
      <SSCYRMC value="兴业银行股份有限公司重庆分行" nameCN="诉讼参与人名称" />
      <SSSF value="原告" nameCN="诉讼身份" />
      <SSDW value="原告" nameCN="诉讼地位" />
      <DSRLB value="原告" nameCN="当事人类别" />
      <DSRLX value="法人" nameCN="当事人类型" />
      <DSRDZ value="重庆市江北区红旗河沟红黄路1号1幢兴业大厦（4至9层、16、17和19层）" nameCN="当事人地址" />
      <DWXZ value="股份有限公司" nameCN="单位性质" />
      <TSHY value="金融" nameCN="特殊行业" />
    </SSCYR>
    <SSCYR value="代表人吕伟，行长。" nameCN="诉讼参与人">
      <SSCYRMC value="吕伟" nameCN="诉讼参与人名称" />
      <SSSF value="代表人" nameCN="诉讼身份" />
      <DSRLX value="自然人" nameCN="当事人类型" />
      <GJ value="中国" nameCN="国籍" />
      <DWZWFZ nameCN="单位职务分组">
        <ZW value="行长" nameCN="职务" />
      </DWZWFZ>
    </SSCYR>
    <SSCYR value="委托代理人朱茵，女，1983年6月28日出生，汉族，住重庆市江北区。" nameCN="诉讼参与人">
      <SSCYRMC value="朱茵" nameCN="诉讼参与人名称" />
      <SSSF value="委托代理人" nameCN="诉讼身份" />
      <DSRLX value="自然人" nameCN="当事人类型" />
      <XB value="女" nameCN="性别" />
      <MZ value="汉族" nameCN="民族" />
      <CSRQ value="1983年6月28日" nameCN="出生日期">
        <Year value="1983" nameCN="年" />
        <Month value="6" nameCN="月" />
        <Day value="28" nameCN="日" />
      </CSRQ>
      <GJ value="中国" nameCN="国籍" />
      <DSRDZ value="重庆市江北区" nameCN="当事人地址" />
      <DTQK value="到庭" nameCN="到庭情况" />
    </SSCYR>
    <SSCYR value="委托代理人刘弘毅，男，1979年2月15日出生，汉族，住重庆市渝中区。" nameCN="诉讼参与人">
      <SSCYRMC value="刘弘毅" nameCN="诉讼参与人名称" />
      <SSSF value="委托代理人" nameCN="诉讼身份" />
      <DSRLX value="自然人" nameCN="当事人类型" />
      <XB value="男" nameCN="性别" />
      <MZ value="汉族" nameCN="民族" />
      <CSRQ value="1979年2月15日" nameCN="出生日期">
        <Year value="1979" nameCN="年" />
        <Month value="2" nameCN="月" />
        <Day value="15" nameCN="日" />
      </CSRQ>
      <GJ value="中国" nameCN="国籍" />
      <DSRDZ value="重庆市渝中区" nameCN="当事人地址" />
    </SSCYR>
    <SSCYR value="被告重庆金锄机械制造有限公司，住所地重庆市渝北区空港工业园区长凯路105号，组织机构代码68149829-6。" nameCN="诉讼参与人">
      <SSCYRMC value="重庆金锄机械制造有限公司" nameCN="诉讼参与人名称" />
      <SSSF value="被告" nameCN="诉讼身份" />
      <SSDW value="被告" nameCN="诉讼地位" />
      <DSRLB value="被告" nameCN="当事人类别" />
      <DSRLX value="法人" nameCN="当事人类型" />
      <DSRDZ value="重庆市渝北区空港工业园区长凯路105号" nameCN="当事人地址" />
      <DWXZ value="有限责任公司" nameCN="单位性质" />
      <FDDBR value="吴江" nameCN="单位法定代表人" />
    </SSCYR>
    <SSCYR value="法定代表人吴江，董事长。" nameCN="诉讼参与人">
      <SSCYRMC value="吴江" nameCN="诉讼参与人名称" />
      <SSSF value="法定代表人" nameCN="诉讼身份" />
      <DSRLX value="自然人" nameCN="当事人类型" />
      <GJ value="中国" nameCN="国籍" />
      <DWZWFZ nameCN="单位职务分组">
        <ZW value="董事长" nameCN="职务" />
        <DWMC value="重庆金锄机械制造有限公司" nameCN="单位名称" />
        <DWXZ value="有限责任公司" nameCN="单位性质" />
      </DWZWFZ>
    </SSCYR>
    <SSCYR value="被告吴江，男，1975年11月21日出生，汉族，住重庆市渝北区。" nameCN="诉讼参与人">
      <SSCYRMC value="吴江" nameCN="诉讼参与人名称" />
      <SSSF value="被告" nameCN="诉讼身份" />
      <SSDW value="被告" nameCN="诉讼地位" />
      <DSRLB value="被告" nameCN="当事人类别" />
      <DSRLX value="自然人" nameCN="当事人类型" />
      <XB value="男" nameCN="性别" />
      <MZ value="汉族" nameCN="民族" />
      <CSRQ value="1975年11月21日" nameCN="出生日期">
        <Year value="1975" nameCN="年" />
        <Month value="11" nameCN="月" />
        <Day value="21" nameCN="日" />
      </CSRQ>
      <GJ value="中国" nameCN="国籍" />
      <DSRDZ value="重庆市渝北区" nameCN="当事人地址" />
    </SSCYR>
    <SSCYR value="被告王亚萍，女，1974年2月22日出生，汉族，住重庆市渝北区。" nameCN="诉讼参与人">
      <SSCYRMC value="王亚萍" nameCN="诉讼参与人名称" />
      <SSSF value="被告" nameCN="诉讼身份" />
      <SSDW value="被告" nameCN="诉讼地位" />
      <DSRLB value="被告" nameCN="当事人类别" />
      <DSRLX value="自然人" nameCN="当事人类型" />
      <XB value="女" nameCN="性别" />
      <MZ value="汉族" nameCN="民族" />
      <CSRQ value="1974年2月22日" nameCN="出生日期">
        <Year value="1974" nameCN="年" />
        <Month value="2" nameCN="月" />
        <Day value="22" nameCN="日" />
      </CSRQ>
      <GJ value="中国" nameCN="国籍" />
      <DSRDZ value="重庆市渝北区" nameCN="当事人地址" />
    </SSCYR>
    <SSCYRQJ value="错误" nameCN="保险公司是否作为被告" />
  </SSCYRQJ>
  <SSJL value="原告兴业银行股份有限公司重庆分行（以下简称兴业银行重庆分行）与被告重庆金锄机械制造有限公司（以下简称金锄公司）、吴江、王亚萍借款合同纠纷一案，本院于2014年9月26日立案受理后，依法组成合议庭，公开开庭进行了审理。原告兴业银行重庆分行的委托代理人朱茵到庭参加诉讼，被告金锄公司、吴江、王亚萍经本院合法传唤无正当理由拒不到庭。本案现已审理终结。" nameCN="诉讼记录">
    <JJCT value="" nameCN="拒绝出庭">
      <DSR value="" nameCN="当事人" />
      <RQ value="" nameCN="日期" />
    </JJCT>
    <AY value="借款合同纠纷" nameCN="案由" />
    <KTSL value="是" nameCN="开庭审理" />
    <KTSLXX value="公开审理" nameCN="开庭审理信息" />
    <WZAY value="借款合同纠纷" nameCN="完整案由" />
    <AYDM value="9177" nameCN="案由代码" />
    <LARQ value="2014年9月26日" nameCN="立案日期" />
    <YSAJSYCX value="普通程序" nameCN="一审案件适用程序" />
    <JYZPT value="否" nameCN="简易转普通" />
    <SPZZ value="合议庭" nameCN="审判组织" />
    <YSAJLY value="新收" nameCN="一审案件来源" />
    <SLRQ value="2014年9月26日" nameCN="受理日期" />
    <DXRQX nameCN="当事人缺席">
      <XM value="吴江" nameCN="姓名">
        <SSDW value="被告" nameCN="诉讼地位" />
      </XM>
      <XM value="王亚萍" nameCN="姓名">
        <SSDW value="被告" nameCN="诉讼地位" />
      </XM>
    </DXRQX>
    <CTDSRXX nameCN="出庭当事人信息">
      <CTRXM value="朱茵" nameCN="出庭人姓名">
        <SSDW value="委托代理人" nameCN="诉讼地位" />
      </CTRXM>
    </CTDSRXX>
  </SSJL>
  <AJJBQK value="原告兴业银行重庆分行诉称，2014年2月19日，我行与金锄公司签订《流动资金借款合同》，约定我行向金锄公司提供借款200万元，借款利率为年利率7．8％；借款期限12个月，按月付息、到期还本；若逾期还款，我行有权对逾期借款计收罚息对未按时支付的利息按罚息利率计收复利，罚息利率为借款利率上浮50％。同日，吴江、王亚萍与我行签订《保证合同》，自愿为前述借款提供连带保证责任担保；我行依约发放了全部借款。现借款已到期，金锄公司未归还全部借款本金，已构成违约，请求判令金锄公司偿还我行尚欠借款本金20万元及截止2015年3月20日的利息、罚息、复利28478．53元；判令金锄公司支付我行2015年3月21日起至本息付清日止的罚息、复利（罚息以尚欠借款本金为基数，按年利率7．8％上浮50％计算，利随本清；复利以应付未付的利息和罚息为基数，按年利率7．8％上浮50％计算，按月计收）。&#xA;被告金锄公司、吴江、王亚萍未答辩。&#xA;经审理查明，2014年2月19日，兴业银行重庆分行（贷款人）与金锄公司（借款人）签订《流动资金借款合同》（编号：兴银渝两路口（零）贷字第201XXXX号），约定贷款人为借款人提供借款200万元，借款期限12个月，自2014年2月19日起至2015年2月18日止，放款日以借款借据、借款凭证记载的实际发放日为准；执行固定利率，年利率7．8％；本合同约定每月的20日为结息日，借款人应在结息日次日向贷款人支付当期借款利息，在借款到期日结清其余本息；如借款人未按期还款且又未就展期事宜与贷款人达成协议，即借款逾期的，贷款人有权对逾期的借款计收罚息、对未按时支付的利息按罚息利率计收复利，罚息利率为借款利率上浮50％。&#xA;2014年2月19日，兴业银行重庆分行（债权人）与吴江、万王亚萍（保证人）签订《保证合同》（编号：兴银渝两路口（零）保字第201XXXX号），约定保证人为债权人在前述《流动资金借款合同》项下的全部债权提供连带保证责任担保。同日，兴业银行重庆分行依约向金锄公司发放借款200万元。金锄公司未按约支付利息，兴业银行重庆分行于2014年9月18日向金锄公司、吴江、王亚萍发出《提前还款通知书》，宣布借款提前到期，并要求归还全部借款本息；截止2015年3月20日，金锄公司尚欠借款本金20万元，利息、罚息、复利共计27578．53元。&#xA;上述事实，有《流动资金借款合同》、《保证合同》、借款借据、《提前还款通知书》、EMS邮寄存单、借款欠息清单及当事人陈述在卷佐证，并经开庭质证，足以认定。&#xA;" nameCN="案件基本情况">
    <YGSCD value="原告兴业银行重庆分行诉称，2014年2月19日，我行与金锄公司签订《流动资金借款合同》，约定我行向金锄公司提供借款200万元，借款利率为年利率7．8％；借款期限12个月，按月付息、到期还本；若逾期还款，我行有权对逾期借款计收罚息对未按时支付的利息按罚息利率计收复利，罚息利率为借款利率上浮50％。同日，吴江、王亚萍与我行签订《保证合同》，自愿为前述借款提供连带保证责任担保；我行依约发放了全部借款。现借款已到期，金锄公司未归还全部借款本金，已构成违约，请求判令金锄公司偿还我行尚欠借款本金20万元及截止2015年3月20日的利息、罚息、复利28478．53元；判令金锄公司支付我行2015年3月21日起至本息付清日止的罚息、复利（罚息以尚欠借款本金为基数，按年利率7．8％上浮50％计算，利随本清；复利以应付未付的利息和罚息为基数，按年利率7．8％上浮50％计算，按月计收）。 " nameCN="原告诉称段" />
    <BGBCD value="被告金锄公司、吴江、王亚萍未答辩。 " nameCN="被告辩称段" />
    <ZJD value="上述事实，有《流动资金借款合同》、《保证合同》、借款借据、《提前还款通知书》、EMS邮寄存单、借款欠息清单及当事人陈述在卷佐证，并经开庭质证，足以认定。" nameCN="证据段" />
    <CMSSD value="经审理查明，2014年2月19日，兴业银行重庆分行（贷款人）与金锄公司（借款人）签订《流动资金借款合同》（编号：兴银渝两路口（零）贷字第201XXXX号），约定贷款人为借款人提供借款200万元，借款期限12个月，自2014年2月19日起至2015年2月18日止，放款日以借款借据、借款凭证记载的实际发放日为准；执行固定利率，年利率7．8％；本合同约定每月的20日为结息日，借款人应在结息日次日向贷款人支付当期借款利息，在借款到期日结清其余本息；如借款人未按期还款且又未就展期事宜与贷款人达成协议，即借款逾期的，贷款人有权对逾期的借款计收罚息、对未按时支付的利息按罚息利率计收复利，罚息利率为借款利率上浮50％。2014年2月19日，兴业银行重庆分行（债权人）与吴江、万王亚萍（保证人）签订《保证合同》（编号：兴银渝两路口（零）保字第201XXXX号），约定保证人为债权人在前述《流动资金借款合同》项下的全部债权提供连带保证责任担保。同日，兴业银行重庆分行依约向金锄公司发放借款200万元。金锄公司未按约支付利息，兴业银行重庆分行于2014年9月18日向金锄公司、吴江、王亚萍发出《提前还款通知书》，宣布借款提前到期，并要求归还全部借款本息；截止2015年3月20日，金锄公司尚欠借款本金20万元，利息、罚息、复利共计27578．53元。 " nameCN="查明事实段">
      <SGXQ value="未提及" nameCN="事故详情">
        <SGSJ value="未提及" nameCN="事故时间" />
        <SGDD value="未提及" nameCN="事故地点" />
      </SGXQ>
      <JDCSYR value="重庆金锄机械制造有限公司" nameCN="机动车所有人" />
      <SFTB value="是" nameCN="是否投保" />
      <SFZBXQN value="是" nameCN="是否在保险期内" />
      <SFXQPF value="是" nameCN="是否先期赔付" />
      <SJZCQK value="27578．53元" nameCN="实际支出情况" />
      <JDSFKK value="是" nameCN="鉴定是否可靠" />
    </CMSSD>
  </AJJBQK>
  <CPFXGC value="本院认为，兴业银行重庆分行分别与上展公司，吴江、王亚萍签订的《流动资金借款合同》、《保证合同》均是双方真实意思表示，且内容不违反法律规定，合法有效，双方当事人应按照合同的约定履行各自义务。合同订立后，兴业银行重庆分行依约发放了贷款200万元，履行了合同义务。上展公司未按约归还贷款，截至2015年3月20日，尚欠贷款本金20万元，利息、罚息复利28478．53元，其行为已构成违约，应承担相应的违约责；兴业银行重庆分行要求上展公司偿付尚欠贷款本金、利息、罚息、复利并自2015年3月21日起按合同约定的罚息利率支付罚息、复利的请求，符合双方约定及法律规定，本院予以支持。吴江、王亚萍自愿为借款提供连带保证责任担保，应当承担担保责任，对兴业银行重庆分行要求对吴江、王亚萍对上展公司的债务承担连带清偿的请求，本院予以支持。依照《中华人民共和国合同法》第六十条、第一百零七条、第一百九十六条、第二百零六条、第二百零七条，《中华人民共和国担保法》第十八条和《中华人民共和国民事诉讼法》第一百四十四条的规定，判决如下：&#xA;" nameCN="裁判分析过程">
    <JAFSLX value="判决" nameCN="结案方式类型" />
    <FLFTMC value="中华人民共和国合同法" nameCN="法律法条名称">
      <TM value="二百零六" nameCN="条目" />
      <TM value="二百零七" nameCN="条目" />
      <TM value="一百九十六" nameCN="条目" />
      <TM value="六十" nameCN="条目" />
      <TM value="一百零七" nameCN="条目" />
      <SFCXF value="非程序法" nameCN="是否是程序法" />
    </FLFTMC>
    <FLFTMC value="中华人民共和国担保法" nameCN="法律法条名称">
      <TM value="十八" nameCN="条目" />
      <SFCXF value="非程序法" nameCN="是否是程序法" />
    </FLFTMC>
    <FLFTMC value="中华人民共和国民事诉讼法" nameCN="法律法条名称">
      <TM value="一百四十四" nameCN="条目" />
      <SFCXF value="是程序法" nameCN="是否是程序法" />
    </FLFTMC>
  </CPFXGC>
  <CPJG value="一、被告重庆金锄机械制造有限公司于本判决生效之日起十日内返还原告兴业银行股份有限公司重庆分行借款本金20万元及截止2015年3月20日的利息、罚息、复利28478．53元；&#xA;二、被告重庆金锄机械制造有限公司于本判决生效之日起十日内支付原告兴业银行股份有限公司重庆分行2015年3月21日起至本息付清日止的罚息、复利（罚息以尚欠借款本金为基数，按年利率7．8％上浮50％计算，利随本清；复利以应付未付的利息和罚息为基数，按年利率7．8％上浮50％按月计算）；&#xA;三、被告吴江、王亚萍对被告重庆金锄机械制造有限公司的前述付款义务承担连带清偿责任。&#xA;义务人如果未按本判决指定的期间履行给付金钱义务，应当依照《中华人民共和国民事诉讼法》第二百五十三条之规定，加倍支付迟延履行期间的债务利息。&#xA;本案案件受理费4727元、诉前财产保全申请费5000元、公告费800元，共计10527元，由被告重庆金锄机械制造有限公司、吴江、王亚萍负担，被告重庆金锄机械制造有限公司、吴江、王亚萍在履行前述义务时将其应当负担的诉讼费23671直接支付原告兴业银行股份有限公司重庆分行。&#xA;如不服本判决，可在判决书送达之日起十五日内，向本院递交上诉状，并按对方当事人的人数提出副本，上诉于重庆市第一中级人民法院。&#xA;" nameCN="裁判结果">
    <JAFS value="判决" nameCN="结案方式" />
    <PCSFSXZQ value="正确" nameCN="同时起诉侵权人与保险公司的赔偿顺序" />
    <JTPJJG value="一、被告重庆金锄机械制造有限公司于本判决生效之日起十日内返还原告兴业银行股份有限公司重庆分行借款本金20万元及截止2015年3月20日的利息、罚息、复利28478．53元；" nameCN="具体裁判段">
      <QLR value="兴业银行股份有限公司重庆分行" nameCN="权利人">
        <QLRSSDW value="原告" nameCN="诉讼地位" />
      </QLR>
      <YWR value="重庆金锄机械制造有限公司" nameCN="义务人">
        <YWRSSDW value="被告" nameCN="诉讼地位" />
      </YWR>
      <PJZXQX value="十日" nameCN="判决执行期限" />
      <PJJE nameCN="判决金额">
        <JE value="200000.0元" nameCN="金额" />
        <JELX value="借款" nameCN="金额类型" />
        <JELX value="本金" nameCN="金额类型" />
      </PJJE>
      <PJJE nameCN="判决金额">
        <JE value="28478.53元" nameCN="金额" />
        <JELX value="利息" nameCN="金额类型" />
        <JELX value="罚息" nameCN="金额类型" />
        <JELX value="复利" nameCN="金额类型" />
      </PJJE>
    </JTPJJG>
    <JTPJJG value="二、被告重庆金锄机械制造有限公司于本判决生效之日起十日内支付原告兴业银行股份有限公司重庆分行2015年3月21日起至本息付清日止的罚息、复利（罚息以尚欠借款本金为基数，按年利率7．8％上浮50％计算，利随本清；复利以应付未付的利息和罚息为基数，按年利率7．8％上浮50％按月计算）；" nameCN="具体裁判段">
      <QLR value="兴业银行股份有限公司重庆分行" nameCN="权利人">
        <QLRSSDW value="原告" nameCN="诉讼地位" />
      </QLR>
      <YWR value="重庆金锄机械制造有限公司" nameCN="义务人">
        <YWRSSDW value="被告" nameCN="诉讼地位" />
      </YWR>
      <PJZXQX value="十日" nameCN="判决执行期限" />
    </JTPJJG>
    <JTPJJG value="三、被告吴江、王亚萍对被告重庆金锄机械制造有限公司的前述付款义务承担连带清偿责任。" nameCN="具体裁判段" />
    <JTPJJG value="义务人如果未按本判决指定的期间履行给付金钱义务，应当依照《中华人民共和国民事诉讼法》第二百五十三条之规定，加倍支付迟延履行期间的债务利息。" nameCN="具体裁判段" />
    <SSFCD nameCN="诉讼费承担">
      <SSFCDJL value="本案案件受理费4727元、诉前财产保全申请费5000元、公告费800元，共计10527元，由被告重庆金锄机械制造有限公司、吴江、王亚萍负担，被告重庆金锄机械制造有限公司、吴江、王亚萍在履行前述义务时将其应当负担的诉讼费23671直接支付原告兴业银行股份有限公司重庆分行。" nameCN="诉讼费承担记录">
        <SSFJE value="4727元" nameCN="诉讼费金额" />
        <SSFZL value="受理费" nameCN="诉讼费种类" />
        <SSFJE value="5000元" nameCN="诉讼费金额" />
        <SSFZL value="财产保全申请费" nameCN="诉讼费种类" />
        <SSFJE value="800元" nameCN="诉讼费金额" />
        <SSFZL value="公告费" nameCN="诉讼费种类" />
        <SSFCDR value="重庆金锄机械制造有限公司" nameCN="承担人">
          <SSFCDJE value="4727元" nameCN="承担金额" />
          <SSFCDFS value="与他人共同承担该金额" nameCN="承担方式" />
          <SSFCDDW value="被告" nameCN="承担人地位" />
        </SSFCDR>
        <SSFCDR value="吴江" nameCN="承担人">
          <SSFCDJE value="4727元" nameCN="承担金额" />
          <SSFCDFS value="与他人共同承担该金额" nameCN="承担方式" />
          <SSFCDDW value="被告" nameCN="承担人地位" />
        </SSFCDR>
        <SSFCDR value="王亚萍" nameCN="承担人">
          <SSFCDJE value="4727元" nameCN="承担金额" />
          <SSFCDFS value="与他人共同承担该金额" nameCN="承担方式" />
          <SSFCDDW value="被告" nameCN="承担人地位" />
        </SSFCDR>
        <SSFCDR value="重庆金锄机械制造有限公司" nameCN="承担人">
          <SSFCDJE value="4727元" nameCN="承担金额" />
          <SSFCDFS value="与他人共同承担该金额" nameCN="承担方式" />
          <SSFCDDW value="被告" nameCN="承担人地位" />
        </SSFCDR>
        <SSFCDR value="吴江" nameCN="承担人">
          <SSFCDJE value="4727元" nameCN="承担金额" />
          <SSFCDFS value="与他人共同承担该金额" nameCN="承担方式" />
          <SSFCDDW value="被告" nameCN="承担人地位" />
        </SSFCDR>
        <SSFCDR value="王亚萍" nameCN="承担人">
          <SSFCDJE value="4727元" nameCN="承担金额" />
          <SSFCDFS value="与他人共同承担该金额" nameCN="承担方式" />
          <SSFCDDW value="被告" nameCN="承担人地位" />
        </SSFCDR>
        <SSFCDR value="兴业银行股份有限公司重庆分行" nameCN="承担人">
          <SSFCDJE value="4727元" nameCN="承担金额" />
          <SSFCDFS value="与他人共同承担该金额" nameCN="承担方式" />
          <SSFCDDW value="原告" nameCN="承担人地位" />
        </SSFCDR>
      </SSFCDJL>
    </SSFCD>
    <SFFHCS value="否" nameCN="是否发回重审" />
    <KSSZ value="重庆市第一中级人民法院" nameCN="可上诉至" />
    <SSTJCL value="上诉状，并按对方当事人的人数提出副本" nameCN="上诉提交材料" />
    <SSQX value="十五日" nameCN="上诉期限" />
    <TCGXQYY value="否" nameCN="是否提出管辖权异议" />
  </CPJG>
  <WW value="审判长李世军&#xA;代理审判员李韶&#xA;人民陪审员郭敏&#xA;二〇一五年四月二十日&#xA;书记员段静强&#xA;" nameCN="文尾">
    <SPZZCY nameCN="审判组织成员">
      <SPRYXM value="段静强" nameCN="审判人员姓名" />
      <SPRYJS value="书记员" nameCN="审判人员角色" />
    </SPZZCY>
    <SPZZCY nameCN="审判组织成员">
      <SPRYXM value="郭敏" nameCN="审判人员姓名" />
      <SPRYJS value="人民陪审员" nameCN="审判人员角色" />
    </SPZZCY>
    <SPZZCY nameCN="审判组织成员">
      <SPRYXM value="李韶" nameCN="审判人员姓名" />
      <SPRYJS value="代理审判员" nameCN="审判人员角色" />
    </SPZZCY>
    <SPZZCY nameCN="审判组织成员">
      <SPRYXM value="李世军" nameCN="审判人员姓名" />
      <SPRYJS value="审判长" nameCN="审判人员角色" />
    </SPZZCY>
    <CPSJ value="2015年4月20日" nameCN="裁判时间">
      <Year value="2015" nameCN="结案年度" />
      <JANYR value="2015年4月20日" nameCN="结案年月日" />
      <JANY value="2015-4" nameCN="结案年月" />
      <Month value="4" nameCN="月" />
      <Day value="20" nameCN="日" />
    </CPSJ>
  </WW>
  <FL value="" nameCN="附录" />
</QW>

