<?xml version="1.0" encoding="UTF-8"?>
<QW value="杭州市萧山区人民法院&#xA;民事判决书&#xA;（2015）杭萧瓜民初字第410号&#xA;原告刘三稳。&#xA;委托代理人赵明虎。&#xA;被告杭州荣海包装制品有限公司。&#xA;法定代表人胡德荣。&#xA;原告刘三稳诉被告杭州荣海包装制品有限公司追索劳动报酬纠纷一案，本院于2015年9月30日立案受理后，依法由代理审判员任子飞适用简易程序于同年10月27日公开开庭进行了审理，并当庭宣告判决。原告委托代理人赵明虎到庭参加诉讼，被告杭州荣海包装制品有限公司经本院传票传唤，无正当理由未到庭参加诉讼。&#xA;原告刘三稳诉称：原告到被告处工作至今，被告尚拖欠原告工资款8843元，故原告起诉至法院，请求判令被告支付原告拖欠工资款8843元。&#xA;被告杭州荣海包装制品有限公司未作答辩。&#xA;原告为支持其主张的事实，在举证期限内向本院提供了荣海包装工资表6页及委托书一份，证明经被告授权人员确认，被告拖欠原告的工资金额为8843元的事实。上述证据虽未经被告当庭质证，但经本院审查，系客观、真实，且与本案有关联性，故对其证明力予以确认。&#xA;被告杭州荣海包装制品有限公司未提供证据。&#xA;根据以上所确认的证据和原告在庭审中的陈述，本院认定事实如下：原告曾在被告处工作，但被告至今尚拖欠原告劳动报酬合计8843元。&#xA;本院认为：用人单位应向劳动者及时足额支付劳动报酬。现被告拖欠原告劳动报酬合计8843元属实，故原告要求被告支付上述拖欠劳动报酬的诉讼请求符合法律规定，本院予以支持。被告经本院传票传唤无正当理由未到庭参加诉讼，视为对原告主张的事实及诉讼请求自行放弃抗辩的权利。据此，依照《中华人民共和国劳动合同法》第三十条第一款及《中华人民共和国民事诉讼法》第一百四十四条的规定，判决如下：&#xA;杭州荣海包装制品有限公司在本判决生效之日起十日内支付刘三稳劳动报酬8843元。&#xA;如果杭州荣海包装制品有限公司未按本判决指定的期间履行给付金钱义务，应当依照《中华人民共和国民事诉讼法》第二百五十三条之规定，加倍支付迟延履行期间的债务利息。&#xA;案件受理费10元，减半收取5元，由杭州荣海包装制品有限公司负担，予以免交。&#xA;如不服本判决，可在判决书送达之日起十五日内，向本院递交上诉状及副本一份，上诉于浙江省杭州市中级人民法院，并向浙江省杭州市中级人民法院预交上诉案件受理费10元。对财产案件提起上诉的，上诉案件受理费按照不服一审判决部分的上诉请求预交。在上诉期满后的次日起七日内仍未交纳的，按自动撤回上诉处理（浙江省杭州市中级人民法院开户银行为工商银行湖滨分理处，户名浙江省杭州市中级人民法院，账号12×××68）。&#xA;代理审判员任子飞&#xA;二〇一五年十月二十七日&#xA;书记员张程成&#xA;" nameCN="全文">
  <WS value="杭州市萧山区人民法院&#xA;民事判决书&#xA;（2015）杭萧瓜民初字第410号&#xA;" nameCN="文首">
    <WSZZDW value="法院" nameCN="文书制作单位" />
    <JBFY value="杭州市萧山区人民法院" nameCN="经办法院">
      <FYJB value="基层" nameCN="法院级别" />
      <XZQH_C value="杭州市" nameCN="行政区划(市)" />
    </JBFY>
    <WSMC value="民事判决书" nameCN="文书名称" />
    <AH value="(2015)杭萧瓜民初字第410号" nameCN="案号" />
    <LAND value="2015" nameCN="立案年度" />
    <AJXZ value="民事案件" nameCN="案件性质" />
    <WSZL value="判决书" nameCN="文书种类" />
    <SPCX value="一审案件" nameCN="审判程序" />
    <AJLX value="民事一审案件" nameCN="案件类型" />
  </WS>
  <SSCYRQJ value="原告刘三稳。&#xA;委托代理人赵明虎。&#xA;被告杭州荣海包装制品有限公司。&#xA;法定代表人胡德荣。&#xA;" nameCN="诉讼参与人全集">
    <SSCYR value="原告刘三稳。" nameCN="诉讼参与人">
      <SSCYRMC value="刘三稳" nameCN="诉讼参与人名称" />
      <SSSF value="原告" nameCN="诉讼身份" />
      <SSDW value="原告" nameCN="诉讼地位" />
      <DSRLB value="原告" nameCN="当事人类别" />
      <DSRLX value="自然人" nameCN="当事人类型" />
      <GJ value="中国" nameCN="国籍" />
    </SSCYR>
    <SSCYR value="委托代理人赵明虎。" nameCN="诉讼参与人">
      <SSCYRMC value="赵明虎" nameCN="诉讼参与人名称" />
      <SSSF value="委托代理人" nameCN="诉讼身份" />
      <DSRLX value="自然人" nameCN="当事人类型" />
      <GJ value="中国" nameCN="国籍" />
      <DTQK value="到庭" nameCN="到庭情况" />
    </SSCYR>
    <SSCYR value="被告杭州荣海包装制品有限公司。" nameCN="诉讼参与人">
      <SSCYRMC value="杭州荣海包装制品有限公司" nameCN="诉讼参与人名称" />
      <SSSF value="被告" nameCN="诉讼身份" />
      <SSDW value="被告" nameCN="诉讼地位" />
      <DSRLB value="被告" nameCN="当事人类别" />
      <DSRLX value="法人" nameCN="当事人类型" />
      <DWXZ value="有限责任公司" nameCN="单位性质" />
      <FDDBR value="胡德荣" nameCN="单位法定代表人" />
    </SSCYR>
    <SSCYR value="法定代表人胡德荣。" nameCN="诉讼参与人">
      <SSCYRMC value="胡德荣" nameCN="诉讼参与人名称" />
      <SSSF value="法定代表人" nameCN="诉讼身份" />
      <DSRLX value="自然人" nameCN="当事人类型" />
      <GJ value="中国" nameCN="国籍" />
      <DWZWFZ nameCN="单位职务分组">
        <DWMC value="杭州荣海包装制品有限公司" nameCN="单位名称" />
        <DWXZ value="有限责任公司" nameCN="单位性质" />
      </DWZWFZ>
    </SSCYR>
    <SSCYRQJ value="错误" nameCN="保险公司是否作为被告" />
  </SSCYRQJ>
  <SSJL value="原告刘三稳诉被告杭州荣海包装制品有限公司追索劳动报酬纠纷一案，本院于2015年9月30日立案受理后，依法由代理审判员任子飞适用简易程序于同年10月27日公开开庭进行了审理，并当庭宣告判决。原告委托代理人赵明虎到庭参加诉讼，被告杭州荣海包装制品有限公司经本院传票传唤，无正当理由未到庭参加诉讼。" nameCN="诉讼记录">
    <YG value="刘三稳" nameCN="原告" />
    <BG value="杭州荣海包装制品有限公司" nameCN="被告" />
    <AY value="追索劳动报酬纠纷" nameCN="案由" />
    <KTSL value="是" nameCN="开庭审理" />
    <KTSLXX value="公开审理" nameCN="开庭审理信息" />
    <WZAY value="追索劳动报酬纠纷" nameCN="完整案由" />
    <AYDM value="9468" nameCN="案由代码" />
    <LARQ value="2015年9月30日" nameCN="立案日期" />
    <YSAJSYCX value="简易程序" nameCN="一审案件适用程序" />
    <JYZPT value="否" nameCN="简易转普通" />
    <YSAJLY value="新收" nameCN="一审案件来源" />
    <SLRQ value="2015年9月30日" nameCN="受理日期" />
    <DXRQX nameCN="当事人缺席">
      <XM value="杭州荣海包装制品有限公司" nameCN="姓名">
        <SSDW value="被告" nameCN="诉讼地位" />
      </XM>
    </DXRQX>
    <CTDSRXX nameCN="出庭当事人信息">
      <CTRXM value="赵明虎" nameCN="出庭人姓名">
        <SSDW value="委托代理人" nameCN="诉讼地位" />
      </CTRXM>
    </CTDSRXX>
  </SSJL>
  <AJJBQK value="原告刘三稳诉称：原告到被告处工作至今，被告尚拖欠原告工资款8843元，故原告起诉至法院，请求判令被告支付原告拖欠工资款8843元。&#xA;被告杭州荣海包装制品有限公司未作答辩。&#xA;原告为支持其主张的事实，在举证期限内向本院提供了荣海包装工资表6页及委托书一份，证明经被告授权人员确认，被告拖欠原告的工资金额为8843元的事实。上述证据虽未经被告当庭质证，但经本院审查，系客观、真实，且与本案有关联性，故对其证明力予以确认。&#xA;被告杭州荣海包装制品有限公司未提供证据。&#xA;根据以上所确认的证据和原告在庭审中的陈述，本院认定事实如下：原告曾在被告处工作，但被告至今尚拖欠原告劳动报酬合计8843元。&#xA;" nameCN="案件基本情况">
    <YGSCD value="原告刘三稳诉称：原告到被告处工作至今，被告尚拖欠原告工资款8843元，故原告起诉至法院，请求判令被告支付原告拖欠工资款8843元。 " nameCN="原告诉称段" />
    <BGBCD value="被告杭州荣海包装制品有限公司未作答辩。 " nameCN="被告辩称段" />
    <ZJD value="原告为支持其主张的事实，在举证期限内向本院提供了荣海包装工资表6页及委托书一份，证明经被告授权人员确认，被告拖欠原告的工资金额为8843元的事实。上述证据虽未经被告当庭质证，但经本院审查，系客观、真实，且与本案有关联性，故对其证明力予以确认。被告杭州荣海包装制品有限公司未提供证据。 " nameCN="证据段" />
    <CMSSD value="根据以上所确认的证据和原告在庭审中的陈述，本院认定事实如下：原告曾在被告处工作，但被告至今尚拖欠原告劳动报酬合计8843元。" nameCN="查明事实段">
      <SGXQ value="未提及" nameCN="事故详情">
        <SGSJ value="未提及" nameCN="事故时间" />
        <SGDD value="未提及" nameCN="事故地点" />
      </SGXQ>
      <JDCSYR value="杭州荣海包装制品有限公司" nameCN="机动车所有人" />
      <GAJGRDYJ value="原告曾在被告处工作，但被告至今尚拖欠原告劳动报酬合计8843元。" nameCN="公安机关认定意见" />
      <SFTB value="是" nameCN="是否投保" />
      <SFZBXQN value="是" nameCN="是否在保险期内" />
      <SFXQPF value="是" nameCN="是否先期赔付" />
      <JDSFKK value="是" nameCN="鉴定是否可靠" />
    </CMSSD>
  </AJJBQK>
  <CPFXGC value="本院认为：用人单位应向劳动者及时足额支付劳动报酬。现被告拖欠原告劳动报酬合计8843元属实，故原告要求被告支付上述拖欠劳动报酬的诉讼请求符合法律规定，本院予以支持。被告经本院传票传唤无正当理由未到庭参加诉讼，视为对原告主张的事实及诉讼请求自行放弃抗辩的权利。据此，依照《中华人民共和国劳动合同法》第三十条第一款及《中华人民共和国民事诉讼法》第一百四十四条的规定，判决如下：&#xA;" nameCN="裁判分析过程">
    <JAFSLX value="判决" nameCN="结案方式类型" />
    <FLFTMC value="中华人民共和国劳动合同法" nameCN="法律法条名称">
      <TM value="三十" nameCN="条目">
        <KM value="第一款" nameCN="款目" />
      </TM>
      <SFCXF value="非程序法" nameCN="是否是程序法" />
    </FLFTMC>
    <FLFTMC value="中华人民共和国民事诉讼法" nameCN="法律法条名称">
      <TM value="一百四十四" nameCN="条目" />
      <SFCXF value="是程序法" nameCN="是否是程序法" />
    </FLFTMC>
  </CPFXGC>
  <CPJG value="杭州荣海包装制品有限公司在本判决生效之日起十日内支付刘三稳劳动报酬8843元。&#xA;如果杭州荣海包装制品有限公司未按本判决指定的期间履行给付金钱义务，应当依照《中华人民共和国民事诉讼法》第二百五十三条之规定，加倍支付迟延履行期间的债务利息。&#xA;案件受理费10元，减半收取5元，由杭州荣海包装制品有限公司负担，予以免交。&#xA;如不服本判决，可在判决书送达之日起十五日内，向本院递交上诉状及副本一份，上诉于浙江省杭州市中级人民法院，并向浙江省杭州市中级人民法院预交上诉案件受理费10元。对财产案件提起上诉的，上诉案件受理费按照不服一审判决部分的上诉请求预交。在上诉期满后的次日起七日内仍未交纳的，按自动撤回上诉处理（浙江省杭州市中级人民法院开户银行为工商银行湖滨分理处，户名浙江省杭州市中级人民法院，账号12×××68）。&#xA;" nameCN="裁判结果">
    <JAFS value="判决" nameCN="结案方式" />
    <PCSFSXZQ value="正确" nameCN="同时起诉侵权人与保险公司的赔偿顺序" />
    <JTPJJG value="杭州荣海包装制品有限公司在本判决生效之日起十日内支付刘三稳劳动报酬8843元。" nameCN="具体裁判段">
      <QLR value="刘三稳" nameCN="权利人">
        <QLRSSDW value="原告" nameCN="诉讼地位" />
      </QLR>
      <YWR value="杭州荣海包装制品有限公司" nameCN="义务人">
        <YWRSSDW value="被告" nameCN="诉讼地位" />
      </YWR>
      <PJZXQX value="十日" nameCN="判决执行期限" />
      <PJJE nameCN="判决金额">
        <JE value="8843元" nameCN="金额" />
        <JELX value="报酬" nameCN="金额类型" />
        <JELX value="劳动报酬" nameCN="金额类型" />
      </PJJE>
    </JTPJJG>
    <JTPJJG value="如果杭州荣海包装制品有限公司未按本判决指定的期间履行给付金钱义务，应当依照《中华人民共和国民事诉讼法》第二百五十三条之规定，加倍支付迟延履行期间的债务利息。" nameCN="具体裁判段" />
    <SSFCD nameCN="诉讼费承担">
      <SSFCDJL value="案件受理费10元，减半收取5元，由杭州荣海包装制品有限公司负担，予以免交。" nameCN="诉讼费承担记录">
        <SSFJE value="5元" nameCN="诉讼费金额" />
        <SSFZL value="受理费" nameCN="诉讼费种类" />
        <SSFCDR value="杭州荣海包装制品有限公司" nameCN="承担人">
          <SSFCDJE value="5元" nameCN="承担金额" />
          <SSFCDFS value="个人独立承担该金额" nameCN="承担方式" />
          <SSFCDDW value="被告" nameCN="承担人地位" />
        </SSFCDR>
      </SSFCDJL>
    </SSFCD>
    <SFFHCS value="否" nameCN="是否发回重审" />
    <KSSZ value="浙江省杭州市中级人民法院" nameCN="可上诉至" />
    <SSTJCL value="上诉状及副本一份" nameCN="上诉提交材料" />
    <SSQX value="十五日" nameCN="上诉期限" />
    <TCGXQYY value="否" nameCN="是否提出管辖权异议" />
  </CPJG>
  <WW value="代理审判员任子飞&#xA;二〇一五年十月二十七日&#xA;书记员张程成&#xA;" nameCN="文尾">
    <SPZZCY nameCN="审判组织成员">
      <SPRYXM value="张程成" nameCN="审判人员姓名" />
      <SPRYJS value="书记员" nameCN="审判人员角色" />
    </SPZZCY>
    <SPZZCY nameCN="审判组织成员">
      <SPRYXM value="任子飞" nameCN="审判人员姓名" />
      <SPRYJS value="代理审判员" nameCN="审判人员角色" />
    </SPZZCY>
    <CPSJ value="2015年10月27日" nameCN="裁判时间">
      <Year value="2015" nameCN="结案年度" />
      <JANYR value="2015年10月27日" nameCN="结案年月日" />
      <JANY value="2015-10" nameCN="结案年月" />
      <Month value="10" nameCN="月" />
      <Day value="27" nameCN="日" />
    </CPSJ>
  </WW>
  <FL value="" nameCN="附录" />
</QW>

