<?xml version="1.0" encoding="UTF-8"?>
<QW value="&#xA;福建省安溪县人民法院&#xA;民事判决书&#xA;（2014）安民初字第3699号&#xA;原告刘双祥，男，1970年10月17日出生，汉族，住福建省安溪县。&#xA;被告李艺灵，男，1974年5月12日出生，汉族，住福建省安溪县。&#xA;原告刘双祥与被告李艺灵民间借贷纠纷一案，本院于2014年5月21日受理后，依法适用简易程序，于2014年6月26日公开开庭进行了审理。原告刘双祥和被告李艺灵到庭参加诉讼。本案现已审理终结。&#xA;原告刘双祥诉称，被告李艺灵于2013年3月22日向原告借款人民币200，000元，并由被告出具一张借条给原告收执。还款期限届满后，被告李艺灵未能依约还款。请求判令被告偿还原告借款人民币200，000元及利息（自起诉之日起至还清款项之日止按银行同类贷款利率计算）。&#xA;被告李艺灵辩称，原告知道我和林泽文之间存在亲戚关系后，主动要求放贷给我。经过原告多次向我要求，我才同意原告放款给我。林泽文的担保公司没出事前，考虑到原告买了凤冠山庄的房子，我让原告把钱取回去，结果原告不同意。林泽文担保公司倒闭后，我又主动提出用自己所开的雷洛车去抵押贷款，先偿还原告一部分资金，后续的欠款在2015年12月31日前还清。原告与被告经过协商原本已经同意该方案了，结果原告用我提供给他的身份证、行驶证、结婚证来起诉我。原告起诉我后，我多次主动和原告协商还款事宜，原告坚持要通过法律渠道来向我催讨。现在我的资金全部被林泽文卷走了，我目前资金困难，没有还款能力。&#xA;在举证期限内原告向本院提供借条一张，以此证明被告李艺灵向原告借款200，000元未还的事实。&#xA;在举证期限内被告未向本院提供任何证据。&#xA;本院认为，原告提供的上述证据与原、被告的陈述一致，且证据来源合法，内容客观真实，并与本案的事实相关联，符合证据采信条件，其证据效力依法予以确认。&#xA;综上所述，对本案主要事实认定如下：&#xA;2013年3月22日，被告李艺灵向原告刘双祥借款人民币200，000元，双方未约定借款期限和利息，由被告立下借条一张给原告收执。借款后被告至今未能偿还，原告于2014年5月21日向本院提起诉讼。&#xA;本院认为，原、被告之间设立的借款合同系双方真实意思表示，被告李艺灵作为借款人未能按照约定及时返还借款，应承担偿还本金及逾期利息的违约责任。原告要求被告李艺灵偿还借款本金和逾期利息的诉讼请求，本院予以支持。依照《中华人民共和国合同法》第一百零七条、第一百九十六条、第一百九十七条、第二百零六条、第二百一十一条第一款，《最高人民法院关于人民法院审理借贷案件的若干意见》第九条之规定，判决如下：&#xA;被告李艺灵应于在判决生效之日起十日内返还原告刘双祥借款人民币200，000元及利息（自2014年5月21日起按中国人民银行同类贷款利率计算至生效判决指定的还款之日止）。&#xA;如果未按本判决指定的期间履行给付金钱义务，应当依照《中华人民共和国民事诉讼法》第二百五十三条之规定，加倍支付迟延履行期间的债务利息。&#xA;本案案件受理费4，300元，减半收取2，150元，由被告李艺灵负担。&#xA;如不服本判决，可在判决书送达之日起十五日内向本院递交上诉状，并按对方当事人的人数提出副本，上诉于福建省泉州市中级人民法院。&#xA;审判员施纯兴&#xA;二〇一四年六月二十六日&#xA;书记员曾秋华&#xA;附：本案适用的法律条文&#xA;《中华人民共和国合同法》&#xA;第一百零七条当事人一方履行合同义务或者履行合同义务不符合约定的，应当承担继续履行、采取补救措施或者赔偿损失等违约责任。第一百九十六条借款合同是借款人向贷款人借款，到期返还借款并支付利息的合同。第二百零六条借款人应当按照约定的期限返还借款。对借款期限没有约定或者约定不明确，依照本法第六十一条的规定仍不能确定的，借款人可以随时返还；贷款人可以催告借款人在合理期限内返还。第二百零七条借款人未按照约定的期限返还借款的，应当按照约定或者国家有关规定支付逾期利息。第二百一十条自然人之间的借款合同，自贷款人提供借款时生效。第二百一十一条自然人之间的借款合同对支付利息没有约定或者约定不明确的，视为不支付利息。自然人之间的借款合同约定支付利息的，借款的利率不得违反国家有关限制借款利率的规定。&#xA;《最高人民法院关于人民法院审理借贷案件的若干意见》第九条：公民之间的定期无息借贷，出借人要求借款人偿付逾期利息，或者不定期无息借贷经催告不还，出借人要求偿付催告后利息的，可参照银行同类贷款的利率计息。&#xA;《中华人民共和国民事诉讼法》第二百三十九条申请执行的期间为二年。申请执行时效的中止、中断，适用法律有关诉讼时效中止、中断的规定。前款规定的期间，从法律文书规定履行期间的最后一日起计算；法律文书未规定履行期间的，从法律文书生效之日起计算。第二百五十三条被执行人未按判决、裁定和其他法律文书指定的期间履行给付金钱义务的，应当加倍支付迟延履行期间的债务利息。被执行人未按判决、裁定和其他法律文书指定的期间履行其他义务的，应当支付迟延履行金。&#xA;" nameCN="全文">
  <WS value="福建省安溪县人民法院&#xA;民事判决书&#xA;（2014）安民初字第3699号&#xA;" nameCN="文首">
    <WSZZDW value="法院" nameCN="文书制作单位" />
    <JBFY value="福建省安溪县人民法院" nameCN="经办法院">
      <FYJB value="基层" nameCN="法院级别" />
      <XZQH_P value="福建" nameCN="行政区划(省)" />
      <XZQH_C value="福建" nameCN="行政区划(市)" />
    </JBFY>
    <WSMC value="民事判决书" nameCN="文书名称" />
    <AH value="(2014)安民初字第3699号" nameCN="案号" />
    <LAND value="2014" nameCN="立案年度" />
    <AJXZ value="民事案件" nameCN="案件性质" />
    <WSZL value="判决书" nameCN="文书种类" />
    <SPCX value="一审案件" nameCN="审判程序" />
    <AJLX value="民事一审案件" nameCN="案件类型" />
  </WS>
  <SSCYRQJ value="原告刘双祥，男，1970年10月17日出生，汉族，住福建省安溪县。&#xA;被告李艺灵，男，1974年5月12日出生，汉族，住福建省安溪县。&#xA;" nameCN="诉讼参与人全集">
    <SSCYR value="原告刘双祥，男，1970年10月17日出生，汉族，住福建省安溪县。" nameCN="诉讼参与人">
      <SSCYRMC value="刘双祥" nameCN="诉讼参与人名称" />
      <SSSF value="原告" nameCN="诉讼身份" />
      <SSDW value="原告" nameCN="诉讼地位" />
      <DSRLB value="原告" nameCN="当事人类别" />
      <DSRLX value="自然人" nameCN="当事人类型" />
      <XB value="男" nameCN="性别" />
      <MZ value="汉族" nameCN="民族" />
      <CSRQ value="1970年10月17日" nameCN="出生日期">
        <Year value="1970" nameCN="年" />
        <Month value="10" nameCN="月" />
        <Day value="17" nameCN="日" />
      </CSRQ>
      <GJ value="中国" nameCN="国籍" />
      <DSRDZ value="福建省安溪县" nameCN="当事人地址" />
      <DTQK value="到庭" nameCN="到庭情况" />
    </SSCYR>
    <SSCYR value="被告李艺灵，男，1974年5月12日出生，汉族，住福建省安溪县。" nameCN="诉讼参与人">
      <SSCYRMC value="李艺灵" nameCN="诉讼参与人名称" />
      <SSSF value="被告" nameCN="诉讼身份" />
      <SSDW value="被告" nameCN="诉讼地位" />
      <DSRLB value="被告" nameCN="当事人类别" />
      <DSRLX value="自然人" nameCN="当事人类型" />
      <XB value="男" nameCN="性别" />
      <MZ value="汉族" nameCN="民族" />
      <CSRQ value="1974年5月12日" nameCN="出生日期">
        <Year value="1974" nameCN="年" />
        <Month value="5" nameCN="月" />
        <Day value="12" nameCN="日" />
      </CSRQ>
      <GJ value="中国" nameCN="国籍" />
      <DSRDZ value="福建省安溪县" nameCN="当事人地址" />
      <DTQK value="到庭" nameCN="到庭情况" />
    </SSCYR>
    <SSCYRQJ value="错误" nameCN="保险公司是否作为被告" />
  </SSCYRQJ>
  <SSJL value="原告刘双祥与被告李艺灵民间借贷纠纷一案，本院于2014年5月21日受理后，依法适用简易程序，于2014年6月26日公开开庭进行了审理。原告刘双祥和被告李艺灵到庭参加诉讼。本案现已审理终结。" nameCN="诉讼记录">
    <YG value="刘双祥" nameCN="原告" />
    <BG value="李艺灵" nameCN="被告" />
    <AY value="民间借贷纠纷" nameCN="案由" />
    <KTSL value="是" nameCN="开庭审理" />
    <KTSLXX value="公开审理" nameCN="开庭审理信息" />
    <WZAY value="民间借贷纠纷" nameCN="完整案由" />
    <AYDM value="9181" nameCN="案由代码" />
    <LARQ value="2014年5月21日" nameCN="立案日期" />
    <YSAJSYCX value="简易程序" nameCN="一审案件适用程序" />
    <JYZPT value="否" nameCN="简易转普通" />
    <SPZZ value="独任庭" nameCN="审判组织" />
    <YSAJLY value="新收" nameCN="一审案件来源" />
    <SLRQ value="2014年5月21日" nameCN="受理日期" />
    <CTDSRXX nameCN="出庭当事人信息">
      <CTRXM value="李艺灵" nameCN="出庭人姓名">
        <SSDW value="被告" nameCN="诉讼地位" />
      </CTRXM>
      <CTRXM value="刘双祥" nameCN="出庭人姓名">
        <SSDW value="原告" nameCN="诉讼地位" />
      </CTRXM>
    </CTDSRXX>
  </SSJL>
  <AJJBQK value="原告刘双祥诉称，被告李艺灵于2013年3月22日向原告借款人民币200，000元，并由被告出具一张借条给原告收执。还款期限届满后，被告李艺灵未能依约还款。请求判令被告偿还原告借款人民币200，000元及利息（自起诉之日起至还清款项之日止按银行同类贷款利率计算）。&#xA;被告李艺灵辩称，原告知道我和林泽文之间存在亲戚关系后，主动要求放贷给我。经过原告多次向我要求，我才同意原告放款给我。林泽文的担保公司没出事前，考虑到原告买了凤冠山庄的房子，我让原告把钱取回去，结果原告不同意。林泽文担保公司倒闭后，我又主动提出用自己所开的雷洛车去抵押贷款，先偿还原告一部分资金，后续的欠款在2015年12月31日前还清。原告与被告经过协商原本已经同意该方案了，结果原告用我提供给他的身份证、行驶证、结婚证来起诉我。原告起诉我后，我多次主动和原告协商还款事宜，原告坚持要通过法律渠道来向我催讨。现在我的资金全部被林泽文卷走了，我目前资金困难，没有还款能力。&#xA;在举证期限内原告向本院提供借条一张，以此证明被告李艺灵向原告借款200，000元未还的事实。&#xA;在举证期限内被告未向本院提供任何证据。&#xA;本院认为，原告提供的上述证据与原、被告的陈述一致，且证据来源合法，内容客观真实，并与本案的事实相关联，符合证据采信条件，其证据效力依法予以确认。&#xA;综上所述，对本案主要事实认定如下：&#xA;2013年3月22日，被告李艺灵向原告刘双祥借款人民币200，000元，双方未约定借款期限和利息，由被告立下借条一张给原告收执。借款后被告至今未能偿还，原告于2014年5月21日向本院提起诉讼。&#xA;" nameCN="案件基本情况">
    <YGSCD value="原告刘双祥诉称，被告李艺灵于2013年3月22日向原告借款人民币200，000元，并由被告出具一张借条给原告收执。还款期限届满后，被告李艺灵未能依约还款。请求判令被告偿还原告借款人民币200，000元及利息（自起诉之日起至还清款项之日止按银行同类贷款利率计算）。 " nameCN="原告诉称段" />
    <BGBCD value="被告李艺灵辩称，原告知道我和林泽文之间存在亲戚关系后，主动要求放贷给我。经过原告多次向我要求，我才同意原告放款给我。林泽文的担保公司没出事前，考虑到原告买了凤冠山庄的房子，我让原告把钱取回去，结果原告不同意。林泽文担保公司倒闭后，我又主动提出用自己所开的雷洛车去抵押贷款，先偿还原告一部分资金，后续的欠款在2015年12月31日前还清。原告与被告经过协商原本已经同意该方案了，结果原告用我提供给他的身份证、行驶证、结婚证来起诉我。原告起诉我后，我多次主动和原告协商还款事宜，原告坚持要通过法律渠道来向我催讨。现在我的资金全部被林泽文卷走了，我目前资金困难，没有还款能力。 " nameCN="被告辩称段" />
    <ZJD value="在举证期限内原告向本院提供借条一张，以此证明被告李艺灵向原告借款200，000元未还的事实。在举证期限内被告未向本院提供任何证据。 本院认为，原告提供的上述证据与原、被告的陈述一致，且证据来源合法，内容客观真实，并与本案的事实相关联，符合证据采信条件，其证据效力依法予以确认。 " nameCN="证据段" />
    <CMSSD value="综上所述，对本案主要事实认定如下：2013年3月22日，被告李艺灵向原告刘双祥借款人民币200，000元，双方未约定借款期限和利息，由被告立下借条一张给原告收执。借款后被告至今未能偿还，原告于2014年5月21日向本院提起诉讼。 " nameCN="查明事实段">
      <SGXQ value="未提及" nameCN="事故详情">
        <SGSJ value="未提及" nameCN="事故时间" />
        <SGDD value="未提及" nameCN="事故地点" />
      </SGXQ>
      <JDCSYR value="李艺灵" nameCN="机动车所有人" />
      <GAJGRDYJ value="2013年3月22日，被告李艺灵向原告刘双祥借款人民币200，000元，双方未约定借款期限和利息，由被告立下借条一张给原告收执。" nameCN="公安机关认定意见" />
      <SHRJZD value="福建省安溪县" nameCN="受害人居住地" />
      <SFTB value="是" nameCN="是否投保" />
      <SFZBXQN value="是" nameCN="是否在保险期内" />
      <SFXQPF value="是" nameCN="是否先期赔付" />
      <JDSFKK value="是" nameCN="鉴定是否可靠" />
    </CMSSD>
  </AJJBQK>
  <CPFXGC value="本院认为，原、被告之间设立的借款合同系双方真实意思表示，被告李艺灵作为借款人未能按照约定及时返还借款，应承担偿还本金及逾期利息的违约责任。原告要求被告李艺灵偿还借款本金和逾期利息的诉讼请求，本院予以支持。依照《中华人民共和国合同法》第一百零七条、第一百九十六条、第一百九十七条、第二百零六条、第二百一十一条第一款，《最高人民法院关于人民法院审理借贷案件的若干意见》第九条之规定，判决如下：&#xA;" nameCN="裁判分析过程">
    <JAFSLX value="判决" nameCN="结案方式类型" />
    <FLFTMC value="中华人民共和国合同法" nameCN="法律法条名称">
      <TM value="一百九十七" nameCN="条目" />
      <TM value="二百一十一" nameCN="条目">
        <KM value="第一款" nameCN="款目" />
      </TM>
      <TM value="二百零六" nameCN="条目" />
      <TM value="一百九十六" nameCN="条目" />
      <TM value="一百零七" nameCN="条目" />
      <SFCXF value="非程序法" nameCN="是否是程序法" />
    </FLFTMC>
    <FLFTMC value="最高人民法院关于人民法院审理借贷案件的若干意见" nameCN="法律法条名称">
      <TM value="九" nameCN="条目" />
      <SFCXF value="非程序法" nameCN="是否是程序法" />
    </FLFTMC>
  </CPFXGC>
  <CPJG value="被告李艺灵应于在判决生效之日起十日内返还原告刘双祥借款人民币200，000元及利息（自2014年5月21日起按中国人民银行同类贷款利率计算至生效判决指定的还款之日止）。&#xA;如果未按本判决指定的期间履行给付金钱义务，应当依照《中华人民共和国民事诉讼法》第二百五十三条之规定，加倍支付迟延履行期间的债务利息。&#xA;本案案件受理费4，300元，减半收取2，150元，由被告李艺灵负担。&#xA;如不服本判决，可在判决书送达之日起十五日内向本院递交上诉状，并按对方当事人的人数提出副本，上诉于福建省泉州市中级人民法院。&#xA;" nameCN="裁判结果">
    <JAFS value="判决" nameCN="结案方式" />
    <PCSFSXZQ value="正确" nameCN="同时起诉侵权人与保险公司的赔偿顺序" />
    <JTPJJG value="被告李艺灵应于在判决生效之日起十日内返还原告刘双祥借款人民币200，000元及利息（自2014年5月21日起按中国人民银行同类贷款利率计算至生效判决指定的还款之日止）。" nameCN="具体裁判段">
      <QLR value="刘双祥" nameCN="权利人">
        <QLRSSDW value="原告" nameCN="诉讼地位" />
      </QLR>
      <YWR value="李艺灵" nameCN="义务人">
        <YWRSSDW value="被告" nameCN="诉讼地位" />
      </YWR>
      <PJJE nameCN="判决金额">
        <JE value="200000元" nameCN="金额" />
        <JELX value="借款" nameCN="金额类型" />
      </PJJE>
    </JTPJJG>
    <JTPJJG value="如果未按本判决指定的期间履行给付金钱义务，应当依照《中华人民共和国民事诉讼法》第二百五十三条之规定，加倍支付迟延履行期间的债务利息。" nameCN="具体裁判段" />
    <SSFCD nameCN="诉讼费承担">
      <SSFCDJL value="本案案件受理费4，300元，减半收取2，150元，由被告李艺灵负担。" nameCN="诉讼费承担记录">
        <SSFJE value="2150元" nameCN="诉讼费金额" />
        <SSFZL value="受理费" nameCN="诉讼费种类" />
        <SSFCDR value="李艺灵" nameCN="承担人">
          <SSFCDJE value="2150元" nameCN="承担金额" />
          <SSFCDFS value="个人独立承担该金额" nameCN="承担方式" />
          <SSFCDDW value="被告" nameCN="承担人地位" />
        </SSFCDR>
      </SSFCDJL>
    </SSFCD>
    <SFFHCS value="否" nameCN="是否发回重审" />
    <KSSZ value="福建省泉州市中级人民法院" nameCN="可上诉至" />
    <SSTJCL value="上诉状，并按对方当事人的人数提出副本" nameCN="上诉提交材料" />
    <SSQX value="十五日" nameCN="上诉期限" />
    <TCGXQYY value="否" nameCN="是否提出管辖权异议" />
  </CPJG>
  <WW value="审判员施纯兴&#xA;二〇一四年六月二十六日&#xA;书记员曾秋华&#xA;" nameCN="文尾">
    <SPZZCY nameCN="审判组织成员">
      <SPRYXM value="曾秋华" nameCN="审判人员姓名" />
      <SPRYJS value="书记员" nameCN="审判人员角色" />
    </SPZZCY>
    <SPZZCY nameCN="审判组织成员">
      <SPRYXM value="施纯兴" nameCN="审判人员姓名" />
      <SPRYJS value="审判员" nameCN="审判人员角色" />
    </SPZZCY>
    <CPSJ value="2014年6月26日" nameCN="裁判时间">
      <Year value="2014" nameCN="结案年度" />
      <JANYR value="2014年6月26日" nameCN="结案年月日" />
      <JANY value="2014-6" nameCN="结案年月" />
      <Month value="6" nameCN="月" />
      <Day value="26" nameCN="日" />
    </CPSJ>
  </WW>
  <FL value="" nameCN="附录" />
</QW>

