<?xml version="1.0" encoding="UTF-8"?>
<QW value="&#xA;莫力达瓦达斡尔族自治旗人民法院&#xA;民事判决书&#xA;（2014）莫民初字第1062号&#xA;原告刘广林，男，1967年8月6日出生，汉族，农民，住内蒙古自治区莫力达瓦达斡尔族自治旗。&#xA;被告宋友，男，1982年9月2日出生，汉族，农民，住内蒙古自治区莫力达瓦达斡尔族自治旗。&#xA;原告刘广林诉被告宋友买卖合同纠纷一案，本院于2014年8月5日立案受理，依法组成由审判员林桂军担任审判长、人民陪审员王丽静、徐瑞霞参加的合议庭，于2014年11月10日公开开庭进行了审理。原告刘广林到庭参加诉讼，被告宋友经本院公告送达开庭传票无正当理由拒不到庭。本案现已审理终结。&#xA;原告刘广林诉称，原、被告于2010年3月11日签订农药化肥赊销合同，被告在原告处购买化肥农药共计12600元。约定2010年10月1日付清，如逾期不付，加收货款总额20％的利息。原告多次催要，被告推托不予给付。原告无奈诉至法院，请求被告给付农药化肥款12600元并按20％的年利率支付逾期利息至判决确定给付之日止。&#xA;被告宋友未做答辩。&#xA;经审理查明：原、被告于2010年3月11日签订总价款为12600元的农药化肥赊销合同，约定2010年10月1日付清。如逾期不付货款，加收货款总额20％的利息。债务到期后，原告多次催要，被告至今未付。对此，原告出示了农药化肥赊销合同。该证据是双方真实的意思表示，符合客观性、关联性、合法性的特征，予以采纳。&#xA;本院认为：原告刘广林与被告宋友签定的买卖合同真实、合法、有效。根据﹤﹤中华人民共和国合同法﹥﹥第一百三十条的规定，原告已交付标的物，被告应按约定支付价款12600元。参照﹤﹤中华人民共和国合同法﹥﹥第二百零七条和﹤﹤最高人民法院关于人民法院审理借贷案件的若干意见﹥﹥第六条的规定，原告主张按20％的年利率从2010年10月2日起支付逾期利息至判决确定给付之日止的请求符合法律规定，予以支持。被告宋友经依法传唤未出庭参加诉讼，视为自动放弃抗辩权，不影响本院依据查明的事实依法作出裁判。根据上述事实和理由，依照﹤﹤中华人民共和国民事诉讼法﹥﹥第一百四十二条关于“法庭辩论终结应当依法作出判决”、第一百四十四条关于“被告经传票传唤，无正当理由拒不到庭可以缺席判决”和第一百五十二条关于“判决书应当写明判决结果和作出该判决的理由”的规定，判决如下：&#xA;被告宋友自本判决生效之日起七日内给付原告刘广林农药化肥款12600元，并从2010年10月2日起按20％的年利率支付逾期利息至判决确定给付之日止。&#xA;如果未按本判决指定的期间履行给付金钱义务的，依照《中华人民共和国民事诉讼法》第二百五十三条的规定，加倍支付迟延履行期间的债务利息。&#xA;案件受理费304元和公告费800元，由被告宋友负担。&#xA;如不服本判决，可在判决书送达之日起十五日内，向本院递交上诉状，并按对方当事人的人数提出副本，上诉于呼伦贝尔市中级人民法院。&#xA;审判员林桂军&#xA;二〇一四年十一月十日&#xA;书记员黄海志&#xA;附：本案判决所依据的相关法律&#xA;﹤﹤中华人民共和国合同法﹥﹥第一百三十条买卖合同是出卖人转移标的物的所有权于买受人，买卖人支付价款的合同。&#xA;第二百零七条借款人未按照约定的期限返还借款的，应当按照约定或者国家有关规定支付逾期利息。&#xA;﹤﹤最高人民法院关于人民法院审理借贷案件的若干意见﹥﹥第六条民间借贷的利率可以适当高于银行的利率，各地人民法院可根据本地区的实际情况具休掌握，但最高不得超过银行同类贷款利率的四倍（包含利率本数）。超出此限度的，超出部分的利息不予保护。&#xA;" nameCN="全文">
  <WS value="莫力达瓦达斡尔族自治旗人民法院&#xA;民事判决书&#xA;（2014）莫民初字第1062号&#xA;" nameCN="文首">
    <WSZZDW value="法院" nameCN="文书制作单位" />
    <JBFY value="莫力达瓦达斡尔族自治旗人民法院" nameCN="经办法院">
      <FYJB value="基层" nameCN="法院级别" />
    </JBFY>
    <WSMC value="民事判决书" nameCN="文书名称" />
    <AH value="(2014)莫民初字第1062号" nameCN="案号" />
    <LAND value="2014" nameCN="立案年度" />
    <AJXZ value="民事案件" nameCN="案件性质" />
    <WSZL value="判决书" nameCN="文书种类" />
    <SPCX value="一审案件" nameCN="审判程序" />
    <AJLX value="民事一审案件" nameCN="案件类型" />
  </WS>
  <SSCYRQJ value="原告刘广林，男，1967年8月6日出生，汉族，农民，住内蒙古自治区莫力达瓦达斡尔族自治旗。&#xA;被告宋友，男，1982年9月2日出生，汉族，农民，住内蒙古自治区莫力达瓦达斡尔族自治旗。&#xA;" nameCN="诉讼参与人全集">
    <SSCYR value="原告刘广林，男，1967年8月6日出生，汉族，农民，住内蒙古自治区莫力达瓦达斡尔族自治旗。" nameCN="诉讼参与人">
      <SSCYRMC value="刘广林" nameCN="诉讼参与人名称" />
      <SSSF value="原告" nameCN="诉讼身份" />
      <SSDW value="原告" nameCN="诉讼地位" />
      <DSRLB value="原告" nameCN="当事人类别" />
      <DSRLX value="自然人" nameCN="当事人类型" />
      <XB value="男" nameCN="性别" />
      <MZ value="汉族" nameCN="民族" />
      <CSRQ value="1967年8月6日" nameCN="出生日期">
        <Year value="1967" nameCN="年" />
        <Month value="8" nameCN="月" />
        <Day value="6" nameCN="日" />
      </CSRQ>
      <GJ value="中国" nameCN="国籍" />
      <DSRDZ value="内蒙古自治区莫力达瓦达斡尔族自治旗" nameCN="当事人地址" />
      <DTQK value="到庭" nameCN="到庭情况" />
      <DWZWFZ nameCN="单位职务分组">
        <ZW value="农民" nameCN="职务" />
      </DWZWFZ>
    </SSCYR>
    <SSCYR value="被告宋友，男，1982年9月2日出生，汉族，农民，住内蒙古自治区莫力达瓦达斡尔族自治旗。" nameCN="诉讼参与人">
      <SSCYRMC value="宋友" nameCN="诉讼参与人名称" />
      <SSSF value="被告" nameCN="诉讼身份" />
      <SSDW value="被告" nameCN="诉讼地位" />
      <DSRLB value="被告" nameCN="当事人类别" />
      <DSRLX value="自然人" nameCN="当事人类型" />
      <XB value="男" nameCN="性别" />
      <MZ value="汉族" nameCN="民族" />
      <CSRQ value="1982年9月2日" nameCN="出生日期">
        <Year value="1982" nameCN="年" />
        <Month value="9" nameCN="月" />
        <Day value="2" nameCN="日" />
      </CSRQ>
      <GJ value="中国" nameCN="国籍" />
      <DSRDZ value="内蒙古自治区莫力达瓦达斡尔族自治旗" nameCN="当事人地址" />
      <DWZWFZ nameCN="单位职务分组">
        <ZW value="农民" nameCN="职务" />
      </DWZWFZ>
    </SSCYR>
    <SSCYRQJ value="错误" nameCN="保险公司是否作为被告" />
  </SSCYRQJ>
  <SSJL value="原告刘广林诉被告宋友买卖合同纠纷一案，本院于2014年8月5日立案受理，依法组成由审判员林桂军担任审判长、人民陪审员王丽静、徐瑞霞参加的合议庭，于2014年11月10日公开开庭进行了审理。原告刘广林到庭参加诉讼，被告宋友经本院公告送达开庭传票无正当理由拒不到庭。本案现已审理终结。" nameCN="诉讼记录">
    <JJCT value="" nameCN="拒绝出庭">
      <DSR value="" nameCN="当事人" />
      <RQ value="" nameCN="日期" />
    </JJCT>
    <YG value="刘广林" nameCN="原告" />
    <BG value="宋友" nameCN="被告" />
    <AY value="买卖合同纠纷" nameCN="案由" />
    <KTSL value="是" nameCN="开庭审理" />
    <KTSLXX value="公开审理" nameCN="开庭审理信息" />
    <WZAY value="买卖合同纠纷" nameCN="完整案由" />
    <AYDM value="9142" nameCN="案由代码" />
    <LARQ value="2014年8月5日" nameCN="立案日期" />
    <YSAJSYCX value="普通程序" nameCN="一审案件适用程序" />
    <JYZPT value="否" nameCN="简易转普通" />
    <SPZZ value="合议庭" nameCN="审判组织" />
    <YSAJLY value="新收" nameCN="一审案件来源" />
    <SLRQ value="2014年8月5日" nameCN="受理日期" />
    <DXRQX nameCN="当事人缺席">
      <XM value="宋友" nameCN="姓名">
        <SSDW value="被告" nameCN="诉讼地位" />
      </XM>
    </DXRQX>
    <CTDSRXX nameCN="出庭当事人信息">
      <CTRXM value="刘广林" nameCN="出庭人姓名">
        <SSDW value="原告" nameCN="诉讼地位" />
      </CTRXM>
    </CTDSRXX>
  </SSJL>
  <AJJBQK value="原告刘广林诉称，原、被告于2010年3月11日签订农药化肥赊销合同，被告在原告处购买化肥农药共计12600元。约定2010年10月1日付清，如逾期不付，加收货款总额20％的利息。原告多次催要，被告推托不予给付。原告无奈诉至法院，请求被告给付农药化肥款12600元并按20％的年利率支付逾期利息至判决确定给付之日止。&#xA;被告宋友未做答辩。&#xA;经审理查明：原、被告于2010年3月11日签订总价款为12600元的农药化肥赊销合同，约定2010年10月1日付清。如逾期不付货款，加收货款总额20％的利息。债务到期后，原告多次催要，被告至今未付。对此，原告出示了农药化肥赊销合同。该证据是双方真实的意思表示，符合客观性、关联性、合法性的特征，予以采纳。&#xA;" nameCN="案件基本情况">
    <YGSCD value="原告刘广林诉称，原、被告于2010年3月11日签订农药化肥赊销合同，被告在原告处购买化肥农药共计12600元。约定2010年10月1日付清，如逾期不付，加收货款总额20％的利息。原告多次催要，被告推托不予给付。原告无奈诉至法院，请求被告给付农药化肥款12600元并按20％的年利率支付逾期利息至判决确定给付之日止。 " nameCN="原告诉称段" />
    <BGBCD value="被告宋友未做答辩。 " nameCN="被告辩称段" />
    <CMSSD value="经审理查明：原、被告于2010年3月11日签订总价款为12600元的农药化肥赊销合同，约定2010年10月1日付清。如逾期不付货款，加收货款总额20％的利息。债务到期后，原告多次催要，被告至今未付。对此，原告出示了农药化肥赊销合同。该证据是双方真实的意思表示，符合客观性、关联性、合法性的特征，予以采纳。" nameCN="查明事实段">
      <SGXQ value="未提及" nameCN="事故详情">
        <SGSJ value="未提及" nameCN="事故时间" />
        <SGDD value="未提及" nameCN="事故地点" />
      </SGXQ>
      <JDCSYR value="宋友" nameCN="机动车所有人" />
      <SHRJZD value="内蒙古自治区莫力达瓦达斡尔族自治旗" nameCN="受害人居住地" />
      <SHRZY value="农民" nameCN="受害人职业" />
      <SFTB value="是" nameCN="是否投保" />
      <SFZBXQN value="是" nameCN="是否在保险期内" />
      <SFXQPF value="是" nameCN="是否先期赔付" />
      <JDSFKK value="是" nameCN="鉴定是否可靠" />
    </CMSSD>
  </AJJBQK>
  <CPFXGC value="本院认为：原告刘广林与被告宋友签定的买卖合同真实、合法、有效。根据﹤﹤中华人民共和国合同法﹥﹥第一百三十条的规定，原告已交付标的物，被告应按约定支付价款12600元。参照﹤﹤中华人民共和国合同法﹥﹥第二百零七条和﹤﹤最高人民法院关于人民法院审理借贷案件的若干意见﹥﹥第六条的规定，原告主张按20％的年利率从2010年10月2日起支付逾期利息至判决确定给付之日止的请求符合法律规定，予以支持。被告宋友经依法传唤未出庭参加诉讼，视为自动放弃抗辩权，不影响本院依据查明的事实依法作出裁判。根据上述事实和理由，依照﹤﹤中华人民共和国民事诉讼法﹥﹥第一百四十二条关于“法庭辩论终结应当依法作出判决”、第一百四十四条关于“被告经传票传唤，无正当理由拒不到庭可以缺席判决”和第一百五十二条关于“判决书应当写明判决结果和作出该判决的理由”的规定，判决如下：&#xA;" nameCN="裁判分析过程">
    <JAFSLX value="判决" nameCN="结案方式类型" />
  </CPFXGC>
  <CPJG value="被告宋友自本判决生效之日起七日内给付原告刘广林农药化肥款12600元，并从2010年10月2日起按20％的年利率支付逾期利息至判决确定给付之日止。&#xA;如果未按本判决指定的期间履行给付金钱义务的，依照《中华人民共和国民事诉讼法》第二百五十三条的规定，加倍支付迟延履行期间的债务利息。&#xA;案件受理费304元和公告费800元，由被告宋友负担。&#xA;如不服本判决，可在判决书送达之日起十五日内，向本院递交上诉状，并按对方当事人的人数提出副本，上诉于呼伦贝尔市中级人民法院。&#xA;" nameCN="裁判结果">
    <JAFS value="判决" nameCN="结案方式" />
    <PCSFSXZQ value="正确" nameCN="同时起诉侵权人与保险公司的赔偿顺序" />
    <JTPJJG value="被告宋友自本判决生效之日起七日内给付原告刘广林农药化肥款12600元，并从2010年10月2日起按20％的年利率支付逾期利息至判决确定给付之日止。" nameCN="具体裁判段">
      <QLR value="刘广林" nameCN="权利人">
        <QLRSSDW value="原告" nameCN="诉讼地位" />
      </QLR>
      <YWR value="宋友" nameCN="义务人">
        <YWRSSDW value="被告" nameCN="诉讼地位" />
      </YWR>
      <PJZXQX value="七日" nameCN="判决执行期限" />
      <PJJE nameCN="判决金额">
        <JE value="12600元" nameCN="金额" />
        <JELX value="化肥款" nameCN="金额类型" />
      </PJJE>
    </JTPJJG>
    <JTPJJG value="如果未按本判决指定的期间履行给付金钱义务的，依照《中华人民共和国民事诉讼法》第二百五十三条的规定，加倍支付迟延履行期间的债务利息。" nameCN="具体裁判段" />
    <SSFCD nameCN="诉讼费承担">
      <SSFCDJL value="案件受理费304元和公告费800元，由被告宋友负担。" nameCN="诉讼费承担记录">
        <SSFJE value="304元" nameCN="诉讼费金额" />
        <SSFZL value="受理费" nameCN="诉讼费种类" />
        <SSFJE value="800元" nameCN="诉讼费金额" />
        <SSFZL value="公告费" nameCN="诉讼费种类" />
        <SSFCDR value="宋友" nameCN="承担人">
          <SSFCDJE value="304元" nameCN="承担金额" />
          <SSFCDFS value="个人独立承担该金额" nameCN="承担方式" />
          <SSFCDDW value="被告" nameCN="承担人地位" />
        </SSFCDR>
      </SSFCDJL>
    </SSFCD>
    <SFFHCS value="否" nameCN="是否发回重审" />
    <KSSZ value="呼伦贝尔市中级人民法院" nameCN="可上诉至" />
    <SSTJCL value="上诉状，并按对方当事人的人数提出副本" nameCN="上诉提交材料" />
    <SSQX value="十五日" nameCN="上诉期限" />
    <TCGXQYY value="否" nameCN="是否提出管辖权异议" />
  </CPJG>
  <WW value="审判员林桂军&#xA;二〇一四年十一月十日&#xA;书记员黄海志&#xA;" nameCN="文尾">
    <SPZZCY nameCN="审判组织成员">
      <SPRYXM value="林桂军" nameCN="审判人员姓名" />
      <SPRYJS value="审判员" nameCN="审判人员角色" />
    </SPZZCY>
    <SPZZCY nameCN="审判组织成员">
      <SPRYXM value="黄海志" nameCN="审判人员姓名" />
      <SPRYJS value="书记员" nameCN="审判人员角色" />
    </SPZZCY>
    <CPSJ value="2014年11月10日" nameCN="裁判时间">
      <Year value="2014" nameCN="结案年度" />
      <JANYR value="2014年11月10日" nameCN="结案年月日" />
      <JANY value="2014-11" nameCN="结案年月" />
      <Month value="11" nameCN="月" />
      <Day value="10" nameCN="日" />
    </CPSJ>
  </WW>
  <FL value="" nameCN="附录" />
</QW>

