<?xml version="1.0" encoding="UTF-8"?>
<QW value="河北省迁安市人民法院&#xA;民事判决书&#xA;（2015）安民初字第2865号&#xA;原告：刘兴，迁安市搬运公司职工。&#xA;被告：张建国，农民。&#xA;原告刘兴诉被告张建国民间借贷纠纷一案，本院于2015年5月19日立案受理后，于2015年12月24日依法组成合议庭，公开开庭进行了审理。原告刘兴到庭参加诉讼，被告张建国经本院合法传唤无正当理由未到庭。本案现已审理终结。&#xA;原告刘兴诉称：被告张建国2014年8月25日向我借款15000元，并为我出具了借条，约定十五天之后还款。到期后，经我多次索要被告仍未给付，特向法院起诉，要求被告给付借款15000元。&#xA;被告张建国未提交答辩意见。&#xA;经审理查明：2014年8月25日被告张建国向刘兴借款15000元，被告张建国为原告写下欠条一张，载明“借条，今有张建国向刘星借款1万伍千元整（15000．00），借款人：张建国，2014年8月25日。借款后被告至今未偿还欠款。&#xA;另查，经与被告张建国核实，被告张建国承认欠刘兴15000元。&#xA;上述事实有原、被告陈述、借条、对张建国的调查笔录等证据证实。&#xA;本院认为，原、被告之间的借款事实存在，被告应当遵守诚实守信原则。及时偿还原告借款，未及时偿还，应承担由此产生的民事责任。故依据《中华人民共和国民法通则》第八十四条、第一百零八条的规定，判决如下：&#xA;被告张建国偿还原告刘兴借款15000元（本判决书生效后十五日内履行）。&#xA;案件受理费175元，由被告张建国负担。&#xA;如不服本判决，可在判决书送达之日起十五日内向本院递交上诉状，并按对方当事人的人数提出副本，上诉于河北省唐山市中级人民法院。&#xA;审判长冯玉清&#xA;代理审判员李国栋&#xA;代理审判员陆赛赛&#xA;二〇一五年十二月二十四日&#xA;书记员张春美&#xA;" nameCN="全文">
  <WS value="河北省迁安市人民法院&#xA;民事判决书&#xA;（2015）安民初字第2865号&#xA;" nameCN="文首">
    <WSZZDW value="法院" nameCN="文书制作单位" />
    <JBFY value="河北省迁安市人民法院" nameCN="经办法院">
      <FYJB value="基层" nameCN="法院级别" />
      <XZQH_P value="河北" nameCN="行政区划(省)" />
      <XZQH_C value="迁安市" nameCN="行政区划(市)" />
    </JBFY>
    <WSMC value="民事判决书" nameCN="文书名称" />
    <AH value="(2015)安民初字第2865号" nameCN="案号" />
    <LAND value="2015" nameCN="立案年度" />
    <AJXZ value="民事案件" nameCN="案件性质" />
    <WSZL value="判决书" nameCN="文书种类" />
    <SPCX value="一审案件" nameCN="审判程序" />
    <AJLX value="民事一审案件" nameCN="案件类型" />
  </WS>
  <SSCYRQJ value="原告：刘兴，迁安市搬运公司职工。&#xA;被告：张建国，农民。&#xA;" nameCN="诉讼参与人全集">
    <SSCYR value="原告：刘兴，迁安市搬运公司职工。" nameCN="诉讼参与人">
      <SSCYRMC value="刘兴" nameCN="诉讼参与人名称" />
      <SSSF value="原告" nameCN="诉讼身份" />
      <SSDW value="原告" nameCN="诉讼地位" />
      <DSRLB value="原告" nameCN="当事人类别" />
      <DSRLX value="自然人" nameCN="当事人类型" />
      <GJ value="中国" nameCN="国籍" />
      <DTQK value="到庭" nameCN="到庭情况" />
      <DWZWFZ nameCN="单位职务分组">
        <ZW value="职工" nameCN="职务" />
      </DWZWFZ>
    </SSCYR>
    <SSCYR value="被告：张建国，农民。" nameCN="诉讼参与人">
      <SSCYRMC value="张建国" nameCN="诉讼参与人名称" />
      <SSSF value="被告" nameCN="诉讼身份" />
      <SSDW value="被告" nameCN="诉讼地位" />
      <DSRLB value="被告" nameCN="当事人类别" />
      <DSRLX value="自然人" nameCN="当事人类型" />
      <GJ value="中国" nameCN="国籍" />
      <DWZWFZ nameCN="单位职务分组">
        <ZW value="农民" nameCN="职务" />
      </DWZWFZ>
    </SSCYR>
    <SSCYRQJ value="错误" nameCN="保险公司是否作为被告" />
  </SSCYRQJ>
  <SSJL value="原告刘兴诉被告张建国民间借贷纠纷一案，本院于2015年5月19日立案受理后，于2015年12月24日依法组成合议庭，公开开庭进行了审理。原告刘兴到庭参加诉讼，被告张建国经本院合法传唤无正当理由未到庭。本案现已审理终结。" nameCN="诉讼记录">
    <YG value="刘兴" nameCN="原告" />
    <BG value="张建国" nameCN="被告" />
    <AY value="民间借贷纠纷" nameCN="案由" />
    <KTSL value="是" nameCN="开庭审理" />
    <KTSLXX value="公开审理" nameCN="开庭审理信息" />
    <WZAY value="民间借贷纠纷" nameCN="完整案由" />
    <AYDM value="9181" nameCN="案由代码" />
    <LARQ value="2015年5月19日" nameCN="立案日期" />
    <YSAJSYCX value="普通程序" nameCN="一审案件适用程序" />
    <JYZPT value="否" nameCN="简易转普通" />
    <SPZZ value="合议庭" nameCN="审判组织" />
    <YSAJLY value="新收" nameCN="一审案件来源" />
    <SLRQ value="2015年5月19日" nameCN="受理日期" />
    <DXRQX nameCN="当事人缺席">
      <XM value="张建国" nameCN="姓名">
        <SSDW value="被告" nameCN="诉讼地位" />
      </XM>
    </DXRQX>
    <CTDSRXX nameCN="出庭当事人信息">
      <CTRXM value="刘兴" nameCN="出庭人姓名">
        <SSDW value="原告" nameCN="诉讼地位" />
      </CTRXM>
    </CTDSRXX>
  </SSJL>
  <AJJBQK value="原告刘兴诉称：被告张建国2014年8月25日向我借款15000元，并为我出具了借条，约定十五天之后还款。到期后，经我多次索要被告仍未给付，特向法院起诉，要求被告给付借款15000元。&#xA;被告张建国未提交答辩意见。&#xA;经审理查明：2014年8月25日被告张建国向刘兴借款15000元，被告张建国为原告写下欠条一张，载明“借条，今有张建国向刘星借款1万伍千元整（15000．00），借款人：张建国，2014年8月25日。借款后被告至今未偿还欠款。&#xA;另查，经与被告张建国核实，被告张建国承认欠刘兴15000元。&#xA;上述事实有原、被告陈述、借条、对张建国的调查笔录等证据证实。&#xA;" nameCN="案件基本情况">
    <YGSCD value="原告刘兴诉称：被告张建国2014年8月25日向我借款15000元，并为我出具了借条，约定十五天之后还款。到期后，经我多次索要被告仍未给付，特向法院起诉，要求被告给付借款15000元。 " nameCN="原告诉称段" />
    <BGBCD value="被告张建国未提交答辩意见。 " nameCN="被告辩称段" />
    <ZJD value="上述事实有原、被告陈述、借条、对张建国的调查笔录等证据证实。" nameCN="证据段" />
    <CMSSD value="经审理查明：2014年8月25日被告张建国向刘兴借款15000元，被告张建国为原告写下欠条一张，载明“借条，今有张建国向刘星借款1万伍千元整（15000．00），借款人：张建国，2014年8月25日。借款后被告至今未偿还欠款。另查，经与被告张建国核实，被告张建国承认欠刘兴15000元。 " nameCN="查明事实段">
      <SGXQ value="未提及" nameCN="事故详情">
        <SGSJ value="未提及" nameCN="事故时间" />
        <SGDD value="未提及" nameCN="事故地点" />
      </SGXQ>
      <JDCSYR value="张建国" nameCN="机动车所有人" />
      <SHRZY value="职工" nameCN="受害人职业" />
      <SFTB value="是" nameCN="是否投保" />
      <SFZBXQN value="是" nameCN="是否在保险期内" />
      <SFXQPF value="是" nameCN="是否先期赔付" />
      <JDSFKK value="是" nameCN="鉴定是否可靠" />
    </CMSSD>
  </AJJBQK>
  <CPFXGC value="本院认为，原、被告之间的借款事实存在，被告应当遵守诚实守信原则。及时偿还原告借款，未及时偿还，应承担由此产生的民事责任。故依据《中华人民共和国民法通则》第八十四条、第一百零八条的规定，判决如下：&#xA;" nameCN="裁判分析过程">
    <JAFSLX value="判决" nameCN="结案方式类型" />
    <FLFTMC value="中华人民共和国民法通则" nameCN="法律法条名称">
      <TM value="一百零八" nameCN="条目" />
      <TM value="八十四" nameCN="条目" />
      <SFCXF value="非程序法" nameCN="是否是程序法" />
    </FLFTMC>
  </CPFXGC>
  <CPJG value="被告张建国偿还原告刘兴借款15000元（本判决书生效后十五日内履行）。&#xA;案件受理费175元，由被告张建国负担。&#xA;如不服本判决，可在判决书送达之日起十五日内向本院递交上诉状，并按对方当事人的人数提出副本，上诉于河北省唐山市中级人民法院。&#xA;" nameCN="裁判结果">
    <JAFS value="判决" nameCN="结案方式" />
    <PCSFSXZQ value="正确" nameCN="同时起诉侵权人与保险公司的赔偿顺序" />
    <JTPJJG value="被告张建国偿还原告刘兴借款15000元（本判决书生效后十五日内履行）。" nameCN="具体裁判段">
      <QLR value="刘兴" nameCN="权利人">
        <QLRSSDW value="原告" nameCN="诉讼地位" />
      </QLR>
      <YWR value="张建国" nameCN="义务人">
        <YWRSSDW value="被告" nameCN="诉讼地位" />
      </YWR>
      <PJJE nameCN="判决金额">
        <JE value="15000元" nameCN="金额" />
        <JELX value="借款" nameCN="金额类型" />
      </PJJE>
    </JTPJJG>
    <SSFCD nameCN="诉讼费承担">
      <SSFCDJL value="案件受理费175元，由被告张建国负担。" nameCN="诉讼费承担记录">
        <SSFJE value="175元" nameCN="诉讼费金额" />
        <SSFZL value="受理费" nameCN="诉讼费种类" />
        <SSFCDR value="张建国" nameCN="承担人">
          <SSFCDJE value="175元" nameCN="承担金额" />
          <SSFCDFS value="个人独立承担该金额" nameCN="承担方式" />
          <SSFCDDW value="被告" nameCN="承担人地位" />
        </SSFCDR>
      </SSFCDJL>
    </SSFCD>
    <SFFHCS value="否" nameCN="是否发回重审" />
    <KSSZ value="河北省唐山市中级人民法院" nameCN="可上诉至" />
    <SSTJCL value="上诉状，并按对方当事人的人数提出副本" nameCN="上诉提交材料" />
    <SSQX value="十五日" nameCN="上诉期限" />
    <TCGXQYY value="否" nameCN="是否提出管辖权异议" />
  </CPJG>
  <WW value="审判长冯玉清&#xA;代理审判员李国栋&#xA;代理审判员陆赛赛&#xA;二〇一五年十二月二十四日&#xA;书记员张春美&#xA;" nameCN="文尾">
    <SPZZCY nameCN="审判组织成员">
      <SPRYXM value="李国栋" nameCN="审判人员姓名" />
      <SPRYJS value="代理审判员" nameCN="审判人员角色" />
    </SPZZCY>
    <SPZZCY nameCN="审判组织成员">
      <SPRYXM value="陆赛赛" nameCN="审判人员姓名" />
      <SPRYJS value="代理审判员" nameCN="审判人员角色" />
    </SPZZCY>
    <SPZZCY nameCN="审判组织成员">
      <SPRYXM value="张春美" nameCN="审判人员姓名" />
      <SPRYJS value="书记员" nameCN="审判人员角色" />
    </SPZZCY>
    <SPZZCY nameCN="审判组织成员">
      <SPRYXM value="冯玉清" nameCN="审判人员姓名" />
      <SPRYJS value="审判长" nameCN="审判人员角色" />
    </SPZZCY>
    <CPSJ value="2015年12月24日" nameCN="裁判时间">
      <Year value="2015" nameCN="结案年度" />
      <JANYR value="2015年12月24日" nameCN="结案年月日" />
      <JANY value="2015-12" nameCN="结案年月" />
      <Month value="12" nameCN="月" />
      <Day value="24" nameCN="日" />
    </CPSJ>
  </WW>
  <FL value="" nameCN="附录" />
</QW>

