<?xml version="1.0" encoding="UTF-8"?>
<QW value="&#xA;浙江省慈溪市人民法院&#xA;民事判决书&#xA;（2014）甬慈民初字第575号&#xA;原告：刘国清。&#xA;委托代理人：房益女。&#xA;被告：刘洪松。&#xA;被告：湖南北山建设集团股份有限公司。&#xA;法定代表人：吴振宇。&#xA;委托代理人：陈迪。&#xA;原告刘国清为与被告刘洪松、湖南北山建设集团股份有限公司（以下简称北山建设公司）劳务合同纠纷一案，于2014年4月28日向本院起诉。本院于同日立案受理后，依法由审判员许琴适用简易程序于2014年5月28日公开开庭进行了审理。原告刘国清的委托代理人房益女，被告刘洪松，被告北山建设公司的委托代理人陈迪到庭参加诉讼。本案现已审理终结。&#xA;原告刘国清起诉称：原告系水电工，于2012年5月受被告刘洪松雇佣到被告北山建设公司的宁波市杭州湾新区世纪金源梦想公寓6号楼工地做水电安装。原告的工作至2013年11月完成。2014年3月3日，被告刘洪松出具欠条一份，载明欠原告工资11864元。原告向两被告讨要工资，两被告互相推诿，一直分文未付。双方多次经宁波杭州湾新区规划建设国土局调解无果，两被告仍认欠不付。现诉请判令两被告共同支付原告工人工资11864元。&#xA;原告为证明其诉称主张成立，向本院提供了如下证据：1．欠条一张，证明被告刘洪松欠原告工资的事实。2．限时支付令，证明两被告主体适格，被告刘洪松承包了被告北山建设公司水电安装工程的事实。&#xA;被告刘洪松质证：对证据1没有异议，该证据由被告刘洪松出具并签字的；对证据2被告刘洪松确实收到过，但对其内容被告刘洪松不予认可。被告北山建设公司质证：证据1是被告刘洪松单方向原告出具的，被告北山建设公司并不知情，也无法确认其真实性；对证据2形式上的真实性无异议，但对该证据中载明的内容被告北山建设公司不清楚，同时该限时支付令明确了两个事实，本案欠款的支付主体应是被告刘洪松，被告北山建设公司应付被告刘洪松的工程款已经支付完毕。&#xA;对原告提供的上述证据，本院认证意见如下：原告提供的证据1真实合法，被告刘洪松无异议，本院应予认定。原告提供的证据2形式上真实合法，且两被告对其中载明的被告刘洪松承包宁波杭州湾世纪城6号公寓水电安装工程以及该工程的总承包单位为被告北山建设公司的内容无异议，本院对原告的待证事实予以认定。&#xA;被告北山建设公司当庭提交的证据与本案无关联性，本院不作认定。&#xA;根据本院认定的证据和双方当事人庭审陈述，本院认定本案事实如下：2012年开始，被告刘洪松承包了宁波市杭州湾新区世纪金源梦想公寓6号楼的水电安装工程，该工程的总承包单位为被告北山建设公司。2012年5月至2013年11月，原告受被告刘洪松雇佣到上述工地做水电安装，工资每月8500元。2014年3月3日，经原告刘国清与被告刘洪松结算，被告刘洪松出具欠条一份，载明欠原告工资11864元。&#xA;本院认为：原告刘国清与被告刘洪松之间的劳务合同关系依法成立且有效。原告为被告刘洪松提供劳务，被告刘洪松理应按照约定支付相应劳务报酬。现被告刘洪松对尚欠劳务报酬予以结算，但未及时支付，故原告要求被告刘洪松支付尚欠劳务报酬11864元的诉讼请求，合理合法，本院予以支持。根据合同的相对性原则，原告刘国清受被告刘洪松雇佣，工作内容均由被告刘洪松指派，工作时间由被告刘洪松进行记录，劳务报酬也由被告刘洪松直接向原告发放，现原告因尚欠的劳务报酬向被告刘洪松主张权利，理据充分，而被告北山建设公司仅系涉案工程的总承包单位，与原告之间并未产生劳务合同关系，原告向被告北山建设公司主张支付工资款，理据不足，本院不予支持。据此，依照《中华人民共和国民法通则》第八十四条、第一百零八条之规定，判决如下：&#xA;被告刘洪松应于本判决生效后三日内支付原告刘国清劳务报酬11864元；&#xA;驳回原告刘国清的其余诉讼请求。&#xA;如被告未按本判决指定的期间履行给付金钱义务，应当依照《中华人民共和国民事诉讼法》第二百五十三条之规定，加倍支付迟延履行期间的债务利息。&#xA;案件受理费100元，减半收取50元，由被告刘洪松负担，于本判决生效之日起七日内交纳本院。&#xA;如不服本判决，可在判决书送达之日起十五日内向本院递交上诉状，并按对方当事人的人数提出副本，上诉于浙江省宁波市中级人民法院。上诉人在收到本院送达的上诉案件受理费缴纳通知后七日内，凭判决书向浙江省宁波市中级人民法院立案大厅收费窗口预交上诉案件受理费。如银行汇款，收款人为宁波市财政局非税资金专户，账号：37×××92，开户银行：宁波市中国银行营业部，如邮政汇款，收款人为宁波市中级人民法院立案室。汇款一律注明原审案号。逾期不交，作自动放弃上诉处理。&#xA;审判员许琴&#xA;二〇一四年六月三日&#xA;代书记员郑嘉&#xA;附：本判决依据的法律条文：&#xA;一、相关法律&#xA;《中华人民共和国民法通则》第八十四条债是按照合同的约定或者依照法律的规定，在当事人之间产生的特定的权利和义务关系，享有权利的人是债权人，负有义务的人是债务人。&#xA;债权人有权要求债务人按照合同的约定或者依照法律的规定履行义务。&#xA;第一百零八条债务应当清偿。暂时无力偿还的，经债权人同意或者人民法院裁决，可以由债务人分期偿还。有能力偿还拒不偿还的，由人民法院判决强制偿还。&#xA;二、申请执行的规定&#xA;1．《中华人民共和国民事诉讼法》第二百三十九条申请执行的期间为二年。申请执行时效的中止、中断，适用法律有关诉讼时效中止、中断的规定。前款规定的期间，从法律文书规定履行期间的最后一日起计算；法律文书规定分期履行的，从规定的每次履行期间的最后一日起计算；法律文书未规定履行期间的，从法律文书生效之日起计算。&#xA;《中华人民共和国民事诉讼法》第二百五十三条被执行人未按判决、裁定和其他法律文书指定的期间履行给付金钱义务的，应当加倍支付迟延履行期间的债务利息。被执行人未按判决、裁定和其他法律文书指定的期间履行其他义务的，应当支付迟延履行金。&#xA;2．最高人民法院《关于人民法院执行工作若干问题的规定（试行）》第18条人民法院受理执行案件应当符合下列条件：（1）申请或移送执行的法律文书已经生效；（2）申请执行人是生效法律文书确定的权利人或其继承人、权利承受人；（3）申请执行人在法定期限内提出申请；（4）申请执行的法律文书有给付内容，且执行标的和被执行人明确；（5）义务人在生效法律文书确定的期限内未履行义务；（6）属于受申请执行的人民法院管辖。人民法院对符合上述条件的申请，应当在七日内予以立案；不符合上述条件之一的，应当在七日内裁定不予受理。&#xA;" nameCN="全文">
  <WS value="浙江省慈溪市人民法院&#xA;民事判决书&#xA;（2014）甬慈民初字第575号&#xA;" nameCN="文首">
    <WSZZDW value="法院" nameCN="文书制作单位" />
    <JBFY value="浙江省慈溪市人民法院" nameCN="经办法院">
      <FYJB value="基层" nameCN="法院级别" />
      <XZQH_P value="浙江" nameCN="行政区划(省)" />
      <XZQH_C value="慈溪市" nameCN="行政区划(市)" />
    </JBFY>
    <WSMC value="民事判决书" nameCN="文书名称" />
    <AH value="(2014)甬慈民初字第575号" nameCN="案号" />
    <LAND value="2014" nameCN="立案年度" />
    <AJXZ value="民事案件" nameCN="案件性质" />
    <WSZL value="判决书" nameCN="文书种类" />
    <SPCX value="一审案件" nameCN="审判程序" />
    <AJLX value="民事一审案件" nameCN="案件类型" />
  </WS>
  <SSCYRQJ value="原告：刘国清。&#xA;委托代理人：房益女。&#xA;被告：刘洪松。&#xA;被告：湖南北山建设集团股份有限公司。&#xA;法定代表人：吴振宇。&#xA;委托代理人：陈迪。&#xA;" nameCN="诉讼参与人全集">
    <SSCYR value="原告：刘国清。" nameCN="诉讼参与人">
      <SSCYRMC value="刘国清" nameCN="诉讼参与人名称" />
      <SSSF value="原告" nameCN="诉讼身份" />
      <SSDW value="原告" nameCN="诉讼地位" />
      <DSRLB value="原告" nameCN="当事人类别" />
      <DSRLX value="自然人" nameCN="当事人类型" />
      <GJ value="中国" nameCN="国籍" />
    </SSCYR>
    <SSCYR value="委托代理人：房益女。" nameCN="诉讼参与人">
      <SSCYRMC value="房益女" nameCN="诉讼参与人名称" />
      <SSSF value="委托代理人" nameCN="诉讼身份" />
      <DSRLX value="自然人" nameCN="当事人类型" />
      <GJ value="中国" nameCN="国籍" />
    </SSCYR>
    <SSCYR value="被告：刘洪松。" nameCN="诉讼参与人">
      <SSCYRMC value="刘洪松" nameCN="诉讼参与人名称" />
      <SSSF value="被告" nameCN="诉讼身份" />
      <SSDW value="被告" nameCN="诉讼地位" />
      <DSRLB value="被告" nameCN="当事人类别" />
      <DSRLX value="自然人" nameCN="当事人类型" />
      <GJ value="中国" nameCN="国籍" />
      <FDDBR value="吴振宇" nameCN="单位法定代表人" />
    </SSCYR>
    <SSCYR value="被告：湖南北山建设集团股份有限公司。" nameCN="诉讼参与人">
      <SSCYRMC value="湖南北山建设集团股份有限公司" nameCN="诉讼参与人名称" />
      <SSSF value="被告" nameCN="诉讼身份" />
      <SSDW value="被告" nameCN="诉讼地位" />
      <DSRLB value="被告" nameCN="当事人类别" />
      <DSRLX value="法人" nameCN="当事人类型" />
      <DWXZ value="股份有限公司" nameCN="单位性质" />
    </SSCYR>
    <SSCYR value="法定代表人：吴振宇。" nameCN="诉讼参与人">
      <SSCYRMC value="吴振宇" nameCN="诉讼参与人名称" />
      <SSSF value="法定代表人" nameCN="诉讼身份" />
      <DSRLX value="自然人" nameCN="当事人类型" />
      <GJ value="中国" nameCN="国籍" />
      <DWZWFZ nameCN="单位职务分组">
        <DWMC value="刘洪松" nameCN="单位名称" />
      </DWZWFZ>
    </SSCYR>
    <SSCYR value="委托代理人：陈迪。" nameCN="诉讼参与人">
      <SSCYRMC value="陈迪" nameCN="诉讼参与人名称" />
      <SSSF value="委托代理人" nameCN="诉讼身份" />
      <DSRLX value="自然人" nameCN="当事人类型" />
      <GJ value="中国" nameCN="国籍" />
      <DTQK value="到庭" nameCN="到庭情况" />
    </SSCYR>
    <SSCYRQJ value="错误" nameCN="保险公司是否作为被告" />
  </SSCYRQJ>
  <SSJL value="原告刘国清为与被告刘洪松、湖南北山建设集团股份有限公司（以下简称北山建设公司）劳务合同纠纷一案，于2014年4月28日向本院起诉。本院于同日立案受理后，依法由审判员许琴适用简易程序于2014年5月28日公开开庭进行了审理。原告刘国清的委托代理人房益女，被告刘洪松，被告北山建设公司的委托代理人陈迪到庭参加诉讼。本案现已审理终结。" nameCN="诉讼记录">
    <AY value="劳务合同纠纷" nameCN="案由" />
    <KTSL value="是" nameCN="开庭审理" />
    <KTSLXX value="公开审理" nameCN="开庭审理信息" />
    <WZAY value="劳务合同纠纷" nameCN="完整案由" />
    <AYDM value="9289" nameCN="案由代码" />
    <YSAJSYCX value="简易程序" nameCN="一审案件适用程序" />
    <JYZPT value="否" nameCN="简易转普通" />
    <YSAJLY value="新收" nameCN="一审案件来源" />
    <CTDSRXX nameCN="出庭当事人信息">
      <CTRXM value="陈迪" nameCN="出庭人姓名">
        <SSDW value="委托代理人" nameCN="诉讼地位" />
      </CTRXM>
      <CTRXM value="房益女" nameCN="出庭人姓名">
        <SSDW value="委托代理人" nameCN="诉讼地位" />
      </CTRXM>
      <CTRXM value="刘洪松" nameCN="出庭人姓名">
        <SSDW value="被告" nameCN="诉讼地位" />
      </CTRXM>
      <CTRXM value="刘国清" nameCN="出庭人姓名">
        <SSDW value="原告" nameCN="诉讼地位" />
      </CTRXM>
    </CTDSRXX>
  </SSJL>
  <AJJBQK value="原告刘国清起诉称：原告系水电工，于2012年5月受被告刘洪松雇佣到被告北山建设公司的宁波市杭州湾新区世纪金源梦想公寓6号楼工地做水电安装。原告的工作至2013年11月完成。2014年3月3日，被告刘洪松出具欠条一份，载明欠原告工资11864元。原告向两被告讨要工资，两被告互相推诿，一直分文未付。双方多次经宁波杭州湾新区规划建设国土局调解无果，两被告仍认欠不付。现诉请判令两被告共同支付原告工人工资11864元。&#xA;原告为证明其诉称主张成立，向本院提供了如下证据：1．欠条一张，证明被告刘洪松欠原告工资的事实。2．限时支付令，证明两被告主体适格，被告刘洪松承包了被告北山建设公司水电安装工程的事实。&#xA;被告刘洪松质证：对证据1没有异议，该证据由被告刘洪松出具并签字的；对证据2被告刘洪松确实收到过，但对其内容被告刘洪松不予认可。被告北山建设公司质证：证据1是被告刘洪松单方向原告出具的，被告北山建设公司并不知情，也无法确认其真实性；对证据2形式上的真实性无异议，但对该证据中载明的内容被告北山建设公司不清楚，同时该限时支付令明确了两个事实，本案欠款的支付主体应是被告刘洪松，被告北山建设公司应付被告刘洪松的工程款已经支付完毕。&#xA;对原告提供的上述证据，本院认证意见如下：原告提供的证据1真实合法，被告刘洪松无异议，本院应予认定。原告提供的证据2形式上真实合法，且两被告对其中载明的被告刘洪松承包宁波杭州湾世纪城6号公寓水电安装工程以及该工程的总承包单位为被告北山建设公司的内容无异议，本院对原告的待证事实予以认定。&#xA;被告北山建设公司当庭提交的证据与本案无关联性，本院不作认定。&#xA;根据本院认定的证据和双方当事人庭审陈述，本院认定本案事实如下：2012年开始，被告刘洪松承包了宁波市杭州湾新区世纪金源梦想公寓6号楼的水电安装工程，该工程的总承包单位为被告北山建设公司。2012年5月至2013年11月，原告受被告刘洪松雇佣到上述工地做水电安装，工资每月8500元。2014年3月3日，经原告刘国清与被告刘洪松结算，被告刘洪松出具欠条一份，载明欠原告工资11864元。&#xA;" nameCN="案件基本情况">
    <YGSCD value="原告刘国清起诉称：原告系水电工，于2012年5月受被告刘洪松雇佣到被告北山建设公司的宁波市杭州湾新区世纪金源梦想公寓6号楼工地做水电安装。原告的工作至2013年11月完成。2014年3月3日，被告刘洪松出具欠条一份，载明欠原告工资11864元。原告向两被告讨要工资，两被告互相推诿，一直分文未付。双方多次经宁波杭州湾新区规划建设国土局调解无果，两被告仍认欠不付。现诉请判令两被告共同支付原告工人工资11864元。 " nameCN="原告诉称段" />
    <ZJD value="原告为证明其诉称主张成立，向本院提供了如下证据：1．欠条一张，证明被告刘洪松欠原告工资的事实。2．限时支付令，证明两被告主体适格，被告刘洪松承包了被告北山建设公司水电安装工程的事实。被告刘洪松质证：对证据1没有异议，该证据由被告刘洪松出具并签字的；对证据2被告刘洪松确实收到过，但对其内容被告刘洪松不予认可。被告北山建设公司质证：证据1是被告刘洪松单方向原告出具的，被告北山建设公司并不知情，也无法确认其真实性；对证据2形式上的真实性无异议，但对该证据中载明的内容被告北山建设公司不清楚，同时该限时支付令明确了两个事实，本案欠款的支付主体应是被告刘洪松，被告北山建设公司应付被告刘洪松的工程款已经支付完毕。 对原告提供的上述证据，本院认证意见如下：原告提供的证据1真实合法，被告刘洪松无异议，本院应予认定。原告提供的证据2形式上真实合法，且两被告对其中载明的被告刘洪松承包宁波杭州湾世纪城6号公寓水电安装工程以及该工程的总承包单位为被告北山建设公司的内容无异议，本院对原告的待证事实予以认定。 被告北山建设公司当庭提交的证据与本案无关联性，本院不作认定。 " nameCN="证据段" />
    <CMSSD value="根据本院认定的证据和双方当事人庭审陈述，本院认定本案事实如下：2012年开始，被告刘洪松承包了宁波市杭州湾新区世纪金源梦想公寓6号楼的水电安装工程，该工程的总承包单位为被告北山建设公司。2012年5月至2013年11月，原告受被告刘洪松雇佣到上述工地做水电安装，工资每月8500元。2014年3月3日，经原告刘国清与被告刘洪松结算，被告刘洪松出具欠条一份，载明欠原告工资11864元。" nameCN="查明事实段">
      <SGXQ value="未提及" nameCN="事故详情">
        <SGSJ value="未提及" nameCN="事故时间" />
        <SGDD value="未提及" nameCN="事故地点" />
      </SGXQ>
      <JDCSYR value="刘洪松" nameCN="机动车所有人" />
      <GAJGRDYJ value="本院认定本案事实如下：2012年开始，被告刘洪松承包了宁波市杭州湾新区世纪金源梦想公寓6号楼的水电安装工程，该工程的总承包单位为被告北山建设公司。" nameCN="公安机关认定意见" />
      <SFTB value="是" nameCN="是否投保" />
      <SFZBXQN value="是" nameCN="是否在保险期内" />
      <SFXQPF value="是" nameCN="是否先期赔付" />
      <JDSFKK value="是" nameCN="鉴定是否可靠" />
    </CMSSD>
  </AJJBQK>
  <CPFXGC value="本院认为：原告刘国清与被告刘洪松之间的劳务合同关系依法成立且有效。原告为被告刘洪松提供劳务，被告刘洪松理应按照约定支付相应劳务报酬。现被告刘洪松对尚欠劳务报酬予以结算，但未及时支付，故原告要求被告刘洪松支付尚欠劳务报酬11864元的诉讼请求，合理合法，本院予以支持。根据合同的相对性原则，原告刘国清受被告刘洪松雇佣，工作内容均由被告刘洪松指派，工作时间由被告刘洪松进行记录，劳务报酬也由被告刘洪松直接向原告发放，现原告因尚欠的劳务报酬向被告刘洪松主张权利，理据充分，而被告北山建设公司仅系涉案工程的总承包单位，与原告之间并未产生劳务合同关系，原告向被告北山建设公司主张支付工资款，理据不足，本院不予支持。据此，依照《中华人民共和国民法通则》第八十四条、第一百零八条之规定，判决如下：&#xA;" nameCN="裁判分析过程">
    <JAFSLX value="判决" nameCN="结案方式类型" />
    <FLFTMC value="中华人民共和国民法通则" nameCN="法律法条名称">
      <TM value="一百零八" nameCN="条目" />
      <TM value="八十四" nameCN="条目" />
      <SFCXF value="非程序法" nameCN="是否是程序法" />
    </FLFTMC>
  </CPFXGC>
  <CPJG value="被告刘洪松应于本判决生效后三日内支付原告刘国清劳务报酬11864元；&#xA;驳回原告刘国清的其余诉讼请求。&#xA;如被告未按本判决指定的期间履行给付金钱义务，应当依照《中华人民共和国民事诉讼法》第二百五十三条之规定，加倍支付迟延履行期间的债务利息。&#xA;案件受理费100元，减半收取50元，由被告刘洪松负担，于本判决生效之日起七日内交纳本院。&#xA;如不服本判决，可在判决书送达之日起十五日内向本院递交上诉状，并按对方当事人的人数提出副本，上诉于浙江省宁波市中级人民法院。上诉人在收到本院送达的上诉案件受理费缴纳通知后七日内，凭判决书向浙江省宁波市中级人民法院立案大厅收费窗口预交上诉案件受理费。如银行汇款，收款人为宁波市财政局非税资金专户，账号：37×××92，开户银行：宁波市中国银行营业部，如邮政汇款，收款人为宁波市中级人民法院立案室。汇款一律注明原审案号。逾期不交，作自动放弃上诉处理。&#xA;" nameCN="裁判结果">
    <JAFS value="判决" nameCN="结案方式" />
    <PCSFSXZQ value="正确" nameCN="同时起诉侵权人与保险公司的赔偿顺序" />
    <JTPJJG value="被告刘洪松应于本判决生效后三日内支付原告刘国清劳务报酬11864元；" nameCN="具体裁判段">
      <QLR value="刘国清" nameCN="权利人">
        <QLRSSDW value="原告" nameCN="诉讼地位" />
      </QLR>
      <YWR value="刘洪松" nameCN="义务人">
        <YWRSSDW value="被告" nameCN="诉讼地位" />
      </YWR>
      <PJZXQX value="三日" nameCN="判决执行期限" />
      <PJJE nameCN="判决金额">
        <JE value="11864元" nameCN="金额" />
        <JELX value="报酬" nameCN="金额类型" />
      </PJJE>
    </JTPJJG>
    <JTPJJG value="驳回原告刘国清的其余诉讼请求。" nameCN="具体裁判段" />
    <JTPJJG value="如被告未按本判决指定的期间履行给付金钱义务，应当依照《中华人民共和国民事诉讼法》第二百五十三条之规定，加倍支付迟延履行期间的债务利息。" nameCN="具体裁判段" />
    <SSFCD nameCN="诉讼费承担">
      <SSFCDJL value="案件受理费100元，减半收取50元，由被告刘洪松负担，于本判决生效之日起七日内交纳本院。" nameCN="诉讼费承担记录">
        <SSFJE value="50元" nameCN="诉讼费金额" />
        <SSFZL value="受理费" nameCN="诉讼费种类" />
        <SSFCDR value="刘洪松" nameCN="承担人">
          <SSFCDJE value="50元" nameCN="承担金额" />
          <SSFCDFS value="个人独立承担该金额" nameCN="承担方式" />
          <SSFCDDW value="被告" nameCN="承担人地位" />
        </SSFCDR>
      </SSFCDJL>
    </SSFCD>
    <SFFHCS value="否" nameCN="是否发回重审" />
    <KSSZ value="浙江省宁波市中级人民法院" nameCN="可上诉至" />
    <SSTJCL value="上诉状，并按对方当事人的人数提出副本" nameCN="上诉提交材料" />
    <SSQX value="十五日" nameCN="上诉期限" />
    <TCGXQYY value="否" nameCN="是否提出管辖权异议" />
  </CPJG>
  <WW value="审判员许琴&#xA;二〇一四年六月三日&#xA;代书记员郑嘉&#xA;" nameCN="文尾">
    <SPZZCY nameCN="审判组织成员">
      <SPRYXM value="郑嘉" nameCN="审判人员姓名" />
      <SPRYJS value="代书记员" nameCN="审判人员角色" />
    </SPZZCY>
    <SPZZCY nameCN="审判组织成员">
      <SPRYXM value="许琴" nameCN="审判人员姓名" />
      <SPRYJS value="审判员" nameCN="审判人员角色" />
    </SPZZCY>
    <CPSJ value="2014年6月3日" nameCN="裁判时间">
      <Year value="2014" nameCN="结案年度" />
      <JANYR value="2014年6月3日" nameCN="结案年月日" />
      <JANY value="2014-6" nameCN="结案年月" />
      <Month value="6" nameCN="月" />
      <Day value="3" nameCN="日" />
    </CPSJ>
  </WW>
  <FL value="" nameCN="附录" />
</QW>

