<?xml version="1.0" encoding="UTF-8"?>
<QW value="陕西省合阳县人民法院&#xA;民事判决书&#xA;（2015）合民初字第01369号&#xA;原告刘建华，女，1965年5月30日出生，汉族，大学文化，住陕西省合阳县西大街新寺巷1排4号，教师。身份证号码612132196505300420。&#xA;委托代理人张培杰，合阳县148法律服务所法律工作者。&#xA;被告合阳县城关街道办事处东庄子村民委员会（原名合阳县城关镇东庄子村民委员会）。&#xA;住址：合阳县城关街道办事处东庄子村。&#xA;法定代表人雷青合，村长。&#xA;委托代理人刘志杰，男，1962年12月17日出生，汉族，高中文化，住陕西省合阳县城关街道办事处东庄子村二组，村支部书记。&#xA;原告刘建华诉被告合阳县城关街道办事处东庄子村民委员会（以下简称东庄子村）土地租赁合同纠纷一案，本院受理后，依法组成合议庭，公开开庭进行了审理。原告委托代理人张培杰，被告委托代理人刘志杰到庭参加诉讼。本案现已审理终结。&#xA;原告刘建华诉称，原告于2007年想办一所交通驾校，经协商与被告村委会达成土地租赁协议，并签订了合同。原告租赁被告14亩土地，租期30年，每亩租金330元，共计租金138600元。原告在交付租金后，被告一直未能给原告交付所租土地。后经多次协商均没有结果。现原告诉请法院依法解除原告与被告签订的租赁合同，判令被告返还原告所交租金138600元并承担违约金69300元及损失。&#xA;原告为了证明自己的观点提供以下证据予以证明：&#xA;1、2007年4月12日原告与被告签订的土地租赁合同一份；&#xA;2、2007年4月12日被告的村委会记录；&#xA;3、2007年4月12日被告村委会的收据；&#xA;被告东庄子村辩称，承认原告所诉的合同和收租金事实，同意解除合同并退还原告租金。但对于原告主张的违约金及损失应当酌情考虑。由于村上一直经济困难，没有收入，原来收的租金也用在清偿村上以前的债务和正常开支。我们尽量与原告协商解决。&#xA;经审理查明，原告刘建华与刘建合系兄妹关系，2007年两人想共同开办合阳县交通机动车驾驶员培训学校，因需要场地，经与被告原村委会主任协商，经被告村民代表同意，两原告于2007年4月12日与被告签订了《土地承包租赁合同》。合同约定，被告将自己所有的位于合洽公路沿线的14亩土地租赁给原告使用（南至合洽路，北至40亩地乡村小道，东临40亩地东埝，西至大王楼板厂界墙）。租赁期限30年，自2007年5月1日租至2037年4月30日止。每亩地租金为330元，14亩地一次性交清，共计租金138600元。原告在合同签订的当日交清了租金，被告给原告出具了收据。合同第六条约定，如一方违约，应承担合同总额的50％的违约金（即69300元），并赔偿对方的经济损失。原告在一切准备就绪后，于当年6月7日、8日两天进场施工，均被被告群众冲击、阻拦，致使原告施工机械停工、施工人员撤离。由于被告不能积极、主动协调安排，致使原告不能施工，原告准备的石灰、石子等建材也被部分群众拉走，给原告造成一定的经济损失。原告所办驾校因此也未能如愿开办。刘建合愿意放弃诉讼，同意由其妹刘建华以原告的身份进行诉讼。原告在合同签订后的7年间，多次与被告协商解决均没有结果。无奈，原告提起诉讼，请求依法解除与被告签订的土地租赁合同，由被告退还原告租金138600元并承担违约金69300元及相应的经济损失。被告承认原告所诉的事实，但由于村上经济困难，原来所收租金已为村上所用，希望现在与原告协商解决。&#xA;本院认为，原告与被告在公平、自愿、合法的基础上签订的土地租赁合同，不违反法律规定，双方应当遵守和履行。原告诉请解除合同，被告同意，本院予以准许。原告在交纳承包金后的七年间，被告不能按照合同约定交付承租土地，已构成严重违约，应当承担违约责任。原告主张违约金过分高于造成的损失，应当予以适当减少，按照交纳租金的30％计算较为合理，即41580元。原告主张的其他损失没有证据支持，本院无法采信。故依据《中华人民共和国合同法》第一百零七条、最高人民法院关于适用《中华人民共和国合同法》若干问题解释（二）之规定，判决如下：&#xA;一、原告刘建华要求解除与被告合阳县城关街道办事处东庄子村民委员会签订的土地租赁合同，被告同意，本院予以准许。&#xA;二、被告合阳县城关街道办事处东庄子村民委员会退还原告合同款138600元。&#xA;三、被告合阳县城关街道办事处东庄子村民委员会支付原告刘建华违约金41580元。&#xA;四、驳回原告刘建华的其他诉讼请求。&#xA;（以上给付内容在本判决生效后一月内履行清结）&#xA;如果未按本判决指定的期间履行给付金钱义务，应当依据《中华人民共和国民事诉讼法》第二百五十三条之规定，加倍支付迟延履行的债务利息。&#xA;案件受理费3072元，由被告合阳县城关街道办事处东庄子村民委员会负担。&#xA;如不服本判决，可在判决书送达之日起十五日内，向本院递交上诉状，并按对方当事人的人数提出副本，上诉于陕西省渭南市中级人民法院。&#xA;审判长秦茂生&#xA;人民陪审员赵安祥&#xA;人民陪审员雷登文&#xA;二〇一五年十月十二日&#xA;书记员白晓艳&#xA;" nameCN="全文">
  <WS value="陕西省合阳县人民法院&#xA;民事判决书&#xA;（2015）合民初字第01369号&#xA;" nameCN="文首">
    <WSZZDW value="法院" nameCN="文书制作单位" />
    <JBFY value="陕西省合阳县人民法院" nameCN="经办法院">
      <FYJB value="基层" nameCN="法院级别" />
      <XZQH_P value="陕西" nameCN="行政区划(省)" />
      <XZQH_C value="陕西" nameCN="行政区划(市)" />
    </JBFY>
    <WSMC value="民事判决书" nameCN="文书名称" />
    <AH value="(2015)合民初字第01369号" nameCN="案号" />
    <LAND value="2015" nameCN="立案年度" />
    <AJXZ value="民事案件" nameCN="案件性质" />
    <WSZL value="判决书" nameCN="文书种类" />
    <SPCX value="一审案件" nameCN="审判程序" />
    <AJLX value="民事一审案件" nameCN="案件类型" />
  </WS>
  <SSCYRQJ value="原告刘建华，女，1965年5月30日出生，汉族，大学文化，住陕西省合阳县西大街新寺巷1排4号，教师。身份证号码612132196505300420。&#xA;委托代理人张培杰，合阳县148法律服务所法律工作者。&#xA;被告合阳县城关街道办事处东庄子村民委员会（原名合阳县城关镇东庄子村民委员会）。&#xA;" nameCN="诉讼参与人全集">
    <SSCYR value="原告刘建华，女，1965年5月30日出生，汉族，大学文化，住陕西省合阳县西大街新寺巷1排4号，教师。身份证号码612132196505300420。" nameCN="诉讼参与人">
      <SSCYRMC value="刘建华" nameCN="诉讼参与人名称" />
      <SSSF value="原告" nameCN="诉讼身份" />
      <SSDW value="原告" nameCN="诉讼地位" />
      <DSRLB value="原告" nameCN="当事人类别" />
      <DSRLX value="自然人" nameCN="当事人类型" />
      <XB value="女" nameCN="性别" />
      <MZ value="汉族" nameCN="民族" />
      <CSRQ value="1965年5月30日" nameCN="出生日期">
        <Year value="1965" nameCN="年" />
        <Month value="5" nameCN="月" />
        <Day value="30" nameCN="日" />
      </CSRQ>
      <GJ value="中国" nameCN="国籍" />
      <DSRDZ value="陕西省合阳县西大街新寺巷1排4号" nameCN="当事人地址" />
      <DWZWFZ nameCN="单位职务分组">
        <ZW value="教师" nameCN="职务" />
      </DWZWFZ>
      <TSHY value="教育" nameCN="特殊行业" />
    </SSCYR>
    <SSCYR value="委托代理人张培杰，合阳县148法律服务所法律工作者。" nameCN="诉讼参与人">
      <SSCYRMC value="张培杰" nameCN="诉讼参与人名称" />
      <SSSF value="委托代理人" nameCN="诉讼身份" />
      <DSRLX value="自然人" nameCN="当事人类型" />
      <GJ value="中国" nameCN="国籍" />
    </SSCYR>
    <SSCYR value="被告合阳县城关街道办事处东庄子村民委员会（原名合阳县城关镇东庄子村民委员会）。" nameCN="诉讼参与人">
      <SSCYRMC value="合阳县城关街道办事处东庄子村民委员会" nameCN="诉讼参与人名称" />
      <SSSF value="被告" nameCN="诉讼身份" />
      <SSDW value="被告" nameCN="诉讼地位" />
      <DSRLB value="被告" nameCN="当事人类别" />
      <DSRLX value="法人" nameCN="当事人类型" />
    </SSCYR>
    <SSCYRQJ value="错误" nameCN="保险公司是否作为被告" />
  </SSCYRQJ>
  <SSJL value="住址：合阳县城关街道办事处东庄子村。" nameCN="诉讼记录">
    <KTSL value="否" nameCN="开庭审理" />
    <YSAJSYCX value="普通程序" nameCN="一审案件适用程序" />
    <JYZPT value="否" nameCN="简易转普通" />
    <SPZZ value="独任庭" nameCN="审判组织" />
    <YSAJLY value="新收" nameCN="一审案件来源" />
  </SSJL>
  <AJJBQK value="法定代表人雷青合，村长。&#xA;委托代理人刘志杰，男，1962年12月17日出生，汉族，高中文化，住陕西省合阳县城关街道办事处东庄子村二组，村支部书记。&#xA;原告刘建华诉被告合阳县城关街道办事处东庄子村民委员会（以下简称东庄子村）土地租赁合同纠纷一案，本院受理后，依法组成合议庭，公开开庭进行了审理。原告委托代理人张培杰，被告委托代理人刘志杰到庭参加诉讼。本案现已审理终结。&#xA;原告刘建华诉称，原告于2007年想办一所交通驾校，经协商与被告村委会达成土地租赁协议，并签订了合同。原告租赁被告14亩土地，租期30年，每亩租金330元，共计租金138600元。原告在交付租金后，被告一直未能给原告交付所租土地。后经多次协商均没有结果。现原告诉请法院依法解除原告与被告签订的租赁合同，判令被告返还原告所交租金138600元并承担违约金69300元及损失。&#xA;原告为了证明自己的观点提供以下证据予以证明：&#xA;1、2007年4月12日原告与被告签订的土地租赁合同一份；&#xA;2、2007年4月12日被告的村委会记录；&#xA;3、2007年4月12日被告村委会的收据；&#xA;被告东庄子村辩称，承认原告所诉的合同和收租金事实，同意解除合同并退还原告租金。但对于原告主张的违约金及损失应当酌情考虑。由于村上一直经济困难，没有收入，原来收的租金也用在清偿村上以前的债务和正常开支。我们尽量与原告协商解决。&#xA;经审理查明，原告刘建华与刘建合系兄妹关系，2007年两人想共同开办合阳县交通机动车驾驶员培训学校，因需要场地，经与被告原村委会主任协商，经被告村民代表同意，两原告于2007年4月12日与被告签订了《土地承包租赁合同》。合同约定，被告将自己所有的位于合洽公路沿线的14亩土地租赁给原告使用（南至合洽路，北至40亩地乡村小道，东临40亩地东埝，西至大王楼板厂界墙）。租赁期限30年，自2007年5月1日租至2037年4月30日止。每亩地租金为330元，14亩地一次性交清，共计租金138600元。原告在合同签订的当日交清了租金，被告给原告出具了收据。合同第六条约定，如一方违约，应承担合同总额的50％的违约金（即69300元），并赔偿对方的经济损失。原告在一切准备就绪后，于当年6月7日、8日两天进场施工，均被被告群众冲击、阻拦，致使原告施工机械停工、施工人员撤离。由于被告不能积极、主动协调安排，致使原告不能施工，原告准备的石灰、石子等建材也被部分群众拉走，给原告造成一定的经济损失。原告所办驾校因此也未能如愿开办。刘建合愿意放弃诉讼，同意由其妹刘建华以原告的身份进行诉讼。原告在合同签订后的7年间，多次与被告协商解决均没有结果。无奈，原告提起诉讼，请求依法解除与被告签订的土地租赁合同，由被告退还原告租金138600元并承担违约金69300元及相应的经济损失。被告承认原告所诉的事实，但由于村上经济困难，原来所收租金已为村上所用，希望现在与原告协商解决。&#xA;" nameCN="案件基本情况">
    <YGSCD value="原告刘建华诉称，原告于2007年想办一所交通驾校，经协商与被告村委会达成土地租赁协议，并签订了合同。原告租赁被告14亩土地，租期30年，每亩租金330元，共计租金138600元。原告在交付租金后，被告一直未能给原告交付所租土地。后经多次协商均没有结果。现原告诉请法院依法解除原告与被告签订的租赁合同，判令被告返还原告所交租金138600元并承担违约金69300元及损失。 " nameCN="原告诉称段" />
    <BGBCD value="被告东庄子村辩称，承认原告所诉的合同和收租金事实，同意解除合同并退还原告租金。但对于原告主张的违约金及损失应当酌情考虑。由于村上一直经济困难，没有收入，原来收的租金也用在清偿村上以前的债务和正常开支。我们尽量与原告协商解决。 " nameCN="被告辩称段" />
    <ZJD value="原告为了证明自己的观点提供以下证据予以证明：" nameCN="证据段" />
    <CMSSD value="法定代表人雷青合，村长。委托代理人刘志杰，男，1962年12月17日出生，汉族，高中文化，住陕西省合阳县城关街道办事处东庄子村二组，村支部书记。 原告刘建华诉被告合阳县城关街道办事处东庄子村民委员会（以下简称东庄子村）土地租赁合同纠纷一案，本院受理后，依法组成合议庭，公开开庭进行了审理。原告委托代理人张培杰，被告委托代理人刘志杰到庭参加诉讼。本案现已审理终结。 " nameCN="查明事实段">
      <SGXQ value="未提及" nameCN="事故详情">
        <SGSJ value="未提及" nameCN="事故时间" />
        <SGDD value="未提及" nameCN="事故地点" />
      </SGXQ>
      <JDCSYR value="合阳县城关街道办事处东庄子村民委员会" nameCN="机动车所有人" />
      <SHRJZD value="陕西省合阳县西大街新寺巷1排4号" nameCN="受害人居住地" />
      <SHRZY value="教师" nameCN="受害人职业" />
      <SFTB value="是" nameCN="是否投保" />
      <SFZBXQN value="是" nameCN="是否在保险期内" />
      <SFXQPF value="是" nameCN="是否先期赔付" />
      <SJZCQK value="租金138600元" nameCN="实际支出情况" />
      <JDSFKK value="是" nameCN="鉴定是否可靠" />
    </CMSSD>
    <CMSSD value="1、2007年4月12日原告与被告签订的土地租赁合同一份； 2、2007年4月12日被告的村委会记录； 3、2007年4月12日被告村委会的收据； " nameCN="查明事实段">
      <SGXQ value="未提及" nameCN="事故详情">
        <SGSJ value="未提及" nameCN="事故时间" />
        <SGDD value="未提及" nameCN="事故地点" />
      </SGXQ>
      <JDCSYR value="合阳县城关街道办事处东庄子村民委员会" nameCN="机动车所有人" />
      <SHRJZD value="陕西省合阳县西大街新寺巷1排4号" nameCN="受害人居住地" />
      <SHRZY value="教师" nameCN="受害人职业" />
      <SFTB value="是" nameCN="是否投保" />
      <SFZBXQN value="是" nameCN="是否在保险期内" />
      <SFXQPF value="是" nameCN="是否先期赔付" />
      <SJZCQK value="租金138600元" nameCN="实际支出情况" />
      <JDSFKK value="是" nameCN="鉴定是否可靠" />
    </CMSSD>
    <CMSSD value="经审理查明，原告刘建华与刘建合系兄妹关系，2007年两人想共同开办合阳县交通机动车驾驶员培训学校，因需要场地，经与被告原村委会主任协商，经被告村民代表同意，两原告于2007年4月12日与被告签订了《土地承包租赁合同》。合同约定，被告将自己所有的位于合洽公路沿线的14亩土地租赁给原告使用（南至合洽路，北至40亩地乡村小道，东临40亩地东埝，西至大王楼板厂界墙）。租赁期限30年，自2007年5月1日租至2037年4月30日止。每亩地租金为330元，14亩地一次性交清，共计租金138600元。原告在合同签订的当日交清了租金，被告给原告出具了收据。合同第六条约定，如一方违约，应承担合同总额的50％的违约金（即69300元），并赔偿对方的经济损失。原告在一切准备就绪后，于当年6月7日、8日两天进场施工，均被被告群众冲击、阻拦，致使原告施工机械停工、施工人员撤离。由于被告不能积极、主动协调安排，致使原告不能施工，原告准备的石灰、石子等建材也被部分群众拉走，给原告造成一定的经济损失。原告所办驾校因此也未能如愿开办。刘建合愿意放弃诉讼，同意由其妹刘建华以原告的身份进行诉讼。原告在合同签订后的7年间，多次与被告协商解决均没有结果。无奈，原告提起诉讼，请求依法解除与被告签订的土地租赁合同，由被告退还原告租金138600元并承担违约金69300元及相应的经济损失。被告承认原告所诉的事实，但由于村上经济困难，原来所收租金已为村上所用，希望现在与原告协商解决。 " nameCN="查明事实段">
      <SGXQ value="未提及" nameCN="事故详情">
        <SGSJ value="未提及" nameCN="事故时间" />
        <SGDD value="未提及" nameCN="事故地点" />
      </SGXQ>
      <JDCSYR value="合阳县城关街道办事处东庄子村民委员会" nameCN="机动车所有人" />
      <SHRJZD value="陕西省合阳县西大街新寺巷1排4号" nameCN="受害人居住地" />
      <SHRZY value="教师" nameCN="受害人职业" />
      <SFTB value="是" nameCN="是否投保" />
      <SFZBXQN value="是" nameCN="是否在保险期内" />
      <SFXQPF value="是" nameCN="是否先期赔付" />
      <SJZCQK value="租金138600元" nameCN="实际支出情况" />
      <JDSFKK value="是" nameCN="鉴定是否可靠" />
    </CMSSD>
  </AJJBQK>
  <CPFXGC value="本院认为，原告与被告在公平、自愿、合法的基础上签订的土地租赁合同，不违反法律规定，双方应当遵守和履行。原告诉请解除合同，被告同意，本院予以准许。原告在交纳承包金后的七年间，被告不能按照合同约定交付承租土地，已构成严重违约，应当承担违约责任。原告主张违约金过分高于造成的损失，应当予以适当减少，按照交纳租金的30％计算较为合理，即41580元。原告主张的其他损失没有证据支持，本院无法采信。故依据《中华人民共和国合同法》第一百零七条、最高人民法院关于适用《中华人民共和国合同法》若干问题解释（二）之规定，判决如下：&#xA;" nameCN="裁判分析过程">
    <JAFSLX value="判决" nameCN="结案方式类型" />
    <FLFTMC value="中华人民共和国合同法" nameCN="法律法条名称">
      <TM value="一百零七" nameCN="条目" />
      <SFCXF value="非程序法" nameCN="是否是程序法" />
    </FLFTMC>
    <FLFTMC value="中华人民共和国合同法" nameCN="法律法条名称">
      <TM value="若干问题解释（二）" nameCN="条目" />
      <SFCXF value="非程序法" nameCN="是否是程序法" />
    </FLFTMC>
  </CPFXGC>
  <CPJG value="一、原告刘建华要求解除与被告合阳县城关街道办事处东庄子村民委员会签订的土地租赁合同，被告同意，本院予以准许。&#xA;二、被告合阳县城关街道办事处东庄子村民委员会退还原告合同款138600元。&#xA;三、被告合阳县城关街道办事处东庄子村民委员会支付原告刘建华违约金41580元。&#xA;四、驳回原告刘建华的其他诉讼请求。&#xA;（以上给付内容在本判决生效后一月内履行清结）&#xA;如果未按本判决指定的期间履行给付金钱义务，应当依据《中华人民共和国民事诉讼法》第二百五十三条之规定，加倍支付迟延履行的债务利息。&#xA;案件受理费3072元，由被告合阳县城关街道办事处东庄子村民委员会负担。&#xA;如不服本判决，可在判决书送达之日起十五日内，向本院递交上诉状，并按对方当事人的人数提出副本，上诉于陕西省渭南市中级人民法院。&#xA;" nameCN="裁判结果">
    <JAFS value="判决" nameCN="结案方式" />
    <PCSFSXZQ value="正确" nameCN="同时起诉侵权人与保险公司的赔偿顺序" />
    <JTPJJG value="一、原告刘建华要求解除与被告合阳县城关街道办事处东庄子村民委员会签订的土地租赁合同，被告同意，本院予以准许。" nameCN="具体裁判段" />
    <JTPJJG value="二、被告合阳县城关街道办事处东庄子村民委员会退还原告合同款138600元。" nameCN="具体裁判段">
      <PJJE nameCN="判决金额">
        <JE value="138600元" nameCN="金额" />
        <JELX value="合同款" nameCN="金额类型" />
      </PJJE>
    </JTPJJG>
    <JTPJJG value="三、被告合阳县城关街道办事处东庄子村民委员会支付原告刘建华违约金41580元。" nameCN="具体裁判段">
      <QLR value="刘建华" nameCN="权利人">
        <QLRSSDW value="原告" nameCN="诉讼地位" />
      </QLR>
      <YWR value="合阳县城关街道办事处东庄子村民委员会" nameCN="义务人">
        <YWRSSDW value="被告" nameCN="诉讼地位" />
      </YWR>
      <PJJE nameCN="判决金额">
        <JE value="41580元" nameCN="金额" />
        <JELX value="违约金" nameCN="金额类型" />
      </PJJE>
    </JTPJJG>
    <JTPJJG value="四、驳回原告刘建华的其他诉讼请求。" nameCN="具体裁判段" />
    <JTPJJG value="（以上给付内容在本判决生效后一月内履行清结）" nameCN="具体裁判段">
      <PJZXQX value="一月" nameCN="判决执行期限" />
    </JTPJJG>
    <JTPJJG value="如果未按本判决指定的期间履行给付金钱义务，应当依据《中华人民共和国民事诉讼法》第二百五十三条之规定，加倍支付迟延履行的债务利息。" nameCN="具体裁判段" />
    <SSFCD nameCN="诉讼费承担">
      <SSFCDJL value="案件受理费3072元，由被告合阳县城关街道办事处东庄子村民委员会负担。" nameCN="诉讼费承担记录">
        <SSFJE value="3072元" nameCN="诉讼费金额" />
        <SSFZL value="受理费" nameCN="诉讼费种类" />
        <SSFCDR value="合阳县城关街道办事处东庄子村民委员会" nameCN="承担人">
          <SSFCDJE value="3072元" nameCN="承担金额" />
          <SSFCDFS value="个人独立承担该金额" nameCN="承担方式" />
          <SSFCDDW value="被告" nameCN="承担人地位" />
        </SSFCDR>
      </SSFCDJL>
    </SSFCD>
    <SFZCSSQQ value="部分支持部分不支持" nameCN="是否支持诉讼请求" />
    <SBSF value="起诉方" nameCN="胜诉方" />
    <SFFHCS value="否" nameCN="是否发回重审" />
    <KSSZ value="陕西省渭南市中级人民法院" nameCN="可上诉至" />
    <SSTJCL value="上诉状，并按对方当事人的人数提出副本" nameCN="上诉提交材料" />
    <SSQX value="十五日" nameCN="上诉期限" />
    <TCGXQYY value="否" nameCN="是否提出管辖权异议" />
  </CPJG>
  <WW value="审判长秦茂生&#xA;人民陪审员赵安祥&#xA;人民陪审员雷登文&#xA;二〇一五年十月十二日&#xA;书记员白晓艳&#xA;" nameCN="文尾">
    <SPZZCY nameCN="审判组织成员">
      <SPRYXM value="白晓艳" nameCN="审判人员姓名" />
      <SPRYJS value="书记员" nameCN="审判人员角色" />
    </SPZZCY>
    <SPZZCY nameCN="审判组织成员">
      <SPRYXM value="雷登文" nameCN="审判人员姓名" />
      <SPRYJS value="人民陪审员" nameCN="审判人员角色" />
    </SPZZCY>
    <SPZZCY nameCN="审判组织成员">
      <SPRYXM value="秦茂生" nameCN="审判人员姓名" />
      <SPRYJS value="审判长" nameCN="审判人员角色" />
    </SPZZCY>
    <SPZZCY nameCN="审判组织成员">
      <SPRYXM value="赵安祥" nameCN="审判人员姓名" />
      <SPRYJS value="人民陪审员" nameCN="审判人员角色" />
    </SPZZCY>
    <CPSJ value="2015年10月12日" nameCN="裁判时间">
      <Year value="2015" nameCN="结案年度" />
      <JANYR value="2015年10月12日" nameCN="结案年月日" />
      <JANY value="2015-10" nameCN="结案年月" />
      <Month value="10" nameCN="月" />
      <Day value="12" nameCN="日" />
    </CPSJ>
  </WW>
  <FL value="" nameCN="附录" />
</QW>

