<?xml version="1.0" encoding="UTF-8"?>
<QW value="四川省资阳市雁江区人民法院&#xA;民事判决书&#xA;（2015）雁江民初字第694号&#xA;原告刘广东。&#xA;委托代理人王战伟，&#xA;委托代理人张伟，&#xA;被告陈佳。&#xA;被告黎洋。&#xA;被告曾凤琼。&#xA;被告黎虎。&#xA;原告刘广东与被告陈佳、黎洋、曾凤琼、黎虎民间借贷纠纷一案，本院于2015年2月3日受理后，依法适用简易程序，于2015年4月14日公开开庭进行了审理，原告刘广东之委托代理人张伟、被告陈佳到庭参加诉讼，被告黎洋、曾凤琼、黎虎经传票传唤未到庭，依法缺席审理。本案现已审理终结。&#xA;原告刘广东诉称，2014年3月6日，原告刘广东与被告陈佳、黎洋、曾凤琼、黎虎民签订《借款协议》，四被告向原告借款200万元，约定期限8个月。被告至今仍欠本息72万元，故起诉要求：判令被告刘广东偿还本息72万元并承担本案诉讼费用。&#xA;被告陈佳答辩称：借款是事实，但除原告诉称的还款外我们还了5万元，分别于2014年12月30号还2万和2014年12月5号还3万，希望原告能多给我们一点还款时间，我们愿意与原告协商解决本案争议款项。&#xA;被告黎洋、曾凤琼、黎虎未到庭，亦无答辩意见。&#xA;原告为支持其主张，向本院提交了如下证据：&#xA;证据1：借款协议一份，证明原告向被告出借200万还款期限为8个月，第1至4月每月还18万，第5至8月每个月还36万。&#xA;证据2：共同还款承诺书，证明四被告共同向原告借款，并承诺对借款共同承担无限连带责任。&#xA;证据3：黎虎签定的收条，证明收到了原告的借款本金200万。&#xA;被告陈佳质证称：对证据1、2、3的真实性无异义。&#xA;被告陈佳为支持其主张，向本院提交了如下证据：&#xA;中国农业银行转帐明细二份，证明2014年12月30号还2万和2014年12月5号还了3万，所以要在72万里减掉5万。&#xA;原告质证称：因为被告提供的是复印件，不能确定他的真实性，要求被告提供原件。&#xA;经审查，对原告、被告所举证据的真实性、关联性、合法性予以确认。&#xA;本院根据本案的上述证据认定以下事实：&#xA;2014年3月6日，四被告通过冠群驰骋投资管理（北京）有限公司居间介绍向原告刘广东借款200万元，并与原告签订了《借款协议》。协议约定：借款200万元、期限8个月、按月定额偿还本息（第1-4月每月还款18万元、第5-8月还款36万元），8个月本息合计216万元。后被告按约向原告支付大部分本息，合计149万元，至今仍欠本息67万元。原告即起诉来院。&#xA;本院认为，原、被告双方对借款200万元、约定本息合计216万元、被告已还144万元的事实无争议。对于被告辩称的“除原告诉称的还款外还了5万元，分别于2014年12月30号还2万元和2014年12月5号还3万元”主张，被告举证提供了中国农业银行转帐明细二份，足以证明被告所主张的事实，依法予以采信。根据《中华人民共和国合同法》第二百零五条、第二百零六条、第二百零七条的规定，判决如下：&#xA;被告陈佳、黎洋、曾凤琼、黎虎于本判决发生法律效力之日起10日内向原告刘广东偿还借款本息67万元万元。&#xA;如果未按本判决指定的期限履行给付金钱义务，应当依照《中华人民共和国民事诉讼法》第二百五十三条的规定，加倍支付迟延履行期间的债务利息。&#xA;本案受理费5500元，由被告陈佳、黎洋、曾凤琼、黎虎承担5100元、原告刘广东承担400元。&#xA;如不服本判决，可在本判决书送达之日起十五日内向本院递交上诉状，并按对方当事人的人数提出副本，上诉于四川省资阳市中级人民法院。&#xA;审判员刘洪斌&#xA;二〇一五年四月二十七日&#xA;书记员向杰&#xA;" nameCN="全文">
  <WS value="四川省资阳市雁江区人民法院&#xA;民事判决书&#xA;（2015）雁江民初字第694号&#xA;" nameCN="文首">
    <WSZZDW value="法院" nameCN="文书制作单位" />
    <JBFY value="四川省资阳市雁江区人民法院" nameCN="经办法院">
      <FYJB value="基层" nameCN="法院级别" />
      <XZQH_P value="四川" nameCN="行政区划(省)" />
      <XZQH_C value="资阳市" nameCN="行政区划(市)" />
    </JBFY>
    <WSMC value="民事判决书" nameCN="文书名称" />
    <AH value="(2015)雁江民初字第694号" nameCN="案号" />
    <LAND value="2015" nameCN="立案年度" />
    <AJXZ value="民事案件" nameCN="案件性质" />
    <WSZL value="判决书" nameCN="文书种类" />
    <SPCX value="一审案件" nameCN="审判程序" />
    <AJLX value="民事一审案件" nameCN="案件类型" />
  </WS>
  <SSCYRQJ value="原告刘广东。&#xA;委托代理人王战伟，&#xA;委托代理人张伟，&#xA;被告陈佳。&#xA;被告黎洋。&#xA;被告曾凤琼。&#xA;被告黎虎。&#xA;" nameCN="诉讼参与人全集">
    <SSCYR value="原告刘广东。" nameCN="诉讼参与人">
      <SSCYRMC value="刘广东" nameCN="诉讼参与人名称" />
      <SSSF value="原告" nameCN="诉讼身份" />
      <SSDW value="原告" nameCN="诉讼地位" />
      <DSRLB value="原告" nameCN="当事人类别" />
      <DSRLX value="自然人" nameCN="当事人类型" />
      <GJ value="中国" nameCN="国籍" />
      <DTQK value="到庭" nameCN="到庭情况" />
    </SSCYR>
    <SSCYR value="委托代理人王战伟，" nameCN="诉讼参与人">
      <SSCYRMC value="王战伟" nameCN="诉讼参与人名称" />
      <SSSF value="委托代理人" nameCN="诉讼身份" />
      <DSRLX value="自然人" nameCN="当事人类型" />
      <GJ value="中国" nameCN="国籍" />
    </SSCYR>
    <SSCYR value="委托代理人张伟，" nameCN="诉讼参与人">
      <SSCYRMC value="张伟" nameCN="诉讼参与人名称" />
      <SSSF value="委托代理人" nameCN="诉讼身份" />
      <DSRLX value="自然人" nameCN="当事人类型" />
      <GJ value="中国" nameCN="国籍" />
      <DTQK value="到庭" nameCN="到庭情况" />
    </SSCYR>
    <SSCYR value="被告陈佳。" nameCN="诉讼参与人">
      <SSCYRMC value="陈佳" nameCN="诉讼参与人名称" />
      <SSSF value="被告" nameCN="诉讼身份" />
      <SSDW value="被告" nameCN="诉讼地位" />
      <DSRLB value="被告" nameCN="当事人类别" />
      <DSRLX value="自然人" nameCN="当事人类型" />
      <GJ value="中国" nameCN="国籍" />
      <DTQK value="到庭" nameCN="到庭情况" />
    </SSCYR>
    <SSCYR value="被告黎洋。" nameCN="诉讼参与人">
      <SSCYRMC value="黎洋" nameCN="诉讼参与人名称" />
      <SSSF value="被告" nameCN="诉讼身份" />
      <SSDW value="被告" nameCN="诉讼地位" />
      <DSRLB value="被告" nameCN="当事人类别" />
      <DSRLX value="自然人" nameCN="当事人类型" />
      <GJ value="中国" nameCN="国籍" />
    </SSCYR>
    <SSCYR value="被告曾凤琼。" nameCN="诉讼参与人">
      <SSCYRMC value="曾凤琼" nameCN="诉讼参与人名称" />
      <SSSF value="被告" nameCN="诉讼身份" />
      <SSDW value="被告" nameCN="诉讼地位" />
      <DSRLB value="被告" nameCN="当事人类别" />
      <DSRLX value="自然人" nameCN="当事人类型" />
      <GJ value="中国" nameCN="国籍" />
    </SSCYR>
    <SSCYR value="被告黎虎。" nameCN="诉讼参与人">
      <SSCYRMC value="黎虎" nameCN="诉讼参与人名称" />
      <SSSF value="被告" nameCN="诉讼身份" />
      <SSDW value="被告" nameCN="诉讼地位" />
      <DSRLB value="被告" nameCN="当事人类别" />
      <DSRLX value="自然人" nameCN="当事人类型" />
      <GJ value="中国" nameCN="国籍" />
    </SSCYR>
    <SSCYRQJ value="错误" nameCN="保险公司是否作为被告" />
  </SSCYRQJ>
  <SSJL value="原告刘广东与被告陈佳、黎洋、曾凤琼、黎虎民间借贷纠纷一案，本院于2015年2月3日受理后，依法适用简易程序，于2015年4月14日公开开庭进行了审理，原告刘广东之委托代理人张伟、被告陈佳到庭参加诉讼，被告黎洋、曾凤琼、黎虎经传票传唤未到庭，依法缺席审理。本案现已审理终结。" nameCN="诉讼记录">
    <AY value="民间借贷纠纷" nameCN="案由" />
    <KTSL value="是" nameCN="开庭审理" />
    <KTSLXX value="公开审理" nameCN="开庭审理信息" />
    <WZAY value="民间借贷纠纷" nameCN="完整案由" />
    <AYDM value="9181" nameCN="案由代码" />
    <LARQ value="2015年2月3日" nameCN="立案日期" />
    <YSAJSYCX value="简易程序" nameCN="一审案件适用程序" />
    <JYZPT value="否" nameCN="简易转普通" />
    <SPZZ value="独任庭" nameCN="审判组织" />
    <YSAJLY value="新收" nameCN="一审案件来源" />
    <SLRQ value="2015年2月3日" nameCN="受理日期" />
    <DXRQX nameCN="当事人缺席">
      <XM value="黎虎" nameCN="姓名">
        <SSDW value="被告" nameCN="诉讼地位" />
      </XM>
      <XM value="曾凤琼" nameCN="姓名">
        <SSDW value="被告" nameCN="诉讼地位" />
      </XM>
      <XM value="黎洋" nameCN="姓名">
        <SSDW value="被告" nameCN="诉讼地位" />
      </XM>
    </DXRQX>
    <CTDSRXX nameCN="出庭当事人信息">
      <CTRXM value="张伟" nameCN="出庭人姓名">
        <SSDW value="委托代理人" nameCN="诉讼地位" />
      </CTRXM>
      <CTRXM value="陈佳" nameCN="出庭人姓名">
        <SSDW value="被告" nameCN="诉讼地位" />
      </CTRXM>
      <CTRXM value="刘广东" nameCN="出庭人姓名">
        <SSDW value="原告" nameCN="诉讼地位" />
      </CTRXM>
    </CTDSRXX>
  </SSJL>
  <AJJBQK value="原告刘广东诉称，2014年3月6日，原告刘广东与被告陈佳、黎洋、曾凤琼、黎虎民签订《借款协议》，四被告向原告借款200万元，约定期限8个月。被告至今仍欠本息72万元，故起诉要求：判令被告刘广东偿还本息72万元并承担本案诉讼费用。&#xA;被告陈佳答辩称：借款是事实，但除原告诉称的还款外我们还了5万元，分别于2014年12月30号还2万和2014年12月5号还3万，希望原告能多给我们一点还款时间，我们愿意与原告协商解决本案争议款项。&#xA;被告黎洋、曾凤琼、黎虎未到庭，亦无答辩意见。&#xA;原告为支持其主张，向本院提交了如下证据：&#xA;证据1：借款协议一份，证明原告向被告出借200万还款期限为8个月，第1至4月每月还18万，第5至8月每个月还36万。&#xA;证据2：共同还款承诺书，证明四被告共同向原告借款，并承诺对借款共同承担无限连带责任。&#xA;证据3：黎虎签定的收条，证明收到了原告的借款本金200万。&#xA;被告陈佳质证称：对证据1、2、3的真实性无异义。&#xA;被告陈佳为支持其主张，向本院提交了如下证据：&#xA;中国农业银行转帐明细二份，证明2014年12月30号还2万和2014年12月5号还了3万，所以要在72万里减掉5万。&#xA;原告质证称：因为被告提供的是复印件，不能确定他的真实性，要求被告提供原件。&#xA;经审查，对原告、被告所举证据的真实性、关联性、合法性予以确认。&#xA;本院根据本案的上述证据认定以下事实：&#xA;2014年3月6日，四被告通过冠群驰骋投资管理（北京）有限公司居间介绍向原告刘广东借款200万元，并与原告签订了《借款协议》。协议约定：借款200万元、期限8个月、按月定额偿还本息（第1-4月每月还款18万元、第5-8月还款36万元），8个月本息合计216万元。后被告按约向原告支付大部分本息，合计149万元，至今仍欠本息67万元。原告即起诉来院。&#xA;" nameCN="案件基本情况">
    <YGSCD value="原告刘广东诉称，2014年3月6日，原告刘广东与被告陈佳、黎洋、曾凤琼、黎虎民签订《借款协议》，四被告向原告借款200万元，约定期限8个月。被告至今仍欠本息72万元，故起诉要求：判令被告刘广东偿还本息72万元并承担本案诉讼费用。 " nameCN="原告诉称段" />
    <BGBCD value="被告黎洋、曾凤琼、黎虎未到庭，亦无答辩意见。 " nameCN="被告辩称段" />
    <FSSCD value="被告陈佳答辩称：借款是事实，但除原告诉称的还款外我们还了5万元，分别于2014年12月30号还2万和2014年12月5号还3万，希望原告能多给我们一点还款时间，我们愿意与原告协商解决本案争议款项。" nameCN="反诉诉称段" />
    <ZJD value="原告为支持其主张，向本院提交了如下证据：证据1：借款协议一份，证明原告向被告出借200万还款期限为8个月，第1至4月每月还18万，第5至8月每个月还36万。 证据2：共同还款承诺书，证明四被告共同向原告借款，并承诺对借款共同承担无限连带责任。 证据3：黎虎签定的收条，证明收到了原告的借款本金200万。 被告陈佳质证称：对证据1、2、3的真实性无异义。 被告陈佳为支持其主张，向本院提交了如下证据： 中国农业银行转帐明细二份，证明2014年12月30号还2万和2014年12月5号还了3万，所以要在72万里减掉5万。 原告质证称：因为被告提供的是复印件，不能确定他的真实性，要求被告提供原件。 经审查，对原告、被告所举证据的真实性、关联性、合法性予以确认。 " nameCN="证据段" />
    <CMSSD value="本院根据本案的上述证据认定以下事实：2014年3月6日，四被告通过冠群驰骋投资管理（北京）有限公司居间介绍向原告刘广东借款200万元，并与原告签订了《借款协议》。协议约定：借款200万元、期限8个月、按月定额偿还本息（第1-4月每月还款18万元、第5-8月还款36万元），8个月本息合计216万元。后被告按约向原告支付大部分本息，合计149万元，至今仍欠本息67万元。原告即起诉来院。 " nameCN="查明事实段">
      <SGXQ value="未提及" nameCN="事故详情">
        <SGSJ value="未提及" nameCN="事故时间" />
        <SGDD value="未提及" nameCN="事故地点" />
      </SGXQ>
      <JDCSYR value="陈佳" nameCN="机动车所有人" />
      <GAJGRDYJ value="2014年3月6日，四被告通过冠群驰骋投资管理（北京）有限公司居间介绍向原告刘广东借款200万元，并与原告签订了《借款协议》。" nameCN="公安机关认定意见" />
      <SFTB value="是" nameCN="是否投保" />
      <SFZBXQN value="是" nameCN="是否在保险期内" />
      <SFXQPF value="是" nameCN="是否先期赔付" />
      <JDSFKK value="是" nameCN="鉴定是否可靠" />
    </CMSSD>
  </AJJBQK>
  <CPFXGC value="本院认为，原、被告双方对借款200万元、约定本息合计216万元、被告已还144万元的事实无争议。对于被告辩称的“除原告诉称的还款外还了5万元，分别于2014年12月30号还2万元和2014年12月5号还3万元”主张，被告举证提供了中国农业银行转帐明细二份，足以证明被告所主张的事实，依法予以采信。根据《中华人民共和国合同法》第二百零五条、第二百零六条、第二百零七条的规定，判决如下：&#xA;" nameCN="裁判分析过程">
    <JAFSLX value="判决" nameCN="结案方式类型" />
    <FLFTMC value="中华人民共和国合同法" nameCN="法律法条名称">
      <TM value="二百零五" nameCN="条目" />
      <TM value="二百零六" nameCN="条目" />
      <TM value="二百零七" nameCN="条目" />
      <SFCXF value="非程序法" nameCN="是否是程序法" />
    </FLFTMC>
  </CPFXGC>
  <CPJG value="被告陈佳、黎洋、曾凤琼、黎虎于本判决发生法律效力之日起10日内向原告刘广东偿还借款本息67万元万元。&#xA;如果未按本判决指定的期限履行给付金钱义务，应当依照《中华人民共和国民事诉讼法》第二百五十三条的规定，加倍支付迟延履行期间的债务利息。&#xA;本案受理费5500元，由被告陈佳、黎洋、曾凤琼、黎虎承担5100元、原告刘广东承担400元。&#xA;如不服本判决，可在本判决书送达之日起十五日内向本院递交上诉状，并按对方当事人的人数提出副本，上诉于四川省资阳市中级人民法院。&#xA;" nameCN="裁判结果">
    <JAFS value="判决" nameCN="结案方式" />
    <PCSFSXZQ value="正确" nameCN="同时起诉侵权人与保险公司的赔偿顺序" />
    <JTPJJG value="被告陈佳、黎洋、曾凤琼、黎虎于本判决发生法律效力之日起10日内向原告刘广东偿还借款本息67万元万元。" nameCN="具体裁判段">
      <QLR value="刘广东" nameCN="权利人">
        <QLRSSDW value="原告" nameCN="诉讼地位" />
      </QLR>
      <YWR value="黎虎" nameCN="义务人">
        <YWRSSDW value="被告" nameCN="诉讼地位" />
      </YWR>
      <YWR value="陈佳" nameCN="义务人">
        <YWRSSDW value="被告" nameCN="诉讼地位" />
      </YWR>
      <YWR value="曾凤琼" nameCN="义务人">
        <YWRSSDW value="被告" nameCN="诉讼地位" />
      </YWR>
      <YWR value="黎洋" nameCN="义务人">
        <YWRSSDW value="被告" nameCN="诉讼地位" />
      </YWR>
      <PJZXQX value="10日" nameCN="判决执行期限" />
      <PJJE nameCN="判决金额">
        <JE value="670000.0元" nameCN="金额" />
        <JELX value="借款" nameCN="金额类型" />
        <JELX value="本息" nameCN="金额类型" />
      </PJJE>
    </JTPJJG>
    <JTPJJG value="如果未按本判决指定的期限履行给付金钱义务，应当依照《中华人民共和国民事诉讼法》第二百五十三条的规定，加倍支付迟延履行期间的债务利息。" nameCN="具体裁判段" />
    <SSFCD nameCN="诉讼费承担">
      <SSFCDJL value="本案受理费5500元，由被告陈佳、黎洋、曾凤琼、黎虎承担5100元、原告刘广东承担400元。" nameCN="诉讼费承担记录">
        <SSFJE value="5500元" nameCN="诉讼费金额" />
        <SSFZL value="受理费" nameCN="诉讼费种类" />
        <SSFCDR value="黎虎" nameCN="承担人">
          <SSFCDJE value="5100元" nameCN="承担金额" />
          <SSFCDFS value="与他人共同承担该金额" nameCN="承担方式" />
          <SSFCDDW value="被告" nameCN="承担人地位" />
        </SSFCDR>
        <SSFCDR value="陈佳" nameCN="承担人">
          <SSFCDJE value="5100元" nameCN="承担金额" />
          <SSFCDFS value="与他人共同承担该金额" nameCN="承担方式" />
          <SSFCDDW value="被告" nameCN="承担人地位" />
        </SSFCDR>
        <SSFCDR value="刘广东" nameCN="承担人">
          <SSFCDJE value="5100元" nameCN="承担金额" />
          <SSFCDFS value="与他人共同承担该金额" nameCN="承担方式" />
          <SSFCDDW value="原告" nameCN="承担人地位" />
        </SSFCDR>
        <SSFCDR value="曾凤琼" nameCN="承担人">
          <SSFCDJE value="5100元" nameCN="承担金额" />
          <SSFCDFS value="与他人共同承担该金额" nameCN="承担方式" />
          <SSFCDDW value="被告" nameCN="承担人地位" />
        </SSFCDR>
        <SSFCDR value="黎洋" nameCN="承担人">
          <SSFCDJE value="5100元" nameCN="承担金额" />
          <SSFCDFS value="与他人共同承担该金额" nameCN="承担方式" />
          <SSFCDDW value="被告" nameCN="承担人地位" />
        </SSFCDR>
      </SSFCDJL>
    </SSFCD>
    <SFFHCS value="否" nameCN="是否发回重审" />
    <KSSZ value="四川省资阳市中级人民法院" nameCN="可上诉至" />
    <SSTJCL value="上诉状，并按对方当事人的人数提出副本" nameCN="上诉提交材料" />
    <SSQX value="十五日" nameCN="上诉期限" />
    <TCGXQYY value="否" nameCN="是否提出管辖权异议" />
  </CPJG>
  <WW value="审判员刘洪斌&#xA;二〇一五年四月二十七日&#xA;书记员向杰&#xA;" nameCN="文尾">
    <SPZZCY nameCN="审判组织成员">
      <SPRYXM value="向杰" nameCN="审判人员姓名" />
      <SPRYJS value="书记员" nameCN="审判人员角色" />
    </SPZZCY>
    <SPZZCY nameCN="审判组织成员">
      <SPRYXM value="刘洪斌" nameCN="审判人员姓名" />
      <SPRYJS value="审判员" nameCN="审判人员角色" />
    </SPZZCY>
    <CPSJ value="2015年4月27日" nameCN="裁判时间">
      <Year value="2015" nameCN="结案年度" />
      <JANYR value="2015年4月27日" nameCN="结案年月日" />
      <JANY value="2015-4" nameCN="结案年月" />
      <Month value="4" nameCN="月" />
      <Day value="27" nameCN="日" />
    </CPSJ>
  </WW>
  <FL value="" nameCN="附录" />
</QW>

