<?xml version="1.0" encoding="UTF-8"?>
<QW value="&#xA;南京市秦淮区人民法院&#xA;民事判决书&#xA;（2014）秦民初字第3862号&#xA;原告刘某甲，男，1973年5月3日生，汉族。&#xA;被告张某，女，1975年1月12日生，汉族。&#xA;委托代理人孙薇，江苏东域律师事务所律师。&#xA;原告刘某甲与被告张某离婚纠纷一案，原告于2014年8月5日向本院起诉，本院于同日立案受理后，依法组成合议庭于2014年9月9日公开开庭进行了审理。原告刘某甲，被告张某及其委托代理人孙薇到庭参加诉讼。本案现已审理终结。&#xA;原告刘某甲诉称，原、被告于××××年××月××日领取结婚证，2005年11月18日举办婚礼。先住在被告父亲家，后于2007年交定金买下位于江宁区秦淮路天龙湾花园27栋XXX室的房屋。××××年××月××日儿子刘某乙出生。被告在月子期间没有做到通情达理和尊老爱幼，不理不睬原告母亲。2010年7月，原告父母想看孙子，被告不同意带回涟水老家，原告只好开车回老家接母亲到南京来，被告把秦淮路天龙湾花园27栋XXX室的房屋内所有房门都锁了，原告回来进不了房屋，也联系不上被告。2014年1月，原告父母来南京再次想看孙子，被告不准许原告父母抱孙子，产生口角后被告直接报警。从小孩出生到现在，被告未带儿子或者同意原告带儿子到男方家看望父母，都是原告一个人开车回老家。原、被告早从2010年7月就开始分居。为了小孩健康快乐成长，现提出离婚，请求法院：1、判决原、被告离婚；2、南京市江宁区秦淮路天龙湾花园27栋XXX室归女方所有；3、南京酒典商贸有限公司所有股份归男方所有；4、刘某乙归原告抚养，抚养费由原告全部承担。&#xA;被告张某辩称，第一，原、被告的夫妻感情基础较好，家庭关系一直也很和睦。不存在对原告父母不尊重，不让原告父母见孙子的情况。原、被告并没有分居5年，原告诉称的离婚理由系夸大其词，与事实不符。夫妻感情没有破裂，不符合法定离婚条件。第二，因被告不同意离婚，故对子女抚养问题及共同财产、共同债务分割问题不作答辩。&#xA;经审理查明，原、被告于2001年认识后一直以朋友关系相处。2005年5月开始以恋人关系相处。××××年××月××日领证结婚，2005年12月19日举办了婚礼。××××年××月××日生育一子刘某乙。自儿子出生后，被告因抚养小孩及原告父母探视小孩而与原告发生争执，矛盾产生。&#xA;诉讼中，原告陈述2010年7月与被告分居，被告陈述自2014年1月正式分居。&#xA;审理过程中，原告要求离婚，被告不同意离婚，并表示愿意维持婚姻关系，经调解，双方未能达成一致意见。&#xA;以上事实由当事人的陈述、结婚证、户籍资料等予以证实。&#xA;本院认为，原、被告系自由恋爱而结婚，有较好的感情基础，在婚后的共同生活中，亦建立了一定的夫妻感情。近年来，双方因小孩抚养及探视问题发生争执，致夫妻矛盾产生，使夫妻关系受到一定影响，但原、被告之间并无实质性矛盾，夫妻感情并未破裂。只要双方在今后生活中相互理解，相互关心，相互信任，加强沟通，夫妻关系是可以得到改善的。本院对于原告要求离婚的诉讼请求，依法不予支持。据此，依照《中华人民共和国婚姻法》第三十二条，《中华人民共和国民事诉讼法》第一百四十二条的规定，判决如下：&#xA;不准予原告刘某甲与被告张某离婚。&#xA;案件受理费240元，由原告刘某甲负担。&#xA;如不服本判决，可在判决书送达之日起十五日内，向本院递交上诉状及副本两份，上诉于南京市中级人民法院，同时根据《诉讼费用交纳办法》的有关规定，向该院预交上诉案件受理费（户名：南京市中级人民法院；开户行：农行南京市鼓楼支行；帐号：10×××76）。&#xA;审判长周小峰&#xA;人民陪审员王顺钰&#xA;人民陪审员陈浦昌&#xA;二〇一四年九月十二日&#xA;见习书记员刘倩芸&#xA;" nameCN="全文">
  <WS value="南京市秦淮区人民法院&#xA;民事判决书&#xA;（2014）秦民初字第3862号&#xA;" nameCN="文首">
    <WSZZDW value="法院" nameCN="文书制作单位" />
    <JBFY value="南京市秦淮区人民法院" nameCN="经办法院">
      <FYJB value="基层" nameCN="法院级别" />
      <XZQH_C value="南京市" nameCN="行政区划(市)" />
    </JBFY>
    <WSMC value="民事判决书" nameCN="文书名称" />
    <AH value="(2014)秦民初字第3862号" nameCN="案号" />
    <LAND value="2014" nameCN="立案年度" />
    <AJXZ value="民事案件" nameCN="案件性质" />
    <WSZL value="判决书" nameCN="文书种类" />
    <SPCX value="一审案件" nameCN="审判程序" />
    <AJLX value="民事一审案件" nameCN="案件类型" />
  </WS>
  <SSCYRQJ value="原告刘某甲，男，1973年5月3日生，汉族。&#xA;被告张某，女，1975年1月12日生，汉族。&#xA;委托代理人孙薇，江苏东域律师事务所律师。&#xA;" nameCN="诉讼参与人全集">
    <SSCYR value="原告刘某甲，男，1973年5月3日生，汉族。" nameCN="诉讼参与人">
      <SSCYRMC value="刘某甲" nameCN="诉讼参与人名称" />
      <SSSF value="原告" nameCN="诉讼身份" />
      <SSDW value="原告" nameCN="诉讼地位" />
      <DSRLB value="原告" nameCN="当事人类别" />
      <DSRLX value="自然人" nameCN="当事人类型" />
      <XB value="男" nameCN="性别" />
      <MZ value="汉族" nameCN="民族" />
      <CSRQ value="1973年5月3日" nameCN="出生日期">
        <Year value="1973" nameCN="年" />
        <Month value="5" nameCN="月" />
        <Day value="3" nameCN="日" />
      </CSRQ>
      <GJ value="中国" nameCN="国籍" />
      <DSRSFZH value="否" nameCN="当事人是否再婚" />
    </SSCYR>
    <SSCYR value="被告张某，女，1975年1月12日生，汉族。" nameCN="诉讼参与人">
      <SSCYRMC value="张某" nameCN="诉讼参与人名称" />
      <SSSF value="被告" nameCN="诉讼身份" />
      <SSDW value="被告" nameCN="诉讼地位" />
      <DSRLB value="被告" nameCN="当事人类别" />
      <DSRLX value="自然人" nameCN="当事人类型" />
      <XB value="女" nameCN="性别" />
      <MZ value="汉族" nameCN="民族" />
      <CSRQ value="1975年1月12日" nameCN="出生日期">
        <Year value="1975" nameCN="年" />
        <Month value="1" nameCN="月" />
        <Day value="12" nameCN="日" />
      </CSRQ>
      <GJ value="中国" nameCN="国籍" />
      <DTQK value="到庭" nameCN="到庭情况" />
      <DSRSFZH value="否" nameCN="当事人是否再婚" />
    </SSCYR>
    <SSCYR value="委托代理人孙薇，江苏东域律师事务所律师。" nameCN="诉讼参与人">
      <SSCYRMC value="孙薇" nameCN="诉讼参与人名称" />
      <SSSF value="委托代理人" nameCN="诉讼身份" />
      <DSRLX value="自然人" nameCN="当事人类型" />
      <GJ value="中国" nameCN="国籍" />
      <DTQK value="到庭" nameCN="到庭情况" />
      <DWZWFZ nameCN="单位职务分组">
        <ZW value="律师" nameCN="职务" />
      </DWZWFZ>
    </SSCYR>
    <SSCYRQJ value="错误" nameCN="保险公司是否作为被告" />
  </SSCYRQJ>
  <SSJL value="原告刘某甲与被告张某离婚纠纷一案，原告于2014年8月5日向本院起诉，本院于同日立案受理后，依法组成合议庭于2014年9月9日公开开庭进行了审理。原告刘某甲，被告张某及其委托代理人孙薇到庭参加诉讼。本案现已审理终结。" nameCN="诉讼记录">
    <YG value="刘某甲" nameCN="原告" />
    <BG value="张某" nameCN="被告" />
    <AY value="离婚纠纷" nameCN="案由" />
    <KTSL value="是" nameCN="开庭审理" />
    <KTSLXX value="公开审理" nameCN="开庭审理信息" />
    <WZAY value="离婚纠纷" nameCN="完整案由" />
    <AYDM value="9015" nameCN="案由代码" />
    <YSAJSYCX value="普通程序" nameCN="一审案件适用程序" />
    <JYZPT value="否" nameCN="简易转普通" />
    <SPZZ value="合议庭" nameCN="审判组织" />
    <YSAJLY value="新收" nameCN="一审案件来源" />
    <CTDSRXX nameCN="出庭当事人信息">
      <CTRXM value="孙薇" nameCN="出庭人姓名">
        <SSDW value="委托代理人" nameCN="诉讼地位" />
      </CTRXM>
      <CTRXM value="刘某甲" nameCN="出庭人姓名">
        <SSDW value="原告" nameCN="诉讼地位" />
      </CTRXM>
      <CTRXM value="张某" nameCN="出庭人姓名">
        <SSDW value="被告" nameCN="诉讼地位" />
      </CTRXM>
    </CTDSRXX>
  </SSJL>
  <AJJBQK value="原告刘某甲诉称，原、被告于××××年××月××日领取结婚证，2005年11月18日举办婚礼。先住在被告父亲家，后于2007年交定金买下位于江宁区秦淮路天龙湾花园27栋XXX室的房屋。××××年××月××日儿子刘某乙出生。被告在月子期间没有做到通情达理和尊老爱幼，不理不睬原告母亲。2010年7月，原告父母想看孙子，被告不同意带回涟水老家，原告只好开车回老家接母亲到南京来，被告把秦淮路天龙湾花园27栋XXX室的房屋内所有房门都锁了，原告回来进不了房屋，也联系不上被告。2014年1月，原告父母来南京再次想看孙子，被告不准许原告父母抱孙子，产生口角后被告直接报警。从小孩出生到现在，被告未带儿子或者同意原告带儿子到男方家看望父母，都是原告一个人开车回老家。原、被告早从2010年7月就开始分居。为了小孩健康快乐成长，现提出离婚，请求法院：1、判决原、被告离婚；2、南京市江宁区秦淮路天龙湾花园27栋XXX室归女方所有；3、南京酒典商贸有限公司所有股份归男方所有；4、刘某乙归原告抚养，抚养费由原告全部承担。&#xA;被告张某辩称，第一，原、被告的夫妻感情基础较好，家庭关系一直也很和睦。不存在对原告父母不尊重，不让原告父母见孙子的情况。原、被告并没有分居5年，原告诉称的离婚理由系夸大其词，与事实不符。夫妻感情没有破裂，不符合法定离婚条件。第二，因被告不同意离婚，故对子女抚养问题及共同财产、共同债务分割问题不作答辩。&#xA;经审理查明，原、被告于2001年认识后一直以朋友关系相处。2005年5月开始以恋人关系相处。××××年××月××日领证结婚，2005年12月19日举办了婚礼。××××年××月××日生育一子刘某乙。自儿子出生后，被告因抚养小孩及原告父母探视小孩而与原告发生争执，矛盾产生。&#xA;诉讼中，原告陈述2010年7月与被告分居，被告陈述自2014年1月正式分居。&#xA;审理过程中，原告要求离婚，被告不同意离婚，并表示愿意维持婚姻关系，经调解，双方未能达成一致意见。&#xA;以上事实由当事人的陈述、结婚证、户籍资料等予以证实。&#xA;" nameCN="案件基本情况">
    <YGSCD value="原告刘某甲诉称，原、被告于××××年××月××日领取结婚证，2005年11月18日举办婚礼。先住在被告父亲家，后于2007年交定金买下位于江宁区秦淮路天龙湾花园27栋XXX室的房屋。××××年××月××日儿子刘某乙出生。被告在月子期间没有做到通情达理和尊老爱幼，不理不睬原告母亲。2010年7月，原告父母想看孙子，被告不同意带回涟水老家，原告只好开车回老家接母亲到南京来，被告把秦淮路天龙湾花园27栋XXX室的房屋内所有房门都锁了，原告回来进不了房屋，也联系不上被告。2014年1月，原告父母来南京再次想看孙子，被告不准许原告父母抱孙子，产生口角后被告直接报警。从小孩出生到现在，被告未带儿子或者同意原告带儿子到男方家看望父母，都是原告一个人开车回老家。原、被告早从2010年7月就开始分居。为了小孩健康快乐成长，现提出离婚，请求法院：1、判决原、被告离婚；2、南京市江宁区秦淮路天龙湾花园27栋XXX室归女方所有；3、南京酒典商贸有限公司所有股份归男方所有；4、刘某乙归原告抚养，抚养费由原告全部承担。 " nameCN="原告诉称段" />
    <BGBCD value="被告张某辩称，第一，原、被告的夫妻感情基础较好，家庭关系一直也很和睦。不存在对原告父母不尊重，不让原告父母见孙子的情况。原、被告并没有分居5年，原告诉称的离婚理由系夸大其词，与事实不符。夫妻感情没有破裂，不符合法定离婚条件。第二，因被告不同意离婚，故对子女抚养问题及共同财产、共同债务分割问题不作答辩。 " nameCN="被告辩称段" />
    <ZJD value="以上事实由当事人的陈述、结婚证、户籍资料等予以证实。" nameCN="证据段" />
    <CMSSD value="经审理查明，原、被告于2001年认识后一直以朋友关系相处。2005年5月开始以恋人关系相处。××××年××月××日领证结婚，2005年12月19日举办了婚礼。××××年××月××日生育一子刘某乙。自儿子出生后，被告因抚养小孩及原告父母探视小孩而与原告发生争执，矛盾产生。诉讼中，原告陈述2010年7月与被告分居，被告陈述自2014年1月正式分居。 审理过程中，原告要求离婚，被告不同意离婚，并表示愿意维持婚姻关系，经调解，双方未能达成一致意见。 " nameCN="查明事实段">
      <SGXQ value="未提及" nameCN="事故详情">
        <SGSJ value="未提及" nameCN="事故时间" />
        <SGDD value="未提及" nameCN="事故地点" />
      </SGXQ>
      <JDCSYR value="张某" nameCN="机动车所有人" />
      <SFTB value="是" nameCN="是否投保" />
      <SFZBXQN value="是" nameCN="是否在保险期内" />
      <SFXQPF value="是" nameCN="是否先期赔付" />
      <JDSFKK value="是" nameCN="鉴定是否可靠" />
    </CMSSD>
  </AJJBQK>
  <CPFXGC value="本院认为，原、被告系自由恋爱而结婚，有较好的感情基础，在婚后的共同生活中，亦建立了一定的夫妻感情。近年来，双方因小孩抚养及探视问题发生争执，致夫妻矛盾产生，使夫妻关系受到一定影响，但原、被告之间并无实质性矛盾，夫妻感情并未破裂。只要双方在今后生活中相互理解，相互关心，相互信任，加强沟通，夫妻关系是可以得到改善的。本院对于原告要求离婚的诉讼请求，依法不予支持。据此，依照《中华人民共和国婚姻法》第三十二条，《中华人民共和国民事诉讼法》第一百四十二条的规定，判决如下：&#xA;" nameCN="裁判分析过程">
    <JAFSLX value="判决" nameCN="结案方式类型" />
    <FLFTMC value="中华人民共和国婚姻法" nameCN="法律法条名称">
      <TM value="三十二" nameCN="条目" />
      <SFCXF value="非程序法" nameCN="是否是程序法" />
    </FLFTMC>
    <FLFTMC value="中华人民共和国民事诉讼法" nameCN="法律法条名称">
      <TM value="一百四十二" nameCN="条目" />
      <SFCXF value="是程序法" nameCN="是否是程序法" />
    </FLFTMC>
  </CPFXGC>
  <CPJG value="不准予原告刘某甲与被告张某离婚。&#xA;案件受理费240元，由原告刘某甲负担。&#xA;如不服本判决，可在判决书送达之日起十五日内，向本院递交上诉状及副本两份，上诉于南京市中级人民法院，同时根据《诉讼费用交纳办法》的有关规定，向该院预交上诉案件受理费（户名：南京市中级人民法院；开户行：农行南京市鼓楼支行；帐号：10×××76）。&#xA;" nameCN="裁判结果">
    <JAFS value="判决" nameCN="结案方式" />
    <PCSFSXZQ value="正确" nameCN="同时起诉侵权人与保险公司的赔偿顺序" />
    <JTPJJG value="不准予原告刘某甲与被告张某离婚。" nameCN="具体裁判段" />
    <SSFCD nameCN="诉讼费承担">
      <SSFCDJL value="案件受理费240元，由原告刘某甲负担。" nameCN="诉讼费承担记录">
        <SSFJE value="240元" nameCN="诉讼费金额" />
        <SSFZL value="受理费" nameCN="诉讼费种类" />
        <SSFCDR value="刘某甲" nameCN="承担人">
          <SSFCDJE value="240元" nameCN="承担金额" />
          <SSFCDFS value="个人独立承担该金额" nameCN="承担方式" />
          <SSFCDDW value="原告" nameCN="承担人地位" />
        </SSFCDR>
      </SSFCDJL>
    </SSFCD>
    <SFFHCS value="否" nameCN="是否发回重审" />
    <KSSZ value="南京市中级人民法院" nameCN="可上诉至" />
    <SSTJCL value="上诉状及副本两份" nameCN="上诉提交材料" />
    <SSQX value="十五日" nameCN="上诉期限" />
    <TCGXQYY value="否" nameCN="是否提出管辖权异议" />
  </CPJG>
  <WW value="审判长周小峰&#xA;人民陪审员王顺钰&#xA;人民陪审员陈浦昌&#xA;二〇一四年九月十二日&#xA;见习书记员刘倩芸&#xA;" nameCN="文尾">
    <SPZZCY nameCN="审判组织成员">
      <SPRYXM value="周小峰" nameCN="审判人员姓名" />
      <SPRYJS value="审判长" nameCN="审判人员角色" />
    </SPZZCY>
    <SPZZCY nameCN="审判组织成员">
      <SPRYXM value="王顺钰" nameCN="审判人员姓名" />
      <SPRYJS value="人民陪审员" nameCN="审判人员角色" />
    </SPZZCY>
    <SPZZCY nameCN="审判组织成员">
      <SPRYXM value="刘倩芸" nameCN="审判人员姓名" />
      <SPRYJS value="见习书记员" nameCN="审判人员角色" />
    </SPZZCY>
    <SPZZCY nameCN="审判组织成员">
      <SPRYXM value="陈浦昌" nameCN="审判人员姓名" />
      <SPRYJS value="人民陪审员" nameCN="审判人员角色" />
    </SPZZCY>
    <CPSJ value="2014年9月12日" nameCN="裁判时间">
      <Year value="2014" nameCN="结案年度" />
      <JANYR value="2014年9月12日" nameCN="结案年月日" />
      <JANY value="2014-9" nameCN="结案年月" />
      <Month value="9" nameCN="月" />
      <Day value="12" nameCN="日" />
    </CPSJ>
  </WW>
  <FL value="" nameCN="附录" />
</QW>

