<?xml version="1.0" encoding="UTF-8"?>
<QW value="&#xA;重庆市江津区人民法院&#xA;民事判决书&#xA;（2014）津法民初字第00152号&#xA;原告：刘某某，女，汉族，1970年2月14日出生，住重庆市江津区。&#xA;被告：罗某甲，男，汉族，1968年8月23日出生，住重庆市江津区。&#xA;原告刘某某与被告罗某甲离婚纠纷一案，本院于2013年12月24日立案受理后，依法由审判员任华元独任审判，适用简易程序并于2014年1月24日公开开庭进行了审理。原告刘某某、被告罗某甲到庭参加诉讼。本案现已审理终结。&#xA;原告刘某某诉称：我与被告婚后性格不合，无法沟通，并先后于2012年7月、2013年5月向江津法院起诉离婚，法院判决不准离婚后至今，我们仍不能重归于好。请求法院判决准予离婚。&#xA;被告罗某甲辩称：原告要求离婚，我没有意见，但是我身患有胃病，原告要将我们打工期间的9万多存款还给我。&#xA;经审理查明：原告刘某某与被告罗某甲经人介绍后相识恋爱，1990年9月20日双方自愿在原江津县麻柳乡人民政府登记结婚，1995年5月5日生育一女，取名罗某乙，现已成年独立生活。2011年11月原、被告因生活琐事发生纠纷，原告刘某某即离开被告从广州回到重庆打工。2012年7月12日，原告以夫妻感情破裂为由起诉来院请求离婚，本院于2012年7月26日作出（2012）津法民初字第5143号民事判决书判决不准离婚。2013年5月，原告罗某甲再次向本院起诉离婚，本院作出（2013）津法民初字第3369号民事判决书判决不准离婚。此后，双方分多聚少，仍无和好的迹象。原告刘某某第三次诉讼来院请求离婚。另查明，无夫妻共同财产、债权、债务、存款。&#xA;上述事实，有原、被告的当庭陈述及身份证、结婚登记申请书&#xA;、（2012）津法民初字第5143号民事判决书、（2013）津法民初字第3369号民事判决书、胃镜检查报告等证据经庭审质证，在卷佐证。&#xA;本院认为：原告刘某某与被告罗某甲因夫妻感情不和分居至今已2年余，经法院两次判决不准离婚后，夫妻关系仍未改善，夫妻感情已经破裂。原告请求离婚的证据充分，本院予以支持。被告罗某甲要求原告刘某某返还共同生活期间的存款90000元，因原告刘某某予以否认，被告罗某甲又未提供证据证明，故本院不予支持。依照《中华人民共和国婚姻法》第三十二条第三款（第五）项之规定，判决如下：&#xA;准予原告刘某某与被告罗某甲离婚。&#xA;案件受理费240元，减半收取120元，由原告刘某某负担。&#xA;如不服本判决，可在判决书送达之日起十五日内，向本院递交上诉状，并按对方当事人的人数提出副本，上诉于重庆市第五中级人民法院。&#xA;在本判决发生效力之前，双方当事人不得另行结婚。&#xA;审判员任华元&#xA;二〇一四年一月二十七日&#xA;书记员陈春梅&#xA;" nameCN="全文">
  <WS value="重庆市江津区人民法院&#xA;民事判决书&#xA;（2014）津法民初字第00152号&#xA;" nameCN="文首">
    <WSZZDW value="法院" nameCN="文书制作单位" />
    <JBFY value="重庆市江津区人民法院" nameCN="经办法院">
      <FYJB value="基层" nameCN="法院级别" />
      <XZQH_P value="重庆" nameCN="行政区划(省)" />
    </JBFY>
    <WSMC value="民事判决书" nameCN="文书名称" />
    <AH value="(2014)津法民初字第00152号" nameCN="案号" />
    <LAND value="2014" nameCN="立案年度" />
    <AJXZ value="民事案件" nameCN="案件性质" />
    <WSZL value="判决书" nameCN="文书种类" />
    <SPCX value="一审案件" nameCN="审判程序" />
    <AJLX value="民事一审案件" nameCN="案件类型" />
  </WS>
  <SSCYRQJ value="原告：刘某某，女，汉族，1970年2月14日出生，住重庆市江津区。&#xA;被告：罗某甲，男，汉族，1968年8月23日出生，住重庆市江津区。&#xA;" nameCN="诉讼参与人全集">
    <SSCYR value="原告：刘某某，女，汉族，1970年2月14日出生，住重庆市江津区。" nameCN="诉讼参与人">
      <SSCYRMC value="刘某某" nameCN="诉讼参与人名称" />
      <SSSF value="原告" nameCN="诉讼身份" />
      <SSDW value="原告" nameCN="诉讼地位" />
      <DSRLB value="原告" nameCN="当事人类别" />
      <DSRLX value="自然人" nameCN="当事人类型" />
      <XB value="女" nameCN="性别" />
      <MZ value="汉族" nameCN="民族" />
      <CSRQ value="1970年2月14日" nameCN="出生日期">
        <Year value="1970" nameCN="年" />
        <Month value="2" nameCN="月" />
        <Day value="14" nameCN="日" />
      </CSRQ>
      <GJ value="中国" nameCN="国籍" />
      <DSRDZ value="重庆市江津区" nameCN="当事人地址" />
      <DTQK value="到庭" nameCN="到庭情况" />
      <DSRSFZH value="否" nameCN="当事人是否再婚" />
    </SSCYR>
    <SSCYR value="被告：罗某甲，男，汉族，1968年8月23日出生，住重庆市江津区。" nameCN="诉讼参与人">
      <SSCYRMC value="罗某甲" nameCN="诉讼参与人名称" />
      <SSSF value="被告" nameCN="诉讼身份" />
      <SSDW value="被告" nameCN="诉讼地位" />
      <DSRLB value="被告" nameCN="当事人类别" />
      <DSRLX value="自然人" nameCN="当事人类型" />
      <XB value="男" nameCN="性别" />
      <MZ value="汉族" nameCN="民族" />
      <CSRQ value="1968年8月23日" nameCN="出生日期">
        <Year value="1968" nameCN="年" />
        <Month value="8" nameCN="月" />
        <Day value="23" nameCN="日" />
      </CSRQ>
      <GJ value="中国" nameCN="国籍" />
      <DSRDZ value="重庆市江津区" nameCN="当事人地址" />
      <DTQK value="到庭" nameCN="到庭情况" />
      <DSRSFZH value="否" nameCN="当事人是否再婚" />
    </SSCYR>
    <SSCYRQJ value="错误" nameCN="保险公司是否作为被告" />
  </SSCYRQJ>
  <SSJL value="原告刘某某与被告罗某甲离婚纠纷一案，本院于2013年12月24日立案受理后，依法由审判员任华元独任审判，适用简易程序并于2014年1月24日公开开庭进行了审理。原告刘某某、被告罗某甲到庭参加诉讼。本案现已审理终结。" nameCN="诉讼记录">
    <YG value="刘某某" nameCN="原告" />
    <BG value="罗某甲" nameCN="被告" />
    <AY value="离婚纠纷" nameCN="案由" />
    <KTSL value="是" nameCN="开庭审理" />
    <KTSLXX value="公开审理" nameCN="开庭审理信息" />
    <WZAY value="离婚纠纷" nameCN="完整案由" />
    <AYDM value="9015" nameCN="案由代码" />
    <LARQ value="2013年12月24日" nameCN="立案日期" />
    <YSAJSYCX value="简易程序" nameCN="一审案件适用程序" />
    <JYZPT value="否" nameCN="简易转普通" />
    <YSAJLY value="新收" nameCN="一审案件来源" />
    <SLRQ value="2013年12月24日" nameCN="受理日期" />
    <CTDSRXX nameCN="出庭当事人信息">
      <CTRXM value="罗某甲" nameCN="出庭人姓名">
        <SSDW value="被告" nameCN="诉讼地位" />
      </CTRXM>
      <CTRXM value="刘某某" nameCN="出庭人姓名">
        <SSDW value="原告" nameCN="诉讼地位" />
      </CTRXM>
    </CTDSRXX>
  </SSJL>
  <AJJBQK value="原告刘某某诉称：我与被告婚后性格不合，无法沟通，并先后于2012年7月、2013年5月向江津法院起诉离婚，法院判决不准离婚后至今，我们仍不能重归于好。请求法院判决准予离婚。&#xA;被告罗某甲辩称：原告要求离婚，我没有意见，但是我身患有胃病，原告要将我们打工期间的9万多存款还给我。&#xA;经审理查明：原告刘某某与被告罗某甲经人介绍后相识恋爱，1990年9月20日双方自愿在原江津县麻柳乡人民政府登记结婚，1995年5月5日生育一女，取名罗某乙，现已成年独立生活。2011年11月原、被告因生活琐事发生纠纷，原告刘某某即离开被告从广州回到重庆打工。2012年7月12日，原告以夫妻感情破裂为由起诉来院请求离婚，本院于2012年7月26日作出（2012）津法民初字第5143号民事判决书判决不准离婚。2013年5月，原告罗某甲再次向本院起诉离婚，本院作出（2013）津法民初字第3369号民事判决书判决不准离婚。此后，双方分多聚少，仍无和好的迹象。原告刘某某第三次诉讼来院请求离婚。另查明，无夫妻共同财产、债权、债务、存款。&#xA;上述事实，有原、被告的当庭陈述及身份证、结婚登记申请书&#xA;、（2012）津法民初字第5143号民事判决书、（2013）津法民初字第3369号民事判决书、胃镜检查报告等证据经庭审质证，在卷佐证。&#xA;" nameCN="案件基本情况">
    <YGSCD value="原告刘某某诉称：我与被告婚后性格不合，无法沟通，并先后于2012年7月、2013年5月向江津法院起诉离婚，法院判决不准离婚后至今，我们仍不能重归于好。请求法院判决准予离婚。 " nameCN="原告诉称段" />
    <BGBCD value="被告罗某甲辩称：原告要求离婚，我没有意见，但是我身患有胃病，原告要将我们打工期间的9万多存款还给我。 " nameCN="被告辩称段" />
    <CMSSD value="经审理查明：原告刘某某与被告罗某甲经人介绍后相识恋爱，1990年9月20日双方自愿在原江津县麻柳乡人民政府登记结婚，1995年5月5日生育一女，取名罗某乙，现已成年独立生活。2011年11月原、被告因生活琐事发生纠纷，原告刘某某即离开被告从广州回到重庆打工。2012年7月12日，原告以夫妻感情破裂为由起诉来院请求离婚，本院于2012年7月26日作出（2012）津法民初字第5143号民事判决书判决不准离婚。2013年5月，原告罗某甲再次向本院起诉离婚，本院作出（2013）津法民初字第3369号民事判决书判决不准离婚。此后，双方分多聚少，仍无和好的迹象。原告刘某某第三次诉讼来院请求离婚。另查明，无夫妻共同财产、债权、债务、存款。上述事实，有原、被告的当庭陈述及身份证、结婚登记申请书 、（2012）津法民初字第5143号民事判决书、（2013）津法民初字第3369号民事判决书、胃镜检查报告等证据经庭审质证，在卷佐证。 " nameCN="查明事实段">
      <SGXQ value="未提及" nameCN="事故详情">
        <SGSJ value="未提及" nameCN="事故时间" />
        <SGDD value="未提及" nameCN="事故地点" />
      </SGXQ>
      <JDCSYR value="罗某甲" nameCN="机动车所有人" />
      <SHRJZD value="重庆市江津区" nameCN="受害人居住地" />
      <SFTB value="是" nameCN="是否投保" />
      <SFZBXQN value="是" nameCN="是否在保险期内" />
      <SFXQPF value="是" nameCN="是否先期赔付" />
      <JDSFKK value="是" nameCN="鉴定是否可靠" />
    </CMSSD>
  </AJJBQK>
  <CPFXGC value="本院认为：原告刘某某与被告罗某甲因夫妻感情不和分居至今已2年余，经法院两次判决不准离婚后，夫妻关系仍未改善，夫妻感情已经破裂。原告请求离婚的证据充分，本院予以支持。被告罗某甲要求原告刘某某返还共同生活期间的存款90000元，因原告刘某某予以否认，被告罗某甲又未提供证据证明，故本院不予支持。依照《中华人民共和国婚姻法》第三十二条第三款（第五）项之规定，判决如下：&#xA;" nameCN="裁判分析过程">
    <JAFSLX value="判决" nameCN="结案方式类型" />
    <FLFTMC value="中华人民共和国婚姻法" nameCN="法律法条名称">
      <TM value="三十二" nameCN="条目">
        <KM value="第三款（第五）项" nameCN="款目" />
      </TM>
      <SFCXF value="非程序法" nameCN="是否是程序法" />
    </FLFTMC>
  </CPFXGC>
  <CPJG value="准予原告刘某某与被告罗某甲离婚。&#xA;案件受理费240元，减半收取120元，由原告刘某某负担。&#xA;如不服本判决，可在判决书送达之日起十五日内，向本院递交上诉状，并按对方当事人的人数提出副本，上诉于重庆市第五中级人民法院。&#xA;在本判决发生效力之前，双方当事人不得另行结婚。&#xA;" nameCN="裁判结果">
    <JAFS value="判决" nameCN="结案方式" />
    <PCSFSXZQ value="正确" nameCN="同时起诉侵权人与保险公司的赔偿顺序" />
    <JTPJJG value="准予原告刘某某与被告罗某甲离婚。" nameCN="具体裁判段" />
    <SSFCD nameCN="诉讼费承担">
      <SSFCDJL value="案件受理费240元，减半收取120元，由原告刘某某负担。" nameCN="诉讼费承担记录">
        <SSFJE value="120元" nameCN="诉讼费金额" />
        <SSFZL value="受理费" nameCN="诉讼费种类" />
        <SSFCDR value="刘某某" nameCN="承担人">
          <SSFCDJE value="120元" nameCN="承担金额" />
          <SSFCDFS value="个人独立承担该金额" nameCN="承担方式" />
          <SSFCDDW value="原告" nameCN="承担人地位" />
        </SSFCDR>
      </SSFCDJL>
    </SSFCD>
    <SFFHCS value="否" nameCN="是否发回重审" />
    <KSSZ value="重庆市第五中级人民法院" nameCN="可上诉至" />
    <SSTJCL value="上诉状，并按对方当事人的人数提出副本" nameCN="上诉提交材料" />
    <SSQX value="十五日" nameCN="上诉期限" />
    <TCGXQYY value="否" nameCN="是否提出管辖权异议" />
  </CPJG>
  <WW value="审判员任华元&#xA;二〇一四年一月二十七日&#xA;书记员陈春梅&#xA;" nameCN="文尾">
    <SPZZCY nameCN="审判组织成员">
      <SPRYXM value="任华元" nameCN="审判人员姓名" />
      <SPRYJS value="审判员" nameCN="审判人员角色" />
    </SPZZCY>
    <SPZZCY nameCN="审判组织成员">
      <SPRYXM value="陈春梅" nameCN="审判人员姓名" />
      <SPRYJS value="书记员" nameCN="审判人员角色" />
    </SPZZCY>
    <CPSJ value="2014年1月27日" nameCN="裁判时间">
      <Year value="2014" nameCN="结案年度" />
      <JANYR value="2014年1月27日" nameCN="结案年月日" />
      <JANY value="2014-1" nameCN="结案年月" />
      <Month value="1" nameCN="月" />
      <Day value="27" nameCN="日" />
    </CPSJ>
  </WW>
  <FL value="" nameCN="附录" />
</QW>

