<?xml version="1.0" encoding="UTF-8"?>
<QW value="&#xA;西安市灞桥区人民法院&#xA;民事判决书&#xA;（2013）灞民初字第00568号&#xA;原告刘某某&#xA;委托代理人王某&#xA;委托代理人姚某某&#xA;被告陕西某某置业有限公司&#xA;法定代表人邱某，任该公司董事长。&#xA;委托代理人白某某&#xA;原告刘某某诉被告陕西某某置业有限公司商品房买卖合同纠纷一案，本院于2012年12月14日受理后，依法组成合议庭，于2013年1月10日公开开庭进行了审理。原告刘某某的委托代理人王某、姚某某、被告陕西某某置业有限公司的委托代理人白某某到庭参加诉讼。本案现已审理终结。&#xA;原告刘某某诉称，2009年4月1日原告同被告签订《商品房买卖合同》，合同约定由原告购买被告开发的位于西安市某路某号某某新城某期第某幢某单元某号商品房，合同签订后原告依约支付了首付款，并通过银行按揭的方式向被告支付了全部购房款405751元，履行了全部合同义务。2010年3月14日被告向原告交付了所购房产。《商品房买卖合同》第十五条约定，被告应当在商品房交付使用后365日内将办理权属登记需要由出卖人提供的资料报产权登记机关备案，但截止2012年12月12日止，被告仍未履行上述合同义务，迟延期限长达639天。故诉至人民法院，请求判令1、被告将办理商品房（沁水新城二期第某幢某单元某号）权属登记需要由被告提供的资料报产权登记机关备案，配合原告办理产权登记，取得权属证书等全部手续；2、请求判令被告支付违约金4057．51元；3、本案全部诉讼费由被告承担。&#xA;被告陕西某某置业有限公司辩称，其已按合同约定将办理权属登记需由其提供的资料报产权登记机关备案，由于政府机构搬迁，导致部分资料丢失，其并未违约，不应承担违约责任。原告未受到损失，原告主张的违约金过高，应适当降低。&#xA;经审理查明，2009年4月1日原、被告签订《商品房买卖合同》一份，约定原告购买被告开发的沁水新城二期第某幢某单元某号房屋一套，合同第十五条约定，出卖人应当在商品房交付使用后365日内，将办理权属登记需要由出卖人提供的资料报产权登记机关备案。如因出卖人的责任，买受人不能在规定期限内取得房地产权属证书的，双方同意按下列第1、2项处理：1、买受人退房，出卖人在买受人提出退房要求之日起30日内将买受人已付房价款退还给买受人，并按已付房价款的1％赔偿买受人损失。2、买受人不退房，出卖人按已付房价款的1％向买受人支付违约金。合同签订后，原告通过办理银行按揭的方式向被告支付购房款405751元。2010年3月14原告接收房屋。2012年12月14日原告向本院提起诉讼。&#xA;上述事实，有商品房买卖合同、沁水新城入住合约、销售不动产统一发票及本院庭审笔录等材料在卷佐证。&#xA;本院认为，原、被告签订的商品房买卖合同系双方的真实意思表示，且不违反法律、行政法规的强制性规定，该合同为有效合同。双方应按合同的相关约定履行各自的义务，并承担相应的责任。原告已按照合同约定履行了支付购房款的义务，被告亦应在商品房交付使用后365日内，将办理权属登记需要由出卖人提供的资料报产权登记机关备案。被告未在合同约定的期限内办理权属登记备案手续，属违约行为，故应承担相应的违约责任。依照《最高人民法院关于适用〈中华人民共和国合同法〉若干问题的解释（二）》第二十九条的规定：当事人主张约定的违约金过高请求予以适当减少的，人民法院应当以实际损失为基础，兼顾合同的履行情况、当事人的过错程度以及预期利益等综合因素，根据公平原则和诚实信用原则予以衡量，并作出裁决。本案原告在庭审中未提交因迟延办理权属登记而给自己造成实际损失的证据，故被告要求对违约金适当予以减少，依法予以准许。原告要求被告支付违约金的诉讼请求本院部分予以支持。依照《中华人民共和国合同法》第八条、第一百零七条、第一百一十四条及《最高人民法院关于适用〈中华人民共和国合同法〉若干问题的解释（二）》第二十九条之规定，判决如下：&#xA;一、被告陕西某某置业有限公司于本判决生效后90日内将需由其提供的为原告刘某某办理沁水新城二期第某幢某单元某号房屋的权属证书的资料报产权登记机关备案。&#xA;二、被告陕西某某置业有限公司于本判决生效后15日内给付原告刘某某违约金1217元。&#xA;如果未按本判决指定的期间履行给付金钱义务，应当依照《中华人民共和国民事诉讼法》第二百五十三条之规定，加倍支付迟延履行期间的债务利息。&#xA;本案受理费150元，原告已预交，由被告负担并于本判决生效后15日内连同上述应付之款一并给付原告。&#xA;如不服本判决，可在判决书送达之日起十五日内向本院递交上诉状，并按对方当事人的人数提出副本，上诉于陕西省西安市中级人民法院。&#xA;审判长张华明&#xA;代理审判员王新&#xA;代理审判员李澍然&#xA;二〇一三年四月七日&#xA;书记员陆吟&#xA;" nameCN="全文">
  <WS value="西安市灞桥区人民法院&#xA;民事判决书&#xA;（2013）灞民初字第00568号&#xA;" nameCN="文首">
    <WSZZDW value="法院" nameCN="文书制作单位" />
    <JBFY value="西安市灞桥区人民法院" nameCN="经办法院">
      <FYJB value="基层" nameCN="法院级别" />
      <XZQH_C value="西安市" nameCN="行政区划(市)" />
    </JBFY>
    <WSMC value="民事判决书" nameCN="文书名称" />
    <AH value="(2013)灞民初字第00568号" nameCN="案号" />
    <LAND value="2013" nameCN="立案年度" />
    <AJXZ value="民事案件" nameCN="案件性质" />
    <WSZL value="判决书" nameCN="文书种类" />
    <SPCX value="一审案件" nameCN="审判程序" />
    <AJLX value="民事一审案件" nameCN="案件类型" />
  </WS>
  <SSCYRQJ value="原告刘某某&#xA;委托代理人王某&#xA;委托代理人姚某某&#xA;被告陕西某某置业有限公司&#xA;法定代表人邱某，任该公司董事长。&#xA;委托代理人白某某&#xA;" nameCN="诉讼参与人全集">
    <SSCYR value="原告刘某某" nameCN="诉讼参与人">
      <SSCYRMC value="刘某某" nameCN="诉讼参与人名称" />
      <SSSF value="原告" nameCN="诉讼身份" />
      <SSDW value="原告" nameCN="诉讼地位" />
      <DSRLB value="原告" nameCN="当事人类别" />
      <DSRLX value="自然人" nameCN="当事人类型" />
      <GJ value="中国" nameCN="国籍" />
      <DTQK value="到庭" nameCN="到庭情况" />
    </SSCYR>
    <SSCYR value="委托代理人王某" nameCN="诉讼参与人">
      <SSCYRMC value="王某" nameCN="诉讼参与人名称" />
      <SSSF value="委托代理人" nameCN="诉讼身份" />
      <DSRLX value="自然人" nameCN="当事人类型" />
      <GJ value="中国" nameCN="国籍" />
      <DTQK value="到庭" nameCN="到庭情况" />
    </SSCYR>
    <SSCYR value="委托代理人姚某某" nameCN="诉讼参与人">
      <SSCYRMC value="姚某某" nameCN="诉讼参与人名称" />
      <SSSF value="委托代理人" nameCN="诉讼身份" />
      <DSRLX value="自然人" nameCN="当事人类型" />
      <GJ value="中国" nameCN="国籍" />
      <DTQK value="到庭" nameCN="到庭情况" />
    </SSCYR>
    <SSCYR value="被告陕西某某置业有限公司" nameCN="诉讼参与人">
      <SSCYRMC value="陕西某某置业有限公司" nameCN="诉讼参与人名称" />
      <SSSF value="被告" nameCN="诉讼身份" />
      <SSDW value="被告" nameCN="诉讼地位" />
      <DSRLB value="被告" nameCN="当事人类别" />
      <DSRLX value="法人" nameCN="当事人类型" />
      <DTQK value="到庭" nameCN="到庭情况" />
      <DWXZ value="有限责任公司" nameCN="单位性质" />
      <FDDBR value="邱某" nameCN="单位法定代表人" />
      <TSHY value="民政" nameCN="特殊行业" />
    </SSCYR>
    <SSCYR value="法定代表人邱某，任该公司董事长。" nameCN="诉讼参与人">
      <SSCYRMC value="邱某" nameCN="诉讼参与人名称" />
      <SSSF value="法定代表人" nameCN="诉讼身份" />
      <DSRLX value="自然人" nameCN="当事人类型" />
      <GJ value="中国" nameCN="国籍" />
      <DWZWFZ nameCN="单位职务分组">
        <ZW value="董事长" nameCN="职务" />
        <DWMC value="陕西某某置业有限公司" nameCN="单位名称" />
        <DWXZ value="有限责任公司" nameCN="单位性质" />
      </DWZWFZ>
      <TSHY value="民政" nameCN="特殊行业" />
    </SSCYR>
    <SSCYR value="委托代理人白某某" nameCN="诉讼参与人">
      <SSCYRMC value="白某某" nameCN="诉讼参与人名称" />
      <SSSF value="委托代理人" nameCN="诉讼身份" />
      <DSRLX value="自然人" nameCN="当事人类型" />
      <GJ value="中国" nameCN="国籍" />
      <DTQK value="到庭" nameCN="到庭情况" />
    </SSCYR>
    <SSCYRQJ value="错误" nameCN="保险公司是否作为被告" />
  </SSCYRQJ>
  <SSJL value="原告刘某某诉被告陕西某某置业有限公司商品房买卖合同纠纷一案，本院于2012年12月14日受理后，依法组成合议庭，于2013年1月10日公开开庭进行了审理。原告刘某某的委托代理人王某、姚某某、被告陕西某某置业有限公司的委托代理人白某某到庭参加诉讼。本案现已审理终结。" nameCN="诉讼记录">
    <YG value="刘某某" nameCN="原告" />
    <BG value="陕西某某置业有限公司商品房" nameCN="被告" />
    <AY value="买卖合同纠纷" nameCN="案由" />
    <KTSL value="是" nameCN="开庭审理" />
    <KTSLXX value="公开审理" nameCN="开庭审理信息" />
    <WZAY value="买卖合同纠纷" nameCN="完整案由" />
    <AYDM value="9142" nameCN="案由代码" />
    <LARQ value="2012年12月14日" nameCN="立案日期" />
    <YSAJSYCX value="普通程序" nameCN="一审案件适用程序" />
    <JYZPT value="否" nameCN="简易转普通" />
    <SPZZ value="合议庭" nameCN="审判组织" />
    <YSAJLY value="新收" nameCN="一审案件来源" />
    <SLRQ value="2012年12月14日" nameCN="受理日期" />
    <CTDSRXX nameCN="出庭当事人信息">
      <CTRXM value="姚某某" nameCN="出庭人姓名">
        <SSDW value="委托代理人" nameCN="诉讼地位" />
      </CTRXM>
      <CTRXM value="白某某" nameCN="出庭人姓名">
        <SSDW value="委托代理人" nameCN="诉讼地位" />
      </CTRXM>
      <CTRXM value="刘某某" nameCN="出庭人姓名">
        <SSDW value="原告" nameCN="诉讼地位" />
      </CTRXM>
      <CTRXM value="王某" nameCN="出庭人姓名">
        <SSDW value="委托代理人" nameCN="诉讼地位" />
      </CTRXM>
      <CTRXM value="陕西某某置业有限公司" nameCN="出庭人姓名">
        <SSDW value="被告" nameCN="诉讼地位" />
      </CTRXM>
    </CTDSRXX>
  </SSJL>
  <AJJBQK value="原告刘某某诉称，2009年4月1日原告同被告签订《商品房买卖合同》，合同约定由原告购买被告开发的位于西安市某路某号某某新城某期第某幢某单元某号商品房，合同签订后原告依约支付了首付款，并通过银行按揭的方式向被告支付了全部购房款405751元，履行了全部合同义务。2010年3月14日被告向原告交付了所购房产。《商品房买卖合同》第十五条约定，被告应当在商品房交付使用后365日内将办理权属登记需要由出卖人提供的资料报产权登记机关备案，但截止2012年12月12日止，被告仍未履行上述合同义务，迟延期限长达639天。故诉至人民法院，请求判令1、被告将办理商品房（沁水新城二期第某幢某单元某号）权属登记需要由被告提供的资料报产权登记机关备案，配合原告办理产权登记，取得权属证书等全部手续；2、请求判令被告支付违约金4057．51元；3、本案全部诉讼费由被告承担。&#xA;被告陕西某某置业有限公司辩称，其已按合同约定将办理权属登记需由其提供的资料报产权登记机关备案，由于政府机构搬迁，导致部分资料丢失，其并未违约，不应承担违约责任。原告未受到损失，原告主张的违约金过高，应适当降低。&#xA;经审理查明，2009年4月1日原、被告签订《商品房买卖合同》一份，约定原告购买被告开发的沁水新城二期第某幢某单元某号房屋一套，合同第十五条约定，出卖人应当在商品房交付使用后365日内，将办理权属登记需要由出卖人提供的资料报产权登记机关备案。如因出卖人的责任，买受人不能在规定期限内取得房地产权属证书的，双方同意按下列第1、2项处理：1、买受人退房，出卖人在买受人提出退房要求之日起30日内将买受人已付房价款退还给买受人，并按已付房价款的1％赔偿买受人损失。2、买受人不退房，出卖人按已付房价款的1％向买受人支付违约金。合同签订后，原告通过办理银行按揭的方式向被告支付购房款405751元。2010年3月14原告接收房屋。2012年12月14日原告向本院提起诉讼。&#xA;上述事实，有商品房买卖合同、沁水新城入住合约、销售不动产统一发票及本院庭审笔录等材料在卷佐证。&#xA;" nameCN="案件基本情况">
    <YGSCD value="原告刘某某诉称，2009年4月1日原告同被告签订《商品房买卖合同》，合同约定由原告购买被告开发的位于西安市某路某号某某新城某期第某幢某单元某号商品房，合同签订后原告依约支付了首付款，并通过银行按揭的方式向被告支付了全部购房款405751元，履行了全部合同义务。2010年3月14日被告向原告交付了所购房产。《商品房买卖合同》第十五条约定，被告应当在商品房交付使用后365日内将办理权属登记需要由出卖人提供的资料报产权登记机关备案，但截止2012年12月12日止，被告仍未履行上述合同义务，迟延期限长达639天。故诉至人民法院，请求判令1、被告将办理商品房（沁水新城二期第某幢某单元某号）权属登记需要由被告提供的资料报产权登记机关备案，配合原告办理产权登记，取得权属证书等全部手续；2、请求判令被告支付违约金4057．51元；3、本案全部诉讼费由被告承担。 " nameCN="原告诉称段" />
    <BGBCD value="被告陕西某某置业有限公司辩称，其已按合同约定将办理权属登记需由其提供的资料报产权登记机关备案，由于政府机构搬迁，导致部分资料丢失，其并未违约，不应承担违约责任。原告未受到损失，原告主张的违约金过高，应适当降低。 " nameCN="被告辩称段" />
    <ZJD value="上述事实，有商品房买卖合同、沁水新城入住合约、销售不动产统一发票及本院庭审笔录等材料在卷佐证。" nameCN="证据段" />
    <CMSSD value="经审理查明，2009年4月1日原、被告签订《商品房买卖合同》一份，约定原告购买被告开发的沁水新城二期第某幢某单元某号房屋一套，合同第十五条约定，出卖人应当在商品房交付使用后365日内，将办理权属登记需要由出卖人提供的资料报产权登记机关备案。如因出卖人的责任，买受人不能在规定期限内取得房地产权属证书的，双方同意按下列第1、2项处理：1、买受人退房，出卖人在买受人提出退房要求之日起30日内将买受人已付房价款退还给买受人，并按已付房价款的1％赔偿买受人损失。2、买受人不退房，出卖人按已付房价款的1％向买受人支付违约金。合同签订后，原告通过办理银行按揭的方式向被告支付购房款405751元。2010年3月14原告接收房屋。2012年12月14日原告向本院提起诉讼。" nameCN="查明事实段">
      <SGXQ value="未提及" nameCN="事故详情">
        <SGSJ value="未提及" nameCN="事故时间" />
        <SGDD value="未提及" nameCN="事故地点" />
      </SGXQ>
      <JDCSYR value="陕西某某置业有限公司" nameCN="机动车所有人" />
      <SFTB value="是" nameCN="是否投保" />
      <SFZBXQN value="是" nameCN="是否在保险期内" />
      <SFXQPF value="是" nameCN="是否先期赔付" />
      <JDSFKK value="是" nameCN="鉴定是否可靠" />
    </CMSSD>
  </AJJBQK>
  <CPFXGC value="本院认为，原、被告签订的商品房买卖合同系双方的真实意思表示，且不违反法律、行政法规的强制性规定，该合同为有效合同。双方应按合同的相关约定履行各自的义务，并承担相应的责任。原告已按照合同约定履行了支付购房款的义务，被告亦应在商品房交付使用后365日内，将办理权属登记需要由出卖人提供的资料报产权登记机关备案。被告未在合同约定的期限内办理权属登记备案手续，属违约行为，故应承担相应的违约责任。依照《最高人民法院关于适用〈中华人民共和国合同法〉若干问题的解释（二）》第二十九条的规定：当事人主张约定的违约金过高请求予以适当减少的，人民法院应当以实际损失为基础，兼顾合同的履行情况、当事人的过错程度以及预期利益等综合因素，根据公平原则和诚实信用原则予以衡量，并作出裁决。本案原告在庭审中未提交因迟延办理权属登记而给自己造成实际损失的证据，故被告要求对违约金适当予以减少，依法予以准许。原告要求被告支付违约金的诉讼请求本院部分予以支持。依照《中华人民共和国合同法》第八条、第一百零七条、第一百一十四条及《最高人民法院关于适用〈中华人民共和国合同法〉若干问题的解释（二）》第二十九条之规定，判决如下：&#xA;" nameCN="裁判分析过程">
    <JAFSLX value="判决" nameCN="结案方式类型" />
    <FLFTMC value="中华人民共和国合同法" nameCN="法律法条名称">
      <TM value="一百一十四" nameCN="条目" />
      <TM value="八" nameCN="条目" />
      <TM value="一百零七" nameCN="条目" />
      <SFCXF value="非程序法" nameCN="是否是程序法" />
    </FLFTMC>
    <FLFTMC value="最高人民法院关于适用〈中华人民共和国合同法〉若干问题的解释（二）" nameCN="法律法条名称">
      <TM value="二十九" nameCN="条目" />
      <SFCXF value="非程序法" nameCN="是否是程序法" />
    </FLFTMC>
  </CPFXGC>
  <CPJG value="一、被告陕西某某置业有限公司于本判决生效后90日内将需由其提供的为原告刘某某办理沁水新城二期第某幢某单元某号房屋的权属证书的资料报产权登记机关备案。&#xA;二、被告陕西某某置业有限公司于本判决生效后15日内给付原告刘某某违约金1217元。&#xA;如果未按本判决指定的期间履行给付金钱义务，应当依照《中华人民共和国民事诉讼法》第二百五十三条之规定，加倍支付迟延履行期间的债务利息。&#xA;本案受理费150元，原告已预交，由被告负担并于本判决生效后15日内连同上述应付之款一并给付原告。&#xA;如不服本判决，可在判决书送达之日起十五日内向本院递交上诉状，并按对方当事人的人数提出副本，上诉于陕西省西安市中级人民法院。&#xA;" nameCN="裁判结果">
    <JAFS value="判决" nameCN="结案方式" />
    <PCSFSXZQ value="正确" nameCN="同时起诉侵权人与保险公司的赔偿顺序" />
    <JTPJJG value="一、被告陕西某某置业有限公司于本判决生效后90日内将需由其提供的为原告刘某某办理沁水新城二期第某幢某单元某号房屋的权属证书的资料报产权登记机关备案。" nameCN="具体裁判段">
      <PJZXQX value="90日" nameCN="判决执行期限" />
    </JTPJJG>
    <JTPJJG value="二、被告陕西某某置业有限公司于本判决生效后15日内给付原告刘某某违约金1217元。" nameCN="具体裁判段">
      <QLR value="刘某某" nameCN="权利人">
        <QLRSSDW value="原告" nameCN="诉讼地位" />
      </QLR>
      <YWR value="陕西某某置业有限公司" nameCN="义务人">
        <YWRSSDW value="被告" nameCN="诉讼地位" />
      </YWR>
      <PJZXQX value="15日" nameCN="判决执行期限" />
      <PJJE nameCN="判决金额">
        <JE value="1217元" nameCN="金额" />
        <JELX value="违约金" nameCN="金额类型" />
      </PJJE>
    </JTPJJG>
    <JTPJJG value="如果未按本判决指定的期间履行给付金钱义务，应当依照《中华人民共和国民事诉讼法》第二百五十三条之规定，加倍支付迟延履行期间的债务利息。" nameCN="具体裁判段" />
    <SSFCD nameCN="诉讼费承担">
      <SSFCDJL value="本案受理费150元，原告已预交，由被告负担并于本判决生效后15日内连同上述应付之款一并给付原告。" nameCN="诉讼费承担记录">
        <SSFJE value="150元" nameCN="诉讼费金额" />
        <SSFZL value="受理费" nameCN="诉讼费种类" />
      </SSFCDJL>
    </SSFCD>
    <SFFHCS value="否" nameCN="是否发回重审" />
    <KSSZ value="陕西省西安市中级人民法院" nameCN="可上诉至" />
    <SSTJCL value="上诉状，并按对方当事人的人数提出副本" nameCN="上诉提交材料" />
    <SSQX value="十五日" nameCN="上诉期限" />
    <TCGXQYY value="否" nameCN="是否提出管辖权异议" />
  </CPJG>
  <WW value="审判长张华明&#xA;代理审判员王新&#xA;代理审判员李澍然&#xA;二〇一三年四月七日&#xA;书记员陆吟&#xA;" nameCN="文尾">
    <SPZZCY nameCN="审判组织成员">
      <SPRYXM value="李澍然" nameCN="审判人员姓名" />
      <SPRYJS value="代理审判员" nameCN="审判人员角色" />
    </SPZZCY>
    <SPZZCY nameCN="审判组织成员">
      <SPRYXM value="王新" nameCN="审判人员姓名" />
      <SPRYJS value="代理审判员" nameCN="审判人员角色" />
    </SPZZCY>
    <SPZZCY nameCN="审判组织成员">
      <SPRYXM value="陆吟" nameCN="审判人员姓名" />
      <SPRYJS value="书记员" nameCN="审判人员角色" />
    </SPZZCY>
    <SPZZCY nameCN="审判组织成员">
      <SPRYXM value="张华明" nameCN="审判人员姓名" />
      <SPRYJS value="审判长" nameCN="审判人员角色" />
    </SPZZCY>
    <CPSJ value="2013年4月7日" nameCN="裁判时间">
      <Year value="2013" nameCN="结案年度" />
      <JANYR value="2013年4月7日" nameCN="结案年月日" />
      <JANY value="2013-4" nameCN="结案年月" />
      <Month value="4" nameCN="月" />
      <Day value="7" nameCN="日" />
    </CPSJ>
  </WW>
  <FL value="" nameCN="附录" />
</QW>

