<?xml version="1.0" encoding="UTF-8"?>
<QW value="&#xA;河北省唐山市丰南区人民法院&#xA;民事裁定书&#xA;（2015）丰民初字第1872号&#xA;原告刘殿合。&#xA;被告刘金福。&#xA;本院在审理原告刘殿合诉被告刘金福相邻关系纠纷一案中，原告于二0一五年六月二十六日向本院提出撤诉申请。&#xA;本院认为，原告的撤诉理由符合法律规定。依照《中华人民共和国民事诉讼法》第一百四十五条、第一百五十四条之规定，裁定如下：&#xA;准予原告撤回起诉。&#xA;案件受理费人民币400元由原告负担。&#xA;审判员严冠军&#xA;二〇一五年六月二十六日&#xA;书记员李阳&#xA;" nameCN="全文">
  <WS value="河北省唐山市丰南区人民法院&#xA;民事裁定书&#xA;（2015）丰民初字第1872号&#xA;" nameCN="文首">
    <WSZZDW value="法院" nameCN="文书制作单位" />
    <JBFY value="河北省唐山市丰南区人民法院" nameCN="经办法院">
      <FYJB value="基层" nameCN="法院级别" />
      <XZQH_P value="河北" nameCN="行政区划(省)" />
      <XZQH_C value="唐山市" nameCN="行政区划(市)" />
    </JBFY>
    <WSMC value="民事裁定书" nameCN="文书名称" />
    <AH value="(2015)丰民初字第1872号" nameCN="案号" />
    <LAND value="2015" nameCN="立案年度" />
    <AJXZ value="民事案件" nameCN="案件性质" />
    <WSZL value="裁定书" nameCN="文书种类" />
    <SPCX value="一审案件" nameCN="审判程序" />
    <AJLX value="民事一审案件" nameCN="案件类型" />
  </WS>
  <SSCYRQJ value="原告刘殿合。&#xA;被告刘金福。&#xA;" nameCN="诉讼参与人全集">
    <SSCYR value="原告刘殿合。" nameCN="诉讼参与人">
      <SSCYRMC value="刘殿合" nameCN="诉讼参与人名称" />
      <SSSF value="原告" nameCN="诉讼身份" />
      <SSDW value="原告" nameCN="诉讼地位" />
      <DSRLB value="原告" nameCN="当事人类别" />
      <DSRLX value="自然人" nameCN="当事人类型" />
      <GJ value="中国" nameCN="国籍" />
    </SSCYR>
    <SSCYR value="被告刘金福。" nameCN="诉讼参与人">
      <SSCYRMC value="刘金福" nameCN="诉讼参与人名称" />
      <SSSF value="被告" nameCN="诉讼身份" />
      <SSDW value="被告" nameCN="诉讼地位" />
      <DSRLB value="被告" nameCN="当事人类别" />
      <DSRLX value="自然人" nameCN="当事人类型" />
      <GJ value="中国" nameCN="国籍" />
    </SSCYR>
    <SSCYRQJ value="错误" nameCN="保险公司是否作为被告" />
  </SSCYRQJ>
  <SSJL value="本院在审理原告刘殿合诉被告刘金福相邻关系纠纷一案中，原告于二0一五年六月二十六日向本院提出撤诉申请。" nameCN="诉讼记录">
    <CS value="" nameCN="撤诉">
      <CSR value="*未写出" nameCN="撤诉人" />
      <RQ value="二0一五年六月二十六日" nameCN="日期" />
    </CS>
    <YG value="刘殿合" nameCN="原告" />
    <BG value="刘金福" nameCN="被告" />
    <AY value="相邻关系纠纷" nameCN="案由" />
    <KTSL value="否" nameCN="开庭审理" />
    <WZAY value="相邻关系纠纷" nameCN="完整案由" />
    <AYDM value="9075" nameCN="案由代码" />
    <YSAJSYCX value="普通程序" nameCN="一审案件适用程序" />
    <JYZPT value="否" nameCN="简易转普通" />
    <SPZZ value="独任庭" nameCN="审判组织" />
    <YSAJLY value="新收" nameCN="一审案件来源" />
    <SQCSRQ value="二0一五年六月二十六日" nameCN="申请撤诉日期" />
  </SSJL>
  <AJJBQK value="" nameCN="案件基本情况" />
  <CPFXGC value="本院认为，原告的撤诉理由符合法律规定。依照《中华人民共和国民事诉讼法》第一百四十五条、第一百五十四条之规定，裁定如下：&#xA;" nameCN="裁判分析过程">
    <JAFSLX value="裁定" nameCN="结案方式类型" />
    <FLFTMC value="中华人民共和国民事诉讼法" nameCN="法律法条名称">
      <TM value="一百四十五" nameCN="条目" />
      <TM value="一百五十四" nameCN="条目" />
      <SFCXF value="是程序法" nameCN="是否是程序法" />
    </FLFTMC>
  </CPFXGC>
  <CPJG value="准予原告撤回起诉。&#xA;案件受理费人民币400元由原告负担。&#xA;" nameCN="裁判结果">
    <JAFS value="准予撤诉" nameCN="结案方式" />
    <PCSFSXZQ value="正确" nameCN="同时起诉侵权人与保险公司的赔偿顺序" />
    <JTPJJG value="准予原告撤回起诉。" nameCN="具体裁判段" />
    <SSFCD nameCN="诉讼费承担">
      <SSFCDJL value="案件受理费人民币400元由原告负担。" nameCN="诉讼费承担记录">
        <SSFJE value="400元" nameCN="诉讼费金额" />
        <SSFZL value="受理费" nameCN="诉讼费种类" />
      </SSFCDJL>
    </SSFCD>
    <SFFHCS value="否" nameCN="是否发回重审" />
    <TCGXQYY value="否" nameCN="是否提出管辖权异议" />
  </CPJG>
  <WW value="审判员严冠军&#xA;二〇一五年六月二十六日&#xA;书记员李阳&#xA;" nameCN="文尾">
    <SPZZCY nameCN="审判组织成员">
      <SPRYXM value="李阳" nameCN="审判人员姓名" />
      <SPRYJS value="书记员" nameCN="审判人员角色" />
    </SPZZCY>
    <SPZZCY nameCN="审判组织成员">
      <SPRYXM value="严冠军" nameCN="审判人员姓名" />
      <SPRYJS value="审判员" nameCN="审判人员角色" />
    </SPZZCY>
    <CPSJ value="2015年6月26日" nameCN="裁判时间">
      <Year value="2015" nameCN="结案年度" />
      <JANYR value="2015年6月26日" nameCN="结案年月日" />
      <JANY value="2015-6" nameCN="结案年月" />
      <Month value="6" nameCN="月" />
      <Day value="26" nameCN="日" />
    </CPSJ>
  </WW>
  <FL value="" nameCN="附录" />
</QW>

