<?xml version="1.0" encoding="UTF-8"?>
<QW value="&#xA;四川省双流县人民法院&#xA;民事判决书&#xA;（2014）双流民初字第1738号&#xA;原告刘欣玥，女，1974年6月9日出生，汉族，住成都市高新区。&#xA;委托代理人胡馨元，四川师维律师事务所律师。&#xA;被告张志兵，男，1972年5月13日出生，汉族，住四川省双流县。&#xA;原告刘欣玥与被告张志兵民间借贷纠纷一案，本院受理后，依法组成合议庭，公开开庭进行了审理。原告的委托代理人胡馨元到庭参加诉讼，被告张志兵经本院合法传唤无正当理由拒不到庭参加诉讼。本案现已审理终结。&#xA;原告刘欣玥诉称，2012年6月18日至2012年11月9日被告从原告处借得人民币共计1389300元整，期间被告归还了200000元，尚欠1189300元，后经原告多次催收，被告均以各种理由拒绝归还，故起诉要求被告归还借款1189300元，并按银行贷款利率支付利息。&#xA;被告张志兵未作答辩。&#xA;经审理查明，2012年11月9日被告在原告处借现金400000元，被告于当日向原告出具借条一张，并注明借款期限三个月。2012年6月18日至2012年12月28日期间，原告通过银行多次转账方式借给被告890000元，被告于2013年2月2日向原告出具890000元的借条一张，期间被告归还原告借款200000元，剩余借款经原告多次催收无果。另查明，原告于2012年8月24日通过银行转款91800元到被告账户。&#xA;上述事实有原告的陈述、原告举出的借条两张，被告的付款凭证一份，原告的个人活期明细表四份、原告的转款凭证一份在卷佐证。&#xA;本院认为，债务应当清偿。被告向原告借款，并向原告出具了借款金额为400000元和890000元的借条各一张，被告应当偿还，因原告认可被告已归还200000元，故本院确定被告应偿还借款金额为1090000元。原告虽于2012年8月24日转款91800元到被告个人账户上，但原告未举出被告出具的借条，该转款凭条不能证明系被告借款，且被告向原告出具借条时间在该转款之后，原告应当知道被告借款的总金额，原告陈述该91800元为遗漏借款的理由，本院不予采信，故对原告要求被告归还其中91800元的请求，本院不予支持。关于借款利息，其中金额为400000元的借款，被告约定在2013年2月9日前（借款三个月内）归还，被告逾期后仍未归还借款，被告应从逾期之日起按中国人民银行公布同期同类贷款利率支付利息，其中金额为890000元的借款，因原、被告在借款时未约定利息，也未约定归还期限，故对原告要求支付该借款利息的请求，本院不予支持。据此，依照《中华人民共和国合同法》第二百零六条、第二百一十一条、《中华人民共和国民法通则》第一百零八条、《中华人民共和国民事诉讼法》第一百四十四条之规定，判决如下：&#xA;一、被告张志兵于本判决生效后十五日内归还原告刘欣玥借款1090000元，其中借款400000元，从2013年2月10日起，按中国人民银行公布同期同类贷款利率支付利息至本判决确定的归还之日止。&#xA;二、驳回原告刘欣玥的其他诉讼请求。&#xA;如果未按本判决指定的期间履行给付金钱义务，应当依照《中华人民共和国民事诉讼法》第二百五十三条之规定，加倍支付迟延履行期间的债务利息。&#xA;案件受理费15504元，由被告张志兵负担。&#xA;如不服本判决，可在判决书送达之日起十五日内，向本院递交上诉状，并按对方当事人的人数提出副本，上诉于四川省成都市中级人民法院。&#xA;审判长陈清平&#xA;人民陪审员张春梅&#xA;人民陪审员杜姜&#xA;二〇一四年十月二十一日&#xA;书记员罗俊&#xA;" nameCN="全文">
  <WS value="四川省双流县人民法院&#xA;民事判决书&#xA;（2014）双流民初字第1738号&#xA;" nameCN="文首">
    <WSZZDW value="法院" nameCN="文书制作单位" />
    <JBFY value="四川省双流县人民法院" nameCN="经办法院">
      <FYJB value="基层" nameCN="法院级别" />
      <XZQH_P value="四川" nameCN="行政区划(省)" />
      <XZQH_C value="四川" nameCN="行政区划(市)" />
    </JBFY>
    <WSMC value="民事判决书" nameCN="文书名称" />
    <AH value="(2014)双流民初字第1738号" nameCN="案号" />
    <LAND value="2014" nameCN="立案年度" />
    <AJXZ value="民事案件" nameCN="案件性质" />
    <WSZL value="判决书" nameCN="文书种类" />
    <SPCX value="一审案件" nameCN="审判程序" />
    <AJLX value="民事一审案件" nameCN="案件类型" />
  </WS>
  <SSCYRQJ value="原告刘欣玥，女，1974年6月9日出生，汉族，住成都市高新区。&#xA;委托代理人胡馨元，四川师维律师事务所律师。&#xA;被告张志兵，男，1972年5月13日出生，汉族，住四川省双流县。&#xA;" nameCN="诉讼参与人全集">
    <SSCYR value="原告刘欣玥，女，1974年6月9日出生，汉族，住成都市高新区。" nameCN="诉讼参与人">
      <SSCYRMC value="刘欣玥" nameCN="诉讼参与人名称" />
      <SSSF value="原告" nameCN="诉讼身份" />
      <SSDW value="原告" nameCN="诉讼地位" />
      <DSRLB value="原告" nameCN="当事人类别" />
      <DSRLX value="自然人" nameCN="当事人类型" />
      <XB value="女" nameCN="性别" />
      <MZ value="汉族" nameCN="民族" />
      <CSRQ value="1974年6月9日" nameCN="出生日期">
        <Year value="1974" nameCN="年" />
        <Month value="6" nameCN="月" />
        <Day value="9" nameCN="日" />
      </CSRQ>
      <GJ value="中国" nameCN="国籍" />
      <DSRDZ value="成都市高新区" nameCN="当事人地址" />
    </SSCYR>
    <SSCYR value="委托代理人胡馨元，四川师维律师事务所律师。" nameCN="诉讼参与人">
      <SSCYRMC value="胡馨元" nameCN="诉讼参与人名称" />
      <SSSF value="委托代理人" nameCN="诉讼身份" />
      <DSRLX value="自然人" nameCN="当事人类型" />
      <GJ value="中国" nameCN="国籍" />
      <DTQK value="到庭" nameCN="到庭情况" />
      <DWZWFZ nameCN="单位职务分组">
        <ZW value="律师" nameCN="职务" />
      </DWZWFZ>
    </SSCYR>
    <SSCYR value="被告张志兵，男，1972年5月13日出生，汉族，住四川省双流县。" nameCN="诉讼参与人">
      <SSCYRMC value="张志兵" nameCN="诉讼参与人名称" />
      <SSSF value="被告" nameCN="诉讼身份" />
      <SSDW value="被告" nameCN="诉讼地位" />
      <DSRLB value="被告" nameCN="当事人类别" />
      <DSRLX value="自然人" nameCN="当事人类型" />
      <XB value="男" nameCN="性别" />
      <MZ value="汉族" nameCN="民族" />
      <CSRQ value="1972年5月13日" nameCN="出生日期">
        <Year value="1972" nameCN="年" />
        <Month value="5" nameCN="月" />
        <Day value="13" nameCN="日" />
      </CSRQ>
      <GJ value="中国" nameCN="国籍" />
      <DSRDZ value="四川省双流县" nameCN="当事人地址" />
    </SSCYR>
    <SSCYRQJ value="错误" nameCN="保险公司是否作为被告" />
  </SSCYRQJ>
  <SSJL value="原告刘欣玥与被告张志兵民间借贷纠纷一案，本院受理后，依法组成合议庭，公开开庭进行了审理。原告的委托代理人胡馨元到庭参加诉讼，被告张志兵经本院合法传唤无正当理由拒不到庭参加诉讼。本案现已审理终结。" nameCN="诉讼记录">
    <JJCT value="" nameCN="拒绝出庭">
      <DSR value="" nameCN="当事人" />
      <RQ value="" nameCN="日期" />
    </JJCT>
    <YG value="刘欣玥" nameCN="原告" />
    <BG value="张志兵" nameCN="被告" />
    <AY value="民间借贷纠纷" nameCN="案由" />
    <KTSL value="是" nameCN="开庭审理" />
    <KTSLXX value="公开审理" nameCN="开庭审理信息" />
    <WZAY value="民间借贷纠纷" nameCN="完整案由" />
    <AYDM value="9181" nameCN="案由代码" />
    <YSAJSYCX value="普通程序" nameCN="一审案件适用程序" />
    <JYZPT value="否" nameCN="简易转普通" />
    <SPZZ value="合议庭" nameCN="审判组织" />
    <YSAJLY value="新收" nameCN="一审案件来源" />
    <DXRQX nameCN="当事人缺席">
      <XM value="张志兵" nameCN="姓名">
        <SSDW value="被告" nameCN="诉讼地位" />
      </XM>
    </DXRQX>
    <CTDSRXX nameCN="出庭当事人信息">
      <CTRXM value="胡馨元" nameCN="出庭人姓名">
        <SSDW value="委托代理人" nameCN="诉讼地位" />
      </CTRXM>
    </CTDSRXX>
  </SSJL>
  <AJJBQK value="原告刘欣玥诉称，2012年6月18日至2012年11月9日被告从原告处借得人民币共计1389300元整，期间被告归还了200000元，尚欠1189300元，后经原告多次催收，被告均以各种理由拒绝归还，故起诉要求被告归还借款1189300元，并按银行贷款利率支付利息。&#xA;被告张志兵未作答辩。&#xA;经审理查明，2012年11月9日被告在原告处借现金400000元，被告于当日向原告出具借条一张，并注明借款期限三个月。2012年6月18日至2012年12月28日期间，原告通过银行多次转账方式借给被告890000元，被告于2013年2月2日向原告出具890000元的借条一张，期间被告归还原告借款200000元，剩余借款经原告多次催收无果。另查明，原告于2012年8月24日通过银行转款91800元到被告账户。&#xA;上述事实有原告的陈述、原告举出的借条两张，被告的付款凭证一份，原告的个人活期明细表四份、原告的转款凭证一份在卷佐证。&#xA;" nameCN="案件基本情况">
    <YGSCD value="原告刘欣玥诉称，2012年6月18日至2012年11月9日被告从原告处借得人民币共计1389300元整，期间被告归还了200000元，尚欠1189300元，后经原告多次催收，被告均以各种理由拒绝归还，故起诉要求被告归还借款1189300元，并按银行贷款利率支付利息。 " nameCN="原告诉称段" />
    <BGBCD value="被告张志兵未作答辩。 " nameCN="被告辩称段" />
    <ZJD value="上述事实有原告的陈述、原告举出的借条两张，被告的付款凭证一份，原告的个人活期明细表四份、原告的转款凭证一份在卷佐证。" nameCN="证据段" />
    <CMSSD value="经审理查明，2012年11月9日被告在原告处借现金400000元，被告于当日向原告出具借条一张，并注明借款期限三个月。2012年6月18日至2012年12月28日期间，原告通过银行多次转账方式借给被告890000元，被告于2013年2月2日向原告出具890000元的借条一张，期间被告归还原告借款200000元，剩余借款经原告多次催收无果。另查明，原告于2012年8月24日通过银行转款91800元到被告账户。" nameCN="查明事实段">
      <SGXQ value="未提及" nameCN="事故详情">
        <SGSJ value="未提及" nameCN="事故时间" />
        <SGDD value="未提及" nameCN="事故地点" />
      </SGXQ>
      <JDCSYR value="张志兵" nameCN="机动车所有人" />
      <SHRJZD value="成都市高新区" nameCN="受害人居住地" />
      <SFTB value="是" nameCN="是否投保" />
      <SFZBXQN value="是" nameCN="是否在保险期内" />
      <SFXQPF value="是" nameCN="是否先期赔付" />
      <JDSFKK value="是" nameCN="鉴定是否可靠" />
    </CMSSD>
  </AJJBQK>
  <CPFXGC value="本院认为，债务应当清偿。被告向原告借款，并向原告出具了借款金额为400000元和890000元的借条各一张，被告应当偿还，因原告认可被告已归还200000元，故本院确定被告应偿还借款金额为1090000元。原告虽于2012年8月24日转款91800元到被告个人账户上，但原告未举出被告出具的借条，该转款凭条不能证明系被告借款，且被告向原告出具借条时间在该转款之后，原告应当知道被告借款的总金额，原告陈述该91800元为遗漏借款的理由，本院不予采信，故对原告要求被告归还其中91800元的请求，本院不予支持。关于借款利息，其中金额为400000元的借款，被告约定在2013年2月9日前（借款三个月内）归还，被告逾期后仍未归还借款，被告应从逾期之日起按中国人民银行公布同期同类贷款利率支付利息，其中金额为890000元的借款，因原、被告在借款时未约定利息，也未约定归还期限，故对原告要求支付该借款利息的请求，本院不予支持。据此，依照《中华人民共和国合同法》第二百零六条、第二百一十一条、《中华人民共和国民法通则》第一百零八条、《中华人民共和国民事诉讼法》第一百四十四条之规定，判决如下：&#xA;" nameCN="裁判分析过程">
    <JAFSLX value="判决" nameCN="结案方式类型" />
    <FLFTMC value="中华人民共和国合同法" nameCN="法律法条名称">
      <TM value="二百一十一" nameCN="条目" />
      <TM value="二百零六" nameCN="条目" />
      <SFCXF value="非程序法" nameCN="是否是程序法" />
    </FLFTMC>
    <FLFTMC value="中华人民共和国民法通则" nameCN="法律法条名称">
      <TM value="一百零八" nameCN="条目" />
      <SFCXF value="非程序法" nameCN="是否是程序法" />
    </FLFTMC>
    <FLFTMC value="中华人民共和国民事诉讼法" nameCN="法律法条名称">
      <TM value="一百四十四" nameCN="条目" />
      <SFCXF value="是程序法" nameCN="是否是程序法" />
    </FLFTMC>
  </CPFXGC>
  <CPJG value="一、被告张志兵于本判决生效后十五日内归还原告刘欣玥借款1090000元，其中借款400000元，从2013年2月10日起，按中国人民银行公布同期同类贷款利率支付利息至本判决确定的归还之日止。&#xA;二、驳回原告刘欣玥的其他诉讼请求。&#xA;如果未按本判决指定的期间履行给付金钱义务，应当依照《中华人民共和国民事诉讼法》第二百五十三条之规定，加倍支付迟延履行期间的债务利息。&#xA;案件受理费15504元，由被告张志兵负担。&#xA;如不服本判决，可在判决书送达之日起十五日内，向本院递交上诉状，并按对方当事人的人数提出副本，上诉于四川省成都市中级人民法院。&#xA;" nameCN="裁判结果">
    <JAFS value="判决" nameCN="结案方式" />
    <PCSFSXZQ value="正确" nameCN="同时起诉侵权人与保险公司的赔偿顺序" />
    <JTPJJG value="一、被告张志兵于本判决生效后十五日内归还原告刘欣玥借款1090000元，其中借款400000元，从2013年2月10日起，按中国人民银行公布同期同类贷款利率支付利息至本判决确定的归还之日止。" nameCN="具体裁判段">
      <PJZXQX value="十五日" nameCN="判决执行期限" />
      <PJJE nameCN="判决金额">
        <JE value="1090000元" nameCN="金额" />
        <JELX value="借款" nameCN="金额类型" />
      </PJJE>
      <PJJE nameCN="判决金额">
        <JE value="400000元" nameCN="金额" />
        <JELX value="借款" nameCN="金额类型" />
      </PJJE>
    </JTPJJG>
    <JTPJJG value="二、驳回原告刘欣玥的其他诉讼请求。" nameCN="具体裁判段" />
    <JTPJJG value="如果未按本判决指定的期间履行给付金钱义务，应当依照《中华人民共和国民事诉讼法》第二百五十三条之规定，加倍支付迟延履行期间的债务利息。" nameCN="具体裁判段" />
    <SSFCD nameCN="诉讼费承担">
      <SSFCDJL value="案件受理费15504元，由被告张志兵负担。" nameCN="诉讼费承担记录">
        <SSFJE value="15504元" nameCN="诉讼费金额" />
        <SSFZL value="受理费" nameCN="诉讼费种类" />
        <SSFCDR value="张志兵" nameCN="承担人">
          <SSFCDJE value="15504元" nameCN="承担金额" />
          <SSFCDFS value="个人独立承担该金额" nameCN="承担方式" />
          <SSFCDDW value="被告" nameCN="承担人地位" />
        </SSFCDR>
      </SSFCDJL>
    </SSFCD>
    <SFZCSSQQ value="部分支持部分不支持" nameCN="是否支持诉讼请求" />
    <SBSF value="起诉方" nameCN="胜诉方" />
    <SFFHCS value="否" nameCN="是否发回重审" />
    <KSSZ value="四川省成都市中级人民法院" nameCN="可上诉至" />
    <SSTJCL value="上诉状，并按对方当事人的人数提出副本" nameCN="上诉提交材料" />
    <SSQX value="十五日" nameCN="上诉期限" />
    <TCGXQYY value="否" nameCN="是否提出管辖权异议" />
  </CPJG>
  <WW value="审判长陈清平&#xA;人民陪审员张春梅&#xA;人民陪审员杜姜&#xA;二〇一四年十月二十一日&#xA;书记员罗俊&#xA;" nameCN="文尾">
    <SPZZCY nameCN="审判组织成员">
      <SPRYXM value="张春梅" nameCN="审判人员姓名" />
      <SPRYJS value="人民陪审员" nameCN="审判人员角色" />
    </SPZZCY>
    <SPZZCY nameCN="审判组织成员">
      <SPRYXM value="陈清平" nameCN="审判人员姓名" />
      <SPRYJS value="审判长" nameCN="审判人员角色" />
    </SPZZCY>
    <SPZZCY nameCN="审判组织成员">
      <SPRYXM value="杜姜" nameCN="审判人员姓名" />
      <SPRYJS value="人民陪审员" nameCN="审判人员角色" />
    </SPZZCY>
    <SPZZCY nameCN="审判组织成员">
      <SPRYXM value="罗俊" nameCN="审判人员姓名" />
      <SPRYJS value="书记员" nameCN="审判人员角色" />
    </SPZZCY>
    <CPSJ value="2014年10月21日" nameCN="裁判时间">
      <Year value="2014" nameCN="结案年度" />
      <JANYR value="2014年10月21日" nameCN="结案年月日" />
      <JANY value="2014-10" nameCN="结案年月" />
      <Month value="10" nameCN="月" />
      <Day value="21" nameCN="日" />
    </CPSJ>
  </WW>
  <FL value="" nameCN="附录" />
</QW>

