<?xml version="1.0" encoding="UTF-8"?>
<QW value="&#xA;宁夏回族自治区中宁县人民法院&#xA;民事判决书&#xA;（2015）中宁民初字第758号&#xA;原告刘某某，女，生于1987年8月7日，汉族，小学文化，农民，住宁夏回族自治区中宁县。&#xA;委托代理人吴小多，宁夏丰安律师事务所律师。代理权限为一般代理。&#xA;被告田某甲，男，生于1984年4月20日，汉族，初中文化，农民，住宁夏回族自治区中宁县。&#xA;原告刘某某诉被告田某甲离婚纠纷一案，本院于2015年4月20日立案受理。依法由代理审判员鲁青峰适用简易程序公开开庭进行了审理。原告刘某某及其委托代理人吴小多、被告田某甲均到庭参加了诉讼。本案现已审理终结。&#xA;原告诉称，2007年年底，原、被告经人介绍相识。2008年1月，双方按习俗举行结婚仪式后共同生活。2010年6月4日，双方到婚姻登记机关补办了结婚登记手续并领取了结婚证。婚前，由于双方接触较少，相互了解不够，婚姻基础较差。婚后，双方夫妻感情一般，于2009年6月28日生育长女田某乙，于2010年12月8日生育次女田某丙。在共同生活期间，双方常因家务琐事闹矛盾，被告多次殴打原告。2014年7月份，原告为了去银川看望其生病住院的弟弟而与被告发生争吵。后被告对原告的生活不闻不问，原告无奈外出打工，双方分居生活至今。现原告以其与被告夫妻感情已彻底破裂为由，向法院提起离婚诉讼，请求，1．依法解除原、被告的婚姻关系；2．依法判令婚生长女田某乙由原告抚养；婚生次女田某丙由被告抚养，抚养费由双方各自负担；3．案件受理费由被告负担。&#xA;原告为证实其主张，向法庭提交下列证据予以佐证：&#xA;一、婚姻登记记录证明1份，拟证明原、被告于2010年6月4日登记结婚；&#xA;二、户籍信息3份，拟证明被告及婚生长女田某乙、次女田某丙身份情况；&#xA;三、录音1份，拟证明被告辱骂过原告及原告父母。&#xA;被告辩称，2007年11月份，原、被告经人介绍相识。2008年农历11月15日，双方按习俗举行结婚仪式后共同生活。2010年6月4日，双方自愿到婚姻登记机关补办了结婚登记手续并领取了结婚证。婚前，双方感情基础好。婚后，夫妻感情较好，于2009年6月28日生育长女田某乙，于2010年12月8日生育次女田某丙。在共同生活期间，双方曾因家务琐事闹过矛盾，但被告没有动手殴打过原告。原告提出离婚，被告不同意离婚。&#xA;被告未向法庭提交书面证据材料。&#xA;被告对原告向法庭提交的三组证据均无异议。经审核，原告向法庭提交三组证据，来源合法、内容客观真实，且与本案相关联，对原告的相关主张具有证明效力，本院予以确认。&#xA;经审理查明，2007年11月，原、被告经人介绍相识。2008年农历11月15日，双方按习俗举行结婚仪式后共同生活。2010年6月4日，双方自愿到婚姻登记机关补办了结婚登记手续并领取了结婚证。婚前，双方接触时间较长，婚姻基础较好。婚后，夫妻感情较好，2009年6月28日生育长女田某乙，2010年12月8日生育次女田某丙。共同生活期间，双方因家务琐事发生矛盾。2014年7月28日，原、被告因家务再次发生矛盾后，原告外出打工，双方分居生活至今。现原告诉至本院，提出上述诉讼请求。&#xA;本院认为，原、被告自愿登记结婚，双方的婚姻合法、有效。在共同生活期间，双方生育了两个孩子，已建立起了较好的夫妻感情。虽然双方常因家务琐事发生过矛盾，是因为双方缺乏语言交流和感情沟通，但夫妻感情尚未彻底破裂。在今后共同生活中，只要双方相互尊重、相互包容、互相谦让，遇事多交流、多沟通以妥善方法及时化解家庭纠纷，尚能继续共同生活。据此，依照《中华人民共和国婚姻法》第三十二条第二款、《中华人民共和国民事诉讼法》第一百三十四条第一款之规定，判决如下：&#xA;驳回原告刘某某的诉讼请求。&#xA;案件受理费200元，减半收取100元，由原告刘某某负担。&#xA;如不服本判决，可以在判决书送达之日起十五日内，向本院递交上诉状，并按对方当事人的人数或者代表人的人数提出副本，上诉于中卫市中级人民法院。&#xA;代理审判员鲁青峰&#xA;二〇一五年六月三日&#xA;书记员张少红&#xA;" nameCN="全文">
  <WS value="宁夏回族自治区中宁县人民法院&#xA;民事判决书&#xA;（2015）中宁民初字第758号&#xA;" nameCN="文首">
    <WSZZDW value="法院" nameCN="文书制作单位" />
    <JBFY value="宁夏回族自治区中宁县人民法院" nameCN="经办法院">
      <FYJB value="基层" nameCN="法院级别" />
      <XZQH_P value="宁夏" nameCN="行政区划(省)" />
      <XZQH_C value="宁夏" nameCN="行政区划(市)" />
    </JBFY>
    <WSMC value="民事判决书" nameCN="文书名称" />
    <AH value="(2015)中宁民初字第758号" nameCN="案号" />
    <LAND value="2015" nameCN="立案年度" />
    <AJXZ value="民事案件" nameCN="案件性质" />
    <WSZL value="判决书" nameCN="文书种类" />
    <SPCX value="一审案件" nameCN="审判程序" />
    <AJLX value="民事一审案件" nameCN="案件类型" />
  </WS>
  <SSCYRQJ value="原告刘某某，女，生于1987年8月7日，汉族，小学文化，农民，住宁夏回族自治区中宁县。&#xA;委托代理人吴小多，宁夏丰安律师事务所律师。代理权限为一般代理。&#xA;被告田某甲，男，生于1984年4月20日，汉族，初中文化，农民，住宁夏回族自治区中宁县。&#xA;" nameCN="诉讼参与人全集">
    <SSCYR value="原告刘某某，女，生于1987年8月7日，汉族，小学文化，农民，住宁夏回族自治区中宁县。" nameCN="诉讼参与人">
      <SSCYRMC value="刘某某" nameCN="诉讼参与人名称" />
      <SSSF value="原告" nameCN="诉讼身份" />
      <SSDW value="原告" nameCN="诉讼地位" />
      <DSRLB value="原告" nameCN="当事人类别" />
      <DSRLX value="自然人" nameCN="当事人类型" />
      <XB value="女" nameCN="性别" />
      <MZ value="汉族" nameCN="民族" />
      <CSRQ value="1987年8月7日" nameCN="出生日期">
        <Year value="1987" nameCN="年" />
        <Month value="8" nameCN="月" />
        <Day value="7" nameCN="日" />
      </CSRQ>
      <GJ value="中国" nameCN="国籍" />
      <DSRDZ value="宁夏回族自治区中宁县" nameCN="当事人地址" />
      <DTQK value="到庭" nameCN="到庭情况" />
      <DWZWFZ nameCN="单位职务分组">
        <ZW value="农民" nameCN="职务" />
      </DWZWFZ>
      <DSRSFZH value="否" nameCN="当事人是否再婚" />
    </SSCYR>
    <SSCYR value="委托代理人吴小多，宁夏丰安律师事务所律师。代理权限为一般代理。" nameCN="诉讼参与人">
      <SSCYRMC value="吴小多" nameCN="诉讼参与人名称" />
      <SSSF value="委托代理人" nameCN="诉讼身份" />
      <DSRLX value="自然人" nameCN="当事人类型" />
      <GJ value="中国" nameCN="国籍" />
      <DTQK value="到庭" nameCN="到庭情况" />
      <DWZWFZ nameCN="单位职务分组">
        <ZW value="律师" nameCN="职务" />
      </DWZWFZ>
    </SSCYR>
    <SSCYR value="被告田某甲，男，生于1984年4月20日，汉族，初中文化，农民，住宁夏回族自治区中宁县。" nameCN="诉讼参与人">
      <SSCYRMC value="田某甲" nameCN="诉讼参与人名称" />
      <SSSF value="被告" nameCN="诉讼身份" />
      <SSDW value="被告" nameCN="诉讼地位" />
      <DSRLB value="被告" nameCN="当事人类别" />
      <DSRLX value="自然人" nameCN="当事人类型" />
      <XB value="男" nameCN="性别" />
      <MZ value="汉族" nameCN="民族" />
      <CSRQ value="1984年4月20日" nameCN="出生日期">
        <Year value="1984" nameCN="年" />
        <Month value="4" nameCN="月" />
        <Day value="20" nameCN="日" />
      </CSRQ>
      <GJ value="中国" nameCN="国籍" />
      <DSRDZ value="宁夏回族自治区中宁县" nameCN="当事人地址" />
      <DTQK value="到庭" nameCN="到庭情况" />
      <DWZWFZ nameCN="单位职务分组">
        <ZW value="农民" nameCN="职务" />
      </DWZWFZ>
      <DSRSFZH value="否" nameCN="当事人是否再婚" />
    </SSCYR>
    <SSCYRQJ value="错误" nameCN="保险公司是否作为被告" />
  </SSCYRQJ>
  <SSJL value="原告刘某某诉被告田某甲离婚纠纷一案，本院于2015年4月20日立案受理。依法由代理审判员鲁青峰适用简易程序公开开庭进行了审理。原告刘某某及其委托代理人吴小多、被告田某甲均到庭参加了诉讼。本案现已审理终结。" nameCN="诉讼记录">
    <YG value="刘某某" nameCN="原告" />
    <BG value="田某甲" nameCN="被告" />
    <AY value="离婚纠纷" nameCN="案由" />
    <KTSL value="是" nameCN="开庭审理" />
    <KTSLXX value="公开审理" nameCN="开庭审理信息" />
    <WZAY value="离婚纠纷" nameCN="完整案由" />
    <AYDM value="9015" nameCN="案由代码" />
    <LARQ value="2015年4月20日" nameCN="立案日期" />
    <YSAJSYCX value="简易程序" nameCN="一审案件适用程序" />
    <JYZPT value="否" nameCN="简易转普通" />
    <YSAJLY value="新收" nameCN="一审案件来源" />
    <SLRQ value="2015年4月20日" nameCN="受理日期" />
    <CTDSRXX nameCN="出庭当事人信息">
      <CTRXM value="田某甲" nameCN="出庭人姓名">
        <SSDW value="被告" nameCN="诉讼地位" />
      </CTRXM>
      <CTRXM value="吴小多" nameCN="出庭人姓名">
        <SSDW value="委托代理人" nameCN="诉讼地位" />
      </CTRXM>
      <CTRXM value="刘某某" nameCN="出庭人姓名">
        <SSDW value="原告" nameCN="诉讼地位" />
      </CTRXM>
    </CTDSRXX>
  </SSJL>
  <AJJBQK value="原告诉称，2007年年底，原、被告经人介绍相识。2008年1月，双方按习俗举行结婚仪式后共同生活。2010年6月4日，双方到婚姻登记机关补办了结婚登记手续并领取了结婚证。婚前，由于双方接触较少，相互了解不够，婚姻基础较差。婚后，双方夫妻感情一般，于2009年6月28日生育长女田某乙，于2010年12月8日生育次女田某丙。在共同生活期间，双方常因家务琐事闹矛盾，被告多次殴打原告。2014年7月份，原告为了去银川看望其生病住院的弟弟而与被告发生争吵。后被告对原告的生活不闻不问，原告无奈外出打工，双方分居生活至今。现原告以其与被告夫妻感情已彻底破裂为由，向法院提起离婚诉讼，请求，1．依法解除原、被告的婚姻关系；2．依法判令婚生长女田某乙由原告抚养；婚生次女田某丙由被告抚养，抚养费由双方各自负担；3．案件受理费由被告负担。&#xA;原告为证实其主张，向法庭提交下列证据予以佐证：&#xA;一、婚姻登记记录证明1份，拟证明原、被告于2010年6月4日登记结婚；&#xA;二、户籍信息3份，拟证明被告及婚生长女田某乙、次女田某丙身份情况；&#xA;三、录音1份，拟证明被告辱骂过原告及原告父母。&#xA;被告辩称，2007年11月份，原、被告经人介绍相识。2008年农历11月15日，双方按习俗举行结婚仪式后共同生活。2010年6月4日，双方自愿到婚姻登记机关补办了结婚登记手续并领取了结婚证。婚前，双方感情基础好。婚后，夫妻感情较好，于2009年6月28日生育长女田某乙，于2010年12月8日生育次女田某丙。在共同生活期间，双方曾因家务琐事闹过矛盾，但被告没有动手殴打过原告。原告提出离婚，被告不同意离婚。&#xA;被告未向法庭提交书面证据材料。&#xA;被告对原告向法庭提交的三组证据均无异议。经审核，原告向法庭提交三组证据，来源合法、内容客观真实，且与本案相关联，对原告的相关主张具有证明效力，本院予以确认。&#xA;经审理查明，2007年11月，原、被告经人介绍相识。2008年农历11月15日，双方按习俗举行结婚仪式后共同生活。2010年6月4日，双方自愿到婚姻登记机关补办了结婚登记手续并领取了结婚证。婚前，双方接触时间较长，婚姻基础较好。婚后，夫妻感情较好，2009年6月28日生育长女田某乙，2010年12月8日生育次女田某丙。共同生活期间，双方因家务琐事发生矛盾。2014年7月28日，原、被告因家务再次发生矛盾后，原告外出打工，双方分居生活至今。现原告诉至本院，提出上述诉讼请求。&#xA;" nameCN="案件基本情况">
    <YGSCD value="原告诉称，2007年年底，原、被告经人介绍相识。2008年1月，双方按习俗举行结婚仪式后共同生活。2010年6月4日，双方到婚姻登记机关补办了结婚登记手续并领取了结婚证。婚前，由于双方接触较少，相互了解不够，婚姻基础较差。婚后，双方夫妻感情一般，于2009年6月28日生育长女田某乙，于2010年12月8日生育次女田某丙。在共同生活期间，双方常因家务琐事闹矛盾，被告多次殴打原告。2014年7月份，原告为了去银川看望其生病住院的弟弟而与被告发生争吵。后被告对原告的生活不闻不问，原告无奈外出打工，双方分居生活至今。现原告以其与被告夫妻感情已彻底破裂为由，向法院提起离婚诉讼，请求，1．依法解除原、被告的婚姻关系；2．依法判令婚生长女田某乙由原告抚养；婚生次女田某丙由被告抚养，抚养费由双方各自负担；3．案件受理费由被告负担。 " nameCN="原告诉称段" />
    <BGBCD value="被告辩称，2007年11月份，原、被告经人介绍相识。2008年农历11月15日，双方按习俗举行结婚仪式后共同生活。2010年6月4日，双方自愿到婚姻登记机关补办了结婚登记手续并领取了结婚证。婚前，双方感情基础好。婚后，夫妻感情较好，于2009年6月28日生育长女田某乙，于2010年12月8日生育次女田某丙。在共同生活期间，双方曾因家务琐事闹过矛盾，但被告没有动手殴打过原告。原告提出离婚，被告不同意离婚。 " nameCN="被告辩称段" />
    <ZJD value="原告为证实其主张，向法庭提交下列证据予以佐证：一、婚姻登记记录证明1份，拟证明原、被告于2010年6月4日登记结婚； 二、户籍信息3份，拟证明被告及婚生长女田某乙、次女田某丙身份情况； 三、录音1份，拟证明被告辱骂过原告及原告父母。 " nameCN="证据段" />
    <ZJD value="被告未向法庭提交书面证据材料。 被告对原告向法庭提交的三组证据均无异议。经审核，原告向法庭提交三组证据，来源合法、内容客观真实，且与本案相关联，对原告的相关主张具有证明效力，本院予以确认。 " nameCN="证据段" />
    <CMSSD value="经审理查明，2007年11月，原、被告经人介绍相识。2008年农历11月15日，双方按习俗举行结婚仪式后共同生活。2010年6月4日，双方自愿到婚姻登记机关补办了结婚登记手续并领取了结婚证。婚前，双方接触时间较长，婚姻基础较好。婚后，夫妻感情较好，2009年6月28日生育长女田某乙，2010年12月8日生育次女田某丙。共同生活期间，双方因家务琐事发生矛盾。2014年7月28日，原、被告因家务再次发生矛盾后，原告外出打工，双方分居生活至今。现原告诉至本院，提出上述诉讼请求。" nameCN="查明事实段">
      <SGXQ value="未提及" nameCN="事故详情">
        <SGSJ value="未提及" nameCN="事故时间" />
        <SGDD value="未提及" nameCN="事故地点" />
      </SGXQ>
      <JDCSYR value="田某甲" nameCN="机动车所有人" />
      <SHRJZD value="宁夏回族自治区中宁县" nameCN="受害人居住地" />
      <SHRZY value="农民" nameCN="受害人职业" />
      <SFTB value="是" nameCN="是否投保" />
      <SFZBXQN value="是" nameCN="是否在保险期内" />
      <SFXQPF value="是" nameCN="是否先期赔付" />
      <JDSFKK value="是" nameCN="鉴定是否可靠" />
    </CMSSD>
  </AJJBQK>
  <CPFXGC value="本院认为，原、被告自愿登记结婚，双方的婚姻合法、有效。在共同生活期间，双方生育了两个孩子，已建立起了较好的夫妻感情。虽然双方常因家务琐事发生过矛盾，是因为双方缺乏语言交流和感情沟通，但夫妻感情尚未彻底破裂。在今后共同生活中，只要双方相互尊重、相互包容、互相谦让，遇事多交流、多沟通以妥善方法及时化解家庭纠纷，尚能继续共同生活。据此，依照《中华人民共和国婚姻法》第三十二条第二款、《中华人民共和国民事诉讼法》第一百三十四条第一款之规定，判决如下：&#xA;" nameCN="裁判分析过程">
    <JAFSLX value="判决" nameCN="结案方式类型" />
    <FLFTMC value="中华人民共和国婚姻法" nameCN="法律法条名称">
      <TM value="三十二" nameCN="条目">
        <KM value="第二款" nameCN="款目" />
      </TM>
      <SFCXF value="非程序法" nameCN="是否是程序法" />
    </FLFTMC>
    <FLFTMC value="中华人民共和国民事诉讼法" nameCN="法律法条名称">
      <TM value="一百三十四" nameCN="条目">
        <KM value="第一款" nameCN="款目" />
      </TM>
      <SFCXF value="是程序法" nameCN="是否是程序法" />
    </FLFTMC>
  </CPFXGC>
  <CPJG value="驳回原告刘某某的诉讼请求。&#xA;案件受理费200元，减半收取100元，由原告刘某某负担。&#xA;如不服本判决，可以在判决书送达之日起十五日内，向本院递交上诉状，并按对方当事人的人数或者代表人的人数提出副本，上诉于中卫市中级人民法院。&#xA;" nameCN="裁判结果">
    <JAFS value="判决" nameCN="结案方式" />
    <PCSFSXZQ value="正确" nameCN="同时起诉侵权人与保险公司的赔偿顺序" />
    <JTPJJG value="驳回原告刘某某的诉讼请求。" nameCN="具体裁判段" />
    <SSFCD nameCN="诉讼费承担">
      <SSFCDJL value="案件受理费200元，减半收取100元，由原告刘某某负担。" nameCN="诉讼费承担记录">
        <SSFJE value="100元" nameCN="诉讼费金额" />
        <SSFZL value="受理费" nameCN="诉讼费种类" />
        <SSFCDR value="刘某某" nameCN="承担人">
          <SSFCDJE value="100元" nameCN="承担金额" />
          <SSFCDFS value="个人独立承担该金额" nameCN="承担方式" />
          <SSFCDDW value="原告" nameCN="承担人地位" />
        </SSFCDR>
      </SSFCDJL>
    </SSFCD>
    <SFFHCS value="否" nameCN="是否发回重审" />
    <KSSZ value="中卫市中级人民法院" nameCN="可上诉至" />
    <SSTJCL value="上诉状，并按对方当事人的人数或者代表人的人数提出副本" nameCN="上诉提交材料" />
    <SSQX value="十五日" nameCN="上诉期限" />
    <TCGXQYY value="否" nameCN="是否提出管辖权异议" />
  </CPJG>
  <WW value="代理审判员鲁青峰&#xA;二〇一五年六月三日&#xA;书记员张少红&#xA;" nameCN="文尾">
    <SPZZCY nameCN="审判组织成员">
      <SPRYXM value="鲁青峰" nameCN="审判人员姓名" />
      <SPRYJS value="代理审判员" nameCN="审判人员角色" />
    </SPZZCY>
    <SPZZCY nameCN="审判组织成员">
      <SPRYXM value="张少红" nameCN="审判人员姓名" />
      <SPRYJS value="书记员" nameCN="审判人员角色" />
    </SPZZCY>
    <CPSJ value="2015年6月3日" nameCN="裁判时间">
      <Year value="2015" nameCN="结案年度" />
      <JANYR value="2015年6月3日" nameCN="结案年月日" />
      <JANY value="2015-6" nameCN="结案年月" />
      <Month value="6" nameCN="月" />
      <Day value="3" nameCN="日" />
    </CPSJ>
  </WW>
  <FL value="" nameCN="附录" />
</QW>

