<?xml version="1.0" encoding="UTF-8"?>
<QW value="河北省承德市双桥区人民法院&#xA;民事裁定书&#xA;（2015）双桥民初字第1517号&#xA;原告刘杰。&#xA;被告于海军。&#xA;原告刘杰与被告于海军排除妨碍纠纷一案，本院受理后，在依法向被告送达应诉手续过程中发现原告提供的被告身份信息不准确。不符合民事诉讼法关于起诉必须有明确的被告的规定。依照《中华人民共和国民事诉讼法》第一百一十九条（二）项之规定，裁定如下：&#xA;驳回原告刘杰的起诉。&#xA;原告预交案件受理费40．00元，退还原告。&#xA;如不服本裁定，可在裁定书送达之日起十日内，向本院递交上诉状，并按对方当事人的人数提出副本，上诉于河北省承德市中级人民法院。&#xA;审判长孟庆九&#xA;审判员程志献&#xA;审判员栾佳为&#xA;二〇一五年十二月九日&#xA;书记员杨立红&#xA;" nameCN="全文">
  <WS value="河北省承德市双桥区人民法院&#xA;民事裁定书&#xA;（2015）双桥民初字第1517号&#xA;" nameCN="文首">
    <WSZZDW value="法院" nameCN="文书制作单位" />
    <JBFY value="河北省承德市双桥区人民法院" nameCN="经办法院">
      <FYJB value="基层" nameCN="法院级别" />
      <XZQH_P value="河北" nameCN="行政区划(省)" />
      <XZQH_C value="承德市" nameCN="行政区划(市)" />
    </JBFY>
    <WSMC value="民事裁定书" nameCN="文书名称" />
    <AH value="(2015)双桥民初字第1517号" nameCN="案号" />
    <LAND value="2015" nameCN="立案年度" />
    <AJXZ value="民事案件" nameCN="案件性质" />
    <WSZL value="裁定书" nameCN="文书种类" />
    <SPCX value="一审案件" nameCN="审判程序" />
    <AJLX value="民事一审案件" nameCN="案件类型" />
  </WS>
  <SSCYRQJ value="原告刘杰。&#xA;被告于海军。&#xA;" nameCN="诉讼参与人全集">
    <SSCYR value="原告刘杰。" nameCN="诉讼参与人">
      <SSCYRMC value="刘杰" nameCN="诉讼参与人名称" />
      <SSSF value="原告" nameCN="诉讼身份" />
      <SSDW value="原告" nameCN="诉讼地位" />
      <DSRLB value="原告" nameCN="当事人类别" />
      <DSRLX value="自然人" nameCN="当事人类型" />
      <GJ value="中国" nameCN="国籍" />
    </SSCYR>
    <SSCYR value="被告于海军。" nameCN="诉讼参与人">
      <SSCYRMC value="于海军" nameCN="诉讼参与人名称" />
      <SSSF value="被告" nameCN="诉讼身份" />
      <SSDW value="被告" nameCN="诉讼地位" />
      <DSRLB value="被告" nameCN="当事人类别" />
      <DSRLX value="自然人" nameCN="当事人类型" />
      <GJ value="中国" nameCN="国籍" />
    </SSCYR>
    <SSCYRQJ value="错误" nameCN="保险公司是否作为被告" />
  </SSCYRQJ>
  <SSJL value="原告刘杰与被告于海军排除妨碍纠纷一案，本院受理后，在依法向被告送达应诉手续过程中发现原告提供的被告身份信息不准确。不符合民事诉讼法关于起诉必须有明确的被告的规定。依照《中华人民共和国民事诉讼法》第一百一十九条（二）项之规定，裁定如下：" nameCN="诉讼记录">
    <YG value="刘杰" nameCN="原告" />
    <BG value="于海军" nameCN="被告" />
    <AY value="排除妨碍纠纷" nameCN="案由" />
    <KTSL value="否" nameCN="开庭审理" />
    <WZAY value="排除妨碍纠纷" nameCN="完整案由" />
    <YSAJSYCX value="普通程序" nameCN="一审案件适用程序" />
    <JYZPT value="否" nameCN="简易转普通" />
    <SPZZ value="独任庭" nameCN="审判组织" />
    <YSAJLY value="新收" nameCN="一审案件来源" />
  </SSJL>
  <AJJBQK value="" nameCN="案件基本情况" />
  <CPFXGC value="原告刘杰与被告于海军排除妨碍纠纷一案，本院受理后，在依法向被告送达应诉手续过程中发现原告提供的被告身份信息不准确。不符合民事诉讼法关于起诉必须有明确的被告的规定。依照《中华人民共和国民事诉讼法》第一百一十九条（二）项之规定，裁定如下：&#xA;" nameCN="裁判分析过程">
    <JAFSLX value="裁定" nameCN="结案方式类型" />
    <FLFTMC value="中华人民共和国民事诉讼法" nameCN="法律法条名称">
      <TM value="一百一十九" nameCN="条目">
        <KM value="（二）项" nameCN="款目" />
      </TM>
      <SFCXF value="是程序法" nameCN="是否是程序法" />
    </FLFTMC>
  </CPFXGC>
  <CPJG value="驳回原告刘杰的起诉。&#xA;原告预交案件受理费40．00元，退还原告。&#xA;如不服本裁定，可在裁定书送达之日起十日内，向本院递交上诉状，并按对方当事人的人数提出副本，上诉于河北省承德市中级人民法院。&#xA;" nameCN="裁判结果">
    <JAFS value="驳回起诉" nameCN="结案方式" />
    <PCSFSXZQ value="正确" nameCN="同时起诉侵权人与保险公司的赔偿顺序" />
    <JTPJJG value="驳回原告刘杰的起诉。" nameCN="具体裁判段" />
    <JTPJJG value="原告预交案件受理费40．00元，退还原告。" nameCN="具体裁判段">
      <PJJE nameCN="判决金额">
        <JE value="40.00元" nameCN="金额" />
      </PJJE>
    </JTPJJG>
    <JTPJJG value="如不服本裁定，可在裁定书送达之日起十日内，向本院递交上诉状，并按对方当事人的人数提出副本，上诉于河北省承德市中级人民法院。" nameCN="具体裁判段" />
    <SFFHCS value="否" nameCN="是否发回重审" />
    <KSSZ value="河北省承德市中级人民法院" nameCN="可上诉至" />
    <SSTJCL value="上诉状，并按对方当事人的人数提出副本" nameCN="上诉提交材料" />
    <SSQX value="十日" nameCN="上诉期限" />
    <TCGXQYY value="否" nameCN="是否提出管辖权异议" />
  </CPJG>
  <WW value="审判长孟庆九&#xA;审判员程志献&#xA;审判员栾佳为&#xA;二〇一五年十二月九日&#xA;书记员杨立红&#xA;" nameCN="文尾">
    <SPZZCY nameCN="审判组织成员">
      <SPRYXM value="孟庆九" nameCN="审判人员姓名" />
      <SPRYJS value="审判长" nameCN="审判人员角色" />
    </SPZZCY>
    <SPZZCY nameCN="审判组织成员">
      <SPRYXM value="程志献" nameCN="审判人员姓名" />
      <SPRYJS value="审判员" nameCN="审判人员角色" />
    </SPZZCY>
    <SPZZCY nameCN="审判组织成员">
      <SPRYXM value="栾佳为" nameCN="审判人员姓名" />
      <SPRYJS value="审判员" nameCN="审判人员角色" />
    </SPZZCY>
    <SPZZCY nameCN="审判组织成员">
      <SPRYXM value="杨立红" nameCN="审判人员姓名" />
      <SPRYJS value="书记员" nameCN="审判人员角色" />
    </SPZZCY>
    <CPSJ value="2015年12月9日" nameCN="裁判时间">
      <Year value="2015" nameCN="结案年度" />
      <JANYR value="2015年12月9日" nameCN="结案年月日" />
      <JANY value="2015-12" nameCN="结案年月" />
      <Month value="12" nameCN="月" />
      <Day value="9" nameCN="日" />
    </CPSJ>
  </WW>
  <FL value="" nameCN="附录" />
</QW>

