<?xml version="1.0" encoding="UTF-8"?>
<QW value="山东省潍坊高新技术产业开发区人民法院&#xA;民事裁定书&#xA;（2015）开民初字第73-1号&#xA;原告刘洪吉。&#xA;委托代理人王瑞玉。&#xA;被告山东长实置业有限公司。&#xA;法定代表人李友祥，该公司董事长。&#xA;本院在审理原告刘洪吉与被告山东长实置业有限公司侵权责任纠纷一案中，被告向本院提出申请，要求对原告的伤情进行重新鉴定。根据《中华人民共和国民事诉讼法》第一百五十条第一款第六项的规定，裁定如下：&#xA;本案中止诉讼。&#xA;审判员马海泉&#xA;人民陪审员姜虹&#xA;人民陪审员李汝增&#xA;二〇一五年二月四日&#xA;书记员李红蕾&#xA;" nameCN="全文">
  <WS value="山东省潍坊高新技术产业开发区人民法院&#xA;民事裁定书&#xA;（2015）开民初字第73-1号&#xA;" nameCN="文首">
    <WSZZDW value="法院" nameCN="文书制作单位" />
    <JBFY value="山东省潍坊高新技术产业开发区人民法院" nameCN="经办法院">
      <FYJB value="基层" nameCN="法院级别" />
      <XZQH_P value="山东" nameCN="行政区划(省)" />
      <XZQH_C value="山东" nameCN="行政区划(市)" />
    </JBFY>
    <WSMC value="民事裁定书" nameCN="文书名称" />
    <AH value="(2015)开民初字第73-1号" nameCN="案号" />
    <LAND value="2015" nameCN="立案年度" />
    <AJXZ value="民事案件" nameCN="案件性质" />
    <WSZL value="裁定书" nameCN="文书种类" />
    <SPCX value="一审案件" nameCN="审判程序" />
    <AJLX value="民事一审案件" nameCN="案件类型" />
  </WS>
  <SSCYRQJ value="原告刘洪吉。&#xA;委托代理人王瑞玉。&#xA;被告山东长实置业有限公司。&#xA;法定代表人李友祥，该公司董事长。&#xA;" nameCN="诉讼参与人全集">
    <SSCYR value="原告刘洪吉。" nameCN="诉讼参与人">
      <SSCYRMC value="刘洪吉" nameCN="诉讼参与人名称" />
      <SSSF value="原告" nameCN="诉讼身份" />
      <SSDW value="原告" nameCN="诉讼地位" />
      <DSRLB value="原告" nameCN="当事人类别" />
      <DSRLX value="自然人" nameCN="当事人类型" />
      <GJ value="中国" nameCN="国籍" />
    </SSCYR>
    <SSCYR value="委托代理人王瑞玉。" nameCN="诉讼参与人">
      <SSCYRMC value="王瑞玉" nameCN="诉讼参与人名称" />
      <SSSF value="委托代理人" nameCN="诉讼身份" />
      <DSRLX value="自然人" nameCN="当事人类型" />
      <GJ value="中国" nameCN="国籍" />
    </SSCYR>
    <SSCYR value="被告山东长实置业有限公司。" nameCN="诉讼参与人">
      <SSCYRMC value="山东长实置业有限公司" nameCN="诉讼参与人名称" />
      <SSSF value="被告" nameCN="诉讼身份" />
      <SSDW value="被告" nameCN="诉讼地位" />
      <DSRLB value="被告" nameCN="当事人类别" />
      <DSRLX value="法人" nameCN="当事人类型" />
      <DWXZ value="有限责任公司" nameCN="单位性质" />
      <FDDBR value="李友祥" nameCN="单位法定代表人" />
      <TSHY value="民政" nameCN="特殊行业" />
    </SSCYR>
    <SSCYR value="法定代表人李友祥，该公司董事长。" nameCN="诉讼参与人">
      <SSCYRMC value="李友祥" nameCN="诉讼参与人名称" />
      <SSSF value="法定代表人" nameCN="诉讼身份" />
      <DSRLX value="自然人" nameCN="当事人类型" />
      <GJ value="中国" nameCN="国籍" />
      <DWZWFZ nameCN="单位职务分组">
        <ZW value="董事长" nameCN="职务" />
        <DWMC value="山东长实置业有限公司" nameCN="单位名称" />
        <DWXZ value="有限责任公司" nameCN="单位性质" />
      </DWZWFZ>
      <TSHY value="民政" nameCN="特殊行业" />
    </SSCYR>
    <SSCYRQJ value="错误" nameCN="保险公司是否作为被告" />
  </SSCYRQJ>
  <SSJL value="本院在审理原告刘洪吉与被告山东长实置业有限公司侵权责任纠纷一案中，被告向本院提出申请，要求对原告的伤情进行重新鉴定。根据《中华人民共和国民事诉讼法》第一百五十条第一款第六项的规定，裁定如下：" nameCN="诉讼记录">
    <YG value="刘洪吉" nameCN="原告" />
    <BG value="山东长实置业有限公司" nameCN="被告" />
    <AY value="侵权责任纠纷" nameCN="案由" />
    <KTSL value="否" nameCN="开庭审理" />
    <WZAY value="侵权责任纠纷" nameCN="完整案由" />
    <AYDM value="9706" nameCN="案由代码" />
    <YSAJSYCX value="普通程序" nameCN="一审案件适用程序" />
    <JYZPT value="否" nameCN="简易转普通" />
    <SPZZ value="独任庭" nameCN="审判组织" />
    <YSAJLY value="新收" nameCN="一审案件来源" />
  </SSJL>
  <AJJBQK value="" nameCN="案件基本情况" />
  <CPFXGC value="本院在审理原告刘洪吉与被告山东长实置业有限公司侵权责任纠纷一案中，被告向本院提出申请，要求对原告的伤情进行重新鉴定。根据《中华人民共和国民事诉讼法》第一百五十条第一款第六项的规定，裁定如下：&#xA;" nameCN="裁判分析过程">
    <JAFSLX value="裁定" nameCN="结案方式类型" />
    <FLFTMC value="中华人民共和国民事诉讼法" nameCN="法律法条名称">
      <TM value="一百五十" nameCN="条目">
        <KM value="第一款第六项" nameCN="款目" />
      </TM>
      <SFCXF value="是程序法" nameCN="是否是程序法" />
    </FLFTMC>
  </CPFXGC>
  <CPJG value="本案中止诉讼。&#xA;" nameCN="裁判结果">
    <JAFS value="其他" nameCN="结案方式" />
    <PCSFSXZQ value="正确" nameCN="同时起诉侵权人与保险公司的赔偿顺序" />
    <JTPJJG value="本案中止诉讼。" nameCN="具体裁判段" />
    <SFFHCS value="否" nameCN="是否发回重审" />
    <TCGXQYY value="否" nameCN="是否提出管辖权异议" />
  </CPJG>
  <WW value="审判员马海泉&#xA;人民陪审员姜虹&#xA;人民陪审员李汝增&#xA;二〇一五年二月四日&#xA;书记员李红蕾&#xA;" nameCN="文尾">
    <SPZZCY nameCN="审判组织成员">
      <SPRYXM value="姜虹" nameCN="审判人员姓名" />
      <SPRYJS value="人民陪审员" nameCN="审判人员角色" />
    </SPZZCY>
    <SPZZCY nameCN="审判组织成员">
      <SPRYXM value="李红蕾" nameCN="审判人员姓名" />
      <SPRYJS value="书记员" nameCN="审判人员角色" />
    </SPZZCY>
    <SPZZCY nameCN="审判组织成员">
      <SPRYXM value="李汝增" nameCN="审判人员姓名" />
      <SPRYJS value="人民陪审员" nameCN="审判人员角色" />
    </SPZZCY>
    <SPZZCY nameCN="审判组织成员">
      <SPRYXM value="马海泉" nameCN="审判人员姓名" />
      <SPRYJS value="审判员" nameCN="审判人员角色" />
    </SPZZCY>
    <CPSJ value="2015年2月4日" nameCN="裁判时间">
      <Year value="2015" nameCN="结案年度" />
      <JANYR value="2015年2月4日" nameCN="结案年月日" />
      <JANY value="2015-2" nameCN="结案年月" />
      <Month value="2" nameCN="月" />
      <Day value="4" nameCN="日" />
    </CPSJ>
  </WW>
  <FL value="" nameCN="附录" />
</QW>

