<?xml version="1.0" encoding="UTF-8"?>
<QW value="河北省香河县人民法院&#xA;民事判决书&#xA;（2015）香民初字第2340号&#xA;原告刘海艳。&#xA;委托代理人王保文，河北鼎辉律师事务所律师。&#xA;被告河北美联房地产开发有限公司。住所地：香河县蒋辛屯镇大香公路116号。&#xA;法定代表人祝军，总经理。&#xA;委托代理人马东东，天津卓茂律师事务所律师。&#xA;原告刘海艳与被告河北美联房地产开发有限公司（以下简称美联房地产公司）商品房销售合同纠纷一案，本院立案受理后，依法由审判员杨燕适用简易程序，公开开庭进行了审理。原告刘海艳的委托代理人王保文，被告美联房地产公司的委托代理人马东东到庭参加诉讼。本案现已审理终结。&#xA;原告刘海艳诉称，2013年5月16日，原告与被告签订商品房买卖合同，并进行了网签。原告已在2013年7月25日前将首付款100356元和贷款220000元全部交给了被告。然而，被告违反合同约定的2013年10月30日前交房和2014年2月1日交房产证的约定，被告应按约定分别支付逾期交房违约金（按日万分之二）和逾期交房产证违约金（按月百分之一）。故原告诉至法院，请求依法判令被告支付逾期交房违约金50745元（自2013年10月31日起，至实际交付房屋之日止，以320356元为基数，按每日万分之二的标准，暂计算到2015年12月31日。）；被告支付逾期交付房产证违约金6400元（自2014年2月1日起，至实际交付房产证之日止，以320356元为基数，按每月百分之一的标准，暂计算到2015年12月31日。）；涉案房屋归原告所有，被告继续履行合同；诉讼费由被告负担。&#xA;被告美联房地产公司辩称，原告主张逾期交房违约金，请法院依据商品房买卖合同的约定条款确认赔偿。原告主张逾期交房产证违约金，双方未约定，无事实和法律依据，请依法驳回。原告主张涉案房屋归其所有，因原告并未主张解除合同，双方签署的商品房买卖合同仍然有效。&#xA;经审理查明：2013年5月16日，原告与被告签订商品房买卖合同，约定原告购买被告开发的香公馆住宅小区一期10幢3单元1402号房屋，总价款320356元。原告向被告交付首付款100356元，余款220000元在中国建设银行股份有限公司香河支行办理银行按揭贷款，于2013年8月1日支付被告。合同第八条约定，出卖人（被告）应当在2013年10月30日前依照国家和地方人民政府的有关规定，将具备该商品房经质量监督部门备案验收合格，并符合本合同约定的商品房交付买受人（买受人）使用。合同第九条约定，出卖人逾期交房超过60日后，买受人有权解除合同。买受人要求继续履行合同的，合同继续履行，自本合同第八条规定的最后交付期限的第二天起至实际交付之日止，出卖人按日向买受人支付已交付房价款万分之二的违约金。合同第十五条约定，出卖人应当在商品房交付使用后90日内，将办理权属登记需由出卖人提供的资料报产权登记机关备案；等等。&#xA;另查，被告美联房地产公司至今未向原告交付涉案房屋。&#xA;以上事实，有当事人陈述、原告提交的商品房买卖合同、收据、银行付款证明等证据予以证实。&#xA;本院认为，原告刘海艳与被告美联房地产公司签订的商品房买卖合同是双方真实意思表示，合法有效，应受法律保护。原、被告均应按照合同约定履行自己的义务。被告未按商品房买卖合同的约定期限交付房屋，构成违约。原告主张被告给付逾期交房违约金50745元（以320356元为基数，自2013年10月31日起，至2015年12月31日止，共计792天，按每日万分之二的标准计算。）。原告主张计算至2015年12月31日，于法无据，应自2013年10月31日起，计算至开庭之日即2015年11月27日，共计758天，违约金为48566元。原告主张被告给付逾期交付房产证违约金6400元，被告不认可。因商品房买卖合同约定，出卖人应当在商品房交付使用后90日内，将办理权属登记需由出卖人提供的资料报产权登记机关备案。目前涉案房屋并未交付使用，不具备办理房产证的条件，故本院对原告该项主张不予支持。原告主张涉案房屋归其所有，被告继续履行合同，符合法律规定，本院予以支持。综上，依据《中华人民共和国合同法》第一百零七条、第一百一十四条第一款之规定，判决如下：&#xA;一、被告河北美联房地产开发有限公司给付原告刘海艳逾期交房违约金48566元（计算至2015年11月27日，以后发生的违约金计算至实际交房之日止。）。于本判决生效后立即履行。&#xA;二、驳回原告刘海艳的其他诉讼请求。&#xA;如被告未按本判决指定的期间履行给付金钱义务，应当依照《中华人民共和国民事诉讼法》第二百五十三条之规定，加倍支付迟延履行期间的债务利息。&#xA;案件受理费700元（减半收取），由被告负担。&#xA;如不服本判决，可在判决书送达之日起十五日内，向本院递交上诉状，并按对方当事人的人数或者代表人的人数提出副本，上诉于廊坊市中级人民法院。&#xA;审判员杨燕&#xA;二〇一五年十二月四日&#xA;书记员王婧暄&#xA;" nameCN="全文">
  <WS value="河北省香河县人民法院&#xA;民事判决书&#xA;（2015）香民初字第2340号&#xA;" nameCN="文首">
    <WSZZDW value="法院" nameCN="文书制作单位" />
    <JBFY value="河北省香河县人民法院" nameCN="经办法院">
      <FYJB value="基层" nameCN="法院级别" />
      <XZQH_P value="河北" nameCN="行政区划(省)" />
      <XZQH_C value="河北" nameCN="行政区划(市)" />
    </JBFY>
    <WSMC value="民事判决书" nameCN="文书名称" />
    <AH value="(2015)香民初字第2340号" nameCN="案号" />
    <LAND value="2015" nameCN="立案年度" />
    <AJXZ value="民事案件" nameCN="案件性质" />
    <WSZL value="判决书" nameCN="文书种类" />
    <SPCX value="一审案件" nameCN="审判程序" />
    <AJLX value="民事一审案件" nameCN="案件类型" />
  </WS>
  <SSCYRQJ value="原告刘海艳。&#xA;委托代理人王保文，河北鼎辉律师事务所律师。&#xA;被告河北美联房地产开发有限公司。住所地：香河县蒋辛屯镇大香公路116号。&#xA;法定代表人祝军，总经理。&#xA;委托代理人马东东，天津卓茂律师事务所律师。&#xA;" nameCN="诉讼参与人全集">
    <SSCYR value="原告刘海艳。" nameCN="诉讼参与人">
      <SSCYRMC value="刘海艳" nameCN="诉讼参与人名称" />
      <SSSF value="原告" nameCN="诉讼身份" />
      <SSDW value="原告" nameCN="诉讼地位" />
      <DSRLB value="原告" nameCN="当事人类别" />
      <DSRLX value="自然人" nameCN="当事人类型" />
      <GJ value="中国" nameCN="国籍" />
    </SSCYR>
    <SSCYR value="委托代理人王保文，河北鼎辉律师事务所律师。" nameCN="诉讼参与人">
      <SSCYRMC value="王保文" nameCN="诉讼参与人名称" />
      <SSSF value="委托代理人" nameCN="诉讼身份" />
      <DSRLX value="自然人" nameCN="当事人类型" />
      <GJ value="中国" nameCN="国籍" />
      <DWZWFZ nameCN="单位职务分组">
        <ZW value="律师" nameCN="职务" />
      </DWZWFZ>
    </SSCYR>
    <SSCYR value="被告河北美联房地产开发有限公司。住所地：香河县蒋辛屯镇大香公路116号。" nameCN="诉讼参与人">
      <SSCYRMC value="河北美联房地产开发有限公司" nameCN="诉讼参与人名称" />
      <SSSF value="被告" nameCN="诉讼身份" />
      <SSDW value="被告" nameCN="诉讼地位" />
      <DSRLB value="被告" nameCN="当事人类别" />
      <DSRLX value="法人" nameCN="当事人类型" />
      <DSRDZ value="香河县蒋辛屯镇大香公路116号" nameCN="当事人地址" />
      <DWXZ value="有限责任公司" nameCN="单位性质" />
      <FDDBR value="祝军" nameCN="单位法定代表人" />
    </SSCYR>
    <SSCYR value="法定代表人祝军，总经理。" nameCN="诉讼参与人">
      <SSCYRMC value="祝军" nameCN="诉讼参与人名称" />
      <SSSF value="法定代表人" nameCN="诉讼身份" />
      <DSRLX value="自然人" nameCN="当事人类型" />
      <GJ value="中国" nameCN="国籍" />
      <DWZWFZ nameCN="单位职务分组">
        <ZW value="总经理" nameCN="职务" />
        <DWMC value="河北美联房地产开发有限公司" nameCN="单位名称" />
        <DWXZ value="有限责任公司" nameCN="单位性质" />
      </DWZWFZ>
    </SSCYR>
    <SSCYR value="委托代理人马东东，天津卓茂律师事务所律师。" nameCN="诉讼参与人">
      <SSCYRMC value="马东东" nameCN="诉讼参与人名称" />
      <SSSF value="委托代理人" nameCN="诉讼身份" />
      <DSRLX value="自然人" nameCN="当事人类型" />
      <GJ value="中国" nameCN="国籍" />
      <DTQK value="到庭" nameCN="到庭情况" />
      <DWZWFZ nameCN="单位职务分组">
        <ZW value="律师" nameCN="职务" />
      </DWZWFZ>
    </SSCYR>
    <SSCYRQJ value="错误" nameCN="保险公司是否作为被告" />
  </SSCYRQJ>
  <SSJL value="原告刘海艳与被告河北美联房地产开发有限公司（以下简称美联房地产公司）商品房销售合同纠纷一案，本院立案受理后，依法由审判员杨燕适用简易程序，公开开庭进行了审理。原告刘海艳的委托代理人王保文，被告美联房地产公司的委托代理人马东东到庭参加诉讼。本案现已审理终结。" nameCN="诉讼记录">
    <YG value="刘海艳" nameCN="原告" />
    <BG value="河北美联房地产开发有限公司（以下简称美联房地产公司）" nameCN="被告" />
    <AY value="商品房销售合同纠纷" nameCN="案由" />
    <KTSL value="是" nameCN="开庭审理" />
    <KTSLXX value="公开审理" nameCN="开庭审理信息" />
    <WZAY value="商品房销售合同纠纷" nameCN="完整案由" />
    <AYDM value="9165" nameCN="案由代码" />
    <YSAJSYCX value="简易程序" nameCN="一审案件适用程序" />
    <JYZPT value="否" nameCN="简易转普通" />
    <YSAJLY value="新收" nameCN="一审案件来源" />
    <CTDSRXX nameCN="出庭当事人信息">
      <CTRXM value="马东东" nameCN="出庭人姓名">
        <SSDW value="委托代理人" nameCN="诉讼地位" />
      </CTRXM>
      <CTRXM value="刘海艳" nameCN="出庭人姓名">
        <SSDW value="原告" nameCN="诉讼地位" />
      </CTRXM>
      <CTRXM value="王保文" nameCN="出庭人姓名">
        <SSDW value="委托代理人" nameCN="诉讼地位" />
      </CTRXM>
    </CTDSRXX>
  </SSJL>
  <AJJBQK value="原告刘海艳诉称，2013年5月16日，原告与被告签订商品房买卖合同，并进行了网签。原告已在2013年7月25日前将首付款100356元和贷款220000元全部交给了被告。然而，被告违反合同约定的2013年10月30日前交房和2014年2月1日交房产证的约定，被告应按约定分别支付逾期交房违约金（按日万分之二）和逾期交房产证违约金（按月百分之一）。故原告诉至法院，请求依法判令被告支付逾期交房违约金50745元（自2013年10月31日起，至实际交付房屋之日止，以320356元为基数，按每日万分之二的标准，暂计算到2015年12月31日。）；被告支付逾期交付房产证违约金6400元（自2014年2月1日起，至实际交付房产证之日止，以320356元为基数，按每月百分之一的标准，暂计算到2015年12月31日。）；涉案房屋归原告所有，被告继续履行合同；诉讼费由被告负担。&#xA;被告美联房地产公司辩称，原告主张逾期交房违约金，请法院依据商品房买卖合同的约定条款确认赔偿。原告主张逾期交房产证违约金，双方未约定，无事实和法律依据，请依法驳回。原告主张涉案房屋归其所有，因原告并未主张解除合同，双方签署的商品房买卖合同仍然有效。&#xA;经审理查明：2013年5月16日，原告与被告签订商品房买卖合同，约定原告购买被告开发的香公馆住宅小区一期10幢3单元1402号房屋，总价款320356元。原告向被告交付首付款100356元，余款220000元在中国建设银行股份有限公司香河支行办理银行按揭贷款，于2013年8月1日支付被告。合同第八条约定，出卖人（被告）应当在2013年10月30日前依照国家和地方人民政府的有关规定，将具备该商品房经质量监督部门备案验收合格，并符合本合同约定的商品房交付买受人（买受人）使用。合同第九条约定，出卖人逾期交房超过60日后，买受人有权解除合同。买受人要求继续履行合同的，合同继续履行，自本合同第八条规定的最后交付期限的第二天起至实际交付之日止，出卖人按日向买受人支付已交付房价款万分之二的违约金。合同第十五条约定，出卖人应当在商品房交付使用后90日内，将办理权属登记需由出卖人提供的资料报产权登记机关备案；等等。&#xA;另查，被告美联房地产公司至今未向原告交付涉案房屋。&#xA;以上事实，有当事人陈述、原告提交的商品房买卖合同、收据、银行付款证明等证据予以证实。&#xA;" nameCN="案件基本情况">
    <YGSCD value="原告刘海艳诉称，2013年5月16日，原告与被告签订商品房买卖合同，并进行了网签。原告已在2013年7月25日前将首付款100356元和贷款220000元全部交给了被告。然而，被告违反合同约定的2013年10月30日前交房和2014年2月1日交房产证的约定，被告应按约定分别支付逾期交房违约金（按日万分之二）和逾期交房产证违约金（按月百分之一）。故原告诉至法院，请求依法判令被告支付逾期交房违约金50745元（自2013年10月31日起，至实际交付房屋之日止，以320356元为基数，按每日万分之二的标准，暂计算到2015年12月31日。）；被告支付逾期交付房产证违约金6400元（自2014年2月1日起，至实际交付房产证之日止，以320356元为基数，按每月百分之一的标准，暂计算到2015年12月31日。）；涉案房屋归原告所有，被告继续履行合同；诉讼费由被告负担。 " nameCN="原告诉称段" />
    <BGBCD value="被告美联房地产公司辩称，原告主张逾期交房违约金，请法院依据商品房买卖合同的约定条款确认赔偿。原告主张逾期交房产证违约金，双方未约定，无事实和法律依据，请依法驳回。原告主张涉案房屋归其所有，因原告并未主张解除合同，双方签署的商品房买卖合同仍然有效。 " nameCN="被告辩称段" />
    <ZJD value="以上事实，有当事人陈述、原告提交的商品房买卖合同、收据、银行付款证明等证据予以证实。" nameCN="证据段" />
    <CMSSD value="经审理查明：2013年5月16日，原告与被告签订商品房买卖合同，约定原告购买被告开发的香公馆住宅小区一期10幢3单元1402号房屋，总价款320356元。原告向被告交付首付款100356元，余款220000元在中国建设银行股份有限公司香河支行办理银行按揭贷款，于2013年8月1日支付被告。合同第八条约定，出卖人（被告）应当在2013年10月30日前依照国家和地方人民政府的有关规定，将具备该商品房经质量监督部门备案验收合格，并符合本合同约定的商品房交付买受人（买受人）使用。合同第九条约定，出卖人逾期交房超过60日后，买受人有权解除合同。买受人要求继续履行合同的，合同继续履行，自本合同第八条规定的最后交付期限的第二天起至实际交付之日止，出卖人按日向买受人支付已交付房价款万分之二的违约金。合同第十五条约定，出卖人应当在商品房交付使用后90日内，将办理权属登记需由出卖人提供的资料报产权登记机关备案；等等。另查，被告美联房地产公司至今未向原告交付涉案房屋。 " nameCN="查明事实段">
      <SGXQ value="未提及" nameCN="事故详情">
        <SGSJ value="未提及" nameCN="事故时间" />
        <SGDD value="未提及" nameCN="事故地点" />
      </SGXQ>
      <JDCSYR value="河北美联房地产开发有限公司" nameCN="机动车所有人" />
      <SFTB value="是" nameCN="是否投保" />
      <SFZBXQN value="是" nameCN="是否在保险期内" />
      <SFXQPF value="是" nameCN="是否先期赔付" />
      <JDSFKK value="是" nameCN="鉴定是否可靠" />
    </CMSSD>
  </AJJBQK>
  <CPFXGC value="本院认为，原告刘海艳与被告美联房地产公司签订的商品房买卖合同是双方真实意思表示，合法有效，应受法律保护。原、被告均应按照合同约定履行自己的义务。被告未按商品房买卖合同的约定期限交付房屋，构成违约。原告主张被告给付逾期交房违约金50745元（以320356元为基数，自2013年10月31日起，至2015年12月31日止，共计792天，按每日万分之二的标准计算。）。原告主张计算至2015年12月31日，于法无据，应自2013年10月31日起，计算至开庭之日即2015年11月27日，共计758天，违约金为48566元。原告主张被告给付逾期交付房产证违约金6400元，被告不认可。因商品房买卖合同约定，出卖人应当在商品房交付使用后90日内，将办理权属登记需由出卖人提供的资料报产权登记机关备案。目前涉案房屋并未交付使用，不具备办理房产证的条件，故本院对原告该项主张不予支持。原告主张涉案房屋归其所有，被告继续履行合同，符合法律规定，本院予以支持。综上，依据《中华人民共和国合同法》第一百零七条、第一百一十四条第一款之规定，判决如下：&#xA;" nameCN="裁判分析过程">
    <JAFSLX value="判决" nameCN="结案方式类型" />
    <FLFTMC value="中华人民共和国合同法" nameCN="法律法条名称">
      <TM value="一百一十四" nameCN="条目">
        <KM value="第一款" nameCN="款目" />
      </TM>
      <TM value="一百零七" nameCN="条目" />
      <SFCXF value="非程序法" nameCN="是否是程序法" />
    </FLFTMC>
  </CPFXGC>
  <CPJG value="一、被告河北美联房地产开发有限公司给付原告刘海艳逾期交房违约金48566元（计算至2015年11月27日，以后发生的违约金计算至实际交房之日止。）。于本判决生效后立即履行。&#xA;二、驳回原告刘海艳的其他诉讼请求。&#xA;如被告未按本判决指定的期间履行给付金钱义务，应当依照《中华人民共和国民事诉讼法》第二百五十三条之规定，加倍支付迟延履行期间的债务利息。&#xA;案件受理费700元（减半收取），由被告负担。&#xA;如不服本判决，可在判决书送达之日起十五日内，向本院递交上诉状，并按对方当事人的人数或者代表人的人数提出副本，上诉于廊坊市中级人民法院。&#xA;" nameCN="裁判结果">
    <JAFS value="判决" nameCN="结案方式" />
    <PCSFSXZQ value="正确" nameCN="同时起诉侵权人与保险公司的赔偿顺序" />
    <JTPJJG value="一、被告河北美联房地产开发有限公司给付原告刘海艳逾期交房违约金48566元（计算至2015年11月27日，以后发生的违约金计算至实际交房之日止。）。于本判决生效后立即履行。" nameCN="具体裁判段">
      <QLR value="刘海艳" nameCN="权利人">
        <QLRSSDW value="原告" nameCN="诉讼地位" />
      </QLR>
      <YWR value="河北美联房地产开发有限公司" nameCN="义务人">
        <YWRSSDW value="被告" nameCN="诉讼地位" />
      </YWR>
      <PJJE nameCN="判决金额">
        <JE value="48566元" nameCN="金额" />
        <JELX value="违约金" nameCN="金额类型" />
      </PJJE>
    </JTPJJG>
    <JTPJJG value="二、驳回原告刘海艳的其他诉讼请求。" nameCN="具体裁判段" />
    <JTPJJG value="如被告未按本判决指定的期间履行给付金钱义务，应当依照《中华人民共和国民事诉讼法》第二百五十三条之规定，加倍支付迟延履行期间的债务利息。" nameCN="具体裁判段" />
    <SSFCD nameCN="诉讼费承担">
      <SSFCDJL value="案件受理费700元（减半收取），由被告负担。" nameCN="诉讼费承担记录">
        <SSFJE value="700元" nameCN="诉讼费金额" />
        <SSFZL value="受理费" nameCN="诉讼费种类" />
      </SSFCDJL>
    </SSFCD>
    <SFZCSSQQ value="部分支持部分不支持" nameCN="是否支持诉讼请求" />
    <SBSF value="起诉方" nameCN="胜诉方" />
    <SFFHCS value="否" nameCN="是否发回重审" />
    <KSSZ value="廊坊市中级人民法院" nameCN="可上诉至" />
    <SSTJCL value="上诉状，并按对方当事人的人数或者代表人的人数提出副本" nameCN="上诉提交材料" />
    <SSQX value="十五日" nameCN="上诉期限" />
    <TCGXQYY value="否" nameCN="是否提出管辖权异议" />
  </CPJG>
  <WW value="审判员杨燕&#xA;二〇一五年十二月四日&#xA;书记员王婧暄&#xA;" nameCN="文尾">
    <SPZZCY nameCN="审判组织成员">
      <SPRYXM value="杨燕" nameCN="审判人员姓名" />
      <SPRYJS value="审判员" nameCN="审判人员角色" />
    </SPZZCY>
    <SPZZCY nameCN="审判组织成员">
      <SPRYXM value="王婧暄" nameCN="审判人员姓名" />
      <SPRYJS value="书记员" nameCN="审判人员角色" />
    </SPZZCY>
    <CPSJ value="2015年12月4日" nameCN="裁判时间">
      <Year value="2015" nameCN="结案年度" />
      <JANYR value="2015年12月4日" nameCN="结案年月日" />
      <JANY value="2015-12" nameCN="结案年月" />
      <Month value="12" nameCN="月" />
      <Day value="4" nameCN="日" />
    </CPSJ>
  </WW>
  <FL value="" nameCN="附录" />
</QW>

