<?xml version="1.0" encoding="UTF-8"?>
<QW value="河北省承德市双桥区人民法院&#xA;民事裁定书&#xA;（2015）双桥民初字第1940号&#xA;原告刘海彬，住承德市滦平县。&#xA;被告李程，住承德市。&#xA;原告刘海彬诉被告李程买卖合同纠纷一案，本院依法进行了审理，现已审理终结。&#xA;原告诉称，被告与原告于2015年1月19日签订车辆买卖合同一份，约定于当日将被告所有的丰田RAV4车辆出售给原告，购车款为121000．00元，如涉嫌经济纠纷则应返还购车款。现该车辆已经由贵院依法查封，致使原告不能过户，故此应当解除双方的车辆买卖合同返还购车款。现要求解除原、被告签订的车辆买卖合同，被告返还原告的购车款121000．00元。诉讼费用由被告承担。&#xA;本院认为，原告在诉状虽写明了被告李程的住址“承德市双桥区石洞子沟1号6单元316号”，但本院未能向被告李程送达法律文书。原告未能提供被告李程的现住所地址，属于原告所诉主体不明确。故依照《中国人民共和国民事诉讼法》第一百一十九条、《最高人民法院关于适用﹤中华人民共和国民事诉讼法﹥若干问题的意见》第一百三十九条之规定，裁定如下：&#xA;驳回原告刘海彬的起诉。&#xA;案件受理费1360．00元，退回原告。&#xA;如不服本裁定，可在裁定书送达之日起十日内，向本院递交上诉状，并按照对方当事人人数提出副本，上诉于河北省承德市中级人民法院。&#xA;审判长邓立靖&#xA;审判员何洪涛&#xA;审判员崔海生&#xA;二〇一五年十一月十九日&#xA;书记员钱英&#xA;" nameCN="全文">
  <WS value="河北省承德市双桥区人民法院&#xA;民事裁定书&#xA;（2015）双桥民初字第1940号&#xA;" nameCN="文首">
    <WSZZDW value="法院" nameCN="文书制作单位" />
    <JBFY value="河北省承德市双桥区人民法院" nameCN="经办法院">
      <FYJB value="基层" nameCN="法院级别" />
      <XZQH_P value="河北" nameCN="行政区划(省)" />
      <XZQH_C value="承德市" nameCN="行政区划(市)" />
    </JBFY>
    <WSMC value="民事裁定书" nameCN="文书名称" />
    <AH value="(2015)双桥民初字第1940号" nameCN="案号" />
    <LAND value="2015" nameCN="立案年度" />
    <AJXZ value="民事案件" nameCN="案件性质" />
    <WSZL value="裁定书" nameCN="文书种类" />
    <SPCX value="一审案件" nameCN="审判程序" />
    <AJLX value="民事一审案件" nameCN="案件类型" />
  </WS>
  <SSCYRQJ value="原告刘海彬，住承德市滦平县。&#xA;被告李程，住承德市。&#xA;" nameCN="诉讼参与人全集">
    <SSCYR value="原告刘海彬，住承德市滦平县。" nameCN="诉讼参与人">
      <SSCYRMC value="刘海彬" nameCN="诉讼参与人名称" />
      <SSSF value="原告" nameCN="诉讼身份" />
      <SSDW value="原告" nameCN="诉讼地位" />
      <DSRLB value="原告" nameCN="当事人类别" />
      <DSRLX value="自然人" nameCN="当事人类型" />
      <GJ value="中国" nameCN="国籍" />
      <DSRDZ value="承德市滦平县" nameCN="当事人地址" />
    </SSCYR>
    <SSCYR value="被告李程，住承德市。" nameCN="诉讼参与人">
      <SSCYRMC value="李程" nameCN="诉讼参与人名称" />
      <SSSF value="被告" nameCN="诉讼身份" />
      <SSDW value="被告" nameCN="诉讼地位" />
      <DSRLB value="被告" nameCN="当事人类别" />
      <DSRLX value="自然人" nameCN="当事人类型" />
      <GJ value="中国" nameCN="国籍" />
      <DSRDZ value="承德市" nameCN="当事人地址" />
    </SSCYR>
    <SSCYRQJ value="错误" nameCN="保险公司是否作为被告" />
  </SSCYRQJ>
  <SSJL value="原告刘海彬诉被告李程买卖合同纠纷一案，本院依法进行了审理，现已审理终结。" nameCN="诉讼记录">
    <YG value="刘海彬" nameCN="原告" />
    <BG value="李程" nameCN="被告" />
    <AY value="买卖合同纠纷" nameCN="案由" />
    <KTSL value="否" nameCN="开庭审理" />
    <WZAY value="买卖合同纠纷" nameCN="完整案由" />
    <AYDM value="9142" nameCN="案由代码" />
    <YSAJSYCX value="普通程序" nameCN="一审案件适用程序" />
    <JYZPT value="否" nameCN="简易转普通" />
    <SPZZ value="独任庭" nameCN="审判组织" />
    <YSAJLY value="新收" nameCN="一审案件来源" />
  </SSJL>
  <AJJBQK value="原告诉称，被告与原告于2015年1月19日签订车辆买卖合同一份，约定于当日将被告所有的丰田RAV4车辆出售给原告，购车款为121000．00元，如涉嫌经济纠纷则应返还购车款。现该车辆已经由贵院依法查封，致使原告不能过户，故此应当解除双方的车辆买卖合同返还购车款。现要求解除原、被告签订的车辆买卖合同，被告返还原告的购车款121000．00元。诉讼费用由被告承担。&#xA;" nameCN="案件基本情况">
    <CMSSD value="原告诉称，被告与原告于2015年1月19日签订车辆买卖合同一份，约定于当日将被告所有的丰田RAV4车辆出售给原告，购车款为121000．00元，如涉嫌经济纠纷则应返还购车款。现该车辆已经由贵院依法查封，致使原告不能过户，故此应当解除双方的车辆买卖合同返还购车款。现要求解除原、被告签订的车辆买卖合同，被告返还原告的购车款121000．00元。诉讼费用由被告承担。" nameCN="查明事实段">
      <SGXQ value="未提及" nameCN="事故详情">
        <SGSJ value="未提及" nameCN="事故时间" />
        <SGDD value="未提及" nameCN="事故地点" />
      </SGXQ>
      <JDCSYR value="李程" nameCN="机动车所有人" />
      <SHRJZD value="承德市滦平县" nameCN="受害人居住地" />
      <SFTB value="是" nameCN="是否投保" />
      <SFZBXQN value="是" nameCN="是否在保险期内" />
      <SFXQPF value="是" nameCN="是否先期赔付" />
      <JDSFKK value="是" nameCN="鉴定是否可靠" />
    </CMSSD>
  </AJJBQK>
  <CPFXGC value="本院认为，原告在诉状虽写明了被告李程的住址“承德市双桥区石洞子沟1号6单元316号”，但本院未能向被告李程送达法律文书。原告未能提供被告李程的现住所地址，属于原告所诉主体不明确。故依照《中国人民共和国民事诉讼法》第一百一十九条、《最高人民法院关于适用﹤中华人民共和国民事诉讼法﹥若干问题的意见》第一百三十九条之规定，裁定如下：&#xA;" nameCN="裁判分析过程">
    <JAFSLX value="裁定" nameCN="结案方式类型" />
    <FLFTMC value="中国人民共和国民事诉讼法" nameCN="法律法条名称">
      <TM value="一百一十九" nameCN="条目" />
      <SFCXF value="非程序法" nameCN="是否是程序法" />
    </FLFTMC>
    <FLFTMC value="最高人民法院关于适用﹤中华人民共和国民事诉讼法﹥若干问题的意见" nameCN="法律法条名称">
      <TM value="一百三十九" nameCN="条目" />
      <SFCXF value="是程序法" nameCN="是否是程序法" />
    </FLFTMC>
  </CPFXGC>
  <CPJG value="驳回原告刘海彬的起诉。&#xA;案件受理费1360．00元，退回原告。&#xA;如不服本裁定，可在裁定书送达之日起十日内，向本院递交上诉状，并按照对方当事人人数提出副本，上诉于河北省承德市中级人民法院。&#xA;" nameCN="裁判结果">
    <JAFS value="驳回起诉" nameCN="结案方式" />
    <PCSFSXZQ value="正确" nameCN="同时起诉侵权人与保险公司的赔偿顺序" />
    <JTPJJG value="驳回原告刘海彬的起诉。" nameCN="具体裁判段" />
    <SSFCD nameCN="诉讼费承担">
      <SSFCDJL value="案件受理费1360．00元，退回原告。" nameCN="诉讼费承担记录">
        <SSFJE value="1360.00元" nameCN="诉讼费金额" />
        <SSFZL value="受理费" nameCN="诉讼费种类" />
      </SSFCDJL>
    </SSFCD>
    <SFFHCS value="否" nameCN="是否发回重审" />
    <KSSZ value="河北省承德市中级人民法院" nameCN="可上诉至" />
    <SSTJCL value="上诉状，并按照对方当事人人数提出副本" nameCN="上诉提交材料" />
    <SSQX value="十日" nameCN="上诉期限" />
    <TCGXQYY value="否" nameCN="是否提出管辖权异议" />
  </CPJG>
  <WW value="审判长邓立靖&#xA;审判员何洪涛&#xA;审判员崔海生&#xA;二〇一五年十一月十九日&#xA;书记员钱英&#xA;" nameCN="文尾">
    <SPZZCY nameCN="审判组织成员">
      <SPRYXM value="邓立靖" nameCN="审判人员姓名" />
      <SPRYJS value="审判长" nameCN="审判人员角色" />
    </SPZZCY>
    <SPZZCY nameCN="审判组织成员">
      <SPRYXM value="何洪涛" nameCN="审判人员姓名" />
      <SPRYJS value="审判员" nameCN="审判人员角色" />
    </SPZZCY>
    <SPZZCY nameCN="审判组织成员">
      <SPRYXM value="钱英" nameCN="审判人员姓名" />
      <SPRYJS value="书记员" nameCN="审判人员角色" />
    </SPZZCY>
    <SPZZCY nameCN="审判组织成员">
      <SPRYXM value="崔海生" nameCN="审判人员姓名" />
      <SPRYJS value="审判员" nameCN="审判人员角色" />
    </SPZZCY>
    <CPSJ value="2015年11月19日" nameCN="裁判时间">
      <Year value="2015" nameCN="结案年度" />
      <JANYR value="2015年11月19日" nameCN="结案年月日" />
      <JANY value="2015-11" nameCN="结案年月" />
      <Month value="11" nameCN="月" />
      <Day value="19" nameCN="日" />
    </CPSJ>
  </WW>
  <FL value="" nameCN="附录" />
</QW>

