<?xml version="1.0" encoding="UTF-8"?>
<QW value="广西壮族自治区玉林市玉州区人民法院&#xA;民事判决书&#xA;（2015）玉区法民初字第57号&#xA;原告刘桂英。&#xA;委托代理人赵光前、农伟，广西万通律师事务所律师。&#xA;被告覃斌。&#xA;被告沈雪梅。&#xA;原告与被告民间借贷纠纷一案，本院于2014年12月25日立案受理。依法由审判员覃文华担任审判长，与审判员梁代坚、人民陪审员张雄兰组成合议庭，于2015年4月27日公开开庭进行了审理，书记员庞敏娟担任法庭记录。原告的委托代理人赵光前、农伟到庭参加诉讼，被告经本院公告送达出庭传票无正当理由拒不到庭参加诉讼。本案现已审理终结。&#xA;原告诉称，2013年8月13日，被告覃斌以资金周转为由，向其借款10万元，约定每月利息利息为本金的5％，于2013年9月14日前还清。两被告系夫妻关系，被告沈雪梅应对婚姻存续期间的夫妻共同债务承担连带偿还责任。要求1、判令被告覃斌立即归还原告借款本金10万元；2、判令被告覃斌支付原告借款利息（利息从2013年8月14日到判决书生效之日按中国人民银行同期同类贷款利率的四倍计算）；3、判决被告覃斌承担本案的全部诉讼费用、公告费用；4、判令被告沈雪梅对上述诉讼请求承担连带偿还责任。&#xA;原告对其陈述事实在举证期限内提供的证据有：证据1、2两被告身份证，证明被告诉讼主体适格；证据3、两被告的结婚证，证明两被告系夫妻关系；4、借条，证明被告覃斌向原告借款10万元。&#xA;被告未作答辩，在举证期限内也未提供证据到庭。&#xA;根据《中华人民共和国民事诉讼法》的规定，当事人有答辩及对对方当事人提交的证据进行质证的权利，被告经本院合法传唤，无正当理由拒不到庭，视为被告已放弃答辩和质证的权利。原告提交的证据，符合《中华人民共和国民事诉讼法》第六十三条、第六十四条的规定，故本院对其予以确认。&#xA;综合全案证据，本院确认以下法律事实：2013年8月14日，被告覃斌因资金周转需要，向原告刘桂英借款10万元，约定月息5％，于2013年9月14日前还清。覃斌为此立写了借条给原告收执。但被告至今未还款付息，原告为此起诉，并要求覃斌的妻子沈雪梅承担连带偿还责任。&#xA;本院认为，被告覃斌向原告刘桂英借款10万元的事实清楚，债权债务关系明确，责任分明，原告主张被告归还借款并自2013年8月14日起按中国人民银行同期同类贷款利率的四倍计付利息有理有据，本院依法予以支持。被告沈雪梅作为覃斌的妻子，对于夫妻存续期间的债务依法承担共同偿还责任。&#xA;综上所述，依照《中华人民共和国民法通则》第九十条、第一百零八条、最高人民法院《关于人民法院审理借贷案件的若干意见》第六条、《中华人民共和国民事诉讼法》第一百四十四条的规定，判决如下：&#xA;一、被告覃斌、沈雪梅共同偿还借款本金100000元给原告刘桂英；&#xA;二、被告覃斌、沈雪梅支付借款利息给原告刘桂英（利息的计算，以100000元为基数，自2013年8月14日起，按中国人民银行同期同类贷款利率的四倍，计至本案生效判决规定的履行期限最后一日止）。&#xA;本案受理费2440元，公告费700元，合计3140元，由被告覃斌、沈雪梅负担。&#xA;上述应付款项，义务人应于本案生效判决送达之日起十日内履行完毕。逾期不履行的，权利人可在本案生效判决规定的履行期限届满之日起二年内向本院申请执行。&#xA;如不服本判决，可在本判决送达之日起十五日内，向本院递交上诉状，并按对方当事人的人数提出副本，上诉于玉林市中级人民法院。&#xA;审判长覃文华&#xA;审判员梁代坚&#xA;人民陪审员张雄兰&#xA;二〇一五年五月二十九日&#xA;书记员庞敏娟&#xA;" nameCN="全文">
  <WS value="广西壮族自治区玉林市玉州区人民法院&#xA;民事判决书&#xA;（2015）玉区法民初字第57号&#xA;" nameCN="文首">
    <WSZZDW value="法院" nameCN="文书制作单位" />
    <JBFY value="广西壮族自治区玉林市玉州区人民法院" nameCN="经办法院">
      <FYJB value="基层" nameCN="法院级别" />
      <XZQH_P value="广西" nameCN="行政区划(省)" />
      <XZQH_C value="玉林市" nameCN="行政区划(市)" />
    </JBFY>
    <WSMC value="民事判决书" nameCN="文书名称" />
    <AH value="(2015)玉区法民初字第57号" nameCN="案号" />
    <LAND value="2015" nameCN="立案年度" />
    <AJXZ value="民事案件" nameCN="案件性质" />
    <WSZL value="判决书" nameCN="文书种类" />
    <SPCX value="一审案件" nameCN="审判程序" />
    <AJLX value="民事一审案件" nameCN="案件类型" />
  </WS>
  <SSCYRQJ value="原告刘桂英。&#xA;委托代理人赵光前、农伟，广西万通律师事务所律师。&#xA;被告覃斌。&#xA;被告沈雪梅。&#xA;" nameCN="诉讼参与人全集">
    <SSCYR value="原告刘桂英。" nameCN="诉讼参与人">
      <SSCYRMC value="刘桂英" nameCN="诉讼参与人名称" />
      <SSSF value="原告" nameCN="诉讼身份" />
      <SSDW value="原告" nameCN="诉讼地位" />
      <DSRLB value="原告" nameCN="当事人类别" />
      <DSRLX value="自然人" nameCN="当事人类型" />
      <GJ value="中国" nameCN="国籍" />
    </SSCYR>
    <SSCYR value="委托代理人赵光前、农伟，广西万通律师事务所律师。" nameCN="诉讼参与人">
      <SSCYRMC value="赵光前、农伟" nameCN="诉讼参与人名称" />
      <SSSF value="委托代理人" nameCN="诉讼身份" />
      <DSRLX value="法人" nameCN="当事人类型" />
      <DTQK value="到庭" nameCN="到庭情况" />
      <DWZWFZ nameCN="单位职务分组">
        <ZW value="律师" nameCN="职务" />
      </DWZWFZ>
    </SSCYR>
    <SSCYR value="被告覃斌。" nameCN="诉讼参与人">
      <SSCYRMC value="覃斌" nameCN="诉讼参与人名称" />
      <SSSF value="被告" nameCN="诉讼身份" />
      <SSDW value="被告" nameCN="诉讼地位" />
      <DSRLB value="被告" nameCN="当事人类别" />
      <DSRLX value="自然人" nameCN="当事人类型" />
      <GJ value="中国" nameCN="国籍" />
    </SSCYR>
    <SSCYR value="被告沈雪梅。" nameCN="诉讼参与人">
      <SSCYRMC value="沈雪梅" nameCN="诉讼参与人名称" />
      <SSSF value="被告" nameCN="诉讼身份" />
      <SSDW value="被告" nameCN="诉讼地位" />
      <DSRLB value="被告" nameCN="当事人类别" />
      <DSRLX value="自然人" nameCN="当事人类型" />
      <GJ value="中国" nameCN="国籍" />
    </SSCYR>
    <SSCYRQJ value="错误" nameCN="保险公司是否作为被告" />
  </SSCYRQJ>
  <SSJL value="原告与被告民间借贷纠纷一案，本院于2014年12月25日立案受理。依法由审判员覃文华担任审判长，与审判员梁代坚、人民陪审员张雄兰组成合议庭，于2015年4月27日公开开庭进行了审理，书记员庞敏娟担任法庭记录。原告的委托代理人赵光前、农伟到庭参加诉讼，被告经本院公告送达出庭传票无正当理由拒不到庭参加诉讼。本案现已审理终结。" nameCN="诉讼记录">
    <JJCT value="" nameCN="拒绝出庭">
      <DSR value="" nameCN="当事人" />
      <RQ value="" nameCN="日期" />
    </JJCT>
    <YG value="" nameCN="原告" />
    <BG value="" nameCN="被告" />
    <AY value="民间借贷纠纷" nameCN="案由" />
    <KTSL value="是" nameCN="开庭审理" />
    <KTSLXX value="公开审理" nameCN="开庭审理信息" />
    <WZAY value="民间借贷纠纷" nameCN="完整案由" />
    <AYDM value="9181" nameCN="案由代码" />
    <LARQ value="2014年12月25日" nameCN="立案日期" />
    <YSAJSYCX value="普通程序" nameCN="一审案件适用程序" />
    <JYZPT value="否" nameCN="简易转普通" />
    <SPZZ value="合议庭" nameCN="审判组织" />
    <YSAJLY value="新收" nameCN="一审案件来源" />
    <SLRQ value="2014年12月25日" nameCN="受理日期" />
    <CTDSRXX nameCN="出庭当事人信息">
      <CTRXM value="赵光前、农伟" nameCN="出庭人姓名">
        <SSDW value="委托代理人" nameCN="诉讼地位" />
      </CTRXM>
    </CTDSRXX>
  </SSJL>
  <AJJBQK value="原告诉称，2013年8月13日，被告覃斌以资金周转为由，向其借款10万元，约定每月利息利息为本金的5％，于2013年9月14日前还清。两被告系夫妻关系，被告沈雪梅应对婚姻存续期间的夫妻共同债务承担连带偿还责任。要求1、判令被告覃斌立即归还原告借款本金10万元；2、判令被告覃斌支付原告借款利息（利息从2013年8月14日到判决书生效之日按中国人民银行同期同类贷款利率的四倍计算）；3、判决被告覃斌承担本案的全部诉讼费用、公告费用；4、判令被告沈雪梅对上述诉讼请求承担连带偿还责任。&#xA;原告对其陈述事实在举证期限内提供的证据有：证据1、2两被告身份证，证明被告诉讼主体适格；证据3、两被告的结婚证，证明两被告系夫妻关系；4、借条，证明被告覃斌向原告借款10万元。&#xA;被告未作答辩，在举证期限内也未提供证据到庭。&#xA;根据《中华人民共和国民事诉讼法》的规定，当事人有答辩及对对方当事人提交的证据进行质证的权利，被告经本院合法传唤，无正当理由拒不到庭，视为被告已放弃答辩和质证的权利。原告提交的证据，符合《中华人民共和国民事诉讼法》第六十三条、第六十四条的规定，故本院对其予以确认。&#xA;综合全案证据，本院确认以下法律事实：2013年8月14日，被告覃斌因资金周转需要，向原告刘桂英借款10万元，约定月息5％，于2013年9月14日前还清。覃斌为此立写了借条给原告收执。但被告至今未还款付息，原告为此起诉，并要求覃斌的妻子沈雪梅承担连带偿还责任。&#xA;" nameCN="案件基本情况">
    <YGSCD value="原告诉称，2013年8月13日，被告覃斌以资金周转为由，向其借款10万元，约定每月利息利息为本金的5％，于2013年9月14日前还清。两被告系夫妻关系，被告沈雪梅应对婚姻存续期间的夫妻共同债务承担连带偿还责任。要求1、判令被告覃斌立即归还原告借款本金10万元；2、判令被告覃斌支付原告借款利息（利息从2013年8月14日到判决书生效之日按中国人民银行同期同类贷款利率的四倍计算）；3、判决被告覃斌承担本案的全部诉讼费用、公告费用；4、判令被告沈雪梅对上述诉讼请求承担连带偿还责任。 " nameCN="原告诉称段" />
    <BGBCD value="被告未作答辩，在举证期限内也未提供证据到庭。 根据《中华人民共和国民事诉讼法》的规定，当事人有答辩及对对方当事人提交的证据进行质证的权利，被告经本院合法传唤，无正当理由拒不到庭，视为被告已放弃答辩和质证的权利。原告提交的证据，符合《中华人民共和国民事诉讼法》第六十三条、第六十四条的规定，故本院对其予以确认。 " nameCN="被告辩称段" />
    <ZJD value="原告对其陈述事实在举证期限内提供的证据有：证据1、2两被告身份证，证明被告诉讼主体适格；证据3、两被告的结婚证，证明两被告系夫妻关系；4、借条，证明被告覃斌向原告借款10万元。" nameCN="证据段" />
    <CMSSD value="综合全案证据，本院确认以下法律事实：2013年8月14日，被告覃斌因资金周转需要，向原告刘桂英借款10万元，约定月息5％，于2013年9月14日前还清。覃斌为此立写了借条给原告收执。但被告至今未还款付息，原告为此起诉，并要求覃斌的妻子沈雪梅承担连带偿还责任。" nameCN="查明事实段">
      <SGXQ value="未提及" nameCN="事故详情">
        <SGSJ value="未提及" nameCN="事故时间" />
        <SGDD value="未提及" nameCN="事故地点" />
      </SGXQ>
      <JDCSYR value="覃斌" nameCN="机动车所有人" />
      <SFTB value="是" nameCN="是否投保" />
      <SFZBXQN value="是" nameCN="是否在保险期内" />
      <SFXQPF value="是" nameCN="是否先期赔付" />
      <JDSFKK value="是" nameCN="鉴定是否可靠" />
    </CMSSD>
  </AJJBQK>
  <CPFXGC value="本院认为，被告覃斌向原告刘桂英借款10万元的事实清楚，债权债务关系明确，责任分明，原告主张被告归还借款并自2013年8月14日起按中国人民银行同期同类贷款利率的四倍计付利息有理有据，本院依法予以支持。被告沈雪梅作为覃斌的妻子，对于夫妻存续期间的债务依法承担共同偿还责任。&#xA;综上所述，依照《中华人民共和国民法通则》第九十条、第一百零八条、最高人民法院《关于人民法院审理借贷案件的若干意见》第六条、《中华人民共和国民事诉讼法》第一百四十四条的规定，判决如下：&#xA;" nameCN="裁判分析过程">
    <JAFSLX value="判决" nameCN="结案方式类型" />
    <FLFTMC value="中华人民共和国民法通则" nameCN="法律法条名称">
      <TM value="一百零八" nameCN="条目" />
      <TM value="九十" nameCN="条目" />
      <SFCXF value="非程序法" nameCN="是否是程序法" />
    </FLFTMC>
    <FLFTMC value="关于人民法院审理借贷案件的若干意见" nameCN="法律法条名称">
      <TM value="六" nameCN="条目" />
      <SFCXF value="非程序法" nameCN="是否是程序法" />
    </FLFTMC>
    <FLFTMC value="中华人民共和国民事诉讼法" nameCN="法律法条名称">
      <TM value="一百四十四" nameCN="条目" />
      <SFCXF value="是程序法" nameCN="是否是程序法" />
    </FLFTMC>
  </CPFXGC>
  <CPJG value="一、被告覃斌、沈雪梅共同偿还借款本金100000元给原告刘桂英；&#xA;二、被告覃斌、沈雪梅支付借款利息给原告刘桂英（利息的计算，以100000元为基数，自2013年8月14日起，按中国人民银行同期同类贷款利率的四倍，计至本案生效判决规定的履行期限最后一日止）。&#xA;本案受理费2440元，公告费700元，合计3140元，由被告覃斌、沈雪梅负担。&#xA;上述应付款项，义务人应于本案生效判决送达之日起十日内履行完毕。逾期不履行的，权利人可在本案生效判决规定的履行期限届满之日起二年内向本院申请执行。&#xA;如不服本判决，可在本判决送达之日起十五日内，向本院递交上诉状，并按对方当事人的人数提出副本，上诉于玉林市中级人民法院。&#xA;" nameCN="裁判结果">
    <JAFS value="判决" nameCN="结案方式" />
    <PCSFSXZQ value="正确" nameCN="同时起诉侵权人与保险公司的赔偿顺序" />
    <JTPJJG value="一、被告覃斌、沈雪梅共同偿还借款本金100000元给原告刘桂英；" nameCN="具体裁判段">
      <QLR value="刘桂英" nameCN="权利人">
        <QLRSSDW value="原告" nameCN="诉讼地位" />
      </QLR>
      <YWR value="覃斌" nameCN="义务人">
        <YWRSSDW value="被告" nameCN="诉讼地位" />
      </YWR>
      <YWR value="沈雪梅" nameCN="义务人">
        <YWRSSDW value="被告" nameCN="诉讼地位" />
      </YWR>
      <PJJE nameCN="判决金额">
        <JE value="100000元" nameCN="金额" />
        <JELX value="借款" nameCN="金额类型" />
        <JELX value="本金" nameCN="金额类型" />
      </PJJE>
    </JTPJJG>
    <JTPJJG value="二、被告覃斌、沈雪梅支付借款利息给原告刘桂英（利息的计算，以100000元为基数，自2013年8月14日起，按中国人民银行同期同类贷款利率的四倍，计至本案生效判决规定的履行期限最后一日止）。" nameCN="具体裁判段">
      <QLR value="刘桂英" nameCN="权利人">
        <QLRSSDW value="原告" nameCN="诉讼地位" />
      </QLR>
      <YWR value="覃斌" nameCN="义务人">
        <YWRSSDW value="被告" nameCN="诉讼地位" />
      </YWR>
      <YWR value="沈雪梅" nameCN="义务人">
        <YWRSSDW value="被告" nameCN="诉讼地位" />
      </YWR>
      <PJJE nameCN="判决金额">
        <JE value="100000元" nameCN="金额" />
        <JELX value="借款" nameCN="金额类型" />
        <JELX value="利息" nameCN="金额类型" />
      </PJJE>
    </JTPJJG>
    <SSFCD nameCN="诉讼费承担">
      <SSFCDJL value="本案受理费2440元，公告费700元，合计3140元，由被告覃斌、沈雪梅负担。" nameCN="诉讼费承担记录">
        <SSFJE value="2440元" nameCN="诉讼费金额" />
        <SSFZL value="受理费" nameCN="诉讼费种类" />
        <SSFJE value="700元" nameCN="诉讼费金额" />
        <SSFZL value="公告费" nameCN="诉讼费种类" />
        <SSFCDR value="覃斌" nameCN="承担人">
          <SSFCDJE value="2440元" nameCN="承担金额" />
          <SSFCDFS value="与他人共同承担该金额" nameCN="承担方式" />
          <SSFCDDW value="被告" nameCN="承担人地位" />
        </SSFCDR>
        <SSFCDR value="沈雪梅" nameCN="承担人">
          <SSFCDJE value="2440元" nameCN="承担金额" />
          <SSFCDFS value="与他人共同承担该金额" nameCN="承担方式" />
          <SSFCDDW value="被告" nameCN="承担人地位" />
        </SSFCDR>
      </SSFCDJL>
    </SSFCD>
    <SFFHCS value="否" nameCN="是否发回重审" />
    <KSSZ value="玉林市中级人民法院" nameCN="可上诉至" />
    <SSTJCL value="上诉状，并按对方当事人的人数提出副本" nameCN="上诉提交材料" />
    <SSQX value="十五日" nameCN="上诉期限" />
    <TCGXQYY value="否" nameCN="是否提出管辖权异议" />
  </CPJG>
  <WW value="审判长覃文华&#xA;审判员梁代坚&#xA;人民陪审员张雄兰&#xA;二〇一五年五月二十九日&#xA;书记员庞敏娟&#xA;" nameCN="文尾">
    <SPZZCY nameCN="审判组织成员">
      <SPRYXM value="庞敏娟" nameCN="审判人员姓名" />
      <SPRYJS value="书记员" nameCN="审判人员角色" />
    </SPZZCY>
    <SPZZCY nameCN="审判组织成员">
      <SPRYXM value="覃文华" nameCN="审判人员姓名" />
      <SPRYJS value="审判长" nameCN="审判人员角色" />
    </SPZZCY>
    <SPZZCY nameCN="审判组织成员">
      <SPRYXM value="梁代坚" nameCN="审判人员姓名" />
      <SPRYJS value="审判员" nameCN="审判人员角色" />
    </SPZZCY>
    <SPZZCY nameCN="审判组织成员">
      <SPRYXM value="张雄兰" nameCN="审判人员姓名" />
      <SPRYJS value="人民陪审员" nameCN="审判人员角色" />
    </SPZZCY>
    <CPSJ value="2015年5月29日" nameCN="裁判时间">
      <Year value="2015" nameCN="结案年度" />
      <JANYR value="2015年5月29日" nameCN="结案年月日" />
      <JANY value="2015-5" nameCN="结案年月" />
      <Month value="5" nameCN="月" />
      <Day value="29" nameCN="日" />
    </CPSJ>
  </WW>
  <FL value="" nameCN="附录" />
</QW>

