<?xml version="1.0" encoding="UTF-8"?>
<QW value="江苏省泰州市海陵区人民法院&#xA;民事裁定书&#xA;（2015）泰海民初字第2835号&#xA;原告刘某。&#xA;委托代理人朱玉芹，泰州市姜堰区张甸法律服务所法律工作者。&#xA;被告张某。&#xA;本院在审理原告刘某与被告张某离婚纠纷一案中，因原告刘某经传票传唤，无正当理由拒不到庭。依照《中华人民共和国民事诉讼法》第一百四十三条、第一百五十四条第一款第（十一）项之规定，裁定如下：&#xA;本案按撤诉处理。&#xA;本案受理费减半收取120元，由原告刘某负担（原告已交纳）。&#xA;审判员蒋晶&#xA;二〇一五年十一月十二日&#xA;书记员杨冬梅&#xA;" nameCN="全文">
  <WS value="江苏省泰州市海陵区人民法院&#xA;民事裁定书&#xA;（2015）泰海民初字第2835号&#xA;" nameCN="文首">
    <WSZZDW value="法院" nameCN="文书制作单位" />
    <JBFY value="江苏省泰州市海陵区人民法院" nameCN="经办法院">
      <FYJB value="基层" nameCN="法院级别" />
      <XZQH_P value="江苏" nameCN="行政区划(省)" />
      <XZQH_C value="泰州市" nameCN="行政区划(市)" />
    </JBFY>
    <WSMC value="民事裁定书" nameCN="文书名称" />
    <AH value="(2015)泰海民初字第2835号" nameCN="案号" />
    <LAND value="2015" nameCN="立案年度" />
    <AJXZ value="民事案件" nameCN="案件性质" />
    <WSZL value="裁定书" nameCN="文书种类" />
    <SPCX value="一审案件" nameCN="审判程序" />
    <AJLX value="民事一审案件" nameCN="案件类型" />
  </WS>
  <SSCYRQJ value="原告刘某。&#xA;委托代理人朱玉芹，泰州市姜堰区张甸法律服务所法律工作者。&#xA;被告张某。&#xA;" nameCN="诉讼参与人全集">
    <SSCYR value="原告刘某。" nameCN="诉讼参与人">
      <SSCYRMC value="刘某" nameCN="诉讼参与人名称" />
      <SSSF value="原告" nameCN="诉讼身份" />
      <SSDW value="原告" nameCN="诉讼地位" />
      <DSRLB value="原告" nameCN="当事人类别" />
      <DSRLX value="自然人" nameCN="当事人类型" />
      <GJ value="中国" nameCN="国籍" />
      <DSRSFZH value="否" nameCN="当事人是否再婚" />
    </SSCYR>
    <SSCYR value="委托代理人朱玉芹，泰州市姜堰区张甸法律服务所法律工作者。" nameCN="诉讼参与人">
      <SSCYRMC value="朱玉芹" nameCN="诉讼参与人名称" />
      <SSSF value="委托代理人" nameCN="诉讼身份" />
      <DSRLX value="自然人" nameCN="当事人类型" />
      <GJ value="中国" nameCN="国籍" />
    </SSCYR>
    <SSCYR value="被告张某。" nameCN="诉讼参与人">
      <SSCYRMC value="张某" nameCN="诉讼参与人名称" />
      <SSSF value="被告" nameCN="诉讼身份" />
      <SSDW value="被告" nameCN="诉讼地位" />
      <DSRLB value="被告" nameCN="当事人类别" />
      <DSRLX value="自然人" nameCN="当事人类型" />
      <GJ value="中国" nameCN="国籍" />
      <DSRSFZH value="否" nameCN="当事人是否再婚" />
    </SSCYR>
    <SSCYRQJ value="错误" nameCN="保险公司是否作为被告" />
  </SSCYRQJ>
  <SSJL value="本院在审理原告刘某与被告张某离婚纠纷一案中，因原告刘某经传票传唤，无正当理由拒不到庭。依照《中华人民共和国民事诉讼法》第一百四十三条、第一百五十四条第一款第（十一）项之规定，裁定如下：" nameCN="诉讼记录">
    <JJCT value="" nameCN="拒绝出庭">
      <DSR value="因原告刘某" nameCN="当事人" />
      <RQ value="" nameCN="日期" />
    </JJCT>
    <YG value="刘某" nameCN="原告" />
    <BG value="张某" nameCN="被告" />
    <AY value="离婚纠纷" nameCN="案由" />
    <KTSL value="否" nameCN="开庭审理" />
    <WZAY value="离婚纠纷" nameCN="完整案由" />
    <AYDM value="9015" nameCN="案由代码" />
    <YSAJSYCX value="普通程序" nameCN="一审案件适用程序" />
    <JYZPT value="否" nameCN="简易转普通" />
    <SPZZ value="独任庭" nameCN="审判组织" />
    <YSAJLY value="新收" nameCN="一审案件来源" />
  </SSJL>
  <AJJBQK value="" nameCN="案件基本情况" />
  <CPFXGC value="本院在审理原告刘某与被告张某离婚纠纷一案中，因原告刘某经传票传唤，无正当理由拒不到庭。依照《中华人民共和国民事诉讼法》第一百四十三条、第一百五十四条第一款第（十一）项之规定，裁定如下：&#xA;" nameCN="裁判分析过程">
    <JAFSLX value="裁定" nameCN="结案方式类型" />
    <FLFTMC value="中华人民共和国民事诉讼法" nameCN="法律法条名称">
      <TM value="一百四十三" nameCN="条目" />
      <TM value="一百五十四" nameCN="条目">
        <KM value="第一款第（十一）项" nameCN="款目" />
      </TM>
      <SFCXF value="是程序法" nameCN="是否是程序法" />
    </FLFTMC>
  </CPFXGC>
  <CPJG value="本案按撤诉处理。&#xA;本案受理费减半收取120元，由原告刘某负担（原告已交纳）。&#xA;" nameCN="裁判结果">
    <JAFS value="按撤诉处理" nameCN="结案方式" />
    <PCSFSXZQ value="正确" nameCN="同时起诉侵权人与保险公司的赔偿顺序" />
    <JTPJJG value="本案按撤诉处理。" nameCN="具体裁判段" />
    <SSFCD nameCN="诉讼费承担">
      <SSFCDJL value="本案受理费减半收取120元，由原告刘某负担（原告已交纳）。" nameCN="诉讼费承担记录">
        <SSFJE value="120元" nameCN="诉讼费金额" />
        <SSFZL value="受理费" nameCN="诉讼费种类" />
        <SSFCDR value="刘某" nameCN="承担人">
          <SSFCDJE value="120元" nameCN="承担金额" />
          <SSFCDFS value="个人独立承担该金额" nameCN="承担方式" />
          <SSFCDDW value="原告" nameCN="承担人地位" />
        </SSFCDR>
      </SSFCDJL>
    </SSFCD>
    <SFFHCS value="否" nameCN="是否发回重审" />
    <TCGXQYY value="否" nameCN="是否提出管辖权异议" />
  </CPJG>
  <WW value="审判员蒋晶&#xA;二〇一五年十一月十二日&#xA;书记员杨冬梅&#xA;" nameCN="文尾">
    <SPZZCY nameCN="审判组织成员">
      <SPRYXM value="蒋晶" nameCN="审判人员姓名" />
      <SPRYJS value="审判员" nameCN="审判人员角色" />
    </SPZZCY>
    <SPZZCY nameCN="审判组织成员">
      <SPRYXM value="杨冬梅" nameCN="审判人员姓名" />
      <SPRYJS value="书记员" nameCN="审判人员角色" />
    </SPZZCY>
    <CPSJ value="2015年11月12日" nameCN="裁判时间">
      <Year value="2015" nameCN="结案年度" />
      <JANYR value="2015年11月12日" nameCN="结案年月日" />
      <JANY value="2015-11" nameCN="结案年月" />
      <Month value="11" nameCN="月" />
      <Day value="12" nameCN="日" />
    </CPSJ>
  </WW>
  <FL value="" nameCN="附录" />
</QW>

