<?xml version="1.0" encoding="UTF-8"?>
<QW value="甘肃省宁县人民法院&#xA;民事裁定书&#xA;（2013）宁民初字第1045号&#xA;原告刘某，女，汉族。&#xA;被告武某，男，汉族。&#xA;本院在审理原告刘某诉被告武某离婚纠纷一案中，原告刘某于2013年10月15日向本院提出撤诉申请。本院认为，刘某自愿申请撤回诉讼，符合法律规定。依照《中华人民共和国民事诉讼法》第一百四十五条第一款及《诉讼费用交纳办法》第十五条之规定，裁定如下：&#xA;准许刘某撤回起诉。&#xA;本案受理费100元，减半收取50元由刘某负担。&#xA;审判长张虎年&#xA;人民陪审员黄博&#xA;人民陪审员石治家&#xA;二〇一三年十月十五日&#xA;书记员魏娜&#xA;" nameCN="全文">
  <WS value="甘肃省宁县人民法院&#xA;民事裁定书&#xA;（2013）宁民初字第1045号&#xA;" nameCN="文首">
    <WSZZDW value="法院" nameCN="文书制作单位" />
    <JBFY value="甘肃省宁县人民法院" nameCN="经办法院">
      <FYJB value="基层" nameCN="法院级别" />
      <XZQH_P value="甘肃" nameCN="行政区划(省)" />
      <XZQH_C value="甘肃" nameCN="行政区划(市)" />
    </JBFY>
    <WSMC value="民事裁定书" nameCN="文书名称" />
    <AH value="(2013)宁民初字第1045号" nameCN="案号" />
    <LAND value="2013" nameCN="立案年度" />
    <AJXZ value="民事案件" nameCN="案件性质" />
    <WSZL value="裁定书" nameCN="文书种类" />
    <SPCX value="一审案件" nameCN="审判程序" />
    <AJLX value="民事一审案件" nameCN="案件类型" />
  </WS>
  <SSCYRQJ value="原告刘某，女，汉族。&#xA;被告武某，男，汉族。&#xA;" nameCN="诉讼参与人全集">
    <SSCYR value="原告刘某，女，汉族。" nameCN="诉讼参与人">
      <SSCYRMC value="刘某" nameCN="诉讼参与人名称" />
      <SSSF value="原告" nameCN="诉讼身份" />
      <SSDW value="原告" nameCN="诉讼地位" />
      <DSRLB value="原告" nameCN="当事人类别" />
      <DSRLX value="自然人" nameCN="当事人类型" />
      <XB value="女" nameCN="性别" />
      <MZ value="汉族" nameCN="民族" />
      <GJ value="中国" nameCN="国籍" />
      <DSRSFZH value="否" nameCN="当事人是否再婚" />
    </SSCYR>
    <SSCYR value="被告武某，男，汉族。" nameCN="诉讼参与人">
      <SSCYRMC value="武某" nameCN="诉讼参与人名称" />
      <SSSF value="被告" nameCN="诉讼身份" />
      <SSDW value="被告" nameCN="诉讼地位" />
      <DSRLB value="被告" nameCN="当事人类别" />
      <DSRLX value="自然人" nameCN="当事人类型" />
      <XB value="男" nameCN="性别" />
      <MZ value="汉族" nameCN="民族" />
      <GJ value="中国" nameCN="国籍" />
      <DSRSFZH value="否" nameCN="当事人是否再婚" />
    </SSCYR>
    <SSCYRQJ value="错误" nameCN="保险公司是否作为被告" />
  </SSCYRQJ>
  <SSJL value="本院在审理原告刘某诉被告武某离婚纠纷一案中，原告刘某于2013年10月15日向本院提出撤诉申请。本院认为，刘某自愿申请撤回诉讼，符合法律规定。依照《中华人民共和国民事诉讼法》第一百四十五条第一款及《诉讼费用交纳办法》第十五条之规定，裁定如下：" nameCN="诉讼记录">
    <CS value="" nameCN="撤诉">
      <CSR value="" nameCN="撤诉人" />
      <RQ value="" nameCN="日期" />
    </CS>
    <YG value="刘某" nameCN="原告" />
    <BG value="武某" nameCN="被告" />
    <AY value="离婚纠纷" nameCN="案由" />
    <KTSL value="否" nameCN="开庭审理" />
    <WZAY value="离婚纠纷" nameCN="完整案由" />
    <AYDM value="9015" nameCN="案由代码" />
    <YSAJSYCX value="普通程序" nameCN="一审案件适用程序" />
    <JYZPT value="否" nameCN="简易转普通" />
    <SPZZ value="独任庭" nameCN="审判组织" />
    <YSAJLY value="新收" nameCN="一审案件来源" />
  </SSJL>
  <AJJBQK value="" nameCN="案件基本情况" />
  <CPFXGC value="本院在审理原告刘某诉被告武某离婚纠纷一案中，原告刘某于2013年10月15日向本院提出撤诉申请。本院认为，刘某自愿申请撤回诉讼，符合法律规定。依照《中华人民共和国民事诉讼法》第一百四十五条第一款及《诉讼费用交纳办法》第十五条之规定，裁定如下：&#xA;" nameCN="裁判分析过程">
    <JAFSLX value="裁定" nameCN="结案方式类型" />
    <FLFTMC value="中华人民共和国民事诉讼法" nameCN="法律法条名称">
      <TM value="一百四十五" nameCN="条目">
        <KM value="第一款" nameCN="款目" />
      </TM>
      <SFCXF value="是程序法" nameCN="是否是程序法" />
    </FLFTMC>
    <FLFTMC value="诉讼费用交纳办法" nameCN="法律法条名称">
      <TM value="十五" nameCN="条目" />
      <SFCXF value="非程序法" nameCN="是否是程序法" />
    </FLFTMC>
  </CPFXGC>
  <CPJG value="准许刘某撤回起诉。&#xA;本案受理费100元，减半收取50元由刘某负担。&#xA;" nameCN="裁判结果">
    <JAFS value="准予撤诉" nameCN="结案方式" />
    <PCSFSXZQ value="正确" nameCN="同时起诉侵权人与保险公司的赔偿顺序" />
    <JTPJJG value="准许刘某撤回起诉。" nameCN="具体裁判段" />
    <SSFCD nameCN="诉讼费承担">
      <SSFCDJL value="本案受理费100元，减半收取50元由刘某负担。" nameCN="诉讼费承担记录">
        <SSFJE value="50元" nameCN="诉讼费金额" />
        <SSFZL value="受理费" nameCN="诉讼费种类" />
        <SSFCDR value="刘某" nameCN="承担人">
          <SSFCDJE value="50元" nameCN="承担金额" />
          <SSFCDFS value="个人独立承担该金额" nameCN="承担方式" />
          <SSFCDDW value="原告" nameCN="承担人地位" />
        </SSFCDR>
      </SSFCDJL>
    </SSFCD>
    <SFFHCS value="否" nameCN="是否发回重审" />
    <CSRJH nameCN="撤诉人集合">
      <CSR value="刘某" nameCN="撤诉人" />
    </CSRJH>
    <CSLX value="原告主动撤诉" nameCN="撤诉类型" />
    <TCGXQYY value="否" nameCN="是否提出管辖权异议" />
  </CPJG>
  <WW value="审判长张虎年&#xA;人民陪审员黄博&#xA;人民陪审员石治家&#xA;二〇一三年十月十五日&#xA;书记员魏娜&#xA;" nameCN="文尾">
    <SPZZCY nameCN="审判组织成员">
      <SPRYXM value="石治家" nameCN="审判人员姓名" />
      <SPRYJS value="人民陪审员" nameCN="审判人员角色" />
    </SPZZCY>
    <SPZZCY nameCN="审判组织成员">
      <SPRYXM value="张虎年" nameCN="审判人员姓名" />
      <SPRYJS value="审判长" nameCN="审判人员角色" />
    </SPZZCY>
    <SPZZCY nameCN="审判组织成员">
      <SPRYXM value="黄博" nameCN="审判人员姓名" />
      <SPRYJS value="人民陪审员" nameCN="审判人员角色" />
    </SPZZCY>
    <SPZZCY nameCN="审判组织成员">
      <SPRYXM value="魏娜" nameCN="审判人员姓名" />
      <SPRYJS value="书记员" nameCN="审判人员角色" />
    </SPZZCY>
    <CPSJ value="2013年10月15日" nameCN="裁判时间">
      <Year value="2013" nameCN="结案年度" />
      <JANYR value="2013年10月15日" nameCN="结案年月日" />
      <JANY value="2013-10" nameCN="结案年月" />
      <Month value="10" nameCN="月" />
      <Day value="15" nameCN="日" />
    </CPSJ>
  </WW>
  <FL value="" nameCN="附录" />
</QW>

