<?xml version="1.0" encoding="UTF-8"?>
<QW value="&#xA;山东省泰安市泰山区人民法院&#xA;民事裁定书&#xA;泰山民初字第2239号&#xA;原告：刘继荣，男，汉族，1952年出生，住山东省泰安市岱岳区。&#xA;委托代理人：张阵，男，汉族，1977年出生，泰安泰山明月法律服务所法律工作者。&#xA;委托代理人：刘玮，男，汉族，1980年出生，住山东省泰安市泰山区，系原告之子。&#xA;被告：泰安市中心医院。住所地，泰安市。&#xA;法定代表人：刘君，院长。&#xA;委托代理人：王燕，山东泰山蓝天律师事务所律师。&#xA;委托代理人：张璇，女，汉族，1982年出生，住泰安市泰山区。&#xA;本院在审理原告刘继荣与被告泰安市中心医院医疗损害赔偿纠纷一案中，原告于2015年3月27日向本院提出撤诉申请。&#xA;本院认为，原告刘继荣的撤诉申请符合法律规定，依法应予准许。为此，依照《中华人民共和国民事诉讼法》第一百四十五条的规定，裁定如下：&#xA;准许原告刘继荣撤回起诉。&#xA;案件受理费2546元由原刘继荣负担。&#xA;审判长牛春&#xA;人民陪审员王大慧&#xA;人民陪审员崔启利&#xA;二〇一五年三月二十七日&#xA;书记员刘振年&#xA;" nameCN="全文">
  <WS value="山东省泰安市泰山区人民法院&#xA;民事裁定书&#xA;泰山民初字第2239号&#xA;" nameCN="文首">
    <WSZZDW value="法院" nameCN="文书制作单位" />
    <JBFY value="山东省泰安市泰山区人民法院" nameCN="经办法院">
      <FYJB value="基层" nameCN="法院级别" />
      <XZQH_P value="山东" nameCN="行政区划(省)" />
      <XZQH_C value="泰安市" nameCN="行政区划(市)" />
    </JBFY>
    <WSMC value="民事裁定书" nameCN="文书名称" />
    <AH value="泰山民初字第2239号" nameCN="案号" />
    <LAND value="2016" nameCN="立案年度" />
    <AJXZ value="民事案件" nameCN="案件性质" />
    <WSZL value="裁定书" nameCN="文书种类" />
    <SPCX value="一审案件" nameCN="审判程序" />
    <AJLX value="民事一审案件" nameCN="案件类型" />
  </WS>
  <SSCYRQJ value="原告：刘继荣，男，汉族，1952年出生，住山东省泰安市岱岳区。&#xA;委托代理人：张阵，男，汉族，1977年出生，泰安泰山明月法律服务所法律工作者。&#xA;委托代理人：刘玮，男，汉族，1980年出生，住山东省泰安市泰山区，系原告之子。&#xA;被告：泰安市中心医院。住所地，泰安市。&#xA;法定代表人：刘君，院长。&#xA;委托代理人：王燕，山东泰山蓝天律师事务所律师。&#xA;委托代理人：张璇，女，汉族，1982年出生，住泰安市泰山区。&#xA;" nameCN="诉讼参与人全集">
    <SSCYR value="原告：刘继荣，男，汉族，1952年出生，住山东省泰安市岱岳区。" nameCN="诉讼参与人">
      <SSCYRMC value="刘继荣" nameCN="诉讼参与人名称" />
      <SSSF value="原告" nameCN="诉讼身份" />
      <SSDW value="原告" nameCN="诉讼地位" />
      <DSRLB value="原告" nameCN="当事人类别" />
      <DSRLX value="自然人" nameCN="当事人类型" />
      <XB value="男" nameCN="性别" />
      <MZ value="汉族" nameCN="民族" />
      <GJ value="中国" nameCN="国籍" />
      <DSRDZ value="山东省泰安市岱岳区" nameCN="当事人地址" />
    </SSCYR>
    <SSCYR value="委托代理人：张阵，男，汉族，1977年出生，泰安泰山明月法律服务所法律工作者。" nameCN="诉讼参与人">
      <SSCYRMC value="张阵" nameCN="诉讼参与人名称" />
      <SSSF value="委托代理人" nameCN="诉讼身份" />
      <DSRLX value="自然人" nameCN="当事人类型" />
      <XB value="男" nameCN="性别" />
      <MZ value="汉族" nameCN="民族" />
      <GJ value="中国" nameCN="国籍" />
    </SSCYR>
    <SSCYR value="委托代理人：刘玮，男，汉族，1980年出生，住山东省泰安市泰山区，系原告之子。" nameCN="诉讼参与人">
      <SSCYRMC value="刘玮" nameCN="诉讼参与人名称" />
      <SSSF value="委托代理人" nameCN="诉讼身份" />
      <DSRLX value="自然人" nameCN="当事人类型" />
      <XB value="男" nameCN="性别" />
      <MZ value="汉族" nameCN="民族" />
      <GJ value="中国" nameCN="国籍" />
      <DSRDZ value="山东省泰安市泰山区" nameCN="当事人地址" />
    </SSCYR>
    <SSCYR value="被告：泰安市中心医院。住所地，泰安市。" nameCN="诉讼参与人">
      <SSCYRMC value="泰安市中心医院" nameCN="诉讼参与人名称" />
      <SSSF value="被告" nameCN="诉讼身份" />
      <SSDW value="被告" nameCN="诉讼地位" />
      <DSRLB value="被告" nameCN="当事人类别" />
      <DSRLX value="自然人" nameCN="当事人类型" />
      <DSRDZ value="" nameCN="当事人地址" />
      <DWXZ value="事业单位" nameCN="单位性质" />
      <FDDBR value="刘君" nameCN="单位法定代表人" />
      <TSHY value="医院" nameCN="特殊行业" />
    </SSCYR>
    <SSCYR value="法定代表人：刘君，院长。" nameCN="诉讼参与人">
      <SSCYRMC value="刘君" nameCN="诉讼参与人名称" />
      <SSSF value="法定代表人" nameCN="诉讼身份" />
      <DSRLX value="自然人" nameCN="当事人类型" />
      <GJ value="中国" nameCN="国籍" />
      <DWZWFZ nameCN="单位职务分组">
        <DWMC value="泰安市中心医院" nameCN="单位名称" />
        <DWXZ value="事业单位" nameCN="单位性质" />
      </DWZWFZ>
      <TSHY value="医院" nameCN="特殊行业" />
    </SSCYR>
    <SSCYR value="委托代理人：王燕，山东泰山蓝天律师事务所律师。" nameCN="诉讼参与人">
      <SSCYRMC value="王燕" nameCN="诉讼参与人名称" />
      <SSSF value="委托代理人" nameCN="诉讼身份" />
      <DSRLX value="自然人" nameCN="当事人类型" />
      <GJ value="中国" nameCN="国籍" />
      <DWZWFZ nameCN="单位职务分组">
        <ZW value="律师" nameCN="职务" />
      </DWZWFZ>
    </SSCYR>
    <SSCYR value="委托代理人：张璇，女，汉族，1982年出生，住泰安市泰山区。" nameCN="诉讼参与人">
      <SSCYRMC value="张璇" nameCN="诉讼参与人名称" />
      <SSSF value="委托代理人" nameCN="诉讼身份" />
      <DSRLX value="自然人" nameCN="当事人类型" />
      <XB value="女" nameCN="性别" />
      <MZ value="汉族" nameCN="民族" />
      <GJ value="中国" nameCN="国籍" />
      <DSRDZ value="泰安市泰山区" nameCN="当事人地址" />
    </SSCYR>
    <SSCYRQJ value="错误" nameCN="保险公司是否作为被告" />
  </SSCYRQJ>
  <SSJL value="本院在审理原告刘继荣与被告泰安市中心医院医疗损害赔偿纠纷一案中，原告于2015年3月27日向本院提出撤诉申请。" nameCN="诉讼记录">
    <CS value="" nameCN="撤诉">
      <CSR value="*未写出" nameCN="撤诉人" />
      <RQ value="2015年3月27日" nameCN="日期" />
    </CS>
    <YG value="刘继荣" nameCN="原告" />
    <BG value="泰安市中心医院" nameCN="被告" />
    <AY value="医疗损害赔偿纠纷" nameCN="案由" />
    <AJSJ value="涉医疗纠纷" nameCN="案件涉及" />
    <KTSL value="否" nameCN="开庭审理" />
    <WZAY value="医疗损害赔偿纠纷" nameCN="完整案由" />
    <YSAJSYCX value="普通程序" nameCN="一审案件适用程序" />
    <JYZPT value="否" nameCN="简易转普通" />
    <SPZZ value="独任庭" nameCN="审判组织" />
    <YSAJLY value="新收" nameCN="一审案件来源" />
    <SQCSRQ value="2015年3月27日" nameCN="申请撤诉日期" />
  </SSJL>
  <AJJBQK value="" nameCN="案件基本情况" />
  <CPFXGC value="本院认为，原告刘继荣的撤诉申请符合法律规定，依法应予准许。为此，依照《中华人民共和国民事诉讼法》第一百四十五条的规定，裁定如下：&#xA;" nameCN="裁判分析过程">
    <JAFSLX value="裁定" nameCN="结案方式类型" />
    <FLFTMC value="中华人民共和国民事诉讼法" nameCN="法律法条名称">
      <TM value="一百四十五" nameCN="条目" />
      <SFCXF value="是程序法" nameCN="是否是程序法" />
    </FLFTMC>
  </CPFXGC>
  <CPJG value="准许原告刘继荣撤回起诉。&#xA;案件受理费2546元由原刘继荣负担。&#xA;" nameCN="裁判结果">
    <JAFS value="准予撤诉" nameCN="结案方式" />
    <PCSFSXZQ value="正确" nameCN="同时起诉侵权人与保险公司的赔偿顺序" />
    <JTPJJG value="准许原告刘继荣撤回起诉。" nameCN="具体裁判段" />
    <SSFCD nameCN="诉讼费承担">
      <SSFCDJL value="案件受理费2546元由原刘继荣负担。" nameCN="诉讼费承担记录">
        <SSFJE value="2546元" nameCN="诉讼费金额" />
        <SSFZL value="受理费" nameCN="诉讼费种类" />
        <SSFCDR value="刘继荣" nameCN="承担人">
          <SSFCDJE value="2546元" nameCN="承担金额" />
          <SSFCDFS value="个人独立承担该金额" nameCN="承担方式" />
          <SSFCDDW value="原告" nameCN="承担人地位" />
        </SSFCDR>
      </SSFCDJL>
    </SSFCD>
    <SFFHCS value="否" nameCN="是否发回重审" />
    <CSRJH nameCN="撤诉人集合">
      <CSR value="刘继荣" nameCN="撤诉人" />
    </CSRJH>
    <CSLX value="原告主动撤诉" nameCN="撤诉类型" />
    <TCGXQYY value="否" nameCN="是否提出管辖权异议" />
  </CPJG>
  <WW value="审判长牛春&#xA;人民陪审员王大慧&#xA;人民陪审员崔启利&#xA;二〇一五年三月二十七日&#xA;书记员刘振年&#xA;" nameCN="文尾">
    <SPZZCY nameCN="审判组织成员">
      <SPRYXM value="牛春" nameCN="审判人员姓名" />
      <SPRYJS value="审判长" nameCN="审判人员角色" />
    </SPZZCY>
    <SPZZCY nameCN="审判组织成员">
      <SPRYXM value="王大慧" nameCN="审判人员姓名" />
      <SPRYJS value="人民陪审员" nameCN="审判人员角色" />
    </SPZZCY>
    <SPZZCY nameCN="审判组织成员">
      <SPRYXM value="崔启利" nameCN="审判人员姓名" />
      <SPRYJS value="人民陪审员" nameCN="审判人员角色" />
    </SPZZCY>
    <SPZZCY nameCN="审判组织成员">
      <SPRYXM value="刘振年" nameCN="审判人员姓名" />
      <SPRYJS value="书记员" nameCN="审判人员角色" />
    </SPZZCY>
    <CPSJ value="2015年3月27日" nameCN="裁判时间">
      <Year value="2015" nameCN="结案年度" />
      <JANYR value="2015年3月27日" nameCN="结案年月日" />
      <JANY value="2015-3" nameCN="结案年月" />
      <Month value="3" nameCN="月" />
      <Day value="27" nameCN="日" />
    </CPSJ>
  </WW>
  <FL value="" nameCN="附录" />
</QW>

