<?xml version="1.0" encoding="UTF-8"?>
<QW value="江苏省丰县人民法院&#xA;民事判决书&#xA;（2014）丰民初字第0149号&#xA;原告刘素侠，农民。&#xA;委托代理人吕言俊，丰县范楼法律服务所法律工作者。&#xA;被告郭秀秀，个体工商户。&#xA;委托代理人谢之然，江苏非圆律师事务所律师。&#xA;原告刘素侠诉被告郭秀秀健康权纠纷一案，本院于2014年1月9日立案受理。本案依法由审判员刘元福适用简易程序，后转为普通程序，于2014年2月20日、2014年4月22日公开开庭进行了审理。原告刘素侠及其委托代理人吕言俊，被告郭秀秀及其委托代理人谢之然到庭参加诉讼。本案现已审理终结。&#xA;原告刘素侠诉称：2013年10月26日上午，原告在马楼街做生意时因琐事和被告发生争吵进而发生厮打，原告多处受伤，并因此引发心血管破裂，被送往医院治疗。现要求被告赔偿医疗费32525元，交通费300元，误工费1537元（33．43元×46天），护理费535元（33．43元×16天），营养费176元（11元×16天），住院伙食补助费288元（18元×16天），共计35361元，由被告承担诉讼费。&#xA;被告郭秀秀辩称：第一，本案是由原告先无端纠集其他人员对被告实施的殴打，原告存在重大过错；第二，原告自身的疾病突然发作与被告的行为没有因果关系，且原告花费的医疗费和产生的其他费用均系其治疗自身疾病，产生的费用被告不应当承担任何责任。&#xA;经审理查明：2013年10月26日上午，原、被告因做生意发生争执进而发展为相互厮打，厮打中原告受伤，原告先被送至丰县人民医院治疗，后转院至徐州医学院附属医院继续治疗，原告病情经丰县公安局刑事科学技术室鉴定为符合外伤、情绪激动等原因诱发自身潜在的主动脉窦动脉瘤破裂，住院治疗16天，花费医疗费32525元。&#xA;以上事实，有原、被告陈述，丰县公安局马楼派出所对侯先永、侯立兴、刘月珍所制作的询问笔录、徐州医学院附属医院的医疗费发票、医学影像资料、住院病案一套、疾病诊断证明书、住院费用清单、徐州市中心医院鉴定费发票、交通费发票、丰县公安局刑事科学技术室鉴定文书予以证实，本院予以确认。&#xA;本案争议焦点为：1、在本起纠纷中原、被告双方的过错程度；2、被告郭秀秀是否应承担赔偿责任及赔偿数额如何计算。&#xA;本院认为：公民享有生命健康权，侵害他人生命健康权的，应依法承担赔偿责任。原、被告双方发生争执后，本应通过合法、合理的方式来处理，但双方却采取殴打他人的方式来解决问题，原、被告双方对本次纠纷的发生均存在过错。从丰县公安局马楼派出所做的询问笔录可以看出，二人在厮打中均实施了击打对方的行为，并致对方身体损伤，根据丰县公安局刑事科学技术室出具的（丰）公（物）鉴（伤）字（2013）776号法医学人体损伤程度鉴定书，原告刘素侠因与被告郭秀秀相互厮打致使胸部及颌面部受伤，后因外伤、情绪激动等因素诱发了自身潜在的主动脉窦动脉瘤破裂疾病。从受害人发生损伤及造成损害后果的因果关系来看，原告受伤系与被告厮打所引发，虽然原告自身潜在的主动脉窦动脉瘤破裂疾病对损害的发生具有一定的影响，但该疾病不属于《中华人民共和国侵权责任法》第二十六条规定的过错，不存在减轻被告赔偿责任的法定情形，据此原、被告双方均应承担50％的责任。&#xA;限于原告的诉讼请求，原告的损失为：1、医疗费：以原告提交的医疗费发票计32525元；2、误工费：原告主张误工天数为46天，但原告对住院16天以外的误工期间没有提交相关医嘱予以证明，故本院对超过16天的误工期间不予支持，根据原告主张的每天33．43元为标准，计算16天，合计为534．88元（33．43元×16天），原告主张过高部分本院不予支持；3、护理费：原告主张护理费按每天33．43元为标准计算，本院予以支持，计算16天，合计534．88元（33．43元×16天），对原告主张过高部分本院不予支持；4、营养费：176元（11元×16天）；5、住院伙食补助费：288元（18元×16天）；6、交通费：原告提交的交通费发票，系高速公路收费票据，无法证实确为原告住院治疗所花交通费，结合原告病情和护理需要，本院酌情支持交通费160元。以上损失合计为34218．76元。被告郭秀秀应承担的数额为17109．38元（34218．76元×50％）。&#xA;综上，依照《中华人民共和国侵权责任法》第六条第一款、第十六条、第二十六条、《最高人民法院关于审理人身损害赔偿案件适用法律若干问题的解释》第十七条第一款、第十九条、第二十条、第二十一条、第二十二条、第二十三条、第二十四条之规定，判决如下：&#xA;一、被告郭秀秀应于本判决发生法律效力起十日内赔偿原告刘素侠医疗费、误工费、护理费、营养费、住院伙食补助费、交通费合计17109．38元。&#xA;二、驳回原告刘素侠的其他诉讼请求。&#xA;如果未按本判决指定的期间履行给付金钱义务，应当依照《中华人民共和国民事诉讼法》第二百五十三条之规定，加倍支付迟延履行期间的债务利息。&#xA;案件受理费400元，由原告刘素侠负担200元，被告郭秀秀负担200元（随案款一并支付给原告）。&#xA;如不服本判决，可在判决书送达之日起十五日内，向本院递交上诉状，并按对方当事人的人数提出副本，上诉于江苏省徐州市中级人民法院。&#xA;审判员刘元福&#xA;代理审判员李晓侠&#xA;人民陪审员李玉武&#xA;二〇一五年三月九日&#xA;书记员雷含雪&#xA;" nameCN="全文">
  <WS value="江苏省丰县人民法院&#xA;民事判决书&#xA;（2014）丰民初字第0149号&#xA;" nameCN="文首">
    <WSZZDW value="法院" nameCN="文书制作单位" />
    <JBFY value="江苏省丰县人民法院" nameCN="经办法院">
      <FYJB value="基层" nameCN="法院级别" />
      <XZQH_P value="江苏" nameCN="行政区划(省)" />
      <XZQH_C value="江苏" nameCN="行政区划(市)" />
    </JBFY>
    <WSMC value="民事判决书" nameCN="文书名称" />
    <AH value="(2014)丰民初字第0149号" nameCN="案号" />
    <LAND value="2014" nameCN="立案年度" />
    <AJXZ value="民事案件" nameCN="案件性质" />
    <WSZL value="判决书" nameCN="文书种类" />
    <SPCX value="一审案件" nameCN="审判程序" />
    <AJLX value="民事一审案件" nameCN="案件类型" />
  </WS>
  <SSCYRQJ value="原告刘素侠，农民。&#xA;委托代理人吕言俊，丰县范楼法律服务所法律工作者。&#xA;被告郭秀秀，个体工商户。&#xA;委托代理人谢之然，江苏非圆律师事务所律师。&#xA;" nameCN="诉讼参与人全集">
    <SSCYR value="原告刘素侠，农民。" nameCN="诉讼参与人">
      <SSCYRMC value="刘素侠" nameCN="诉讼参与人名称" />
      <SSSF value="原告" nameCN="诉讼身份" />
      <SSDW value="原告" nameCN="诉讼地位" />
      <DSRLB value="原告" nameCN="当事人类别" />
      <DSRLX value="自然人" nameCN="当事人类型" />
      <GJ value="中国" nameCN="国籍" />
      <DWZWFZ nameCN="单位职务分组">
        <ZW value="农民" nameCN="职务" />
      </DWZWFZ>
    </SSCYR>
    <SSCYR value="委托代理人吕言俊，丰县范楼法律服务所法律工作者。" nameCN="诉讼参与人">
      <SSCYRMC value="吕言俊" nameCN="诉讼参与人名称" />
      <SSSF value="委托代理人" nameCN="诉讼身份" />
      <DSRLX value="自然人" nameCN="当事人类型" />
      <GJ value="中国" nameCN="国籍" />
    </SSCYR>
    <SSCYR value="被告郭秀秀，个体工商户。" nameCN="诉讼参与人">
      <SSCYRMC value="郭秀秀" nameCN="诉讼参与人名称" />
      <SSSF value="被告" nameCN="诉讼身份" />
      <SSDW value="被告" nameCN="诉讼地位" />
      <DSRLB value="被告" nameCN="当事人类别" />
      <DSRLX value="自然人" nameCN="当事人类型" />
      <GJ value="中国" nameCN="国籍" />
      <DTQK value="到庭" nameCN="到庭情况" />
      <DWZWFZ nameCN="单位职务分组">
        <ZW value="个体" nameCN="职务" />
      </DWZWFZ>
    </SSCYR>
    <SSCYR value="委托代理人谢之然，江苏非圆律师事务所律师。" nameCN="诉讼参与人">
      <SSCYRMC value="谢之然" nameCN="诉讼参与人名称" />
      <SSSF value="委托代理人" nameCN="诉讼身份" />
      <DSRLX value="自然人" nameCN="当事人类型" />
      <GJ value="中国" nameCN="国籍" />
      <DTQK value="到庭" nameCN="到庭情况" />
      <DWZWFZ nameCN="单位职务分组">
        <ZW value="律师" nameCN="职务" />
      </DWZWFZ>
    </SSCYR>
    <SSCYRQJ value="错误" nameCN="保险公司是否作为被告" />
  </SSCYRQJ>
  <SSJL value="原告刘素侠诉被告郭秀秀健康权纠纷一案，本院于2014年1月9日立案受理。本案依法由审判员刘元福适用简易程序，后转为普通程序，于2014年2月20日、2014年4月22日公开开庭进行了审理。原告刘素侠及其委托代理人吕言俊，被告郭秀秀及其委托代理人谢之然到庭参加诉讼。本案现已审理终结。" nameCN="诉讼记录">
    <YG value="刘素侠" nameCN="原告" />
    <BG value="郭秀秀" nameCN="被告" />
    <AY value="健康权纠纷" nameCN="案由" />
    <KTSL value="是" nameCN="开庭审理" />
    <KTSLXX value="公开审理" nameCN="开庭审理信息" />
    <WZAY value="健康权纠纷" nameCN="完整案由" />
    <LARQ value="2014年1月9日" nameCN="立案日期" />
    <YSAJSYCX value="简易程序" nameCN="一审案件适用程序" />
    <JYZPT value="否" nameCN="简易转普通" />
    <YSAJLY value="新收" nameCN="一审案件来源" />
    <SLRQ value="2014年1月9日" nameCN="受理日期" />
    <CTDSRXX nameCN="出庭当事人信息">
      <CTRXM value="郭秀秀" nameCN="出庭人姓名">
        <SSDW value="被告" nameCN="诉讼地位" />
      </CTRXM>
      <CTRXM value="吕言俊" nameCN="出庭人姓名">
        <SSDW value="委托代理人" nameCN="诉讼地位" />
      </CTRXM>
      <CTRXM value="谢之然" nameCN="出庭人姓名">
        <SSDW value="委托代理人" nameCN="诉讼地位" />
      </CTRXM>
      <CTRXM value="刘素侠" nameCN="出庭人姓名">
        <SSDW value="原告" nameCN="诉讼地位" />
      </CTRXM>
    </CTDSRXX>
  </SSJL>
  <AJJBQK value="原告刘素侠诉称：2013年10月26日上午，原告在马楼街做生意时因琐事和被告发生争吵进而发生厮打，原告多处受伤，并因此引发心血管破裂，被送往医院治疗。现要求被告赔偿医疗费32525元，交通费300元，误工费1537元（33．43元×46天），护理费535元（33．43元×16天），营养费176元（11元×16天），住院伙食补助费288元（18元×16天），共计35361元，由被告承担诉讼费。&#xA;被告郭秀秀辩称：第一，本案是由原告先无端纠集其他人员对被告实施的殴打，原告存在重大过错；第二，原告自身的疾病突然发作与被告的行为没有因果关系，且原告花费的医疗费和产生的其他费用均系其治疗自身疾病，产生的费用被告不应当承担任何责任。&#xA;经审理查明：2013年10月26日上午，原、被告因做生意发生争执进而发展为相互厮打，厮打中原告受伤，原告先被送至丰县人民医院治疗，后转院至徐州医学院附属医院继续治疗，原告病情经丰县公安局刑事科学技术室鉴定为符合外伤、情绪激动等原因诱发自身潜在的主动脉窦动脉瘤破裂，住院治疗16天，花费医疗费32525元。&#xA;以上事实，有原、被告陈述，丰县公安局马楼派出所对侯先永、侯立兴、刘月珍所制作的询问笔录、徐州医学院附属医院的医疗费发票、医学影像资料、住院病案一套、疾病诊断证明书、住院费用清单、徐州市中心医院鉴定费发票、交通费发票、丰县公安局刑事科学技术室鉴定文书予以证实，本院予以确认。&#xA;本案争议焦点为：1、在本起纠纷中原、被告双方的过错程度；2、被告郭秀秀是否应承担赔偿责任及赔偿数额如何计算。&#xA;本院认为：公民享有生命健康权，侵害他人生命健康权的，应依法承担赔偿责任。原、被告双方发生争执后，本应通过合法、合理的方式来处理，但双方却采取殴打他人的方式来解决问题，原、被告双方对本次纠纷的发生均存在过错。从丰县公安局马楼派出所做的询问笔录可以看出，二人在厮打中均实施了击打对方的行为，并致对方身体损伤，根据丰县公安局刑事科学技术室出具的（丰）公（物）鉴（伤）字（2013）776号法医学人体损伤程度鉴定书，原告刘素侠因与被告郭秀秀相互厮打致使胸部及颌面部受伤，后因外伤、情绪激动等因素诱发了自身潜在的主动脉窦动脉瘤破裂疾病。从受害人发生损伤及造成损害后果的因果关系来看，原告受伤系与被告厮打所引发，虽然原告自身潜在的主动脉窦动脉瘤破裂疾病对损害的发生具有一定的影响，但该疾病不属于《中华人民共和国侵权责任法》第二十六条规定的过错，不存在减轻被告赔偿责任的法定情形，据此原、被告双方均应承担50％的责任。&#xA;限于原告的诉讼请求，原告的损失为：1、医疗费：以原告提交的医疗费发票计32525元；2、误工费：原告主张误工天数为46天，但原告对住院16天以外的误工期间没有提交相关医嘱予以证明，故本院对超过16天的误工期间不予支持，根据原告主张的每天33．43元为标准，计算16天，合计为534．88元（33．43元×16天），原告主张过高部分本院不予支持；3、护理费：原告主张护理费按每天33．43元为标准计算，本院予以支持，计算16天，合计534．88元（33．43元×16天），对原告主张过高部分本院不予支持；4、营养费：176元（11元×16天）；5、住院伙食补助费：288元（18元×16天）；6、交通费：原告提交的交通费发票，系高速公路收费票据，无法证实确为原告住院治疗所花交通费，结合原告病情和护理需要，本院酌情支持交通费160元。以上损失合计为34218．76元。被告郭秀秀应承担的数额为17109．38元（34218．76元×50％）。&#xA;" nameCN="案件基本情况">
    <YGSCD value="原告刘素侠诉称：2013年10月26日上午，原告在马楼街做生意时因琐事和被告发生争吵进而发生厮打，原告多处受伤，并因此引发心血管破裂，被送往医院治疗。现要求被告赔偿医疗费32525元，交通费300元，误工费1537元（33．43元×46天），护理费535元（33．43元×16天），营养费176元（11元×16天），住院伙食补助费288元（18元×16天），共计35361元，由被告承担诉讼费。 " nameCN="原告诉称段" />
    <BGBCD value="被告郭秀秀辩称：第一，本案是由原告先无端纠集其他人员对被告实施的殴打，原告存在重大过错；第二，原告自身的疾病突然发作与被告的行为没有因果关系，且原告花费的医疗费和产生的其他费用均系其治疗自身疾病，产生的费用被告不应当承担任何责任。 " nameCN="被告辩称段" />
    <ZJD value="以上事实，有原、被告陈述，丰县公安局马楼派出所对侯先永、侯立兴、刘月珍所制作的询问笔录、徐州医学院附属医院的医疗费发票、医学影像资料、住院病案一套、疾病诊断证明书、住院费用清单、徐州市中心医院鉴定费发票、交通费发票、丰县公安局刑事科学技术室鉴定文书予以证实，本院予以确认。本案争议焦点为：1、在本起纠纷中原、被告双方的过错程度；2、被告郭秀秀是否应承担赔偿责任及赔偿数额如何计算。 本院认为：公民享有生命健康权，侵害他人生命健康权的，应依法承担赔偿责任。原、被告双方发生争执后，本应通过合法、合理的方式来处理，但双方却采取殴打他人的方式来解决问题，原、被告双方对本次纠纷的发生均存在过错。从丰县公安局马楼派出所做的询问笔录可以看出，二人在厮打中均实施了击打对方的行为，并致对方身体损伤，根据丰县公安局刑事科学技术室出具的（丰）公（物）鉴（伤）字（2013）776号法医学人体损伤程度鉴定书，原告刘素侠因与被告郭秀秀相互厮打致使胸部及颌面部受伤，后因外伤、情绪激动等因素诱发了自身潜在的主动脉窦动脉瘤破裂疾病。从受害人发生损伤及造成损害后果的因果关系来看，原告受伤系与被告厮打所引发，虽然原告自身潜在的主动脉窦动脉瘤破裂疾病对损害的发生具有一定的影响，但该疾病不属于《中华人民共和国侵权责任法》第二十六条规定的过错，不存在减轻被告赔偿责任的法定情形，据此原、被告双方均应承担50％的责任。 限于原告的诉讼请求，原告的损失为：1、医疗费：以原告提交的医疗费发票计32525元；2、误工费：原告主张误工天数为46天，但原告对住院16天以外的误工期间没有提交相关医嘱予以证明，故本院对超过16天的误工期间不予支持，根据原告主张的每天33．43元为标准，计算16天，合计为534．88元（33．43元×16天），原告主张过高部分本院不予支持；3、护理费：原告主张护理费按每天33．43元为标准计算，本院予以支持，计算16天，合计534．88元（33．43元×16天），对原告主张过高部分本院不予支持；4、营养费：176元（11元×16天）；5、住院伙食补助费：288元（18元×16天）；6、交通费：原告提交的交通费发票，系高速公路收费票据，无法证实确为原告住院治疗所花交通费，结合原告病情和护理需要，本院酌情支持交通费160元。以上损失合计为34218．76元。被告郭秀秀应承担的数额为17109．38元（34218．76元×50％）。 " nameCN="证据段" />
    <CMSSD value="经审理查明：2013年10月26日上午，原、被告因做生意发生争执进而发展为相互厮打，厮打中原告受伤，原告先被送至丰县人民医院治疗，后转院至徐州医学院附属医院继续治疗，原告病情经丰县公安局刑事科学技术室鉴定为符合外伤、情绪激动等原因诱发自身潜在的主动脉窦动脉瘤破裂，住院治疗16天，花费医疗费32525元。" nameCN="查明事实段">
      <SGXQ value="未提及" nameCN="事故详情">
        <SGSJ value="未提及" nameCN="事故时间" />
        <SGDD value="未提及" nameCN="事故地点" />
      </SGXQ>
      <JDCSYR value="郭秀秀" nameCN="机动车所有人" />
      <SHRZY value="农民" nameCN="受害人职业" />
      <SFTB value="是" nameCN="是否投保" />
      <SFZBXQN value="是" nameCN="是否在保险期内" />
      <SFXQPF value="是" nameCN="是否先期赔付" />
      <JDSFKK value="是" nameCN="鉴定是否可靠" />
    </CMSSD>
  </AJJBQK>
  <CPFXGC value="综上，依照《中华人民共和国侵权责任法》第六条第一款、第十六条、第二十六条、《最高人民法院关于审理人身损害赔偿案件适用法律若干问题的解释》第十七条第一款、第十九条、第二十条、第二十一条、第二十二条、第二十三条、第二十四条之规定，判决如下：&#xA;" nameCN="裁判分析过程">
    <JAFSLX value="判决" nameCN="结案方式类型" />
    <FLFTMC value="中华人民共和国侵权责任法" nameCN="法律法条名称">
      <TM value="十六" nameCN="条目" />
      <TM value="二十六" nameCN="条目" />
      <TM value="六" nameCN="条目">
        <KM value="第一款" nameCN="款目" />
      </TM>
      <SFCXF value="非程序法" nameCN="是否是程序法" />
    </FLFTMC>
    <FLFTMC value="最高人民法院关于审理人身损害赔偿案件适用法律若干问题的解释" nameCN="法律法条名称">
      <TM value="二十三" nameCN="条目" />
      <TM value="十九" nameCN="条目" />
      <TM value="二十二" nameCN="条目" />
      <TM value="二十四" nameCN="条目" />
      <TM value="十七" nameCN="条目">
        <KM value="第一款" nameCN="款目" />
      </TM>
      <TM value="二十一" nameCN="条目" />
      <TM value="二十" nameCN="条目" />
      <SFCXF value="非程序法" nameCN="是否是程序法" />
    </FLFTMC>
  </CPFXGC>
  <CPJG value="一、被告郭秀秀应于本判决发生法律效力起十日内赔偿原告刘素侠医疗费、误工费、护理费、营养费、住院伙食补助费、交通费合计17109．38元。&#xA;二、驳回原告刘素侠的其他诉讼请求。&#xA;如果未按本判决指定的期间履行给付金钱义务，应当依照《中华人民共和国民事诉讼法》第二百五十三条之规定，加倍支付迟延履行期间的债务利息。&#xA;案件受理费400元，由原告刘素侠负担200元，被告郭秀秀负担200元（随案款一并支付给原告）。&#xA;如不服本判决，可在判决书送达之日起十五日内，向本院递交上诉状，并按对方当事人的人数提出副本，上诉于江苏省徐州市中级人民法院。&#xA;" nameCN="裁判结果">
    <JAFS value="判决" nameCN="结案方式" />
    <PCSFSXZQ value="正确" nameCN="同时起诉侵权人与保险公司的赔偿顺序" />
    <JTPJJG value="一、被告郭秀秀应于本判决发生法律效力起十日内赔偿原告刘素侠医疗费、误工费、护理费、营养费、住院伙食补助费、交通费合计17109．38元。" nameCN="具体裁判段">
      <QLR value="刘素侠" nameCN="权利人">
        <QLRSSDW value="原告" nameCN="诉讼地位" />
      </QLR>
      <YWR value="郭秀秀" nameCN="义务人">
        <YWRSSDW value="被告" nameCN="诉讼地位" />
      </YWR>
      <PJJE nameCN="判决金额">
        <JE value="17109.38元" nameCN="金额" />
        <JELX value="医疗费" nameCN="金额类型" />
        <JELX value="营养费" nameCN="金额类型" />
        <JELX value="住院伙食补助费" nameCN="金额类型" />
        <JELX value="交通费" nameCN="金额类型" />
        <JELX value="误工费" nameCN="金额类型" />
        <JELX value="伙食补助费" nameCN="金额类型" />
      </PJJE>
    </JTPJJG>
    <JTPJJG value="二、驳回原告刘素侠的其他诉讼请求。" nameCN="具体裁判段" />
    <JTPJJG value="如果未按本判决指定的期间履行给付金钱义务，应当依照《中华人民共和国民事诉讼法》第二百五十三条之规定，加倍支付迟延履行期间的债务利息。" nameCN="具体裁判段" />
    <SSFCD nameCN="诉讼费承担">
      <SSFCDJL value="案件受理费400元，由原告刘素侠负担200元，被告郭秀秀负担200元（随案款一并支付给原告）。" nameCN="诉讼费承担记录">
        <SSFJE value="400元" nameCN="诉讼费金额" />
        <SSFZL value="受理费" nameCN="诉讼费种类" />
        <SSFCDR value="刘素侠" nameCN="承担人">
          <SSFCDJE value="200元" nameCN="承担金额" />
          <SSFCDFS value="个人独立承担该金额" nameCN="承担方式" />
          <SSFCDDW value="原告" nameCN="承担人地位" />
        </SSFCDR>
        <SSFCDR value="郭秀秀" nameCN="承担人">
          <SSFCDJE value="200元" nameCN="承担金额" />
          <SSFCDFS value="个人独立承担该金额" nameCN="承担方式" />
          <SSFCDDW value="被告" nameCN="承担人地位" />
        </SSFCDR>
      </SSFCDJL>
    </SSFCD>
    <SFZCSSQQ value="部分支持部分不支持" nameCN="是否支持诉讼请求" />
    <SBSF value="起诉方" nameCN="胜诉方" />
    <SFFHCS value="否" nameCN="是否发回重审" />
    <KSSZ value="江苏省徐州市中级人民法院" nameCN="可上诉至" />
    <SSTJCL value="上诉状，并按对方当事人的人数提出副本" nameCN="上诉提交材料" />
    <SSQX value="十五日" nameCN="上诉期限" />
    <TCGXQYY value="否" nameCN="是否提出管辖权异议" />
  </CPJG>
  <WW value="审判员刘元福&#xA;代理审判员李晓侠&#xA;人民陪审员李玉武&#xA;二〇一五年三月九日&#xA;书记员雷含雪&#xA;" nameCN="文尾">
    <SPZZCY nameCN="审判组织成员">
      <SPRYXM value="雷含雪" nameCN="审判人员姓名" />
      <SPRYJS value="书记员" nameCN="审判人员角色" />
    </SPZZCY>
    <SPZZCY nameCN="审判组织成员">
      <SPRYXM value="李玉武" nameCN="审判人员姓名" />
      <SPRYJS value="人民陪审员" nameCN="审判人员角色" />
    </SPZZCY>
    <SPZZCY nameCN="审判组织成员">
      <SPRYXM value="刘元福" nameCN="审判人员姓名" />
      <SPRYJS value="审判员" nameCN="审判人员角色" />
    </SPZZCY>
    <SPZZCY nameCN="审判组织成员">
      <SPRYXM value="李晓侠" nameCN="审判人员姓名" />
      <SPRYJS value="代理审判员" nameCN="审判人员角色" />
    </SPZZCY>
    <CPSJ value="2015年3月9日" nameCN="裁判时间">
      <Year value="2015" nameCN="结案年度" />
      <JANYR value="2015年3月9日" nameCN="结案年月日" />
      <JANY value="2015-3" nameCN="结案年月" />
      <Month value="3" nameCN="月" />
      <Day value="9" nameCN="日" />
    </CPSJ>
  </WW>
  <FL value="" nameCN="附录" />
</QW>

