<?xml version="1.0" encoding="UTF-8"?>
<QW value="&#xA;四川省古蔺县人民法院&#xA;民事判决书&#xA;（2015）古蔺民初字第1985号&#xA;原告刘蔺，女，生于1968年3月17日，汉族，城镇居民。&#xA;被告王昌杰，男，生于1984年3月22日，汉族，农民。&#xA;被告杨正会，女，生于1985年8月4日，汉族，农民。&#xA;二被告共同的委托代理人钟茜，古蔺县唯理法律服务所法律工作者。&#xA;原告刘蔺与被告王昌杰、杨正会民间借贷纠纷一案，本院于2015年5月13日立案受理后，根据原告的申请，依法查封了被告王昌杰所有的川EP2219号汽车。2015年6月30日，本案依法由审判员王锦适用简易程序，公开开庭进行了审理。原告刘蔺及其委托代理人刘蔺和被告王昌杰、杨正会共同的委托代理人钟茜到庭参加诉讼。本案现已审理终结。&#xA;原告刘蔺诉称，二被告系夫妻。2013年8月27日，被告王昌杰向原告出具借条，向原告借款10万元，约定每月付原告利息0．3万元。被告王昌杰借款后，支付原告利息至2014年9月27日便不再偿付本息。故请求依法判决二被告归还其借款10万元，并同时支付此款从2014年9月27日起至付清此款时止按月利率3％计算的利息。&#xA;被告王昌杰、杨正会辩称，借条属实，但约定利率过高。&#xA;经审理查明，二被告系夫妻。2013年8月27日，被告王昌杰向原告出具借条，向原告借款10万元，约定每月付原告利息0．3万元。被告王昌杰借款后，仅支付了原告2014年9月27日前的利息，此后便不再还本付息。&#xA;上述法律事实，有原、被告的当庭陈述及原告当庭出示的原告的身份证复印件、借条等证据在案佐证，且这些证据已经庭审质证和本院审查，足以认定。&#xA;本院认为，债务应当清偿。被告王昌杰与被告杨正会系夫妻，本案讼争的借款发生在二被告的夫妻关系存续期间，属于二被告的夫妻共同债务，故对原告请求二被告偿付借款本息的主张，本院予以支持。但《最高人民法院〈关于人民法院审理借贷案件的若干意见〉》第6条规定“民间借贷的利率可以适当高于银行的利率，各地人民法院可根据本地区的实际情况具体掌握，但最高不得超过银行同类贷款利率的四倍（包括利率本数）。超出此限度时，超出部分的利息不予保护”，被告王昌杰向原告借款时约定的利息已超过了中国人民银行同期同类贷款利率的四倍计算的利息，故对原告请求二被告按3％的月利率计付利息的主张，本院只能支持二被告按中国人民银行同期同类贷款利率的四倍向原告计付利息。依照《中华人民共和国民法通则》第一百零八条、《最高人民法院〈关于人民法院审理借贷案件的若干意见〉》第6条、《中华人民共和国民事诉讼法》第六十四条第一款、《最高人民法院关于适用〈中华人民共和国民事诉讼法〉的解释》第九十条之规定，判决如下：&#xA;一、由被告王昌杰、杨正会于本判决发生法律效力之日起十日内共同返还原告刘蔺借款10万元，并同时支付此款从2014年9月28日起至付清此款时止按中国人民银行同期同类贷款利率的四倍计算的利息；&#xA;二、驳回原告刘蔺的其他诉讼请求。&#xA;如果未按本判决指定的期间履行给付金钱义务，应当依照《中华人民共和国民事诉讼法》第二百五十三条之规定，加倍支付迟延履行期间的债务利息。&#xA;案件受理费2300元，减半收取1150元；财产保全申请费1020元，合计2170元，由被告王昌杰、杨正会负担（原告已预交，被告王昌杰、杨正会负担的部分，由被告王昌杰、杨正会在履行本判决时直接支付原告）。&#xA;如不服本判决，可在判决书送达之日起十五日内向本院递交上诉状，并按对方当事人的人数提出副本，上诉于四川省泸州市中级人民法院。&#xA;审判员王锦&#xA;二〇一五年六月三十日&#xA;书记员刘铭&#xA;附：相关法律条文&#xA;《中华人民共和国民法通则》第一百零八条债务应当清偿。暂时无力偿还的，经债权人同意或者人民法院裁决，可以由债务人分期偿还。有能力偿还拒不偿还的，由人民法院判决强制偿还。&#xA;《中华人民共和国民事诉讼法》第六十四条当事人对自己提出的主张，有责任提供证据。&#xA;当事人及其诉讼代理人因客观原因不能自行收集的证据，或者人民法院认为审理案件需要的证据，人民法院应当调查收集。&#xA;人民法院应当按照法定程序，全面地、客观地审查核实证据。&#xA;《最高人民法院关于适用〈中华人民共和国民事诉讼法〉的解释》第九十条当事人对自己提出的诉讼请求所依据的事实或者反驳对方的诉讼请求所依据的事实，应当提供证据加以证明，但法律另有规定的除外。&#xA;在作出判决前，当事人未能提供证据或者证据不足以证明其事实主张的，由负有举证证明责任的当事人承担不利的后果。&#xA;第二百三十九条申请执行的期间为二年。申请执行时效的中止、中断，适用法律有关诉讼时效中止、中断的规定。&#xA;前款规定的期间，从法律文书规定履行期间的最后一日起计算；法律文书规定分期履行的，从规定的每次履行期间的最后一日起计算；法律文书未规定履行期间的，从法律文书生效之日起计算。&#xA;" nameCN="全文">
  <WS value="四川省古蔺县人民法院&#xA;民事判决书&#xA;（2015）古蔺民初字第1985号&#xA;" nameCN="文首">
    <WSZZDW value="法院" nameCN="文书制作单位" />
    <JBFY value="四川省古蔺县人民法院" nameCN="经办法院">
      <FYJB value="基层" nameCN="法院级别" />
      <XZQH_P value="四川" nameCN="行政区划(省)" />
      <XZQH_C value="四川" nameCN="行政区划(市)" />
    </JBFY>
    <WSMC value="民事判决书" nameCN="文书名称" />
    <AH value="(2015)古蔺民初字第1985号" nameCN="案号" />
    <LAND value="2015" nameCN="立案年度" />
    <AJXZ value="民事案件" nameCN="案件性质" />
    <WSZL value="判决书" nameCN="文书种类" />
    <SPCX value="一审案件" nameCN="审判程序" />
    <AJLX value="民事一审案件" nameCN="案件类型" />
  </WS>
  <SSCYRQJ value="原告刘蔺，女，生于1968年3月17日，汉族，城镇居民。&#xA;被告王昌杰，男，生于1984年3月22日，汉族，农民。&#xA;被告杨正会，女，生于1985年8月4日，汉族，农民。&#xA;二被告共同的委托代理人钟茜，古蔺县唯理法律服务所法律工作者。&#xA;" nameCN="诉讼参与人全集">
    <SSCYR value="原告刘蔺，女，生于1968年3月17日，汉族，城镇居民。" nameCN="诉讼参与人">
      <SSCYRMC value="刘蔺" nameCN="诉讼参与人名称" />
      <SSSF value="原告" nameCN="诉讼身份" />
      <SSDW value="原告" nameCN="诉讼地位" />
      <DSRLB value="原告" nameCN="当事人类别" />
      <DSRLX value="自然人" nameCN="当事人类型" />
      <XB value="女" nameCN="性别" />
      <MZ value="汉族" nameCN="民族" />
      <CSRQ value="1968年3月17日" nameCN="出生日期">
        <Year value="1968" nameCN="年" />
        <Month value="3" nameCN="月" />
        <Day value="17" nameCN="日" />
      </CSRQ>
      <GJ value="中国" nameCN="国籍" />
      <DTQK value="到庭" nameCN="到庭情况" />
    </SSCYR>
    <SSCYR value="被告王昌杰，男，生于1984年3月22日，汉族，农民。" nameCN="诉讼参与人">
      <SSCYRMC value="王昌杰" nameCN="诉讼参与人名称" />
      <SSSF value="被告" nameCN="诉讼身份" />
      <SSDW value="被告" nameCN="诉讼地位" />
      <DSRLB value="被告" nameCN="当事人类别" />
      <DSRLX value="自然人" nameCN="当事人类型" />
      <XB value="男" nameCN="性别" />
      <MZ value="汉族" nameCN="民族" />
      <CSRQ value="1984年3月22日" nameCN="出生日期">
        <Year value="1984" nameCN="年" />
        <Month value="3" nameCN="月" />
        <Day value="22" nameCN="日" />
      </CSRQ>
      <GJ value="中国" nameCN="国籍" />
      <DTQK value="到庭" nameCN="到庭情况" />
      <DWZWFZ nameCN="单位职务分组">
        <ZW value="农民" nameCN="职务" />
      </DWZWFZ>
    </SSCYR>
    <SSCYR value="被告杨正会，女，生于1985年8月4日，汉族，农民。" nameCN="诉讼参与人">
      <SSCYRMC value="杨正会" nameCN="诉讼参与人名称" />
      <SSSF value="被告" nameCN="诉讼身份" />
      <SSDW value="被告" nameCN="诉讼地位" />
      <DSRLB value="被告" nameCN="当事人类别" />
      <DSRLX value="自然人" nameCN="当事人类型" />
      <XB value="女" nameCN="性别" />
      <MZ value="汉族" nameCN="民族" />
      <CSRQ value="1985年8月4日" nameCN="出生日期">
        <Year value="1985" nameCN="年" />
        <Month value="8" nameCN="月" />
        <Day value="4" nameCN="日" />
      </CSRQ>
      <GJ value="中国" nameCN="国籍" />
      <DTQK value="到庭" nameCN="到庭情况" />
      <DWZWFZ nameCN="单位职务分组">
        <ZW value="农民" nameCN="职务" />
      </DWZWFZ>
    </SSCYR>
    <SSCYR value="二被告共同的委托代理人钟茜，古蔺县唯理法律服务所法律工作者。" nameCN="诉讼参与人">
      <SSCYRMC value="钟茜" nameCN="诉讼参与人名称" />
      <SSSF value="委托代理人" nameCN="诉讼身份" />
      <DSRLX value="自然人" nameCN="当事人类型" />
      <GJ value="中国" nameCN="国籍" />
      <DTQK value="到庭" nameCN="到庭情况" />
    </SSCYR>
    <SSCYRQJ value="错误" nameCN="保险公司是否作为被告" />
  </SSCYRQJ>
  <SSJL value="原告刘蔺与被告王昌杰、杨正会民间借贷纠纷一案，本院于2015年5月13日立案受理后，根据原告的申请，依法查封了被告王昌杰所有的川EP2219号汽车。2015年6月30日，本案依法由审判员王锦适用简易程序，公开开庭进行了审理。原告刘蔺及其委托代理人刘蔺和被告王昌杰、杨正会共同的委托代理人钟茜到庭参加诉讼。本案现已审理终结。" nameCN="诉讼记录">
    <AY value="民间借贷纠纷" nameCN="案由" />
    <KTSL value="是" nameCN="开庭审理" />
    <KTSLXX value="公开审理" nameCN="开庭审理信息" />
    <WZAY value="民间借贷纠纷" nameCN="完整案由" />
    <AYDM value="9181" nameCN="案由代码" />
    <LARQ value="2015年5月13日" nameCN="立案日期" />
    <YSAJSYCX value="简易程序" nameCN="一审案件适用程序" />
    <JYZPT value="否" nameCN="简易转普通" />
    <YSAJLY value="新收" nameCN="一审案件来源" />
    <SLRQ value="2015年5月13日" nameCN="受理日期" />
    <CTDSRXX nameCN="出庭当事人信息">
      <CTRXM value="王昌杰" nameCN="出庭人姓名">
        <SSDW value="被告" nameCN="诉讼地位" />
      </CTRXM>
      <CTRXM value="刘蔺" nameCN="出庭人姓名">
        <SSDW value="原告" nameCN="诉讼地位" />
      </CTRXM>
      <CTRXM value="杨正会" nameCN="出庭人姓名">
        <SSDW value="被告" nameCN="诉讼地位" />
      </CTRXM>
      <CTRXM value="钟茜" nameCN="出庭人姓名">
        <SSDW value="委托代理人" nameCN="诉讼地位" />
      </CTRXM>
    </CTDSRXX>
  </SSJL>
  <AJJBQK value="原告刘蔺诉称，二被告系夫妻。2013年8月27日，被告王昌杰向原告出具借条，向原告借款10万元，约定每月付原告利息0．3万元。被告王昌杰借款后，支付原告利息至2014年9月27日便不再偿付本息。故请求依法判决二被告归还其借款10万元，并同时支付此款从2014年9月27日起至付清此款时止按月利率3％计算的利息。&#xA;被告王昌杰、杨正会辩称，借条属实，但约定利率过高。&#xA;经审理查明，二被告系夫妻。2013年8月27日，被告王昌杰向原告出具借条，向原告借款10万元，约定每月付原告利息0．3万元。被告王昌杰借款后，仅支付了原告2014年9月27日前的利息，此后便不再还本付息。&#xA;上述法律事实，有原、被告的当庭陈述及原告当庭出示的原告的身份证复印件、借条等证据在案佐证，且这些证据已经庭审质证和本院审查，足以认定。&#xA;" nameCN="案件基本情况">
    <YGSCD value="原告刘蔺诉称，二被告系夫妻。2013年8月27日，被告王昌杰向原告出具借条，向原告借款10万元，约定每月付原告利息0．3万元。被告王昌杰借款后，支付原告利息至2014年9月27日便不再偿付本息。故请求依法判决二被告归还其借款10万元，并同时支付此款从2014年9月27日起至付清此款时止按月利率3％计算的利息。 " nameCN="原告诉称段" />
    <BGBCD value="被告王昌杰、杨正会辩称，借条属实，但约定利率过高。 " nameCN="被告辩称段" />
    <ZJD value="上述法律事实，有原、被告的当庭陈述及原告当庭出示的原告的身份证复印件、借条等证据在案佐证，且这些证据已经庭审质证和本院审查，足以认定。" nameCN="证据段" />
    <CMSSD value="经审理查明，二被告系夫妻。2013年8月27日，被告王昌杰向原告出具借条，向原告借款10万元，约定每月付原告利息0．3万元。被告王昌杰借款后，仅支付了原告2014年9月27日前的利息，此后便不再还本付息。" nameCN="查明事实段">
      <SGXQ value="未提及" nameCN="事故详情">
        <SGSJ value="未提及" nameCN="事故时间" />
        <SGDD value="未提及" nameCN="事故地点" />
      </SGXQ>
      <JDCSYR value="王昌杰" nameCN="机动车所有人" />
      <SFTB value="是" nameCN="是否投保" />
      <SFZBXQN value="是" nameCN="是否在保险期内" />
      <SFXQPF value="是" nameCN="是否先期赔付" />
      <JDSFKK value="是" nameCN="鉴定是否可靠" />
    </CMSSD>
  </AJJBQK>
  <CPFXGC value="本院认为，债务应当清偿。被告王昌杰与被告杨正会系夫妻，本案讼争的借款发生在二被告的夫妻关系存续期间，属于二被告的夫妻共同债务，故对原告请求二被告偿付借款本息的主张，本院予以支持。但《最高人民法院〈关于人民法院审理借贷案件的若干意见〉》第6条规定“民间借贷的利率可以适当高于银行的利率，各地人民法院可根据本地区的实际情况具体掌握，但最高不得超过银行同类贷款利率的四倍（包括利率本数）。超出此限度时，超出部分的利息不予保护”，被告王昌杰向原告借款时约定的利息已超过了中国人民银行同期同类贷款利率的四倍计算的利息，故对原告请求二被告按3％的月利率计付利息的主张，本院只能支持二被告按中国人民银行同期同类贷款利率的四倍向原告计付利息。依照《中华人民共和国民法通则》第一百零八条、《最高人民法院〈关于人民法院审理借贷案件的若干意见〉》第6条、《中华人民共和国民事诉讼法》第六十四条第一款、《最高人民法院关于适用〈中华人民共和国民事诉讼法〉的解释》第九十条之规定，判决如下：&#xA;" nameCN="裁判分析过程">
    <JAFSLX value="判决" nameCN="结案方式类型" />
    <FLFTMC value="中华人民共和国民法通则" nameCN="法律法条名称">
      <TM value="一百零八" nameCN="条目" />
      <SFCXF value="非程序法" nameCN="是否是程序法" />
    </FLFTMC>
    <FLFTMC value="最高人民法院〈关于人民法院审理借贷案件的若干意见〉" nameCN="法律法条名称">
      <TM value="6" nameCN="条目" />
      <SFCXF value="非程序法" nameCN="是否是程序法" />
    </FLFTMC>
    <FLFTMC value="中华人民共和国民事诉讼法" nameCN="法律法条名称">
      <TM value="六十四" nameCN="条目">
        <KM value="第一款" nameCN="款目" />
      </TM>
      <SFCXF value="是程序法" nameCN="是否是程序法" />
    </FLFTMC>
    <FLFTMC value="最高人民法院关于适用〈中华人民共和国民事诉讼法〉的解释" nameCN="法律法条名称">
      <TM value="九十" nameCN="条目" />
      <SFCXF value="是程序法" nameCN="是否是程序法" />
    </FLFTMC>
  </CPFXGC>
  <CPJG value="一、由被告王昌杰、杨正会于本判决发生法律效力之日起十日内共同返还原告刘蔺借款10万元，并同时支付此款从2014年9月28日起至付清此款时止按中国人民银行同期同类贷款利率的四倍计算的利息；&#xA;二、驳回原告刘蔺的其他诉讼请求。&#xA;如果未按本判决指定的期间履行给付金钱义务，应当依照《中华人民共和国民事诉讼法》第二百五十三条之规定，加倍支付迟延履行期间的债务利息。&#xA;案件受理费2300元，减半收取1150元；财产保全申请费1020元，合计2170元，由被告王昌杰、杨正会负担（原告已预交，被告王昌杰、杨正会负担的部分，由被告王昌杰、杨正会在履行本判决时直接支付原告）。&#xA;如不服本判决，可在判决书送达之日起十五日内向本院递交上诉状，并按对方当事人的人数提出副本，上诉于四川省泸州市中级人民法院。&#xA;" nameCN="裁判结果">
    <JAFS value="判决" nameCN="结案方式" />
    <PCSFSXZQ value="正确" nameCN="同时起诉侵权人与保险公司的赔偿顺序" />
    <JTPJJG value="一、由被告王昌杰、杨正会于本判决发生法律效力之日起十日内共同返还原告刘蔺借款10万元，并同时支付此款从2014年9月28日起至付清此款时止按中国人民银行同期同类贷款利率的四倍计算的利息；" nameCN="具体裁判段">
      <QLR value="刘蔺" nameCN="权利人">
        <QLRSSDW value="原告" nameCN="诉讼地位" />
      </QLR>
      <YWR value="王昌杰" nameCN="义务人">
        <YWRSSDW value="被告" nameCN="诉讼地位" />
      </YWR>
      <YWR value="杨正会" nameCN="义务人">
        <YWRSSDW value="被告" nameCN="诉讼地位" />
      </YWR>
      <PJZXQX value="十日" nameCN="判决执行期限" />
      <PJJE nameCN="判决金额">
        <JE value="100000.0元" nameCN="金额" />
        <JELX value="借款" nameCN="金额类型" />
      </PJJE>
    </JTPJJG>
    <JTPJJG value="二、驳回原告刘蔺的其他诉讼请求。" nameCN="具体裁判段" />
    <JTPJJG value="如果未按本判决指定的期间履行给付金钱义务，应当依照《中华人民共和国民事诉讼法》第二百五十三条之规定，加倍支付迟延履行期间的债务利息。" nameCN="具体裁判段" />
    <SSFCD nameCN="诉讼费承担">
      <SSFCDJL value="案件受理费2300元，减半收取1150元；财产保全申请费1020元，合计2170元，由被告王昌杰、杨正会负担（原告已预交，被告王昌杰、杨正会负担的部分，由被告王昌杰、杨正会在履行本判决时直接支付原告）。" nameCN="诉讼费承担记录">
        <SSFJE value="1150元" nameCN="诉讼费金额" />
        <SSFZL value="受理费" nameCN="诉讼费种类" />
        <SSFJE value="1020元" nameCN="诉讼费金额" />
        <SSFZL value="财产保全申请费" nameCN="诉讼费种类" />
        <SSFCDR value="王昌杰" nameCN="承担人">
          <SSFCDJE value="1150元" nameCN="承担金额" />
          <SSFCDFS value="与他人共同承担该金额" nameCN="承担方式" />
          <SSFCDDW value="被告" nameCN="承担人地位" />
        </SSFCDR>
        <SSFCDR value="杨正会" nameCN="承担人">
          <SSFCDJE value="1150元" nameCN="承担金额" />
          <SSFCDFS value="与他人共同承担该金额" nameCN="承担方式" />
          <SSFCDDW value="被告" nameCN="承担人地位" />
        </SSFCDR>
        <SSFCDR value="王昌杰" nameCN="承担人">
          <SSFCDJE value="1150元" nameCN="承担金额" />
          <SSFCDFS value="与他人共同承担该金额" nameCN="承担方式" />
          <SSFCDDW value="被告" nameCN="承担人地位" />
        </SSFCDR>
        <SSFCDR value="杨正会" nameCN="承担人">
          <SSFCDJE value="1150元" nameCN="承担金额" />
          <SSFCDFS value="与他人共同承担该金额" nameCN="承担方式" />
          <SSFCDDW value="被告" nameCN="承担人地位" />
        </SSFCDR>
      </SSFCDJL>
    </SSFCD>
    <SFZCSSQQ value="部分支持部分不支持" nameCN="是否支持诉讼请求" />
    <SBSF value="起诉方" nameCN="胜诉方" />
    <SFFHCS value="否" nameCN="是否发回重审" />
    <KSSZ value="四川省泸州市中级人民法院" nameCN="可上诉至" />
    <SSTJCL value="上诉状，并按对方当事人的人数提出副本" nameCN="上诉提交材料" />
    <SSQX value="十五日" nameCN="上诉期限" />
    <TCGXQYY value="否" nameCN="是否提出管辖权异议" />
  </CPJG>
  <WW value="审判员王锦&#xA;二〇一五年六月三十日&#xA;书记员刘铭&#xA;" nameCN="文尾">
    <SPZZCY nameCN="审判组织成员">
      <SPRYXM value="王锦" nameCN="审判人员姓名" />
      <SPRYJS value="审判员" nameCN="审判人员角色" />
    </SPZZCY>
    <SPZZCY nameCN="审判组织成员">
      <SPRYXM value="刘铭" nameCN="审判人员姓名" />
      <SPRYJS value="书记员" nameCN="审判人员角色" />
    </SPZZCY>
    <CPSJ value="2015年6月30日" nameCN="裁判时间">
      <Year value="2015" nameCN="结案年度" />
      <JANYR value="2015年6月30日" nameCN="结案年月日" />
      <JANY value="2015-6" nameCN="结案年月" />
      <Month value="6" nameCN="月" />
      <Day value="30" nameCN="日" />
    </CPSJ>
  </WW>
  <FL value="" nameCN="附录" />
</QW>

