<?xml version="1.0" encoding="UTF-8"?>
<QW value="北京市顺义区人民法院&#xA;民事判决书&#xA;（2015）顺民初字第1246号&#xA;原告北京福瑞顺峰混凝土有限公司，住所地北京市顺义区大孙各庄镇杜石路1号，组织机构代码75131994-4。&#xA;法定代表人王钢，董事长。&#xA;委托代理人陆亦军，北京朗山律师事务所律师。&#xA;委托代理人阎严，女，1988年3月8日出生。&#xA;被告赵永安，男，1985年3月25日出生。&#xA;原告北京福瑞顺峰混凝土有限公司（以下简称福瑞顺峰公司）诉被告赵永安劳动争议一案，本院受理后，依法组成合议庭，公开开庭进行了审理。原告福瑞顺峰公司的委托代理人陆亦军，被告赵永安到庭参加诉讼。本案现已审理终结。&#xA;原告福瑞顺峰公司诉称：&#xA;我公司因不服仲裁裁决结果的第三、四项提起诉讼。2013年6月1日，我公司与赵永安建立劳动关系，赵永安受聘在我公司任职罐车司机。2014年9月14日，赵永安等罐车司机开始罢工，拒绝出车，并自当日起离岗。之后，我公司在2014年9月底，收到北京市顺义区劳动人事争议仲裁委员会送达的仲裁申请书&#xA;，才得知赵永安自认于2014年9月15日与我公司终止了劳动关系。我公司认为仲裁委关于未签订劳动合同双倍工资差额及解除劳动关系经济补偿金的仲裁裁决结果是错误的。故向法院提起诉讼，请求法院判令：1．我公司无需向赵永安支付2013年7月1日至2014年5月31日期间的未签订劳动合同双倍工资差额及解除劳动关系经济补偿金；2．诉讼费由赵永安承担。&#xA;被告赵永安辩称：我认可仲裁裁决结果。&#xA;经审理查明：&#xA;赵永安原为福瑞顺峰公司员工，于2013年6月1日入职福瑞顺峰公司工作。后，赵永安与福瑞顺峰公司因工资等问题发生争议，赵永安于2014年9月15日向北京市顺义区劳动人事争议仲裁委员会申请仲裁，要求确认双方自2013年6月1日至2014年9月15日存在劳动关系，并要求福瑞顺峰公司支付其工资、解除劳动关系经济补偿金、未签订劳动合同双倍工资差额等多项申请请求。北京市顺义区劳动人事争议仲裁委员会于2014年12月5日作出裁决，确认赵永安与福瑞顺峰公司自2013年6月1日至2014年9月15日存在劳动关系，福瑞顺峰公司支付赵永安2014年8月26日至2014年9月15日期间工资892．12元，未签订劳动合同双倍工资差额12100元，解除劳动关系经济补偿金3998．4元，驳回赵永安的其他申请请求。福瑞顺峰公司不服该仲裁裁决，持诉称理由及请求诉至本院。&#xA;庭审中，福瑞顺峰公司与赵永安均认可双方的劳动关系存续期间为2013年6月1日至2014年9月15日，且均认可2014年8月26日至2014年9月15日期间工资为892．12元。&#xA;就解除劳动关系经济补偿金一节，福瑞顺峰公司提交了王福军书写的事发经过一份，内容为：我是福瑞顺峰公司外聘的车队队长。2014年9月14日早晨5时许，福瑞顺峰公司本应出车运送混凝土的司机、泵工25人突然拒绝出车，经劝解无效致工地停工……为避免工地损失公司临时从其他地方租赁罐车10辆，另聘司机四人顶班……要加注混凝土时遭停工人员阻止……之后停工员工离岗，我代表公司给他们每人都发了督促其回岗工作的短信，但均未回……。赵永安表示对事发经过不清楚，并提交2014年9月15日的录音材料一份，内容为：“王队长，我是曹宝军，我们车队30多名司机在北京福瑞顺峰混凝土有限公司工作，但你们公司拖欠3个月工资，加班严重超时，违反劳动法，根据劳动合同法三十八条之规定，我们司机队30多人今天正式向你公司解除劳动关系，通知你了啊。”赵永安同时表示其在曹宝军所称的30多名司机之列。福瑞顺峰公司对录音材料不认可，称王福军不记得是否接到这样的电话，即便有这个电话，但除了曹宝军之外也没有人和他说过此事。&#xA;福瑞顺峰公司提交工资清单一份，并主张计薪周期为上个月26日至这个月25日，发放工资的时间为下个月的20日。赵永安2014年6月26日至2014年7月25日的工资，应于2014年8月20日发放，但因为2014年年初开始建筑业普遍不景气，故公司没有按时发放工资，之后便出现了2014年9月14日20多人罢工的情况。赵永安对工资清单中所显示的实发数额予以认可，但不认可工资构成，并表示福瑞顺峰公司没有按照工资支付周期向其发放工资，2014年6月26日至2014年8月25日的工资已在其申请仲裁后发放，2014年8月26日至2014年9月15日工资其认可仲裁裁决的数额。&#xA;就未签订劳动合同双倍工资差额一节，赵永安主张福瑞顺峰公司并未与其签订劳动合同，故应向其支付未签订劳动合同双倍工资差额。福瑞顺峰公司表示并没有找到赵永安的劳动合同。&#xA;上述事实，有双方当事人陈述、工资清单、仲裁裁决书、事发经过、录音材料等证据在案佐证，可作为认定事实之依据。&#xA;本院认为：&#xA;赵永安与福瑞顺峰公司均认可双方的劳动关系存续期间为2013年6月1日至2014年9月15日，本院对双方劳动关系存续期间予以确认。&#xA;赵永安与福瑞顺峰公司均认可2014年8月26日至2014年9月15日期间工资为892．12元，本院对赵永安的工资数额予以确认。&#xA;就解除劳动关系经济补偿金一节，用人单位应当按照劳动合同约定和国家规定，向劳动者及时足额支付劳动报酬；用人单位应当至少每月向劳动者支付一次工资；用人单位未及时足额支付劳动报酬的，劳动者可以解除劳动合同，并应当向劳动者支付经济补偿。经济补偿按劳动者在本单位工作的年限，每满一年支付一个月工资的标准向劳动者支付。六个月以上不满一年的，按一年计算；不满六个月的，向劳动者支付半个月工资的经济补偿。本条所称月工资是指劳动者在劳动合同解除或者终止前十二个月的平均工资。本案中，双方均对计薪周期予以认可，福瑞顺峰公司亦认可其并没有在约定的计薪周期内向赵永安支付工资，故福瑞顺峰公司存在未及时支付劳动报酬的情形。赵永安于2014年9月15日向福瑞顺峰公司提出解除劳动关系并于当日申请劳动仲裁，应视为赵永安已经通过合法形式向福瑞顺峰公司提出解除劳动关系，福瑞顺峰公司应承担相应的法律责任，并按照有关规定支付赵永安解除劳动关系经济补偿金，故本院对福瑞顺峰公司的该项诉讼请求不予支持。赵永安认可仲裁委所确定的解除劳动关系经济补偿金数额，该数额不违反法律的相关规定，本院予以确认。&#xA;根据《中华人民共和国劳动合同法》第十条、第八十二条之规定，建立劳动关系，应当订立书面劳动合同；用人单位自用工之日起超过一个月不满一年未与劳动者订立书面劳动合同的，应当向劳动者每月支付二倍的工资。福瑞顺峰公司与赵永安建立劳动关系后未与其订立书面劳动合同，应向赵永安支付未签订劳动合同双倍工资差额，故本院对福瑞顺峰公司的该项诉讼请求不予支持。赵永安虽对福瑞顺峰公司所提交的工资表中的工资构成不予认可，但并没有提供证据证明自己的主张，故本院对工资表的真实性予以采信。赵永安认可仲裁委所确定的未签订劳动合同双倍工资差额的数额，该数额不违反法律的相关规定，本院予以确认。&#xA;综上所述，依照《中华人民共和国劳动合同法》第十条、第三十条、第三十八条、第四十六条、第八十二条，《北京市工资支付规定》第九条之规定，判决如下：&#xA;一、原告北京福瑞顺峰混凝土有限公司与被告赵永安自二○一三年六月一日至二○一四年九月十五日存在劳动关系；&#xA;二、原告北京福瑞顺峰混凝土有限公司支付被告赵永安二○一四年八月二十六日至二○一四年九月十五日期间工资八百九十二元一角二分，于本判决生效之日起七日内执行；&#xA;三、原告北京福瑞顺峰混凝土有限公司支付被告赵永安二○一三年七月一日至二○一四年五月三十一日期间的未签订劳动合同双倍工资差额一万二千一百元，于本判决生效之日起七日内执行；&#xA;四、原告北京福瑞顺峰混凝土有限公司支付被告赵永安解除劳动关系经济补偿金三千九百九十八元四角，于本判决生效之日起七日内执行。&#xA;五、驳回原告北京福瑞顺峰混凝土有限公司的诉讼请求。&#xA;如未按本判决指定的期间履行金钱给付义务，应依照《中华人民共和国民事诉讼法》第二百五十三条之规定，加倍支付迟延履行期间的债务利息。&#xA;案件受理费十元，由原告北京福瑞顺峰混凝土有限公司负担（已交纳）。&#xA;如不服本判决，可在判决书送达之日起十五日内，向本院递交上诉状，并按对方当事人的人数提出副本，交纳上诉案件受理费，上诉于北京市第三中级人民法院。上诉期满后七日内仍未交纳上诉案件受理费的，按自动撤回上诉处理。&#xA;审判长杨娇人民陪审员焦晓卫人民陪审员刘长禄&#xA;二○一五年六月二十六日&#xA;书记员张宏阳&#xA;" nameCN="全文">
  <WS value="北京市顺义区人民法院&#xA;民事判决书&#xA;（2015）顺民初字第1246号&#xA;" nameCN="文首">
    <WSZZDW value="法院" nameCN="文书制作单位" />
    <JBFY value="北京市顺义区人民法院" nameCN="经办法院">
      <FYJB value="基层" nameCN="法院级别" />
      <XZQH_P value="北京" nameCN="行政区划(省)" />
    </JBFY>
    <WSMC value="民事判决书" nameCN="文书名称" />
    <AH value="(2015)顺民初字第1246号" nameCN="案号" />
    <LAND value="2015" nameCN="立案年度" />
    <AJXZ value="民事案件" nameCN="案件性质" />
    <WSZL value="判决书" nameCN="文书种类" />
    <SPCX value="一审案件" nameCN="审判程序" />
    <AJLX value="民事一审案件" nameCN="案件类型" />
  </WS>
  <SSCYRQJ value="原告北京福瑞顺峰混凝土有限公司，住所地北京市顺义区大孙各庄镇杜石路1号，组织机构代码75131994-4。&#xA;法定代表人王钢，董事长。&#xA;委托代理人陆亦军，北京朗山律师事务所律师。&#xA;委托代理人阎严，女，1988年3月8日出生。&#xA;被告赵永安，男，1985年3月25日出生。&#xA;" nameCN="诉讼参与人全集">
    <SSCYR value="原告北京福瑞顺峰混凝土有限公司，住所地北京市顺义区大孙各庄镇杜石路1号，组织机构代码75131994-4。" nameCN="诉讼参与人">
      <SSCYRMC value="北京福瑞顺峰混凝土有限公司" nameCN="诉讼参与人名称" />
      <SSSF value="原告" nameCN="诉讼身份" />
      <SSDW value="原告" nameCN="诉讼地位" />
      <DSRLB value="原告" nameCN="当事人类别" />
      <DSRLX value="法人" nameCN="当事人类型" />
      <DSRDZ value="北京市顺义区大孙各庄镇杜石路1号" nameCN="当事人地址" />
      <DWXZ value="有限责任公司" nameCN="单位性质" />
      <FDDBR value="王钢" nameCN="单位法定代表人" />
    </SSCYR>
    <SSCYR value="法定代表人王钢，董事长。" nameCN="诉讼参与人">
      <SSCYRMC value="王钢" nameCN="诉讼参与人名称" />
      <SSSF value="法定代表人" nameCN="诉讼身份" />
      <DSRLX value="自然人" nameCN="当事人类型" />
      <GJ value="中国" nameCN="国籍" />
      <DWZWFZ nameCN="单位职务分组">
        <ZW value="董事长" nameCN="职务" />
        <DWMC value="北京福瑞顺峰混凝土有限公司" nameCN="单位名称" />
        <DWXZ value="有限责任公司" nameCN="单位性质" />
      </DWZWFZ>
    </SSCYR>
    <SSCYR value="委托代理人陆亦军，北京朗山律师事务所律师。" nameCN="诉讼参与人">
      <SSCYRMC value="陆亦军" nameCN="诉讼参与人名称" />
      <SSSF value="委托代理人" nameCN="诉讼身份" />
      <DSRLX value="自然人" nameCN="当事人类型" />
      <GJ value="中国" nameCN="国籍" />
      <DWZWFZ nameCN="单位职务分组">
        <ZW value="律师" nameCN="职务" />
      </DWZWFZ>
    </SSCYR>
    <SSCYR value="委托代理人阎严，女，1988年3月8日出生。" nameCN="诉讼参与人">
      <SSCYRMC value="阎严" nameCN="诉讼参与人名称" />
      <SSSF value="委托代理人" nameCN="诉讼身份" />
      <DSRLX value="自然人" nameCN="当事人类型" />
      <XB value="女" nameCN="性别" />
      <CSRQ value="1988年3月8日" nameCN="出生日期">
        <Year value="1988" nameCN="年" />
        <Month value="3" nameCN="月" />
        <Day value="8" nameCN="日" />
      </CSRQ>
      <GJ value="中国" nameCN="国籍" />
    </SSCYR>
    <SSCYR value="被告赵永安，男，1985年3月25日出生。" nameCN="诉讼参与人">
      <SSCYRMC value="赵永安" nameCN="诉讼参与人名称" />
      <SSSF value="被告" nameCN="诉讼身份" />
      <SSDW value="被告" nameCN="诉讼地位" />
      <DSRLB value="被告" nameCN="当事人类别" />
      <DSRLX value="自然人" nameCN="当事人类型" />
      <XB value="男" nameCN="性别" />
      <CSRQ value="1985年3月25日" nameCN="出生日期">
        <Year value="1985" nameCN="年" />
        <Month value="3" nameCN="月" />
        <Day value="25" nameCN="日" />
      </CSRQ>
      <GJ value="中国" nameCN="国籍" />
      <DTQK value="到庭" nameCN="到庭情况" />
    </SSCYR>
    <SSCYRQJ value="错误" nameCN="保险公司是否作为被告" />
  </SSCYRQJ>
  <SSJL value="原告北京福瑞顺峰混凝土有限公司（以下简称福瑞顺峰公司）诉被告赵永安劳动争议一案，本院受理后，依法组成合议庭，公开开庭进行了审理。原告福瑞顺峰公司的委托代理人陆亦军，被告赵永安到庭参加诉讼。本案现已审理终结。" nameCN="诉讼记录">
    <YG value="北京福瑞顺峰混凝土有限公司（以下简称福瑞顺峰公司）" nameCN="原告" />
    <BG value="赵永安" nameCN="被告" />
    <AY value="劳动争议" nameCN="案由" />
    <KTSL value="是" nameCN="开庭审理" />
    <KTSLXX value="公开审理" nameCN="开庭审理信息" />
    <WZAY value="劳动争议" nameCN="完整案由" />
    <AYDM value="9462" nameCN="案由代码" />
    <YSAJSYCX value="普通程序" nameCN="一审案件适用程序" />
    <JYZPT value="否" nameCN="简易转普通" />
    <SPZZ value="合议庭" nameCN="审判组织" />
    <YSAJLY value="新收" nameCN="一审案件来源" />
    <CTDSRXX nameCN="出庭当事人信息">
      <CTRXM value="陆亦军" nameCN="出庭人姓名">
        <SSDW value="委托代理人" nameCN="诉讼地位" />
      </CTRXM>
      <CTRXM value="赵永安" nameCN="出庭人姓名">
        <SSDW value="被告" nameCN="诉讼地位" />
      </CTRXM>
    </CTDSRXX>
  </SSJL>
  <AJJBQK value="原告福瑞顺峰公司诉称：&#xA;我公司因不服仲裁裁决结果的第三、四项提起诉讼。2013年6月1日，我公司与赵永安建立劳动关系，赵永安受聘在我公司任职罐车司机。2014年9月14日，赵永安等罐车司机开始罢工，拒绝出车，并自当日起离岗。之后，我公司在2014年9月底，收到北京市顺义区劳动人事争议仲裁委员会送达的仲裁申请书，才得知赵永安自认于2014年9月15日与我公司终止了劳动关系。我公司认为仲裁委关于未签订劳动合同双倍工资差额及解除劳动关系经济补偿金的仲裁裁决结果是错误的。故向法院提起诉讼，请求法院判令：1．我公司无需向赵永安支付2013年7月1日至2014年5月31日期间的未签订劳动合同双倍工资差额及解除劳动关系经济补偿金；2．诉讼费由赵永安承担。&#xA;被告赵永安辩称：我认可仲裁裁决结果。&#xA;经审理查明：&#xA;赵永安原为福瑞顺峰公司员工，于2013年6月1日入职福瑞顺峰公司工作。后，赵永安与福瑞顺峰公司因工资等问题发生争议，赵永安于2014年9月15日向北京市顺义区劳动人事争议仲裁委员会申请仲裁，要求确认双方自2013年6月1日至2014年9月15日存在劳动关系，并要求福瑞顺峰公司支付其工资、解除劳动关系经济补偿金、未签订劳动合同双倍工资差额等多项申请请求。北京市顺义区劳动人事争议仲裁委员会于2014年12月5日作出裁决，确认赵永安与福瑞顺峰公司自2013年6月1日至2014年9月15日存在劳动关系，福瑞顺峰公司支付赵永安2014年8月26日至2014年9月15日期间工资892．12元，未签订劳动合同双倍工资差额12100元，解除劳动关系经济补偿金3998．4元，驳回赵永安的其他申请请求。福瑞顺峰公司不服该仲裁裁决，持诉称理由及请求诉至本院。&#xA;庭审中，福瑞顺峰公司与赵永安均认可双方的劳动关系存续期间为2013年6月1日至2014年9月15日，且均认可2014年8月26日至2014年9月15日期间工资为892．12元。&#xA;就解除劳动关系经济补偿金一节，福瑞顺峰公司提交了王福军书写的事发经过一份，内容为：我是福瑞顺峰公司外聘的车队队长。2014年9月14日早晨5时许，福瑞顺峰公司本应出车运送混凝土的司机、泵工25人突然拒绝出车，经劝解无效致工地停工……为避免工地损失公司临时从其他地方租赁罐车10辆，另聘司机四人顶班……要加注混凝土时遭停工人员阻止……之后停工员工离岗，我代表公司给他们每人都发了督促其回岗工作的短信，但均未回……。赵永安表示对事发经过不清楚，并提交2014年9月15日的录音材料一份，内容为：“王队长，我是曹宝军，我们车队30多名司机在北京福瑞顺峰混凝土有限公司工作，但你们公司拖欠3个月工资，加班严重超时，违反劳动法，根据劳动合同法三十八条之规定，我们司机队30多人今天正式向你公司解除劳动关系，通知你了啊。”赵永安同时表示其在曹宝军所称的30多名司机之列。福瑞顺峰公司对录音材料不认可，称王福军不记得是否接到这样的电话，即便有这个电话，但除了曹宝军之外也没有人和他说过此事。&#xA;福瑞顺峰公司提交工资清单一份，并主张计薪周期为上个月26日至这个月25日，发放工资的时间为下个月的20日。赵永安2014年6月26日至2014年7月25日的工资，应于2014年8月20日发放，但因为2014年年初开始建筑业普遍不景气，故公司没有按时发放工资，之后便出现了2014年9月14日20多人罢工的情况。赵永安对工资清单中所显示的实发数额予以认可，但不认可工资构成，并表示福瑞顺峰公司没有按照工资支付周期向其发放工资，2014年6月26日至2014年8月25日的工资已在其申请仲裁后发放，2014年8月26日至2014年9月15日工资其认可仲裁裁决的数额。&#xA;就未签订劳动合同双倍工资差额一节，赵永安主张福瑞顺峰公司并未与其签订劳动合同，故应向其支付未签订劳动合同双倍工资差额。福瑞顺峰公司表示并没有找到赵永安的劳动合同。&#xA;上述事实，有双方当事人陈述、工资清单、仲裁裁决书、事发经过、录音材料等证据在案佐证，可作为认定事实之依据。&#xA;本院认为：&#xA;赵永安与福瑞顺峰公司均认可双方的劳动关系存续期间为2013年6月1日至2014年9月15日，本院对双方劳动关系存续期间予以确认。&#xA;赵永安与福瑞顺峰公司均认可2014年8月26日至2014年9月15日期间工资为892．12元，本院对赵永安的工资数额予以确认。&#xA;就解除劳动关系经济补偿金一节，用人单位应当按照劳动合同约定和国家规定，向劳动者及时足额支付劳动报酬；用人单位应当至少每月向劳动者支付一次工资；用人单位未及时足额支付劳动报酬的，劳动者可以解除劳动合同，并应当向劳动者支付经济补偿。经济补偿按劳动者在本单位工作的年限，每满一年支付一个月工资的标准向劳动者支付。六个月以上不满一年的，按一年计算；不满六个月的，向劳动者支付半个月工资的经济补偿。本条所称月工资是指劳动者在劳动合同解除或者终止前十二个月的平均工资。本案中，双方均对计薪周期予以认可，福瑞顺峰公司亦认可其并没有在约定的计薪周期内向赵永安支付工资，故福瑞顺峰公司存在未及时支付劳动报酬的情形。赵永安于2014年9月15日向福瑞顺峰公司提出解除劳动关系并于当日申请劳动仲裁，应视为赵永安已经通过合法形式向福瑞顺峰公司提出解除劳动关系，福瑞顺峰公司应承担相应的法律责任，并按照有关规定支付赵永安解除劳动关系经济补偿金，故本院对福瑞顺峰公司的该项诉讼请求不予支持。赵永安认可仲裁委所确定的解除劳动关系经济补偿金数额，该数额不违反法律的相关规定，本院予以确认。&#xA;根据《中华人民共和国劳动合同法》第十条、第八十二条之规定，建立劳动关系，应当订立书面劳动合同；用人单位自用工之日起超过一个月不满一年未与劳动者订立书面劳动合同的，应当向劳动者每月支付二倍的工资。福瑞顺峰公司与赵永安建立劳动关系后未与其订立书面劳动合同，应向赵永安支付未签订劳动合同双倍工资差额，故本院对福瑞顺峰公司的该项诉讼请求不予支持。赵永安虽对福瑞顺峰公司所提交的工资表中的工资构成不予认可，但并没有提供证据证明自己的主张，故本院对工资表的真实性予以采信。赵永安认可仲裁委所确定的未签订劳动合同双倍工资差额的数额，该数额不违反法律的相关规定，本院予以确认。&#xA;" nameCN="案件基本情况">
    <YGSCD value="原告福瑞顺峰公司诉称： 我公司因不服仲裁裁决结果的第三、四项提起诉讼。2013年6月1日，我公司与赵永安建立劳动关系，赵永安受聘在我公司任职罐车司机。2014年9月14日，赵永安等罐车司机开始罢工，拒绝出车，并自当日起离岗。之后，我公司在2014年9月底，收到北京市顺义区劳动人事争议仲裁委员会送达的仲裁申请书，才得知赵永安自认于2014年9月15日与我公司终止了劳动关系。我公司认为仲裁委关于未签订劳动合同双倍工资差额及解除劳动关系经济补偿金的仲裁裁决结果是错误的。故向法院提起诉讼，请求法院判令：1．我公司无需向赵永安支付2013年7月1日至2014年5月31日期间的未签订劳动合同双倍工资差额及解除劳动关系经济补偿金；2．诉讼费由赵永安承担。 " nameCN="原告诉称段" />
    <BGBCD value="被告赵永安辩称：我认可仲裁裁决结果。 " nameCN="被告辩称段" />
    <ZJD value="根据《中华人民共和国劳动合同法》第十条、第八十二条之规定，建立劳动关系，应当订立书面劳动合同；用人单位自用工之日起超过一个月不满一年未与劳动者订立书面劳动合同的，应当向劳动者每月支付二倍的工资。福瑞顺峰公司与赵永安建立劳动关系后未与其订立书面劳动合同，应向赵永安支付未签订劳动合同双倍工资差额，故本院对福瑞顺峰公司的该项诉讼请求不予支持。赵永安虽对福瑞顺峰公司所提交的工资表中的工资构成不予认可，但并没有提供证据证明自己的主张，故本院对工资表的真实性予以采信。赵永安认可仲裁委所确定的未签订劳动合同双倍工资差额的数额，该数额不违反法律的相关规定，本院予以确认。" nameCN="证据段" />
    <CMSSD value="经审理查明：赵永安原为福瑞顺峰公司员工，于2013年6月1日入职福瑞顺峰公司工作。后，赵永安与福瑞顺峰公司因工资等问题发生争议，赵永安于2014年9月15日向北京市顺义区劳动人事争议仲裁委员会申请仲裁，要求确认双方自2013年6月1日至2014年9月15日存在劳动关系，并要求福瑞顺峰公司支付其工资、解除劳动关系经济补偿金、未签订劳动合同双倍工资差额等多项申请请求。北京市顺义区劳动人事争议仲裁委员会于2014年12月5日作出裁决，确认赵永安与福瑞顺峰公司自2013年6月1日至2014年9月15日存在劳动关系，福瑞顺峰公司支付赵永安2014年8月26日至2014年9月15日期间工资892．12元，未签订劳动合同双倍工资差额12100元，解除劳动关系经济补偿金3998．4元，驳回赵永安的其他申请请求。福瑞顺峰公司不服该仲裁裁决，持诉称理由及请求诉至本院。 庭审中，福瑞顺峰公司与赵永安均认可双方的劳动关系存续期间为2013年6月1日至2014年9月15日，且均认可2014年8月26日至2014年9月15日期间工资为892．12元。 就解除劳动关系经济补偿金一节，福瑞顺峰公司提交了王福军书写的事发经过一份，内容为：我是福瑞顺峰公司外聘的车队队长。2014年9月14日早晨5时许，福瑞顺峰公司本应出车运送混凝土的司机、泵工25人突然拒绝出车，经劝解无效致工地停工……为避免工地损失公司临时从其他地方租赁罐车10辆，另聘司机四人顶班……要加注混凝土时遭停工人员阻止……之后停工员工离岗，我代表公司给他们每人都发了督促其回岗工作的短信，但均未回……。赵永安表示对事发经过不清楚，并提交2014年9月15日的录音材料一份，内容为：“王队长，我是曹宝军，我们车队30多名司机在北京福瑞顺峰混凝土有限公司工作，但你们公司拖欠3个月工资，加班严重超时，违反劳动法，根据劳动合同法三十八条之规定，我们司机队30多人今天正式向你公司解除劳动关系，通知你了啊。”赵永安同时表示其在曹宝军所称的30多名司机之列。福瑞顺峰公司对录音材料不认可，称王福军不记得是否接到这样的电话，即便有这个电话，但除了曹宝军之外也没有人和他说过此事。 福瑞顺峰公司提交工资清单一份，并主张计薪周期为上个月26日至这个月25日，发放工资的时间为下个月的20日。赵永安2014年6月26日至2014年7月25日的工资，应于2014年8月20日发放，但因为2014年年初开始建筑业普遍不景气，故公司没有按时发放工资，之后便出现了2014年9月14日20多人罢工的情况。赵永安对工资清单中所显示的实发数额予以认可，但不认可工资构成，并表示福瑞顺峰公司没有按照工资支付周期向其发放工资，2014年6月26日至2014年8月25日的工资已在其申请仲裁后发放，2014年8月26日至2014年9月15日工资其认可仲裁裁决的数额。 就未签订劳动合同双倍工资差额一节，赵永安主张福瑞顺峰公司并未与其签订劳动合同，故应向其支付未签订劳动合同双倍工资差额。福瑞顺峰公司表示并没有找到赵永安的劳动合同。 上述事实，有双方当事人陈述、工资清单、仲裁裁决书、事发经过、录音材料等证据在案佐证，可作为认定事实之依据。 本院认为： 赵永安与福瑞顺峰公司均认可双方的劳动关系存续期间为2013年6月1日至2014年9月15日，本院对双方劳动关系存续期间予以确认。 赵永安与福瑞顺峰公司均认可2014年8月26日至2014年9月15日期间工资为892．12元，本院对赵永安的工资数额予以确认。 就解除劳动关系经济补偿金一节，用人单位应当按照劳动合同约定和国家规定，向劳动者及时足额支付劳动报酬；用人单位应当至少每月向劳动者支付一次工资；用人单位未及时足额支付劳动报酬的，劳动者可以解除劳动合同，并应当向劳动者支付经济补偿。经济补偿按劳动者在本单位工作的年限，每满一年支付一个月工资的标准向劳动者支付。六个月以上不满一年的，按一年计算；不满六个月的，向劳动者支付半个月工资的经济补偿。本条所称月工资是指劳动者在劳动合同解除或者终止前十二个月的平均工资。本案中，双方均对计薪周期予以认可，福瑞顺峰公司亦认可其并没有在约定的计薪周期内向赵永安支付工资，故福瑞顺峰公司存在未及时支付劳动报酬的情形。赵永安于2014年9月15日向福瑞顺峰公司提出解除劳动关系并于当日申请劳动仲裁，应视为赵永安已经通过合法形式向福瑞顺峰公司提出解除劳动关系，福瑞顺峰公司应承担相应的法律责任，并按照有关规定支付赵永安解除劳动关系经济补偿金，故本院对福瑞顺峰公司的该项诉讼请求不予支持。赵永安认可仲裁委所确定的解除劳动关系经济补偿金数额，该数额不违反法律的相关规定，本院予以确认。 " nameCN="查明事实段">
      <SGXQ value="未提及" nameCN="事故详情">
        <SGSJ value="未提及" nameCN="事故时间" />
        <SGDD value="未提及" nameCN="事故地点" />
      </SGXQ>
      <JDCSYR value="赵永安" nameCN="机动车所有人" />
      <GAJGRDYJ value="" nameCN="公安机关认定意见" />
      <SFTB value="是" nameCN="是否投保" />
      <SFZBXQN value="是" nameCN="是否在保险期内" />
      <SFXQPF value="是" nameCN="是否先期赔付" />
      <JDSFKK value="是" nameCN="鉴定是否可靠" />
    </CMSSD>
  </AJJBQK>
  <CPFXGC value="综上所述，依照《中华人民共和国劳动合同法》第十条、第三十条、第三十八条、第四十六条、第八十二条，《北京市工资支付规定》第九条之规定，判决如下：&#xA;" nameCN="裁判分析过程">
    <JAFSLX value="判决" nameCN="结案方式类型" />
    <FLFTMC value="中华人民共和国劳动合同法" nameCN="法律法条名称">
      <TM value="十" nameCN="条目" />
      <TM value="三十" nameCN="条目" />
      <TM value="四十六" nameCN="条目" />
      <TM value="八十二" nameCN="条目" />
      <TM value="三十八" nameCN="条目" />
      <SFCXF value="非程序法" nameCN="是否是程序法" />
    </FLFTMC>
    <FLFTMC value="北京市工资支付规定" nameCN="法律法条名称">
      <TM value="九" nameCN="条目" />
      <SFCXF value="非程序法" nameCN="是否是程序法" />
    </FLFTMC>
  </CPFXGC>
  <CPJG value="一、原告北京福瑞顺峰混凝土有限公司与被告赵永安自二○一三年六月一日至二○一四年九月十五日存在劳动关系；&#xA;二、原告北京福瑞顺峰混凝土有限公司支付被告赵永安二○一四年八月二十六日至二○一四年九月十五日期间工资八百九十二元一角二分，于本判决生效之日起七日内执行；&#xA;三、原告北京福瑞顺峰混凝土有限公司支付被告赵永安二○一三年七月一日至二○一四年五月三十一日期间的未签订劳动合同双倍工资差额一万二千一百元，于本判决生效之日起七日内执行；&#xA;四、原告北京福瑞顺峰混凝土有限公司支付被告赵永安解除劳动关系经济补偿金三千九百九十八元四角，于本判决生效之日起七日内执行。&#xA;五、驳回原告北京福瑞顺峰混凝土有限公司的诉讼请求。&#xA;如未按本判决指定的期间履行金钱给付义务，应依照《中华人民共和国民事诉讼法》第二百五十三条之规定，加倍支付迟延履行期间的债务利息。&#xA;案件受理费十元，由原告北京福瑞顺峰混凝土有限公司负担（已交纳）。&#xA;如不服本判决，可在判决书送达之日起十五日内，向本院递交上诉状，并按对方当事人的人数提出副本，交纳上诉案件受理费，上诉于北京市第三中级人民法院。上诉期满后七日内仍未交纳上诉案件受理费的，按自动撤回上诉处理。&#xA;" nameCN="裁判结果">
    <JAFS value="判决" nameCN="结案方式" />
    <PCSFSXZQ value="正确" nameCN="同时起诉侵权人与保险公司的赔偿顺序" />
    <JTPJJG value="一、原告北京福瑞顺峰混凝土有限公司与被告赵永安自二○一三年六月一日至二○一四年九月十五日存在劳动关系；" nameCN="具体裁判段" />
    <JTPJJG value="二、原告北京福瑞顺峰混凝土有限公司支付被告赵永安二○一四年八月二十六日至二○一四年九月十五日期间工资八百九十二元一角二分，于本判决生效之日起七日内执行；" nameCN="具体裁判段">
      <QLR value="赵永安" nameCN="权利人">
        <QLRSSDW value="被告" nameCN="诉讼地位" />
      </QLR>
      <YWR value="北京福瑞顺峰混凝土有限公司" nameCN="义务人">
        <YWRSSDW value="原告" nameCN="诉讼地位" />
      </YWR>
      <PJZXQX value="七日" nameCN="判决执行期限" />
    </JTPJJG>
    <JTPJJG value="三、原告北京福瑞顺峰混凝土有限公司支付被告赵永安二○一三年七月一日至二○一四年五月三十一日期间的未签订劳动合同双倍工资差额一万二千一百元，于本判决生效之日起七日内执行；" nameCN="具体裁判段">
      <QLR value="赵永安" nameCN="权利人">
        <QLRSSDW value="被告" nameCN="诉讼地位" />
      </QLR>
      <YWR value="北京福瑞顺峰混凝土有限公司" nameCN="义务人">
        <YWRSSDW value="原告" nameCN="诉讼地位" />
      </YWR>
      <PJZXQX value="七日" nameCN="判决执行期限" />
    </JTPJJG>
    <JTPJJG value="四、原告北京福瑞顺峰混凝土有限公司支付被告赵永安解除劳动关系经济补偿金三千九百九十八元四角，于本判决生效之日起七日内执行。" nameCN="具体裁判段">
      <QLR value="赵永安" nameCN="权利人">
        <QLRSSDW value="被告" nameCN="诉讼地位" />
      </QLR>
      <YWR value="北京福瑞顺峰混凝土有限公司" nameCN="义务人">
        <YWRSSDW value="原告" nameCN="诉讼地位" />
      </YWR>
      <PJZXQX value="七日" nameCN="判决执行期限" />
    </JTPJJG>
    <JTPJJG value="五、驳回原告北京福瑞顺峰混凝土有限公司的诉讼请求。" nameCN="具体裁判段" />
    <JTPJJG value="如未按本判决指定的期间履行金钱给付义务，应依照《中华人民共和国民事诉讼法》第二百五十三条之规定，加倍支付迟延履行期间的债务利息。" nameCN="具体裁判段" />
    <SSFCD nameCN="诉讼费承担">
      <SSFCDJL value="案件受理费十元，由原告北京福瑞顺峰混凝土有限公司负担（已交纳）。" nameCN="诉讼费承担记录">
        <SSFJE value="10元" nameCN="诉讼费金额" />
        <SSFZL value="受理费" nameCN="诉讼费种类" />
        <SSFCDR value="北京福瑞顺峰混凝土有限公司" nameCN="承担人">
          <SSFCDJE value="10元" nameCN="承担金额" />
          <SSFCDFS value="个人独立承担该金额" nameCN="承担方式" />
          <SSFCDDW value="原告" nameCN="承担人地位" />
        </SSFCDR>
      </SSFCDJL>
    </SSFCD>
    <SFFHCS value="否" nameCN="是否发回重审" />
    <KSSZ value="北京市第三中级人民法院" nameCN="可上诉至" />
    <SSTJCL value="上诉状，并按对方当事人的人数提出副本" nameCN="上诉提交材料" />
    <SSQX value="十五日" nameCN="上诉期限" />
    <TCGXQYY value="否" nameCN="是否提出管辖权异议" />
  </CPJG>
  <WW value="审判长杨娇人民陪审员焦晓卫人民陪审员刘长禄&#xA;二○一五年六月二十六日&#xA;书记员张宏阳&#xA;&#xA;审判长杨娇&#xA;人民陪审员焦晓卫&#xA;人民陪审员刘长禄&#xA;" nameCN="文尾">
    <SPZZCY nameCN="审判组织成员">
      <SPRYXM value="杨娇" nameCN="审判人员姓名" />
      <SPRYJS value="审判长" nameCN="审判人员角色" />
    </SPZZCY>
    <SPZZCY nameCN="审判组织成员">
      <SPRYXM value="张宏阳" nameCN="审判人员姓名" />
      <SPRYJS value="书记员" nameCN="审判人员角色" />
    </SPZZCY>
    <SPZZCY nameCN="审判组织成员">
      <SPRYXM value="焦晓卫" nameCN="审判人员姓名" />
      <SPRYJS value="人民陪审员" nameCN="审判人员角色" />
    </SPZZCY>
    <SPZZCY nameCN="审判组织成员">
      <SPRYXM value="刘长禄" nameCN="审判人员姓名" />
      <SPRYJS value="人民陪审员" nameCN="审判人员角色" />
    </SPZZCY>
    <CPSJ value="2015年6月26日" nameCN="裁判时间">
      <Year value="2015" nameCN="结案年度" />
      <JANYR value="2015年6月26日" nameCN="结案年月日" />
      <JANY value="2015-6" nameCN="结案年月" />
      <Month value="6" nameCN="月" />
      <Day value="26" nameCN="日" />
    </CPSJ>
  </WW>
  <FL value="" nameCN="附录" />
</QW>

