<?xml version="1.0" encoding="UTF-8"?>
<QW value="&#xA;北京市朝阳区人民法院&#xA;民事判决书&#xA;（2014）朝民初字第17899号&#xA;原告北京城承物业管理有限责任公司，住所地北京市海淀区丹棱街16号海兴大厦C座616。&#xA;法定代表人彭明林，董事长。&#xA;委托代理人陈昆，女，1982年8月4日出生。&#xA;被告王金建，男，1971年7月21日出生，公民身份号码：×××。&#xA;原告北京城承物业管理有限责任公司（下称原告）诉被告王金建（下称被告）供用热力合同纠纷一案，本院受理后依法由代理审判员杨静独任审判，公开开庭进行了审理。原告之委托代理人陈昆、被告均到庭参加了诉讼。本案现已审理终结。&#xA;原告诉称：被告于2003年2月17日入住北京市朝阳区北苑家园清友园X号楼2304室，入住时被告与我公司签订了《供暖协议书》，但被告没有按照规定缴纳供暖费，故特诉至法院要求依法判令被告缴纳2009年11月15日到2011年3月15日、2012年11月15日到2015年3月15日五个供暖季的供暖费19101元、滞纳金1500元（每年500元估算了3年）。&#xA;被告辩称：我2009年至2010年度的供暖费已缴（有收据为证），但原告却将其作为起诉理由之一，我认为原告属于恶意诬告，且管理混乱，存在向业主重复收费、乱收费的现象，其提供的欠费记录不足采信。原告在起诉状中将2014年至2015年度的供暖费也作为理由之一，事实上本年度供暖季还没有开始，更没有结束，根本不存在欠缴的问题，因此我认为原告系恶意诬告。综上，我保留对原告恶意诬告进行起诉的权利，请求依法驳回原告的诉讼请求，并由原告承担本案的诉讼费。&#xA;经审理查明：被告系北京市朝阳区北苑家园清友园X号楼2304号房屋的业主（该房屋建筑面积127．34平方米）。原告采用天然气以集中供热方式为北京市朝阳区北苑家园小区提供冬季供暖。&#xA;2003年2月17日，原告（甲方）与被告（乙方）就该房屋签订《供暖协议书》，约定被告住房由原告负责供暖，被告同意按北京市政府规定的收费标准，每年一次性向原告交清本年度全冬的供暖费。居民用户标准为每平方米建筑面积30元。被告于每年3月15日为交费起始日期，原告同意以现金或支票方式一次性结算供暖费，如超过期限按日累计加收1％的滞纳金。&#xA;协议签订后，原告按约定提供了供暖服务。现原告主张被告欠付2009年11月15日到2011年3月15日、2012年11月15日至2015年3月15日共计五个供暖季的供暖费，被告提交了票据两张（时间分别为2007年12月31日缴纳了2007年到2008年度供暖费3820元；2009年11月29日缴纳供暖费3820元，未标注缴费年度），并就此认为已经缴纳了2009至2010年度供暖费；原告对票据真实性认可，认可被告交纳了2007至2008年度供暖费，但不认可被告交纳了2009年到2010年度供暖费，认为第二张票据是被告交纳的2008年到2009年度供暖费。原告提交了公司收费明细账以证明被告缴费情况，根据该账目记载显示被告所提交的第二张票据为被告交纳的2008年至2009年度供暖费；被告认为根据该账目记录都是每年11月份左右缴纳本年到下一年度的供暖费，所以其手中所持票据即应为交纳的2009至2010年度的供暖费，且账目中记录了其已经交纳了2008年至2009年度供暖费，不应再重复收费。被告未提供2007年至2009年期间缴费的连续票据。&#xA;上述事实有当事人陈述、供暖协议书、收据等相关证据在案佐证。&#xA;本院认为：原告与被告签订《供暖协议书》系双方真实意思表示，合法有效，双方应当遵守。原告已按照约定提供了供暖服务，被告即应当给付供暖费用。被告辩称2014年至2015年度供暖尚未实际发生，但依据《供暖协议书》约定被告应于每年供暖季前提前缴纳；被告辩称已经缴纳了2009年至2010年供暖费，但被告并未提供2007年至2009年期间缴费的连续票据，而原告提交之台账详细记录了被告之缴费情况，故对被告之抗辩，本院不予采信。原告要求被告给付拖欠供暖费之诉讼请求，合法有据，本院予以支持。关于滞纳金的请求，考虑供暖案件的情况，本院不予支持。&#xA;综上，依据《中华人民共和国合同法》第六十条、第一百八十二条、第一百八十四条之规定，判决如下：&#xA;一、被告王金建于本判决生效之起七日内支付原告北京城承物业管理有限责任公司供暖费二ОО九年十一月十五日至二О一一年三月十五日、二О一二年十一月十五日到二О一五年三月十五日五个供暖季供暖费共计一万九千一百零一元。&#xA;二、驳回原告北京城承物业管理有限责任公司的其他诉讼请求。&#xA;如果未按本判决指定的期间履行给付金钱义务，应当依照《中华人民共和国民事诉讼法》第二百五十三条之规定，加倍支付延迟履行期间的债务利息。&#xA;案件受理费一百五十八元，由被告王金建负担（原告已交纳，被告于本判决生效之日起七日内直接给付原告）。&#xA;如不服本判决，可在判决书送达之日起十五日内，向本院递交上诉状，并按对方当事人的人数提出副本，预交上诉案件受理费，上诉于北京市第三中级人民法院。&#xA;代理审判员杨静&#xA;二〇一四年六月十六日&#xA;书记员柳叶&#xA;" nameCN="全文">
  <WS value="北京市朝阳区人民法院&#xA;民事判决书&#xA;（2014）朝民初字第17899号&#xA;" nameCN="文首">
    <WSZZDW value="法院" nameCN="文书制作单位" />
    <JBFY value="北京市朝阳区人民法院" nameCN="经办法院">
      <FYJB value="基层" nameCN="法院级别" />
      <XZQH_P value="北京" nameCN="行政区划(省)" />
    </JBFY>
    <WSMC value="民事判决书" nameCN="文书名称" />
    <AH value="(2014)朝民初字第17899号" nameCN="案号" />
    <LAND value="2014" nameCN="立案年度" />
    <AJXZ value="民事案件" nameCN="案件性质" />
    <WSZL value="判决书" nameCN="文书种类" />
    <SPCX value="一审案件" nameCN="审判程序" />
    <AJLX value="民事一审案件" nameCN="案件类型" />
  </WS>
  <SSCYRQJ value="原告北京城承物业管理有限责任公司，住所地北京市海淀区丹棱街16号海兴大厦C座616。&#xA;法定代表人彭明林，董事长。&#xA;委托代理人陈昆，女，1982年8月4日出生。&#xA;被告王金建，男，1971年7月21日出生，公民身份号码：×××。&#xA;" nameCN="诉讼参与人全集">
    <SSCYR value="原告北京城承物业管理有限责任公司，住所地北京市海淀区丹棱街16号海兴大厦C座616。" nameCN="诉讼参与人">
      <SSCYRMC value="北京城承物业管理有限责任公司" nameCN="诉讼参与人名称" />
      <SSSF value="原告" nameCN="诉讼身份" />
      <SSDW value="原告" nameCN="诉讼地位" />
      <DSRLB value="原告" nameCN="当事人类别" />
      <DSRLX value="法人" nameCN="当事人类型" />
      <DSRDZ value="北京市海淀区丹棱街16号海兴大厦C座616" nameCN="当事人地址" />
      <DWXZ value="有限责任公司" nameCN="单位性质" />
      <FDDBR value="彭明林" nameCN="单位法定代表人" />
    </SSCYR>
    <SSCYR value="法定代表人彭明林，董事长。" nameCN="诉讼参与人">
      <SSCYRMC value="彭明林" nameCN="诉讼参与人名称" />
      <SSSF value="法定代表人" nameCN="诉讼身份" />
      <DSRLX value="自然人" nameCN="当事人类型" />
      <GJ value="中国" nameCN="国籍" />
      <DWZWFZ nameCN="单位职务分组">
        <ZW value="董事长" nameCN="职务" />
        <DWMC value="北京城承物业管理有限责任公司" nameCN="单位名称" />
        <DWXZ value="有限责任公司" nameCN="单位性质" />
      </DWZWFZ>
    </SSCYR>
    <SSCYR value="委托代理人陈昆，女，1982年8月4日出生。" nameCN="诉讼参与人">
      <SSCYRMC value="陈昆" nameCN="诉讼参与人名称" />
      <SSSF value="委托代理人" nameCN="诉讼身份" />
      <DSRLX value="自然人" nameCN="当事人类型" />
      <XB value="女" nameCN="性别" />
      <CSRQ value="1982年8月4日" nameCN="出生日期">
        <Year value="1982" nameCN="年" />
        <Month value="8" nameCN="月" />
        <Day value="4" nameCN="日" />
      </CSRQ>
      <GJ value="中国" nameCN="国籍" />
      <DTQK value="到庭" nameCN="到庭情况" />
    </SSCYR>
    <SSCYR value="被告王金建，男，1971年7月21日出生，公民身份号码：×××。" nameCN="诉讼参与人">
      <SSCYRMC value="王金建" nameCN="诉讼参与人名称" />
      <SSSF value="被告" nameCN="诉讼身份" />
      <SSDW value="被告" nameCN="诉讼地位" />
      <DSRLB value="被告" nameCN="当事人类别" />
      <DSRLX value="自然人" nameCN="当事人类型" />
      <XB value="男" nameCN="性别" />
      <CSRQ value="1971年7月21日" nameCN="出生日期">
        <Year value="1971" nameCN="年" />
        <Month value="7" nameCN="月" />
        <Day value="21" nameCN="日" />
      </CSRQ>
      <GJ value="中国" nameCN="国籍" />
    </SSCYR>
    <SSCYRQJ value="错误" nameCN="保险公司是否作为被告" />
  </SSCYRQJ>
  <SSJL value="原告北京城承物业管理有限责任公司（下称原告）诉被告王金建（下称被告）供用热力合同纠纷一案，本院受理后依法由代理审判员杨静独任审判，公开开庭进行了审理。原告之委托代理人陈昆、被告均到庭参加了诉讼。本案现已审理终结。" nameCN="诉讼记录">
    <YG value="北京城承物业管理有限责任公司（下称原告）" nameCN="原告" />
    <BG value="王金建（下称被告）" nameCN="被告" />
    <AY value="供用热力合同纠纷" nameCN="案由" />
    <KTSL value="是" nameCN="开庭审理" />
    <KTSLXX value="公开审理" nameCN="开庭审理信息" />
    <WZAY value="供用热力合同纠纷" nameCN="完整案由" />
    <AYDM value="9173" nameCN="案由代码" />
    <YSAJSYCX value="普通程序" nameCN="一审案件适用程序" />
    <JYZPT value="否" nameCN="简易转普通" />
    <YSAJLY value="新收" nameCN="一审案件来源" />
    <CTDSRXX nameCN="出庭当事人信息">
      <CTRXM value="陈昆" nameCN="出庭人姓名">
        <SSDW value="委托代理人" nameCN="诉讼地位" />
      </CTRXM>
    </CTDSRXX>
  </SSJL>
  <AJJBQK value="原告诉称：被告于2003年2月17日入住北京市朝阳区北苑家园清友园X号楼2304室，入住时被告与我公司签订了《供暖协议书》，但被告没有按照规定缴纳供暖费，故特诉至法院要求依法判令被告缴纳2009年11月15日到2011年3月15日、2012年11月15日到2015年3月15日五个供暖季的供暖费19101元、滞纳金1500元（每年500元估算了3年）。&#xA;被告辩称：我2009年至2010年度的供暖费已缴（有收据为证），但原告却将其作为起诉理由之一，我认为原告属于恶意诬告，且管理混乱，存在向业主重复收费、乱收费的现象，其提供的欠费记录不足采信。原告在起诉状中将2014年至2015年度的供暖费也作为理由之一，事实上本年度供暖季还没有开始，更没有结束，根本不存在欠缴的问题，因此我认为原告系恶意诬告。综上，我保留对原告恶意诬告进行起诉的权利，请求依法驳回原告的诉讼请求，并由原告承担本案的诉讼费。&#xA;经审理查明：被告系北京市朝阳区北苑家园清友园X号楼2304号房屋的业主（该房屋建筑面积127．34平方米）。原告采用天然气以集中供热方式为北京市朝阳区北苑家园小区提供冬季供暖。&#xA;2003年2月17日，原告（甲方）与被告（乙方）就该房屋签订《供暖协议书》，约定被告住房由原告负责供暖，被告同意按北京市政府规定的收费标准，每年一次性向原告交清本年度全冬的供暖费。居民用户标准为每平方米建筑面积30元。被告于每年3月15日为交费起始日期，原告同意以现金或支票方式一次性结算供暖费，如超过期限按日累计加收1％的滞纳金。&#xA;协议签订后，原告按约定提供了供暖服务。现原告主张被告欠付2009年11月15日到2011年3月15日、2012年11月15日至2015年3月15日共计五个供暖季的供暖费，被告提交了票据两张（时间分别为2007年12月31日缴纳了2007年到2008年度供暖费3820元；2009年11月29日缴纳供暖费3820元，未标注缴费年度），并就此认为已经缴纳了2009至2010年度供暖费；原告对票据真实性认可，认可被告交纳了2007至2008年度供暖费，但不认可被告交纳了2009年到2010年度供暖费，认为第二张票据是被告交纳的2008年到2009年度供暖费。原告提交了公司收费明细账以证明被告缴费情况，根据该账目记载显示被告所提交的第二张票据为被告交纳的2008年至2009年度供暖费；被告认为根据该账目记录都是每年11月份左右缴纳本年到下一年度的供暖费，所以其手中所持票据即应为交纳的2009至2010年度的供暖费，且账目中记录了其已经交纳了2008年至2009年度供暖费，不应再重复收费。被告未提供2007年至2009年期间缴费的连续票据。&#xA;上述事实有当事人陈述、供暖协议书、收据等相关证据在案佐证。&#xA;" nameCN="案件基本情况">
    <YGSCD value="原告诉称：被告于2003年2月17日入住北京市朝阳区北苑家园清友园X号楼2304室，入住时被告与我公司签订了《供暖协议书》，但被告没有按照规定缴纳供暖费，故特诉至法院要求依法判令被告缴纳2009年11月15日到2011年3月15日、2012年11月15日到2015年3月15日五个供暖季的供暖费19101元、滞纳金1500元（每年500元估算了3年）。 " nameCN="原告诉称段" />
    <BGBCD value="被告辩称：我2009年至2010年度的供暖费已缴（有收据为证），但原告却将其作为起诉理由之一，我认为原告属于恶意诬告，且管理混乱，存在向业主重复收费、乱收费的现象，其提供的欠费记录不足采信。原告在起诉状中将2014年至2015年度的供暖费也作为理由之一，事实上本年度供暖季还没有开始，更没有结束，根本不存在欠缴的问题，因此我认为原告系恶意诬告。综上，我保留对原告恶意诬告进行起诉的权利，请求依法驳回原告的诉讼请求，并由原告承担本案的诉讼费。 " nameCN="被告辩称段" />
    <ZJD value="上述事实有当事人陈述、供暖协议书、收据等相关证据在案佐证。" nameCN="证据段" />
    <CMSSD value="经审理查明：被告系北京市朝阳区北苑家园清友园X号楼2304号房屋的业主（该房屋建筑面积127．34平方米）。原告采用天然气以集中供热方式为北京市朝阳区北苑家园小区提供冬季供暖。2003年2月17日，原告（甲方）与被告（乙方）就该房屋签订《供暖协议书》，约定被告住房由原告负责供暖，被告同意按北京市政府规定的收费标准，每年一次性向原告交清本年度全冬的供暖费。居民用户标准为每平方米建筑面积30元。被告于每年3月15日为交费起始日期，原告同意以现金或支票方式一次性结算供暖费，如超过期限按日累计加收1％的滞纳金。 协议签订后，原告按约定提供了供暖服务。现原告主张被告欠付2009年11月15日到2011年3月15日、2012年11月15日至2015年3月15日共计五个供暖季的供暖费，被告提交了票据两张（时间分别为2007年12月31日缴纳了2007年到2008年度供暖费3820元；2009年11月29日缴纳供暖费3820元，未标注缴费年度），并就此认为已经缴纳了2009至2010年度供暖费；原告对票据真实性认可，认可被告交纳了2007至2008年度供暖费，但不认可被告交纳了2009年到2010年度供暖费，认为第二张票据是被告交纳的2008年到2009年度供暖费。原告提交了公司收费明细账以证明被告缴费情况，根据该账目记载显示被告所提交的第二张票据为被告交纳的2008年至2009年度供暖费；被告认为根据该账目记录都是每年11月份左右缴纳本年到下一年度的供暖费，所以其手中所持票据即应为交纳的2009至2010年度的供暖费，且账目中记录了其已经交纳了2008年至2009年度供暖费，不应再重复收费。被告未提供2007年至2009年期间缴费的连续票据。 " nameCN="查明事实段">
      <SGXQ value="现原告主张被告欠付2009年11月15日到2011年3月15日、2012年11月15日至2015年3月15日共计五个供暖季的供暖费，被告提交了票据两张（时间分别为2007年12月31日缴纳了2007年到2008年度供暖费3820元；2009年11月29日缴纳供暖费3820元，未标注缴费年度），并就此认为已经缴纳了2009至2010年度供暖费；原告对票据真实性认可，认可被告交纳了2007至2008年度供暖费，但不认可被告交纳了2009年到2010年度供暖费，认为第二张票据是被告交纳的2008年到2009年度供暖费。" nameCN="事故详情">
        <SGSJ value="现原告主张被告欠付2009年11月15日到2011年3月15日、2012年11月15日至2015年3月15日共计五个供暖季的供暖费" nameCN="事故时间" />
        <SGDD value="未提及" nameCN="事故地点" />
      </SGXQ>
      <JDCSYR value="王金建" nameCN="机动车所有人" />
      <SFTB value="是" nameCN="是否投保" />
      <SFZBXQN value="是" nameCN="是否在保险期内" />
      <SFXQPF value="是" nameCN="是否先期赔付" />
      <SJZCQK value="五个供暖季的供暖费，被告提交了票据两张（时间分别为2007年12月31日缴纳了2007年到2008年度供暖费3820元" nameCN="实际支出情况" />
      <JDSFKK value="是" nameCN="鉴定是否可靠" />
    </CMSSD>
  </AJJBQK>
  <CPFXGC value="本院认为：原告与被告签订《供暖协议书》系双方真实意思表示，合法有效，双方应当遵守。原告已按照约定提供了供暖服务，被告即应当给付供暖费用。被告辩称2014年至2015年度供暖尚未实际发生，但依据《供暖协议书》约定被告应于每年供暖季前提前缴纳；被告辩称已经缴纳了2009年至2010年供暖费，但被告并未提供2007年至2009年期间缴费的连续票据，而原告提交之台账详细记录了被告之缴费情况，故对被告之抗辩，本院不予采信。原告要求被告给付拖欠供暖费之诉讼请求，合法有据，本院予以支持。关于滞纳金的请求，考虑供暖案件的情况，本院不予支持。&#xA;综上，依据《中华人民共和国合同法》第六十条、第一百八十二条、第一百八十四条之规定，判决如下：&#xA;" nameCN="裁判分析过程">
    <JAFSLX value="判决" nameCN="结案方式类型" />
    <FLFTMC value="中华人民共和国合同法" nameCN="法律法条名称">
      <TM value="一百八十四" nameCN="条目" />
      <TM value="一百八十二" nameCN="条目" />
      <TM value="六十" nameCN="条目" />
      <SFCXF value="非程序法" nameCN="是否是程序法" />
    </FLFTMC>
  </CPFXGC>
  <CPJG value="一、被告王金建于本判决生效之起七日内支付原告北京城承物业管理有限责任公司供暖费二ОО九年十一月十五日至二О一一年三月十五日、二О一二年十一月十五日到二О一五年三月十五日五个供暖季供暖费共计一万九千一百零一元。&#xA;二、驳回原告北京城承物业管理有限责任公司的其他诉讼请求。&#xA;如果未按本判决指定的期间履行给付金钱义务，应当依照《中华人民共和国民事诉讼法》第二百五十三条之规定，加倍支付延迟履行期间的债务利息。&#xA;案件受理费一百五十八元，由被告王金建负担（原告已交纳，被告于本判决生效之日起七日内直接给付原告）。&#xA;如不服本判决，可在判决书送达之日起十五日内，向本院递交上诉状，并按对方当事人的人数提出副本，预交上诉案件受理费，上诉于北京市第三中级人民法院。&#xA;" nameCN="裁判结果">
    <JAFS value="判决" nameCN="结案方式" />
    <PCSFSXZQ value="正确" nameCN="同时起诉侵权人与保险公司的赔偿顺序" />
    <JTPJJG value="一、被告王金建于本判决生效之起七日内支付原告北京城承物业管理有限责任公司供暖费二ОО九年十一月十五日至二О一一年三月十五日、二О一二年十一月十五日到二О一五年三月十五日五个供暖季供暖费共计一万九千一百零一元。" nameCN="具体裁判段">
      <QLR value="北京城承物业管理有限责任公司" nameCN="权利人">
        <QLRSSDW value="原告" nameCN="诉讼地位" />
      </QLR>
      <YWR value="王金建" nameCN="义务人">
        <YWRSSDW value="被告" nameCN="诉讼地位" />
      </YWR>
    </JTPJJG>
    <JTPJJG value="二、驳回原告北京城承物业管理有限责任公司的其他诉讼请求。" nameCN="具体裁判段" />
    <JTPJJG value="如果未按本判决指定的期间履行给付金钱义务，应当依照《中华人民共和国民事诉讼法》第二百五十三条之规定，加倍支付延迟履行期间的债务利息。" nameCN="具体裁判段" />
    <SSFCD nameCN="诉讼费承担">
      <SSFCDJL value="案件受理费一百五十八元，由被告王金建负担（原告已交纳，被告于本判决生效之日起七日内直接给付原告）。" nameCN="诉讼费承担记录">
        <SSFJE value="158元" nameCN="诉讼费金额" />
        <SSFZL value="受理费" nameCN="诉讼费种类" />
        <SSFCDR value="王金建" nameCN="承担人">
          <SSFCDJE value="158元" nameCN="承担金额" />
          <SSFCDFS value="个人独立承担该金额" nameCN="承担方式" />
          <SSFCDDW value="被告" nameCN="承担人地位" />
        </SSFCDR>
      </SSFCDJL>
    </SSFCD>
    <SFZCSSQQ value="部分支持部分不支持" nameCN="是否支持诉讼请求" />
    <SBSF value="起诉方" nameCN="胜诉方" />
    <SFFHCS value="否" nameCN="是否发回重审" />
    <KSSZ value="北京市第三中级人民法院" nameCN="可上诉至" />
    <SSTJCL value="上诉状，并按对方当事人的人数提出副本" nameCN="上诉提交材料" />
    <SSQX value="十五日" nameCN="上诉期限" />
    <TCGXQYY value="否" nameCN="是否提出管辖权异议" />
  </CPJG>
  <WW value="代理审判员杨静&#xA;二〇一四年六月十六日&#xA;书记员柳叶&#xA;" nameCN="文尾">
    <SPZZCY nameCN="审判组织成员">
      <SPRYXM value="杨静" nameCN="审判人员姓名" />
      <SPRYJS value="代理审判员" nameCN="审判人员角色" />
    </SPZZCY>
    <SPZZCY nameCN="审判组织成员">
      <SPRYXM value="柳叶" nameCN="审判人员姓名" />
      <SPRYJS value="书记员" nameCN="审判人员角色" />
    </SPZZCY>
    <CPSJ value="2014年6月16日" nameCN="裁判时间">
      <Year value="2014" nameCN="结案年度" />
      <JANYR value="2014年6月16日" nameCN="结案年月日" />
      <JANY value="2014-6" nameCN="结案年月" />
      <Month value="6" nameCN="月" />
      <Day value="16" nameCN="日" />
    </CPSJ>
  </WW>
  <FL value="" nameCN="附录" />
</QW>

