<?xml version="1.0" encoding="UTF-8"?>
<QW value="北京市朝阳区人民法院&#xA;民事判决书&#xA;（2015）朝民初字第36212号&#xA;原告北京东方光大安装工程集团有限公司，住所地北京市平谷区金海角科技园区。&#xA;法定代表人贾志学，董事长。&#xA;委托代理人杨玲，女，1974年5月2日出生。&#xA;被告张晓东，男，1974年7月5日出生。&#xA;委托代理人许振佳，北京履厚律师事务所律师。&#xA;原告北京东方光大安装工程集团有限公司（下称原告）与被告张晓东（下称被告）劳动争议一案，本院受理后，依法由代理审判员陈云独任审判，公开开庭进行了审理。原告之委托代理人杨玲，被告之委托代理人许振佳到庭参加了诉讼。本案现已审理终结。&#xA;原告诉称：2002年5月6日至2015年1月22日期间原、被告系临时雇佣关系，也就是以完成一定工作任务为期限的劳动合同关系。仲裁裁决原告支付被告工资和解除劳动关系的经济补偿金等均缺乏事实和法律依据。综上，请求法院判决：1、确认2002年5月6日至2015年1月22日期间双方没有连续性劳动关系。2、原告不支付被告2014年1月1日至2014年2月28日工资12000元。3、原告不支付被告2014年4月1日至2014年6月30日工资18000元。4、原告不支付被告2014年12月1日至2015年2月28日工资18000元。5、原告不支付被告解除劳动关系经济补偿金45000元。6、原告不支付被告未依法休年假工资26482．76元。7、原告不支付被告未缴纳失业保险一次性生活补助费7632元及未缴纳养老保险赔偿金14394．8元。&#xA;被告辩称：不同意原告的请求，认可2014年的工资已结清，拖欠的工资是2015年1、2月工资。仲裁裁决后，我未起诉，同意仲裁结果。&#xA;经审理查明：被告主张于2002年5月6日入职原告处，岗位为电工，月工资6000元，无固定发薪日，一般年底结算当年工资，年中亦会支付，离职前十二个月平均工资6000元。原告主张被告是临时工，有活儿就找被告，按天结算工资，不是长期的劳动关系。原告对于被告的工作时间、岗位、工资支付记录和离职时间和原因等均未举证。&#xA;被告主张原告未支付其2015年1月和2月工资，2015年3月9日其向原告邮寄了《解除劳动关系通知书》，解除理由为“未提供劳动保护、劳动条件；未及时足额支付劳动报酬；未依法为劳动者缴纳社会保险”，提交了解除劳动关系通知书、快递单和查询结果予以证明。原告不认可收到《解除劳动关系通知书》，主张2014年12月31日之后被告就不来了，系自动离职，但未举证。&#xA;被告提交户口本显示其为粮农，主张2002年5月6日至2011年6月30日期间原告未为其缴纳养老和失业保险，应支付相应的赔偿。原告认可未缴纳社会保险，主张农民有合作医疗，无需企业缴纳。&#xA;被告主张其在职期间，原告未安排其享受年休假，应支付其未休年假工资。原告主张被告工作比较灵活，每年年假5天，已在农忙或春节休完，但未举证。&#xA;被告就工资、年休假工资、解除劳动关系的经济补偿金和未缴纳养老保险和失业保险的补偿等向北京市朝阳区劳动人事争议仲裁委员会（下称朝阳仲裁委）申请仲裁，朝阳仲裁委于2015年6月23日裁决：1、确认2002年5月6日至2015年1月22日期间原告与被告存在劳动关系；2、原告支付被告2014年1月1日至2014年2月28日工资12000元；3、原告支付被告2014年4月1日至2014年6月30日工资18000元；4、原告支付被告2014年12月1日至2015年2月28日工资18000元；5、原告支付被告解除劳动关系的经济补偿金45000元；6、原告支付被告2008年1月1日至2015年3月9日未休年假工资26482．76元；7、原告支付被告2002年8月至2011年6月期间未缴纳养老保险的赔偿金14394．8元和未缴纳失业保险的一次性生活补助7632元；8、驳回原告的其他申请请求。原告不服仲裁结果，提起本诉。&#xA;以上事实，有双方当事人陈述、仲裁裁决书、解除劳动关系通知书、快递单和查询结果等证据材料在案佐证。&#xA;本院认为：发生劳动争议，当事人对自己提出的主张，有责任提供证据。与争议事项有关的证据属于用人单位掌握管理的，用人单位应当提供，用人单位不提供的，应当承担不利后果。&#xA;原告认可被告为其提供劳动，并向被告支付劳动报酬，其虽主张被告为临时工，但未举证，本院对被告主张的双方存在劳动关系予以采信。原告未举证证明被告的入职时间、工资支付记录、离职时间和原因，应承担相应的不利法律后果，本院对被告主张的2002年5月6日至2015年1月22日存在劳动关系、月工资6000元、因原告拖欠工资于2015年3月9日离职予以采信。被告认可原告已支付其2014年度工资，本院不持异议。经本院核算，原告应支付被告2015年1月1日至2015年2月28日的工资12000元和解除劳动关系的经济补偿金45000元。&#xA;被告提交的户口本显示其为粮农，原告未举证证明已为被告缴纳社会保险，仲裁裁决原告支付被告2002年5月至2011年6月期间未缴纳养老保险的赔偿金14394．8元和一次性生活补助7632元并无不当，本院不持异议。&#xA;依据相关规定，2008年1月1日至2013年3月9日期间被告享受年假的情况不属于用人单位的备案范围，应由被告承担相应的举证责任，被告未举证，相应的未举证的不利法律后果由被告自行承担。原告未就被告2013年3月10日至2015年3月9日年休假情况予以举证，应支付被告相应的未休年假的工资。&#xA;综上，依照《中华人民共和国劳动合同法》第三十条、第四十六条、第四十七条、《中华人民共和国劳动争议调解仲裁法》第六条、《职工带薪年休假条例》第三条之规定，判决如下：&#xA;一、确认二〇〇二年五月六日至二〇一五年一月二十二日期间原告北京东方光大安装工程集团有限公司与被告张晓东存在劳动关系。&#xA;二、原告北京东方光大安装工程集团有限公司于本判决生效后七日内给付被告张晓东二〇一五年一月一日至二〇一五年二月二十八日期间的工资一万二千元。&#xA;三、原告北京东方光大安装工程集团有限公司于本判决生效后七日内给付被告张晓东解除劳动关系的经济补偿金四万五千元。&#xA;四、原告北京东方光大安装工程集团有限公司于本判决生效后七日内给付被告张晓东二〇一三年三月十日至二〇一五年三月九日期间未休年假工资九千九百三十一元零三分。&#xA;五、原告北京东方光大安装工程集团有限公司于本判决生效后七日内给付被告张晓东二〇〇二年五月至二〇一一年六月期间未缴纳养老保险的赔偿金一万四千三百九十四元八角和未缴纳失业保险的一次性生活补助七千六百三十二元。&#xA;六、驳回原告北京东方光大安装工程集团有限公司之诉讼请求。&#xA;如果未按本判决指定的期间履行给付金钱义务，应当依照《中华人民共和国民事诉讼法》第二百五十三条之规定，加倍支付迟延履行期间的债务利息。&#xA;案件受理费5元，由原告北京东方光大安装工程集团有限公司负担（已交纳）。&#xA;如不服本判决，可于判决书送达之日起十五日内向本院递交上诉状，并按对方当事人的人数提出副本，上诉于北京市第三中级人民法院。&#xA;代理审判员陈云&#xA;二〇一五年九月十六日&#xA;书记员陈思梦&#xA;" nameCN="全文">
  <WS value="北京市朝阳区人民法院&#xA;民事判决书&#xA;（2015）朝民初字第36212号&#xA;" nameCN="文首">
    <WSZZDW value="法院" nameCN="文书制作单位" />
    <JBFY value="北京市朝阳区人民法院" nameCN="经办法院">
      <FYJB value="基层" nameCN="法院级别" />
      <XZQH_P value="北京" nameCN="行政区划(省)" />
    </JBFY>
    <WSMC value="民事判决书" nameCN="文书名称" />
    <AH value="(2015)朝民初字第36212号" nameCN="案号" />
    <LAND value="2015" nameCN="立案年度" />
    <AJXZ value="民事案件" nameCN="案件性质" />
    <WSZL value="判决书" nameCN="文书种类" />
    <SPCX value="一审案件" nameCN="审判程序" />
    <AJLX value="民事一审案件" nameCN="案件类型" />
  </WS>
  <SSCYRQJ value="原告北京东方光大安装工程集团有限公司，住所地北京市平谷区金海角科技园区。&#xA;法定代表人贾志学，董事长。&#xA;委托代理人杨玲，女，1974年5月2日出生。&#xA;被告张晓东，男，1974年7月5日出生。&#xA;委托代理人许振佳，北京履厚律师事务所律师。&#xA;" nameCN="诉讼参与人全集">
    <SSCYR value="原告北京东方光大安装工程集团有限公司，住所地北京市平谷区金海角科技园区。" nameCN="诉讼参与人">
      <SSCYRMC value="北京东方光大安装工程集团有限公司" nameCN="诉讼参与人名称" />
      <SSSF value="原告" nameCN="诉讼身份" />
      <SSDW value="原告" nameCN="诉讼地位" />
      <DSRLB value="原告" nameCN="当事人类别" />
      <DSRLX value="法人" nameCN="当事人类型" />
      <DSRDZ value="北京市平谷区金海角科技园区" nameCN="当事人地址" />
      <DWXZ value="有限责任公司" nameCN="单位性质" />
      <FDDBR value="贾志学" nameCN="单位法定代表人" />
    </SSCYR>
    <SSCYR value="法定代表人贾志学，董事长。" nameCN="诉讼参与人">
      <SSCYRMC value="贾志学" nameCN="诉讼参与人名称" />
      <SSSF value="法定代表人" nameCN="诉讼身份" />
      <DSRLX value="自然人" nameCN="当事人类型" />
      <GJ value="中国" nameCN="国籍" />
      <DWZWFZ nameCN="单位职务分组">
        <ZW value="董事长" nameCN="职务" />
        <DWMC value="北京东方光大安装工程集团有限公司" nameCN="单位名称" />
        <DWXZ value="有限责任公司" nameCN="单位性质" />
      </DWZWFZ>
    </SSCYR>
    <SSCYR value="委托代理人杨玲，女，1974年5月2日出生。" nameCN="诉讼参与人">
      <SSCYRMC value="杨玲" nameCN="诉讼参与人名称" />
      <SSSF value="委托代理人" nameCN="诉讼身份" />
      <DSRLX value="自然人" nameCN="当事人类型" />
      <XB value="女" nameCN="性别" />
      <CSRQ value="1974年5月2日" nameCN="出生日期">
        <Year value="1974" nameCN="年" />
        <Month value="5" nameCN="月" />
        <Day value="2" nameCN="日" />
      </CSRQ>
      <GJ value="中国" nameCN="国籍" />
    </SSCYR>
    <SSCYR value="被告张晓东，男，1974年7月5日出生。" nameCN="诉讼参与人">
      <SSCYRMC value="张晓东" nameCN="诉讼参与人名称" />
      <SSSF value="被告" nameCN="诉讼身份" />
      <SSDW value="被告" nameCN="诉讼地位" />
      <DSRLB value="被告" nameCN="当事人类别" />
      <DSRLX value="自然人" nameCN="当事人类型" />
      <XB value="男" nameCN="性别" />
      <CSRQ value="1974年7月5日" nameCN="出生日期">
        <Year value="1974" nameCN="年" />
        <Month value="7" nameCN="月" />
        <Day value="5" nameCN="日" />
      </CSRQ>
      <GJ value="中国" nameCN="国籍" />
    </SSCYR>
    <SSCYR value="委托代理人许振佳，北京履厚律师事务所律师。" nameCN="诉讼参与人">
      <SSCYRMC value="许振佳" nameCN="诉讼参与人名称" />
      <SSSF value="委托代理人" nameCN="诉讼身份" />
      <DSRLX value="自然人" nameCN="当事人类型" />
      <GJ value="中国" nameCN="国籍" />
      <DTQK value="到庭" nameCN="到庭情况" />
      <DWZWFZ nameCN="单位职务分组">
        <ZW value="律师" nameCN="职务" />
      </DWZWFZ>
    </SSCYR>
    <SSCYRQJ value="错误" nameCN="保险公司是否作为被告" />
  </SSCYRQJ>
  <SSJL value="原告北京东方光大安装工程集团有限公司（下称原告）与被告张晓东（下称被告）劳动争议一案，本院受理后，依法由代理审判员陈云独任审判，公开开庭进行了审理。原告之委托代理人杨玲，被告之委托代理人许振佳到庭参加了诉讼。本案现已审理终结。" nameCN="诉讼记录">
    <YG value="北京东方光大安装工程集团有限公司（下称原告）" nameCN="原告" />
    <BG value="张晓东（下称被告）" nameCN="被告" />
    <AY value="劳动争议" nameCN="案由" />
    <KTSL value="是" nameCN="开庭审理" />
    <KTSLXX value="公开审理" nameCN="开庭审理信息" />
    <WZAY value="劳动争议" nameCN="完整案由" />
    <AYDM value="9462" nameCN="案由代码" />
    <YSAJSYCX value="普通程序" nameCN="一审案件适用程序" />
    <JYZPT value="否" nameCN="简易转普通" />
    <YSAJLY value="新收" nameCN="一审案件来源" />
    <CTDSRXX nameCN="出庭当事人信息">
      <CTRXM value="许振佳" nameCN="出庭人姓名">
        <SSDW value="委托代理人" nameCN="诉讼地位" />
      </CTRXM>
      <CTRXM value="杨玲" nameCN="出庭人姓名">
        <SSDW value="委托代理人" nameCN="诉讼地位" />
      </CTRXM>
    </CTDSRXX>
  </SSJL>
  <AJJBQK value="原告诉称：2002年5月6日至2015年1月22日期间原、被告系临时雇佣关系，也就是以完成一定工作任务为期限的劳动合同关系。仲裁裁决原告支付被告工资和解除劳动关系的经济补偿金等均缺乏事实和法律依据。综上，请求法院判决：1、确认2002年5月6日至2015年1月22日期间双方没有连续性劳动关系。2、原告不支付被告2014年1月1日至2014年2月28日工资12000元。3、原告不支付被告2014年4月1日至2014年6月30日工资18000元。4、原告不支付被告2014年12月1日至2015年2月28日工资18000元。5、原告不支付被告解除劳动关系经济补偿金45000元。6、原告不支付被告未依法休年假工资26482．76元。7、原告不支付被告未缴纳失业保险一次性生活补助费7632元及未缴纳养老保险赔偿金14394．8元。&#xA;被告辩称：不同意原告的请求，认可2014年的工资已结清，拖欠的工资是2015年1、2月工资。仲裁裁决后，我未起诉，同意仲裁结果。&#xA;经审理查明：被告主张于2002年5月6日入职原告处，岗位为电工，月工资6000元，无固定发薪日，一般年底结算当年工资，年中亦会支付，离职前十二个月平均工资6000元。原告主张被告是临时工，有活儿就找被告，按天结算工资，不是长期的劳动关系。原告对于被告的工作时间、岗位、工资支付记录和离职时间和原因等均未举证。&#xA;被告主张原告未支付其2015年1月和2月工资，2015年3月9日其向原告邮寄了《解除劳动关系通知书》，解除理由为“未提供劳动保护、劳动条件；未及时足额支付劳动报酬；未依法为劳动者缴纳社会保险”，提交了解除劳动关系通知书、快递单和查询结果予以证明。原告不认可收到《解除劳动关系通知书》，主张2014年12月31日之后被告就不来了，系自动离职，但未举证。&#xA;被告提交户口本显示其为粮农，主张2002年5月6日至2011年6月30日期间原告未为其缴纳养老和失业保险，应支付相应的赔偿。原告认可未缴纳社会保险，主张农民有合作医疗，无需企业缴纳。&#xA;被告主张其在职期间，原告未安排其享受年休假，应支付其未休年假工资。原告主张被告工作比较灵活，每年年假5天，已在农忙或春节休完，但未举证。&#xA;被告就工资、年休假工资、解除劳动关系的经济补偿金和未缴纳养老保险和失业保险的补偿等向北京市朝阳区劳动人事争议仲裁委员会（下称朝阳仲裁委）申请仲裁，朝阳仲裁委于2015年6月23日裁决：1、确认2002年5月6日至2015年1月22日期间原告与被告存在劳动关系；2、原告支付被告2014年1月1日至2014年2月28日工资12000元；3、原告支付被告2014年4月1日至2014年6月30日工资18000元；4、原告支付被告2014年12月1日至2015年2月28日工资18000元；5、原告支付被告解除劳动关系的经济补偿金45000元；6、原告支付被告2008年1月1日至2015年3月9日未休年假工资26482．76元；7、原告支付被告2002年8月至2011年6月期间未缴纳养老保险的赔偿金14394．8元和未缴纳失业保险的一次性生活补助7632元；8、驳回原告的其他申请请求。原告不服仲裁结果，提起本诉。&#xA;以上事实，有双方当事人陈述、仲裁裁决书、解除劳动关系通知书、快递单和查询结果等证据材料在案佐证。&#xA;本院认为：发生劳动争议，当事人对自己提出的主张，有责任提供证据。与争议事项有关的证据属于用人单位掌握管理的，用人单位应当提供，用人单位不提供的，应当承担不利后果。&#xA;原告认可被告为其提供劳动，并向被告支付劳动报酬，其虽主张被告为临时工，但未举证，本院对被告主张的双方存在劳动关系予以采信。原告未举证证明被告的入职时间、工资支付记录、离职时间和原因，应承担相应的不利法律后果，本院对被告主张的2002年5月6日至2015年1月22日存在劳动关系、月工资6000元、因原告拖欠工资于2015年3月9日离职予以采信。被告认可原告已支付其2014年度工资，本院不持异议。经本院核算，原告应支付被告2015年1月1日至2015年2月28日的工资12000元和解除劳动关系的经济补偿金45000元。&#xA;被告提交的户口本显示其为粮农，原告未举证证明已为被告缴纳社会保险，仲裁裁决原告支付被告2002年5月至2011年6月期间未缴纳养老保险的赔偿金14394．8元和一次性生活补助7632元并无不当，本院不持异议。&#xA;依据相关规定，2008年1月1日至2013年3月9日期间被告享受年假的情况不属于用人单位的备案范围，应由被告承担相应的举证责任，被告未举证，相应的未举证的不利法律后果由被告自行承担。原告未就被告2013年3月10日至2015年3月9日年休假情况予以举证，应支付被告相应的未休年假的工资。&#xA;" nameCN="案件基本情况">
    <YGSCD value="原告诉称：2002年5月6日至2015年1月22日期间原、被告系临时雇佣关系，也就是以完成一定工作任务为期限的劳动合同关系。仲裁裁决原告支付被告工资和解除劳动关系的经济补偿金等均缺乏事实和法律依据。综上，请求法院判决：1、确认2002年5月6日至2015年1月22日期间双方没有连续性劳动关系。2、原告不支付被告2014年1月1日至2014年2月28日工资12000元。3、原告不支付被告2014年4月1日至2014年6月30日工资18000元。4、原告不支付被告2014年12月1日至2015年2月28日工资18000元。5、原告不支付被告解除劳动关系经济补偿金45000元。6、原告不支付被告未依法休年假工资26482．76元。7、原告不支付被告未缴纳失业保险一次性生活补助费7632元及未缴纳养老保险赔偿金14394．8元。 " nameCN="原告诉称段" />
    <BGBCD value="被告辩称：不同意原告的请求，认可2014年的工资已结清，拖欠的工资是2015年1、2月工资。仲裁裁决后，我未起诉，同意仲裁结果。 " nameCN="被告辩称段" />
    <ZJD value="被告主张原告未支付其2015年1月和2月工资，2015年3月9日其向原告邮寄了《解除劳动关系通知书》，解除理由为“未提供劳动保护、劳动条件；未及时足额支付劳动报酬；未依法为劳动者缴纳社会保险”，提交了解除劳动关系通知书、快递单和查询结果予以证明。原告不认可收到《解除劳动关系通知书》，主张2014年12月31日之后被告就不来了，系自动离职，但未举证。被告提交户口本显示其为粮农，主张2002年5月6日至2011年6月30日期间原告未为其缴纳养老和失业保险，应支付相应的赔偿。原告认可未缴纳社会保险，主张农民有合作医疗，无需企业缴纳。 被告主张其在职期间，原告未安排其享受年休假，应支付其未休年假工资。原告主张被告工作比较灵活，每年年假5天，已在农忙或春节休完，但未举证。 被告就工资、年休假工资、解除劳动关系的经济补偿金和未缴纳养老保险和失业保险的补偿等向北京市朝阳区劳动人事争议仲裁委员会（下称朝阳仲裁委）申请仲裁，朝阳仲裁委于2015年6月23日裁决：1、确认2002年5月6日至2015年1月22日期间原告与被告存在劳动关系；2、原告支付被告2014年1月1日至2014年2月28日工资12000元；3、原告支付被告2014年4月1日至2014年6月30日工资18000元；4、原告支付被告2014年12月1日至2015年2月28日工资18000元；5、原告支付被告解除劳动关系的经济补偿金45000元；6、原告支付被告2008年1月1日至2015年3月9日未休年假工资26482．76元；7、原告支付被告2002年8月至2011年6月期间未缴纳养老保险的赔偿金14394．8元和未缴纳失业保险的一次性生活补助7632元；8、驳回原告的其他申请请求。原告不服仲裁结果，提起本诉。 以上事实，有双方当事人陈述、仲裁裁决书、解除劳动关系通知书、快递单和查询结果等证据材料在案佐证。 本院认为：发生劳动争议，当事人对自己提出的主张，有责任提供证据。与争议事项有关的证据属于用人单位掌握管理的，用人单位应当提供，用人单位不提供的，应当承担不利后果。 原告认可被告为其提供劳动，并向被告支付劳动报酬，其虽主张被告为临时工，但未举证，本院对被告主张的双方存在劳动关系予以采信。原告未举证证明被告的入职时间、工资支付记录、离职时间和原因，应承担相应的不利法律后果，本院对被告主张的2002年5月6日至2015年1月22日存在劳动关系、月工资6000元、因原告拖欠工资于2015年3月9日离职予以采信。被告认可原告已支付其2014年度工资，本院不持异议。经本院核算，原告应支付被告2015年1月1日至2015年2月28日的工资12000元和解除劳动关系的经济补偿金45000元。 被告提交的户口本显示其为粮农，原告未举证证明已为被告缴纳社会保险，仲裁裁决原告支付被告2002年5月至2011年6月期间未缴纳养老保险的赔偿金14394．8元和一次性生活补助7632元并无不当，本院不持异议。 " nameCN="证据段" />
    <CMSSD value="经审理查明：被告主张于2002年5月6日入职原告处，岗位为电工，月工资6000元，无固定发薪日，一般年底结算当年工资，年中亦会支付，离职前十二个月平均工资6000元。原告主张被告是临时工，有活儿就找被告，按天结算工资，不是长期的劳动关系。原告对于被告的工作时间、岗位、工资支付记录和离职时间和原因等均未举证。" nameCN="查明事实段">
      <SGXQ value="未提及" nameCN="事故详情">
        <SGSJ value="未提及" nameCN="事故时间" />
        <SGDD value="未提及" nameCN="事故地点" />
      </SGXQ>
      <JDCSYR value="张晓东" nameCN="机动车所有人" />
      <SFTB value="是" nameCN="是否投保" />
      <SFZBXQN value="是" nameCN="是否在保险期内" />
      <SFXQPF value="是" nameCN="是否先期赔付" />
      <JDSFKK value="是" nameCN="鉴定是否可靠" />
    </CMSSD>
    <CMSSD value="依据相关规定，2008年1月1日至2013年3月9日期间被告享受年假的情况不属于用人单位的备案范围，应由被告承担相应的举证责任，被告未举证，相应的未举证的不利法律后果由被告自行承担。原告未就被告2013年3月10日至2015年3月9日年休假情况予以举证，应支付被告相应的未休年假的工资。 " nameCN="查明事实段">
      <SGXQ value="未提及" nameCN="事故详情">
        <SGSJ value="未提及" nameCN="事故时间" />
        <SGDD value="未提及" nameCN="事故地点" />
      </SGXQ>
      <JDCSYR value="张晓东" nameCN="机动车所有人" />
      <SFTB value="是" nameCN="是否投保" />
      <SFZBXQN value="是" nameCN="是否在保险期内" />
      <SFXQPF value="是" nameCN="是否先期赔付" />
      <JDSFKK value="是" nameCN="鉴定是否可靠" />
    </CMSSD>
  </AJJBQK>
  <CPFXGC value="综上，依照《中华人民共和国劳动合同法》第三十条、第四十六条、第四十七条、《中华人民共和国劳动争议调解仲裁法》第六条、《职工带薪年休假条例》第三条之规定，判决如下：&#xA;" nameCN="裁判分析过程">
    <JAFSLX value="判决" nameCN="结案方式类型" />
    <FLFTMC value="中华人民共和国劳动合同法" nameCN="法律法条名称">
      <TM value="三十" nameCN="条目" />
      <TM value="四十六" nameCN="条目" />
      <TM value="四十七" nameCN="条目" />
      <SFCXF value="非程序法" nameCN="是否是程序法" />
    </FLFTMC>
    <FLFTMC value="中华人民共和国劳动争议调解仲裁法" nameCN="法律法条名称">
      <TM value="六" nameCN="条目" />
      <SFCXF value="非程序法" nameCN="是否是程序法" />
    </FLFTMC>
    <FLFTMC value="职工带薪年休假条例" nameCN="法律法条名称">
      <TM value="三" nameCN="条目" />
      <SFCXF value="非程序法" nameCN="是否是程序法" />
    </FLFTMC>
  </CPFXGC>
  <CPJG value="一、确认二〇〇二年五月六日至二〇一五年一月二十二日期间原告北京东方光大安装工程集团有限公司与被告张晓东存在劳动关系。&#xA;二、原告北京东方光大安装工程集团有限公司于本判决生效后七日内给付被告张晓东二〇一五年一月一日至二〇一五年二月二十八日期间的工资一万二千元。&#xA;三、原告北京东方光大安装工程集团有限公司于本判决生效后七日内给付被告张晓东解除劳动关系的经济补偿金四万五千元。&#xA;四、原告北京东方光大安装工程集团有限公司于本判决生效后七日内给付被告张晓东二〇一三年三月十日至二〇一五年三月九日期间未休年假工资九千九百三十一元零三分。&#xA;五、原告北京东方光大安装工程集团有限公司于本判决生效后七日内给付被告张晓东二〇〇二年五月至二〇一一年六月期间未缴纳养老保险的赔偿金一万四千三百九十四元八角和未缴纳失业保险的一次性生活补助七千六百三十二元。&#xA;六、驳回原告北京东方光大安装工程集团有限公司之诉讼请求。&#xA;如果未按本判决指定的期间履行给付金钱义务，应当依照《中华人民共和国民事诉讼法》第二百五十三条之规定，加倍支付迟延履行期间的债务利息。&#xA;案件受理费5元，由原告北京东方光大安装工程集团有限公司负担（已交纳）。&#xA;如不服本判决，可于判决书送达之日起十五日内向本院递交上诉状，并按对方当事人的人数提出副本，上诉于北京市第三中级人民法院。&#xA;" nameCN="裁判结果">
    <JAFS value="判决" nameCN="结案方式" />
    <PCSFSXZQ value="正确" nameCN="同时起诉侵权人与保险公司的赔偿顺序" />
    <JTPJJG value="一、确认二〇〇二年五月六日至二〇一五年一月二十二日期间原告北京东方光大安装工程集团有限公司与被告张晓东存在劳动关系。" nameCN="具体裁判段" />
    <JTPJJG value="二、原告北京东方光大安装工程集团有限公司于本判决生效后七日内给付被告张晓东二〇一五年一月一日至二〇一五年二月二十八日期间的工资一万二千元。" nameCN="具体裁判段">
      <QLR value="张晓东" nameCN="权利人">
        <QLRSSDW value="被告" nameCN="诉讼地位" />
      </QLR>
      <YWR value="北京东方光大安装工程集团有限公司" nameCN="义务人">
        <YWRSSDW value="原告" nameCN="诉讼地位" />
      </YWR>
      <PJZXQX value="七日" nameCN="判决执行期限" />
    </JTPJJG>
    <JTPJJG value="三、原告北京东方光大安装工程集团有限公司于本判决生效后七日内给付被告张晓东解除劳动关系的经济补偿金四万五千元。" nameCN="具体裁判段">
      <QLR value="张晓东" nameCN="权利人">
        <QLRSSDW value="被告" nameCN="诉讼地位" />
      </QLR>
      <YWR value="北京东方光大安装工程集团有限公司" nameCN="义务人">
        <YWRSSDW value="原告" nameCN="诉讼地位" />
      </YWR>
      <PJZXQX value="七日" nameCN="判决执行期限" />
    </JTPJJG>
    <JTPJJG value="四、原告北京东方光大安装工程集团有限公司于本判决生效后七日内给付被告张晓东二〇一三年三月十日至二〇一五年三月九日期间未休年假工资九千九百三十一元零三分。" nameCN="具体裁判段">
      <QLR value="张晓东" nameCN="权利人">
        <QLRSSDW value="被告" nameCN="诉讼地位" />
      </QLR>
      <YWR value="北京东方光大安装工程集团有限公司" nameCN="义务人">
        <YWRSSDW value="原告" nameCN="诉讼地位" />
      </YWR>
      <PJZXQX value="七日" nameCN="判决执行期限" />
    </JTPJJG>
    <JTPJJG value="五、原告北京东方光大安装工程集团有限公司于本判决生效后七日内给付被告张晓东二〇〇二年五月至二〇一一年六月期间未缴纳养老保险的赔偿金一万四千三百九十四元八角和未缴纳失业保险的一次性生活补助七千六百三十二元。" nameCN="具体裁判段">
      <QLR value="张晓东" nameCN="权利人">
        <QLRSSDW value="被告" nameCN="诉讼地位" />
      </QLR>
      <YWR value="北京东方光大安装工程集团有限公司" nameCN="义务人">
        <YWRSSDW value="原告" nameCN="诉讼地位" />
      </YWR>
      <PJZXQX value="七日" nameCN="判决执行期限" />
    </JTPJJG>
    <JTPJJG value="六、驳回原告北京东方光大安装工程集团有限公司之诉讼请求。" nameCN="具体裁判段" />
    <JTPJJG value="如果未按本判决指定的期间履行给付金钱义务，应当依照《中华人民共和国民事诉讼法》第二百五十三条之规定，加倍支付迟延履行期间的债务利息。" nameCN="具体裁判段" />
    <SSFCD nameCN="诉讼费承担">
      <SSFCDJL value="案件受理费5元，由原告北京东方光大安装工程集团有限公司负担（已交纳）。" nameCN="诉讼费承担记录">
        <SSFJE value="5元" nameCN="诉讼费金额" />
        <SSFZL value="受理费" nameCN="诉讼费种类" />
        <SSFCDR value="北京东方光大安装工程集团有限公司" nameCN="承担人">
          <SSFCDJE value="5元" nameCN="承担金额" />
          <SSFCDFS value="个人独立承担该金额" nameCN="承担方式" />
          <SSFCDDW value="原告" nameCN="承担人地位" />
        </SSFCDR>
      </SSFCDJL>
    </SSFCD>
    <SFFHCS value="否" nameCN="是否发回重审" />
    <KSSZ value="北京市第三中级人民法院" nameCN="可上诉至" />
    <SSTJCL value="上诉状，并按对方当事人的人数提出副本" nameCN="上诉提交材料" />
    <SSQX value="十五日" nameCN="上诉期限" />
    <TCGXQYY value="否" nameCN="是否提出管辖权异议" />
  </CPJG>
  <WW value="代理审判员陈云&#xA;二〇一五年九月十六日&#xA;书记员陈思梦&#xA;" nameCN="文尾">
    <SPZZCY nameCN="审判组织成员">
      <SPRYXM value="陈思梦" nameCN="审判人员姓名" />
      <SPRYJS value="书记员" nameCN="审判人员角色" />
    </SPZZCY>
    <SPZZCY nameCN="审判组织成员">
      <SPRYXM value="陈云" nameCN="审判人员姓名" />
      <SPRYJS value="代理审判员" nameCN="审判人员角色" />
    </SPZZCY>
    <CPSJ value="2015年9月16日" nameCN="裁判时间">
      <Year value="2015" nameCN="结案年度" />
      <JANYR value="2015年9月16日" nameCN="结案年月日" />
      <JANY value="2015-9" nameCN="结案年月" />
      <Month value="9" nameCN="月" />
      <Day value="16" nameCN="日" />
    </CPSJ>
  </WW>
  <FL value="" nameCN="附录" />
</QW>

