<?xml version="1.0" encoding="UTF-8"?>
<QW value="&#xA;南京市浦口区人民法院&#xA;民事判决书&#xA;（2014）浦民初字第2458号&#xA;原告南京三惠建设工程有限公司，住所地在南京市浦口区珠江工业区东华北路15号。&#xA;法定代表人惠强，总经理。&#xA;委托代理人张方，女，1986年6月14日生。&#xA;委托代理人耿丽艳，女，1984年4月16日生。&#xA;被告耿道琴，女，1970年10月22日生。&#xA;委托代理人邹余芬、蒋俊，江苏严耀帮律师事务所律师。&#xA;原告南京三惠建设工程有限公司与被告耿道琴劳动合同纠纷一案，本院受理后，依法由审判员林咏梅独任审判，公开开庭进行了审理。原告南京三惠建设工程有限公司的委托代理人张方、耿丽艳，被告耿道琴的委托代理人邹余芬、蒋俊到庭参加诉讼。本案现已审理终结。&#xA;原告南京三惠建设工程有限公司诉称，2013年5月14日，被告到原告处工作，工作内容为做中午和晚上两餐饭，每天工作4小时，每周工作6天，是非全日制工。2014年4月23日，被告主动提出离职，双方劳动关系即时终止。《劳动合同法》第六十九条规定，非全日制工双方当事人可以订立口头协议，原告无须一次性给付被告未订立书面劳动合同的二倍工资差额16662元。现诉请判令：原告无须一次性给付被告未订立书面劳动合同的二倍工资差额16662元。&#xA;被告耿道琴辩称，1、原告诉请不符合事实，被告于2013年5月14日进入原告处从事厨师工作，负责原告全厂人员的中餐及晚餐伙食，包括购买原材料、清洗、烹饪、卫生打扫等工作，用餐人员最少时十几人，最多时三十几人，每天实际上班时间从7：30-18：30，双方没有签订劳动合同。2014年4月23日原告口头通知被告不用来工作了，另安排领导的家属顶替了此岗位。被告入职期间，原告根据被告出勤记录每月发放了工资，且逢年过节时原告给被告发放福利，故原告诉被告非全日制工作人员不符合事实及常理。2、原告诉请无法律依据，原告聘请被告从事厨师工作，每天工作超过8小时，按月发放工资，完全构成事实劳动关系，原告单方没有签订劳动合同就称被告非全日制工作人员无法律依据。另原告作为用人单位，企图以同劳动者不签订劳动合同来规避其应承担的法律义务，其行为应当遏制。由此为维护劳动者的权利不受侵犯，根据相关法律请求驳回诉请，按照仲裁裁决结果执行。&#xA;经审理查明，被告耿道琴于2013年5月14日应聘到原告处从事后勤工作。双方未签订劳动合同，未办理社会保险。被告工资为1600元／月，通过银行打卡发放。2014年4月23日被告以原告未订立劳动合同，未办理社会保险为由口头辞职。2014年5月12日被告向南京市浦口区劳动人事争议仲裁委员会申请仲裁，该委于同年7月22日以宁浦劳人仲案（2014）629号仲裁裁决书裁决：一、自本裁决生效之日起七日内，双方当事人依法补缴2013年5月至2014年4月期间的社会保险，补缴的险种、数额、手续等由被申请人住所地社会保险经办机构审核，双方当事人各自缴纳应缴部分，补缴社会保险产生的滞纳金及利息由被申请人承担；二、自本裁决生效之日起七日内，被申请人一次性给付申请人未订立书面劳动合同的二倍工资差额16662元；三、自本裁决生效之日起七日内，被申请人一次性给付申请人解除劳动关系经济补偿金1600元。&#xA;上述事实，有原告提交的仲裁裁决书、证人证言、员工登记表，被告提交的考勤表、银行工资发放明细、福利发放表、通讯录、加工厂用餐人员登记表及原、被告的当庭陈述予以证实。&#xA;本院认为，原、被告双方虽未订立劳动合同，但被告为原告提供劳动，接受原告管理，享有原告支付的工资，双方形成事实劳动关系。被告主张2014年4月23日解除劳动关系，原告对此不持异议，则双方劳动关系于2014年4月23日解除。关于仲裁裁决：一、自本裁决生效之日起七日内，双方当事人依法补缴2013年5月至2014年4月期间的社会保险，补缴的险种、数额、手续等由被申请人住所地社会保险经办机构审核，双方当事人各自缴纳应缴部分，补缴社会保险产生的滞纳金及利息由被申请人承担。本院认为，补缴社会保险的诉请不属于人民法院劳动争议案件审理范畴，本院对此不予理涉。二、自本裁决生效之日起七日内，被申请人一次性给付申请人未订立书面劳动合同的二倍工资差额16662元。本院认为，原告主张被告系非全日制用工，但其未提交相应证据证明，应承担举证不能的法律后果。建立劳动关系，应当订立书面劳动合同，已建立劳动关系，未同时订立书面劳动合同的，应当自用工之日起一个月内订立书面劳动合同。用人单位自用工之日起超过一个月不满一年未与劳动者订立书面劳动合同的，应当向劳动者支付二倍的工资。原告应支付被告2013年6月14日至2014年4月23日期间的二倍工资差额16662元（1600元／月&amp;times；10个月＋1600元&amp;divide；21．75天&amp;times；9天）。三、自本裁决生效之日起七日内，被申请人一次性给付申请人解除劳动关系经济补偿金1600元。本院认为，用人单位未依法为劳动者缴纳社会保险费的，劳动者可以解除劳动合同，用人单位应当支付经济补偿，经济补偿按劳动者在本单位工作的年限，每满一年支付一个月工资的标准向劳动者支付。六个月以上不满一年的，按一年计算；不满六个月的，向劳动者支付半个月工资的经济补偿。被告2013年5月14日到原告处工作，2014年4月23日辞职，原告应支付被告经济补偿为1600元（1600元／月&amp;times；1个月）。依照《中华人民共和国劳动合同法》第十条、第三十八条第一款第（三）项，第四十六条第（一）项，第四十七条第一款，第八十二条第一款之规定，判决如下：&#xA;一、驳回原告南京三惠建设工程有限公司的诉讼请求。&#xA;二、原、被告之间的劳动关系于2014年4月23日解除。&#xA;三、原告南京三惠建设工程有限公司于本判决生效后五日内支付被告耿道琴2013年6月14日至2014年4月23日未签劳动合同的二倍工资差额16662元、经济补偿1600元，合计人民币18262元。&#xA;如果未按本判决指定的期限履行上述金钱给付义务，应当依照《中华人民共和国民事诉讼法》第二百五十三条之规定，加倍支付迟延履行期间的债务利息。&#xA;案件受理费5元免交。&#xA;如不服本判决，可在判决书送达之日起十五日内，向本院递交上诉状，并按对方当事人的人数提出副本，上诉于江苏省南京市中级人民法院。&#xA;审判员林咏梅&#xA;二〇一四年九月五日&#xA;书记员王红莲&#xA;" nameCN="全文">
  <WS value="南京市浦口区人民法院&#xA;民事判决书&#xA;（2014）浦民初字第2458号&#xA;" nameCN="文首">
    <WSZZDW value="法院" nameCN="文书制作单位" />
    <JBFY value="南京市浦口区人民法院" nameCN="经办法院">
      <FYJB value="基层" nameCN="法院级别" />
      <XZQH_C value="南京市" nameCN="行政区划(市)" />
    </JBFY>
    <WSMC value="民事判决书" nameCN="文书名称" />
    <AH value="(2014)浦民初字第2458号" nameCN="案号" />
    <LAND value="2014" nameCN="立案年度" />
    <AJXZ value="民事案件" nameCN="案件性质" />
    <WSZL value="判决书" nameCN="文书种类" />
    <SPCX value="一审案件" nameCN="审判程序" />
    <AJLX value="民事一审案件" nameCN="案件类型" />
  </WS>
  <SSCYRQJ value="原告南京三惠建设工程有限公司，住所地在南京市浦口区珠江工业区东华北路15号。&#xA;法定代表人惠强，总经理。&#xA;委托代理人张方，女，1986年6月14日生。&#xA;委托代理人耿丽艳，女，1984年4月16日生。&#xA;被告耿道琴，女，1970年10月22日生。&#xA;委托代理人邹余芬、蒋俊，江苏严耀帮律师事务所律师。&#xA;" nameCN="诉讼参与人全集">
    <SSCYR value="原告南京三惠建设工程有限公司，住所地在南京市浦口区珠江工业区东华北路15号。" nameCN="诉讼参与人">
      <SSCYRMC value="南京三惠建设工程有限公司" nameCN="诉讼参与人名称" />
      <SSSF value="原告" nameCN="诉讼身份" />
      <SSDW value="原告" nameCN="诉讼地位" />
      <DSRLB value="原告" nameCN="当事人类别" />
      <DSRLX value="法人" nameCN="当事人类型" />
      <DSRDZ value="在南京市浦口区珠江工业区东华北路15号" nameCN="当事人地址" />
      <DWXZ value="有限责任公司" nameCN="单位性质" />
      <FDDBR value="惠强" nameCN="单位法定代表人" />
    </SSCYR>
    <SSCYR value="法定代表人惠强，总经理。" nameCN="诉讼参与人">
      <SSCYRMC value="惠强" nameCN="诉讼参与人名称" />
      <SSSF value="法定代表人" nameCN="诉讼身份" />
      <DSRLX value="自然人" nameCN="当事人类型" />
      <GJ value="中国" nameCN="国籍" />
      <DWZWFZ nameCN="单位职务分组">
        <ZW value="总经理" nameCN="职务" />
        <DWMC value="南京三惠建设工程有限公司" nameCN="单位名称" />
        <DWXZ value="有限责任公司" nameCN="单位性质" />
      </DWZWFZ>
    </SSCYR>
    <SSCYR value="委托代理人张方，女，1986年6月14日生。" nameCN="诉讼参与人">
      <SSCYRMC value="张方" nameCN="诉讼参与人名称" />
      <SSSF value="委托代理人" nameCN="诉讼身份" />
      <DSRLX value="自然人" nameCN="当事人类型" />
      <XB value="女" nameCN="性别" />
      <CSRQ value="1986年6月14日" nameCN="出生日期">
        <Year value="1986" nameCN="年" />
        <Month value="6" nameCN="月" />
        <Day value="14" nameCN="日" />
      </CSRQ>
      <GJ value="中国" nameCN="国籍" />
    </SSCYR>
    <SSCYR value="委托代理人耿丽艳，女，1984年4月16日生。" nameCN="诉讼参与人">
      <SSCYRMC value="耿丽艳" nameCN="诉讼参与人名称" />
      <SSSF value="委托代理人" nameCN="诉讼身份" />
      <DSRLX value="自然人" nameCN="当事人类型" />
      <XB value="女" nameCN="性别" />
      <CSRQ value="1984年4月16日" nameCN="出生日期">
        <Year value="1984" nameCN="年" />
        <Month value="4" nameCN="月" />
        <Day value="16" nameCN="日" />
      </CSRQ>
      <GJ value="中国" nameCN="国籍" />
    </SSCYR>
    <SSCYR value="被告耿道琴，女，1970年10月22日生。" nameCN="诉讼参与人">
      <SSCYRMC value="耿道琴" nameCN="诉讼参与人名称" />
      <SSSF value="被告" nameCN="诉讼身份" />
      <SSDW value="被告" nameCN="诉讼地位" />
      <DSRLB value="被告" nameCN="当事人类别" />
      <DSRLX value="自然人" nameCN="当事人类型" />
      <XB value="女" nameCN="性别" />
      <CSRQ value="1970年10月22日" nameCN="出生日期">
        <Year value="1970" nameCN="年" />
        <Month value="10" nameCN="月" />
        <Day value="22" nameCN="日" />
      </CSRQ>
      <GJ value="中国" nameCN="国籍" />
      <DTQK value="到庭" nameCN="到庭情况" />
    </SSCYR>
    <SSCYR value="委托代理人邹余芬、蒋俊，江苏严耀帮律师事务所律师。" nameCN="诉讼参与人">
      <SSCYRMC value="邹余芬、蒋俊" nameCN="诉讼参与人名称" />
      <SSSF value="委托代理人" nameCN="诉讼身份" />
      <DSRLX value="法人" nameCN="当事人类型" />
      <DTQK value="到庭" nameCN="到庭情况" />
      <DWZWFZ nameCN="单位职务分组">
        <ZW value="律师" nameCN="职务" />
      </DWZWFZ>
    </SSCYR>
    <SSCYRQJ value="错误" nameCN="保险公司是否作为被告" />
  </SSCYRQJ>
  <SSJL value="原告南京三惠建设工程有限公司与被告耿道琴劳动合同纠纷一案，本院受理后，依法由审判员林咏梅独任审判，公开开庭进行了审理。原告南京三惠建设工程有限公司的委托代理人张方、耿丽艳，被告耿道琴的委托代理人邹余芬、蒋俊到庭参加诉讼。本案现已审理终结。" nameCN="诉讼记录">
    <YG value="南京三惠建设工程有限公司" nameCN="原告" />
    <BG value="耿道琴" nameCN="被告" />
    <AY value="劳动合同纠纷" nameCN="案由" />
    <KTSL value="是" nameCN="开庭审理" />
    <KTSLXX value="公开审理" nameCN="开庭审理信息" />
    <WZAY value="劳动合同纠纷" nameCN="完整案由" />
    <AYDM value="9463" nameCN="案由代码" />
    <YSAJSYCX value="普通程序" nameCN="一审案件适用程序" />
    <JYZPT value="否" nameCN="简易转普通" />
    <YSAJLY value="新收" nameCN="一审案件来源" />
    <CTDSRXX nameCN="出庭当事人信息">
      <CTRXM value="张方" nameCN="出庭人姓名">
        <SSDW value="委托代理人" nameCN="诉讼地位" />
      </CTRXM>
      <CTRXM value="耿道琴" nameCN="出庭人姓名">
        <SSDW value="被告" nameCN="诉讼地位" />
      </CTRXM>
      <CTRXM value="南京三惠建设工程有限公司" nameCN="出庭人姓名">
        <SSDW value="原告" nameCN="诉讼地位" />
      </CTRXM>
      <CTRXM value="耿丽艳" nameCN="出庭人姓名">
        <SSDW value="委托代理人" nameCN="诉讼地位" />
      </CTRXM>
      <CTRXM value="邹余芬、蒋俊" nameCN="出庭人姓名">
        <SSDW value="委托代理人" nameCN="诉讼地位" />
      </CTRXM>
    </CTDSRXX>
  </SSJL>
  <AJJBQK value="原告南京三惠建设工程有限公司诉称，2013年5月14日，被告到原告处工作，工作内容为做中午和晚上两餐饭，每天工作4小时，每周工作6天，是非全日制工。2014年4月23日，被告主动提出离职，双方劳动关系即时终止。《劳动合同法》第六十九条规定，非全日制工双方当事人可以订立口头协议，原告无须一次性给付被告未订立书面劳动合同的二倍工资差额16662元。现诉请判令：原告无须一次性给付被告未订立书面劳动合同的二倍工资差额16662元。&#xA;被告耿道琴辩称，1、原告诉请不符合事实，被告于2013年5月14日进入原告处从事厨师工作，负责原告全厂人员的中餐及晚餐伙食，包括购买原材料、清洗、烹饪、卫生打扫等工作，用餐人员最少时十几人，最多时三十几人，每天实际上班时间从7：30-18：30，双方没有签订劳动合同。2014年4月23日原告口头通知被告不用来工作了，另安排领导的家属顶替了此岗位。被告入职期间，原告根据被告出勤记录每月发放了工资，且逢年过节时原告给被告发放福利，故原告诉被告非全日制工作人员不符合事实及常理。2、原告诉请无法律依据，原告聘请被告从事厨师工作，每天工作超过8小时，按月发放工资，完全构成事实劳动关系，原告单方没有签订劳动合同就称被告非全日制工作人员无法律依据。另原告作为用人单位，企图以同劳动者不签订劳动合同来规避其应承担的法律义务，其行为应当遏制。由此为维护劳动者的权利不受侵犯，根据相关法律请求驳回诉请，按照仲裁裁决结果执行。&#xA;经审理查明，被告耿道琴于2013年5月14日应聘到原告处从事后勤工作。双方未签订劳动合同，未办理社会保险。被告工资为1600元／月，通过银行打卡发放。2014年4月23日被告以原告未订立劳动合同，未办理社会保险为由口头辞职。2014年5月12日被告向南京市浦口区劳动人事争议仲裁委员会申请仲裁，该委于同年7月22日以宁浦劳人仲案（2014）629号仲裁裁决书裁决：一、自本裁决生效之日起七日内，双方当事人依法补缴2013年5月至2014年4月期间的社会保险，补缴的险种、数额、手续等由被申请人住所地社会保险经办机构审核，双方当事人各自缴纳应缴部分，补缴社会保险产生的滞纳金及利息由被申请人承担；二、自本裁决生效之日起七日内，被申请人一次性给付申请人未订立书面劳动合同的二倍工资差额16662元；三、自本裁决生效之日起七日内，被申请人一次性给付申请人解除劳动关系经济补偿金1600元。&#xA;上述事实，有原告提交的仲裁裁决书、证人证言、员工登记表，被告提交的考勤表、银行工资发放明细、福利发放表、通讯录、加工厂用餐人员登记表及原、被告的当庭陈述予以证实。&#xA;" nameCN="案件基本情况">
    <YGSCD value="原告南京三惠建设工程有限公司诉称，2013年5月14日，被告到原告处工作，工作内容为做中午和晚上两餐饭，每天工作4小时，每周工作6天，是非全日制工。2014年4月23日，被告主动提出离职，双方劳动关系即时终止。《劳动合同法》第六十九条规定，非全日制工双方当事人可以订立口头协议，原告无须一次性给付被告未订立书面劳动合同的二倍工资差额16662元。现诉请判令：原告无须一次性给付被告未订立书面劳动合同的二倍工资差额16662元。 " nameCN="原告诉称段" />
    <BGBCD value="被告耿道琴辩称，1、原告诉请不符合事实，被告于2013年5月14日进入原告处从事厨师工作，负责原告全厂人员的中餐及晚餐伙食，包括购买原材料、清洗、烹饪、卫生打扫等工作，用餐人员最少时十几人，最多时三十几人，每天实际上班时间从7：30-18：30，双方没有签订劳动合同。2014年4月23日原告口头通知被告不用来工作了，另安排领导的家属顶替了此岗位。被告入职期间，原告根据被告出勤记录每月发放了工资，且逢年过节时原告给被告发放福利，故原告诉被告非全日制工作人员不符合事实及常理。2、原告诉请无法律依据，原告聘请被告从事厨师工作，每天工作超过8小时，按月发放工资，完全构成事实劳动关系，原告单方没有签订劳动合同就称被告非全日制工作人员无法律依据。另原告作为用人单位，企图以同劳动者不签订劳动合同来规避其应承担的法律义务，其行为应当遏制。由此为维护劳动者的权利不受侵犯，根据相关法律请求驳回诉请，按照仲裁裁决结果执行。 " nameCN="被告辩称段" />
    <ZJD value="上述事实，有原告提交的仲裁裁决书、证人证言、员工登记表，被告提交的考勤表、银行工资发放明细、福利发放表、通讯录、加工厂用餐人员登记表及原、被告的当庭陈述予以证实。" nameCN="证据段" />
    <CMSSD value="经审理查明，被告耿道琴于2013年5月14日应聘到原告处从事后勤工作。双方未签订劳动合同，未办理社会保险。被告工资为1600元／月，通过银行打卡发放。2014年4月23日被告以原告未订立劳动合同，未办理社会保险为由口头辞职。2014年5月12日被告向南京市浦口区劳动人事争议仲裁委员会申请仲裁，该委于同年7月22日以宁浦劳人仲案（2014）629号仲裁裁决书裁决：一、自本裁决生效之日起七日内，双方当事人依法补缴2013年5月至2014年4月期间的社会保险，补缴的险种、数额、手续等由被申请人住所地社会保险经办机构审核，双方当事人各自缴纳应缴部分，补缴社会保险产生的滞纳金及利息由被申请人承担；二、自本裁决生效之日起七日内，被申请人一次性给付申请人未订立书面劳动合同的二倍工资差额16662元；三、自本裁决生效之日起七日内，被申请人一次性给付申请人解除劳动关系经济补偿金1600元。" nameCN="查明事实段">
      <SGXQ value="未提及" nameCN="事故详情">
        <SGSJ value="未提及" nameCN="事故时间" />
        <SGDD value="未提及" nameCN="事故地点" />
      </SGXQ>
      <JDCSYR value="耿道琴" nameCN="机动车所有人" />
      <SFTB value="是" nameCN="是否投保" />
      <SFZBXQN value="是" nameCN="是否在保险期内" />
      <SFXQPF value="是" nameCN="是否先期赔付" />
      <JDSFKK value="是" nameCN="鉴定是否可靠" />
    </CMSSD>
  </AJJBQK>
  <CPFXGC value="本院认为，原、被告双方虽未订立劳动合同，但被告为原告提供劳动，接受原告管理，享有原告支付的工资，双方形成事实劳动关系。被告主张2014年4月23日解除劳动关系，原告对此不持异议，则双方劳动关系于2014年4月23日解除。关于仲裁裁决：一、自本裁决生效之日起七日内，双方当事人依法补缴2013年5月至2014年4月期间的社会保险，补缴的险种、数额、手续等由被申请人住所地社会保险经办机构审核，双方当事人各自缴纳应缴部分，补缴社会保险产生的滞纳金及利息由被申请人承担。本院认为，补缴社会保险的诉请不属于人民法院劳动争议案件审理范畴，本院对此不予理涉。二、自本裁决生效之日起七日内，被申请人一次性给付申请人未订立书面劳动合同的二倍工资差额16662元。本院认为，原告主张被告系非全日制用工，但其未提交相应证据证明，应承担举证不能的法律后果。建立劳动关系，应当订立书面劳动合同，已建立劳动关系，未同时订立书面劳动合同的，应当自用工之日起一个月内订立书面劳动合同。用人单位自用工之日起超过一个月不满一年未与劳动者订立书面劳动合同的，应当向劳动者支付二倍的工资。原告应支付被告2013年6月14日至2014年4月23日期间的二倍工资差额16662元（1600元／月&amp;times；10个月＋1600元&amp;divide；21．75天&amp;times；9天）。三、自本裁决生效之日起七日内，被申请人一次性给付申请人解除劳动关系经济补偿金1600元。本院认为，用人单位未依法为劳动者缴纳社会保险费的，劳动者可以解除劳动合同，用人单位应当支付经济补偿，经济补偿按劳动者在本单位工作的年限，每满一年支付一个月工资的标准向劳动者支付。六个月以上不满一年的，按一年计算；不满六个月的，向劳动者支付半个月工资的经济补偿。被告2013年5月14日到原告处工作，2014年4月23日辞职，原告应支付被告经济补偿为1600元（1600元／月&amp;times；1个月）。依照《中华人民共和国劳动合同法》第十条、第三十八条第一款第（三）项，第四十六条第（一）项，第四十七条第一款，第八十二条第一款之规定，判决如下：&#xA;" nameCN="裁判分析过程">
    <JAFSLX value="判决" nameCN="结案方式类型" />
    <FLFTMC value="中华人民共和国劳动合同法" nameCN="法律法条名称">
      <TM value="十" nameCN="条目" />
      <TM value="四十六" nameCN="条目">
        <KM value="第（一）项" nameCN="款目" />
      </TM>
      <TM value="八十二" nameCN="条目">
        <KM value="第一款" nameCN="款目" />
      </TM>
      <TM value="三十八" nameCN="条目">
        <KM value="第一款第（三）项" nameCN="款目" />
      </TM>
      <TM value="四十七" nameCN="条目">
        <KM value="第一款" nameCN="款目" />
      </TM>
      <SFCXF value="非程序法" nameCN="是否是程序法" />
    </FLFTMC>
  </CPFXGC>
  <CPJG value="一、驳回原告南京三惠建设工程有限公司的诉讼请求。&#xA;二、原、被告之间的劳动关系于2014年4月23日解除。&#xA;三、原告南京三惠建设工程有限公司于本判决生效后五日内支付被告耿道琴2013年6月14日至2014年4月23日未签劳动合同的二倍工资差额16662元、经济补偿1600元，合计人民币18262元。&#xA;如果未按本判决指定的期限履行上述金钱给付义务，应当依照《中华人民共和国民事诉讼法》第二百五十三条之规定，加倍支付迟延履行期间的债务利息。&#xA;案件受理费5元免交。&#xA;如不服本判决，可在判决书送达之日起十五日内，向本院递交上诉状，并按对方当事人的人数提出副本，上诉于江苏省南京市中级人民法院。&#xA;" nameCN="裁判结果">
    <JAFS value="判决" nameCN="结案方式" />
    <PCSFSXZQ value="正确" nameCN="同时起诉侵权人与保险公司的赔偿顺序" />
    <JTPJJG value="一、驳回原告南京三惠建设工程有限公司的诉讼请求。" nameCN="具体裁判段" />
    <JTPJJG value="二、原、被告之间的劳动关系于2014年4月23日解除。" nameCN="具体裁判段" />
    <JTPJJG value="三、原告南京三惠建设工程有限公司于本判决生效后五日内支付被告耿道琴2013年6月14日至2014年4月23日未签劳动合同的二倍工资差额16662元、经济补偿1600元，合计人民币18262元。" nameCN="具体裁判段">
      <QLR value="耿道琴" nameCN="权利人">
        <QLRSSDW value="被告" nameCN="诉讼地位" />
      </QLR>
      <YWR value="南京三惠建设工程有限公司" nameCN="义务人">
        <YWRSSDW value="原告" nameCN="诉讼地位" />
      </YWR>
      <PJZXQX value="五日" nameCN="判决执行期限" />
      <PJJE nameCN="判决金额">
        <JE value="16662元" nameCN="金额" />
        <JELX value="工资" nameCN="金额类型" />
      </PJJE>
      <PJJE nameCN="判决金额">
        <JE value="1600元" nameCN="金额" />
        <JELX value="经济补偿" nameCN="金额类型" />
      </PJJE>
      <PJJE nameCN="判决金额">
        <JE value="18262元" nameCN="金额" />
      </PJJE>
    </JTPJJG>
    <JTPJJG value="如果未按本判决指定的期限履行上述金钱给付义务，应当依照《中华人民共和国民事诉讼法》第二百五十三条之规定，加倍支付迟延履行期间的债务利息。" nameCN="具体裁判段" />
    <SSFCD nameCN="诉讼费承担">
      <SSFCDJL value="案件受理费5元免交。" nameCN="诉讼费承担记录">
        <SSFJE value="5元" nameCN="诉讼费金额" />
        <SSFZL value="受理费" nameCN="诉讼费种类" />
      </SSFCDJL>
    </SSFCD>
    <SFFHCS value="否" nameCN="是否发回重审" />
    <KSSZ value="江苏省南京市中级人民法院" nameCN="可上诉至" />
    <SSTJCL value="上诉状，并按对方当事人的人数提出副本" nameCN="上诉提交材料" />
    <SSQX value="十五日" nameCN="上诉期限" />
    <TCGXQYY value="否" nameCN="是否提出管辖权异议" />
  </CPJG>
  <WW value="审判员林咏梅&#xA;二〇一四年九月五日&#xA;书记员王红莲&#xA;" nameCN="文尾">
    <SPZZCY nameCN="审判组织成员">
      <SPRYXM value="林咏梅" nameCN="审判人员姓名" />
      <SPRYJS value="审判员" nameCN="审判人员角色" />
    </SPZZCY>
    <SPZZCY nameCN="审判组织成员">
      <SPRYXM value="王红莲" nameCN="审判人员姓名" />
      <SPRYJS value="书记员" nameCN="审判人员角色" />
    </SPZZCY>
    <CPSJ value="2014年9月5日" nameCN="裁判时间">
      <Year value="2014" nameCN="结案年度" />
      <JANYR value="2014年9月5日" nameCN="结案年月日" />
      <JANY value="2014-9" nameCN="结案年月" />
      <Month value="9" nameCN="月" />
      <Day value="5" nameCN="日" />
    </CPSJ>
  </WW>
  <FL value="" nameCN="附录" />
</QW>

