<?xml version="1.0" encoding="UTF-8"?>
<QW value="&#xA;江西省南昌市西湖区人民法院&#xA;民事判决书&#xA;（2014）西桃民初字第947号&#xA;原告：史子彪，男，汉族，住江西省南昌市东湖区&#xA;委托代理人：闵洪宝，男，住江西省南昌市红谷滩&#xA;被告：杜江修，男，住江西省九江市修水县&#xA;委托代理人：镇瑞琴，湖南博泰律师事务所律师。&#xA;原告史子彪诉被告杜江修民间借贷纠纷一案。本院受理后，依法组成合议庭，公开开庭进行了审理。原告史子彪的委托代理人闵洪宝、被告杜江修的委托代理人镇瑞琴均到庭参加诉讼。本案现已审理终结。&#xA;原告史子彪诉称：2013年8月22日、2014年6月13日在洪城大市场原告公司内，被告杜江修因资金周转困难为由，向原告分别借款150万元，已归还10万元，被告承诺2014年7月13日归还本金，被告未能按期偿还，截止2014年9月1日被告欠原告本金合计：壹佰肆拾万元整，经多次催要仍不能还款。现原告为保护自身的合法权益不受侵害，无奈诉至法院，请求依法判令：1、被告立即支付原告借款本金140万元及逾期付款利息10万元；2、本案的诉讼费用全部由被告承担。&#xA;原告史子彪为支持其主张向本院举证如下：&#xA;证据一、2013年8月22日借款协议、转账凭证电子回单、欠条各一份，证明被告于2013年8月22日向原告借款100万元；&#xA;证据二、2014年6月13日借款协议、转账凭证十张共计48万，证明被告向原告借款50万元的事实，这50万元是对以前没有归还的借款的归拢。&#xA;上述证据经原、被告当庭质证，被告杜江修代理人对原告提供的证据质证意见如下：1、对证据1中的银行电子回单的真实性有异议，与收条的格式上表现形式和内容都不一样，不相对应；2、对证据2的关联性、真实性和证明目的都有异议，转账的交易时间是在2013年5月20日。&#xA;被告杜江修代理人辩称：请求法院驳回原告诉请本金140万元。请法院驳回原告诉求利息10万元，经我们财务查实，被告已经还款95万元，所以原告诉求没有依据，原告诉求10万元利息没有事实依据，应依法驳回。&#xA;被告杜江修未向本院提交证据。&#xA;本院根据双方当事人的陈述及质证采信的证据，确认如下事实：2013年5月20日被告杜江修向原告史子彪借款48万元，于是原告于2013年5月20日向被告杜江修汇款48万元，被告杜江修并于2014年6月13日与原告史子彪签订借款协议一份，约定：1、借款金额为伍拾万整；2、借款用途为家电经营；3、借款期限自2014年6月13日至2014年7月13日；4、还款方式为分期以现金方式还款，实际借款为48万元。之后，被告未偿还上述48万借款。2013年8月22日被告杜江修向原告史子彪借款100万元，原告于2103年8月22日把借款94万元汇给被告杜江修，与此同时原告于2013年8月22日与被告杜江修签订书面借款合同一份，约定：今借到史子彪现金人民币壹佰万元，借期自2013年8月22日起至2014年12月20日，付款方式为在2014年12月20日之前分期付款。且被告杜江修当时出具一张收条，载明：今收到史子彪该笔银行转账计玖拾肆万元整，另收到现金陆万元整，现金及银行转账共计壹佰万元整。两笔借款到期后，被告杜江修拒不偿还借款本金。现原告为保护自身的合法权益诉至法院，请求判如所请。&#xA;另查明，被告杜江修于起诉之前已归还10万元借款。&#xA;本院认为，合法的借贷关系受法律保护。被告杜江修于2014年6月13日、2014年8月22日分两次向原告史子彪出具的借条，系被告的真实意思表示，合法有效，本院予以认可。原告史子彪提供的转账凭证与上述借条基本上能相互印证，足以证明原、被告之间借贷关系存在。本案中借期到期后，被告拒不履行归还义务，经原告多次催讨，要求被告归还借款，被告仍未返还，现原告诉至本院要求被告归还其借款，本院予以支持。截止2015年1月8日，被告杜江修尚欠原告史子彪借款本金138万元，本院予以确认。自然人之间的借贷，未约定利息的，视为不支付利息，但被告仍应支付给原告向法院主张权利之日起的利息。庭审中被告杜江修抗辩已向原告史子彪支付了借款本金，但由于被告杜江修在合理的举证期限内未能提供确切的证据予以佐证，对此本院不予采纳，被告可另行主张。据此，依据《中华人民共和国民法通则》第八十四条、第九十条，《中华人民共和国合同法》第二百条、第二百零七条、第二百一十一条第一款之规定，判决如下：&#xA;被告杜江修于本判决生效之日起十日内支付原告史子彪借款本金138万元及利息（以借款本金48万元为基数，自2014年9月15日至2014年12月20日止；以借款本金138万元为基数，自2014年12月21日起至给付借款之日止，均按中国人民银行年均贷款利率计付）。&#xA;如果未按判决指定的期间履行给付金钱义务，应依照《中华人民共和国民事诉讼法》第二百五十三条之规定，加倍支付迟延履行期间的债务利息。&#xA;本案由原告史子彪预交的案件受理费人民币18300元，诉前保全费人民币5000元，共计人民币23300元，由被告杜江修承担，限随上述款项一并支付。&#xA;如不服本判决，可在判决书送达之日起十五日内，向本院递交上诉状，并按对方当事人的人数提出副本，上诉于江西省南昌市中级人民法院，且应在递交上诉状后七日内，到南昌市中级人民法院缴纳上诉费，或办理减、免、缓交手续，逾期不交或未按规定办理相关手续，南昌市中级人民法院按自动撤回上诉处理。&#xA;本判决发生法律效力后，当事人应自觉履行判决书的全部义务，一方不履行的，权利人可以向人民法院申请强制执行，申请执行的期限为2年，该期限从法律文书规定的履行期间的最后一日后起计算。&#xA;审判长刘英生&#xA;审判员虞福员&#xA;代理审判员陈志强&#xA;二〇一五年一月九日&#xA;书记员孟健&#xA;" nameCN="全文">
  <WS value="江西省南昌市西湖区人民法院&#xA;民事判决书&#xA;（2014）西桃民初字第947号&#xA;" nameCN="文首">
    <WSZZDW value="法院" nameCN="文书制作单位" />
    <JBFY value="江西省南昌市西湖区人民法院" nameCN="经办法院">
      <FYJB value="基层" nameCN="法院级别" />
      <XZQH_P value="江西" nameCN="行政区划(省)" />
      <XZQH_C value="南昌市" nameCN="行政区划(市)" />
    </JBFY>
    <WSMC value="民事判决书" nameCN="文书名称" />
    <AH value="(2014)西桃民初字第947号" nameCN="案号" />
    <LAND value="2014" nameCN="立案年度" />
    <AJXZ value="民事案件" nameCN="案件性质" />
    <WSZL value="判决书" nameCN="文书种类" />
    <SPCX value="一审案件" nameCN="审判程序" />
    <AJLX value="民事一审案件" nameCN="案件类型" />
  </WS>
  <SSCYRQJ value="原告：史子彪，男，汉族，住江西省南昌市东湖区&#xA;委托代理人：闵洪宝，男，住江西省南昌市红谷滩&#xA;被告：杜江修，男，住江西省九江市修水县&#xA;委托代理人：镇瑞琴，湖南博泰律师事务所律师。&#xA;" nameCN="诉讼参与人全集">
    <SSCYR value="原告：史子彪，男，汉族，住江西省南昌市东湖区" nameCN="诉讼参与人">
      <SSCYRMC value="史子彪" nameCN="诉讼参与人名称" />
      <SSSF value="原告" nameCN="诉讼身份" />
      <SSDW value="原告" nameCN="诉讼地位" />
      <DSRLB value="原告" nameCN="当事人类别" />
      <DSRLX value="自然人" nameCN="当事人类型" />
      <XB value="男" nameCN="性别" />
      <MZ value="汉族" nameCN="民族" />
      <GJ value="中国" nameCN="国籍" />
      <DSRDZ value="江西省南昌市东湖区" nameCN="当事人地址" />
      <DTQK value="到庭" nameCN="到庭情况" />
    </SSCYR>
    <SSCYR value="委托代理人：闵洪宝，男，住江西省南昌市红谷滩" nameCN="诉讼参与人">
      <SSCYRMC value="闵洪宝" nameCN="诉讼参与人名称" />
      <SSSF value="委托代理人" nameCN="诉讼身份" />
      <DSRLX value="自然人" nameCN="当事人类型" />
      <XB value="男" nameCN="性别" />
      <GJ value="中国" nameCN="国籍" />
      <DSRDZ value="江西省南昌市红谷滩" nameCN="当事人地址" />
      <DTQK value="到庭" nameCN="到庭情况" />
    </SSCYR>
    <SSCYR value="被告：杜江修，男，住江西省九江市修水县" nameCN="诉讼参与人">
      <SSCYRMC value="杜江修" nameCN="诉讼参与人名称" />
      <SSSF value="被告" nameCN="诉讼身份" />
      <SSDW value="被告" nameCN="诉讼地位" />
      <DSRLB value="被告" nameCN="当事人类别" />
      <DSRLX value="自然人" nameCN="当事人类型" />
      <XB value="男" nameCN="性别" />
      <GJ value="中国" nameCN="国籍" />
      <DSRDZ value="江西省九江市修水县" nameCN="当事人地址" />
      <DTQK value="到庭" nameCN="到庭情况" />
    </SSCYR>
    <SSCYR value="委托代理人：镇瑞琴，湖南博泰律师事务所律师。" nameCN="诉讼参与人">
      <SSCYRMC value="镇瑞琴" nameCN="诉讼参与人名称" />
      <SSSF value="委托代理人" nameCN="诉讼身份" />
      <DSRLX value="自然人" nameCN="当事人类型" />
      <GJ value="中国" nameCN="国籍" />
      <DTQK value="到庭" nameCN="到庭情况" />
      <DWZWFZ nameCN="单位职务分组">
        <ZW value="律师" nameCN="职务" />
      </DWZWFZ>
    </SSCYR>
    <SSCYRQJ value="错误" nameCN="保险公司是否作为被告" />
  </SSCYRQJ>
  <SSJL value="原告史子彪诉被告杜江修民间借贷纠纷一案。本院受理后，依法组成合议庭，公开开庭进行了审理。原告史子彪的委托代理人闵洪宝、被告杜江修的委托代理人镇瑞琴均到庭参加诉讼。本案现已审理终结。" nameCN="诉讼记录">
    <YG value="史子彪" nameCN="原告" />
    <BG value="杜江修" nameCN="被告" />
    <AY value="民间借贷纠纷" nameCN="案由" />
    <KTSL value="是" nameCN="开庭审理" />
    <KTSLXX value="公开审理" nameCN="开庭审理信息" />
    <WZAY value="民间借贷纠纷" nameCN="完整案由" />
    <AYDM value="9181" nameCN="案由代码" />
    <YSAJSYCX value="普通程序" nameCN="一审案件适用程序" />
    <JYZPT value="否" nameCN="简易转普通" />
    <SPZZ value="合议庭" nameCN="审判组织" />
    <YSAJLY value="新收" nameCN="一审案件来源" />
    <CTDSRXX nameCN="出庭当事人信息">
      <CTRXM value="镇瑞琴" nameCN="出庭人姓名">
        <SSDW value="委托代理人" nameCN="诉讼地位" />
      </CTRXM>
      <CTRXM value="闵洪宝" nameCN="出庭人姓名">
        <SSDW value="委托代理人" nameCN="诉讼地位" />
      </CTRXM>
      <CTRXM value="史子彪" nameCN="出庭人姓名">
        <SSDW value="原告" nameCN="诉讼地位" />
      </CTRXM>
      <CTRXM value="杜江修" nameCN="出庭人姓名">
        <SSDW value="被告" nameCN="诉讼地位" />
      </CTRXM>
    </CTDSRXX>
  </SSJL>
  <AJJBQK value="原告史子彪诉称：2013年8月22日、2014年6月13日在洪城大市场原告公司内，被告杜江修因资金周转困难为由，向原告分别借款150万元，已归还10万元，被告承诺2014年7月13日归还本金，被告未能按期偿还，截止2014年9月1日被告欠原告本金合计：壹佰肆拾万元整，经多次催要仍不能还款。现原告为保护自身的合法权益不受侵害，无奈诉至法院，请求依法判令：1、被告立即支付原告借款本金140万元及逾期付款利息10万元；2、本案的诉讼费用全部由被告承担。&#xA;原告史子彪为支持其主张向本院举证如下：&#xA;证据一、2013年8月22日借款协议、转账凭证电子回单、欠条各一份，证明被告于2013年8月22日向原告借款100万元；&#xA;证据二、2014年6月13日借款协议、转账凭证十张共计48万，证明被告向原告借款50万元的事实，这50万元是对以前没有归还的借款的归拢。&#xA;上述证据经原、被告当庭质证，被告杜江修代理人对原告提供的证据质证意见如下：1、对证据1中的银行电子回单的真实性有异议，与收条的格式上表现形式和内容都不一样，不相对应；2、对证据2的关联性、真实性和证明目的都有异议，转账的交易时间是在2013年5月20日。&#xA;被告杜江修代理人辩称：请求法院驳回原告诉请本金140万元。请法院驳回原告诉求利息10万元，经我们财务查实，被告已经还款95万元，所以原告诉求没有依据，原告诉求10万元利息没有事实依据，应依法驳回。&#xA;被告杜江修未向本院提交证据。&#xA;本院根据双方当事人的陈述及质证采信的证据，确认如下事实：2013年5月20日被告杜江修向原告史子彪借款48万元，于是原告于2013年5月20日向被告杜江修汇款48万元，被告杜江修并于2014年6月13日与原告史子彪签订借款协议一份，约定：1、借款金额为伍拾万整；2、借款用途为家电经营；3、借款期限自2014年6月13日至2014年7月13日；4、还款方式为分期以现金方式还款，实际借款为48万元。之后，被告未偿还上述48万借款。2013年8月22日被告杜江修向原告史子彪借款100万元，原告于2103年8月22日把借款94万元汇给被告杜江修，与此同时原告于2013年8月22日与被告杜江修签订书面借款合同一份，约定：今借到史子彪现金人民币壹佰万元，借期自2013年8月22日起至2014年12月20日，付款方式为在2014年12月20日之前分期付款。且被告杜江修当时出具一张收条，载明：今收到史子彪该笔银行转账计玖拾肆万元整，另收到现金陆万元整，现金及银行转账共计壹佰万元整。两笔借款到期后，被告杜江修拒不偿还借款本金。现原告为保护自身的合法权益诉至法院，请求判如所请。&#xA;另查明，被告杜江修于起诉之前已归还10万元借款。&#xA;" nameCN="案件基本情况">
    <YGSCD value="原告史子彪诉称：2013年8月22日、2014年6月13日在洪城大市场原告公司内，被告杜江修因资金周转困难为由，向原告分别借款150万元，已归还10万元，被告承诺2014年7月13日归还本金，被告未能按期偿还，截止2014年9月1日被告欠原告本金合计：壹佰肆拾万元整，经多次催要仍不能还款。现原告为保护自身的合法权益不受侵害，无奈诉至法院，请求依法判令：1、被告立即支付原告借款本金140万元及逾期付款利息10万元；2、本案的诉讼费用全部由被告承担。 原告史子彪为支持其主张向本院举证如下： 证据一、2013年8月22日借款协议、转账凭证电子回单、欠条各一份，证明被告于2013年8月22日向原告借款100万元； 证据二、2014年6月13日借款协议、转账凭证十张共计48万，证明被告向原告借款50万元的事实，这50万元是对以前没有归还的借款的归拢。 " nameCN="原告诉称段" />
    <BGBCD value="被告杜江修代理人辩称：请求法院驳回原告诉请本金140万元。请法院驳回原告诉求利息10万元，经我们财务查实，被告已经还款95万元，所以原告诉求没有依据，原告诉求10万元利息没有事实依据，应依法驳回。 " nameCN="被告辩称段" />
    <ZJD value="上述证据经原、被告当庭质证，被告杜江修代理人对原告提供的证据质证意见如下：1、对证据1中的银行电子回单的真实性有异议，与收条的格式上表现形式和内容都不一样，不相对应；2、对证据2的关联性、真实性和证明目的都有异议，转账的交易时间是在2013年5月20日。" nameCN="证据段" />
    <ZJD value="被告杜江修未向本院提交证据。 " nameCN="证据段" />
    <CMSSD value="本院根据双方当事人的陈述及质证采信的证据，确认如下事实：2013年5月20日被告杜江修向原告史子彪借款48万元，于是原告于2013年5月20日向被告杜江修汇款48万元，被告杜江修并于2014年6月13日与原告史子彪签订借款协议一份，约定：1、借款金额为伍拾万整；2、借款用途为家电经营；3、借款期限自2014年6月13日至2014年7月13日；4、还款方式为分期以现金方式还款，实际借款为48万元。之后，被告未偿还上述48万借款。2013年8月22日被告杜江修向原告史子彪借款100万元，原告于2103年8月22日把借款94万元汇给被告杜江修，与此同时原告于2013年8月22日与被告杜江修签订书面借款合同一份，约定：今借到史子彪现金人民币壹佰万元，借期自2013年8月22日起至2014年12月20日，付款方式为在2014年12月20日之前分期付款。且被告杜江修当时出具一张收条，载明：今收到史子彪该笔银行转账计玖拾肆万元整，另收到现金陆万元整，现金及银行转账共计壹佰万元整。两笔借款到期后，被告杜江修拒不偿还借款本金。现原告为保护自身的合法权益诉至法院，请求判如所请。另查明，被告杜江修于起诉之前已归还10万元借款。 " nameCN="查明事实段">
      <SGXQ value="未提及" nameCN="事故详情">
        <SGSJ value="未提及" nameCN="事故时间" />
        <SGDD value="未提及" nameCN="事故地点" />
      </SGXQ>
      <JDCSYR value="杜江修" nameCN="机动车所有人" />
      <SHRJZD value="江西省南昌市东湖区" nameCN="受害人居住地" />
      <SFTB value="是" nameCN="是否投保" />
      <SFZBXQN value="是" nameCN="是否在保险期内" />
      <SFXQPF value="是" nameCN="是否先期赔付" />
      <SJZCQK value="壹佰万元" nameCN="实际支出情况" />
      <JDSFKK value="是" nameCN="鉴定是否可靠" />
    </CMSSD>
  </AJJBQK>
  <CPFXGC value="本院认为，合法的借贷关系受法律保护。被告杜江修于2014年6月13日、2014年8月22日分两次向原告史子彪出具的借条，系被告的真实意思表示，合法有效，本院予以认可。原告史子彪提供的转账凭证与上述借条基本上能相互印证，足以证明原、被告之间借贷关系存在。本案中借期到期后，被告拒不履行归还义务，经原告多次催讨，要求被告归还借款，被告仍未返还，现原告诉至本院要求被告归还其借款，本院予以支持。截止2015年1月8日，被告杜江修尚欠原告史子彪借款本金138万元，本院予以确认。自然人之间的借贷，未约定利息的，视为不支付利息，但被告仍应支付给原告向法院主张权利之日起的利息。庭审中被告杜江修抗辩已向原告史子彪支付了借款本金，但由于被告杜江修在合理的举证期限内未能提供确切的证据予以佐证，对此本院不予采纳，被告可另行主张。据此，依据《中华人民共和国民法通则》第八十四条、第九十条，《中华人民共和国合同法》第二百条、第二百零七条、第二百一十一条第一款之规定，判决如下：&#xA;" nameCN="裁判分析过程">
    <JAFSLX value="判决" nameCN="结案方式类型" />
    <FLFTMC value="中华人民共和国民法通则" nameCN="法律法条名称">
      <TM value="八十四" nameCN="条目" />
      <TM value="九十" nameCN="条目" />
      <SFCXF value="非程序法" nameCN="是否是程序法" />
    </FLFTMC>
    <FLFTMC value="中华人民共和国合同法" nameCN="法律法条名称">
      <TM value="二百一十一" nameCN="条目">
        <KM value="第一款" nameCN="款目" />
      </TM>
      <TM value="二百" nameCN="条目" />
      <TM value="二百零七" nameCN="条目" />
      <SFCXF value="非程序法" nameCN="是否是程序法" />
    </FLFTMC>
  </CPFXGC>
  <CPJG value="被告杜江修于本判决生效之日起十日内支付原告史子彪借款本金138万元及利息（以借款本金48万元为基数，自2014年9月15日至2014年12月20日止；以借款本金138万元为基数，自2014年12月21日起至给付借款之日止，均按中国人民银行年均贷款利率计付）。&#xA;如果未按判决指定的期间履行给付金钱义务，应依照《中华人民共和国民事诉讼法》第二百五十三条之规定，加倍支付迟延履行期间的债务利息。&#xA;本案由原告史子彪预交的案件受理费人民币18300元，诉前保全费人民币5000元，共计人民币23300元，由被告杜江修承担，限随上述款项一并支付。&#xA;如不服本判决，可在判决书送达之日起十五日内，向本院递交上诉状，并按对方当事人的人数提出副本，上诉于江西省南昌市中级人民法院，且应在递交上诉状后七日内，到南昌市中级人民法院缴纳上诉费，或办理减、免、缓交手续，逾期不交或未按规定办理相关手续，南昌市中级人民法院按自动撤回上诉处理。&#xA;本判决发生法律效力后，当事人应自觉履行判决书的全部义务，一方不履行的，权利人可以向人民法院申请强制执行，申请执行的期限为2年，该期限从法律文书规定的履行期间的最后一日后起计算。&#xA;" nameCN="裁判结果">
    <JAFS value="判决" nameCN="结案方式" />
    <PCSFSXZQ value="正确" nameCN="同时起诉侵权人与保险公司的赔偿顺序" />
    <JTPJJG value="被告杜江修于本判决生效之日起十日内支付原告史子彪借款本金138万元及利息（以借款本金48万元为基数，自2014年9月15日至2014年12月20日止；以借款本金138万元为基数，自2014年12月21日起至给付借款之日止，均按中国人民银行年均贷款利率计付）。" nameCN="具体裁判段">
      <QLR value="史子彪" nameCN="权利人">
        <QLRSSDW value="原告" nameCN="诉讼地位" />
      </QLR>
      <YWR value="杜江修" nameCN="义务人">
        <YWRSSDW value="被告" nameCN="诉讼地位" />
      </YWR>
      <PJZXQX value="十日" nameCN="判决执行期限" />
      <PJJE nameCN="判决金额">
        <JE value="1380000.0元" nameCN="金额" />
        <JELX value="借款" nameCN="金额类型" />
        <JELX value="本金" nameCN="金额类型" />
      </PJJE>
      <PJJE nameCN="判决金额">
        <JE value="480000.0元" nameCN="金额" />
        <JELX value="借款" nameCN="金额类型" />
        <JELX value="利息" nameCN="金额类型" />
        <JELX value="本金" nameCN="金额类型" />
      </PJJE>
      <PJJE nameCN="判决金额">
        <JE value="1380000.0元" nameCN="金额" />
        <JELX value="借款" nameCN="金额类型" />
        <JELX value="本金" nameCN="金额类型" />
      </PJJE>
    </JTPJJG>
    <JTPJJG value="如果未按判决指定的期间履行给付金钱义务，应依照《中华人民共和国民事诉讼法》第二百五十三条之规定，加倍支付迟延履行期间的债务利息。" nameCN="具体裁判段" />
    <JTPJJG value="本案由原告史子彪预交的案件受理费人民币18300元，诉前保全费人民币5000元，共计人民币23300元，由被告杜江修承担，限随上述款项一并支付。" nameCN="具体裁判段">
      <PJJE nameCN="判决金额">
        <JE value="18300元" nameCN="金额" />
      </PJJE>
      <PJJE nameCN="判决金额">
        <JE value="5000元" nameCN="金额" />
      </PJJE>
      <PJJE nameCN="判决金额">
        <JE value="23300元" nameCN="金额" />
      </PJJE>
    </JTPJJG>
    <JTPJJG value="如不服本判决，可在判决书送达之日起十五日内，向本院递交上诉状，并按对方当事人的人数提出副本，上诉于江西省南昌市中级人民法院，且应在递交上诉状后七日内，到南昌市中级人民法院缴纳上诉费，或办理减、免、缓交手续，逾期不交或未按规定办理相关手续，南昌市中级人民法院按自动撤回上诉处理。" nameCN="具体裁判段" />
    <JTPJJG value="本判决发生法律效力后，当事人应自觉履行判决书的全部义务，一方不履行的，权利人可以向人民法院申请强制执行，申请执行的期限为2年，该期限从法律文书规定的履行期间的最后一日后起计算。" nameCN="具体裁判段" />
    <SFFHCS value="否" nameCN="是否发回重审" />
    <KSSZ value="江西省南昌市中级人民法院" nameCN="可上诉至" />
    <SSTJCL value="上诉状，并按对方当事人的人数提出副本" nameCN="上诉提交材料" />
    <SSQX value="十五日" nameCN="上诉期限" />
    <TCGXQYY value="否" nameCN="是否提出管辖权异议" />
  </CPJG>
  <WW value="审判长刘英生&#xA;审判员虞福员&#xA;代理审判员陈志强&#xA;二〇一五年一月九日&#xA;书记员孟健&#xA;" nameCN="文尾">
    <SPZZCY nameCN="审判组织成员">
      <SPRYXM value="虞福员" nameCN="审判人员姓名" />
      <SPRYJS value="审判员" nameCN="审判人员角色" />
    </SPZZCY>
    <SPZZCY nameCN="审判组织成员">
      <SPRYXM value="刘英生" nameCN="审判人员姓名" />
      <SPRYJS value="审判长" nameCN="审判人员角色" />
    </SPZZCY>
    <SPZZCY nameCN="审判组织成员">
      <SPRYXM value="陈志强" nameCN="审判人员姓名" />
      <SPRYJS value="代理审判员" nameCN="审判人员角色" />
    </SPZZCY>
    <SPZZCY nameCN="审判组织成员">
      <SPRYXM value="孟健" nameCN="审判人员姓名" />
      <SPRYJS value="书记员" nameCN="审判人员角色" />
    </SPZZCY>
    <CPSJ value="2015年1月9日" nameCN="裁判时间">
      <Year value="2015" nameCN="结案年度" />
      <JANYR value="2015年1月9日" nameCN="结案年月日" />
      <JANY value="2015-1" nameCN="结案年月" />
      <Month value="1" nameCN="月" />
      <Day value="9" nameCN="日" />
    </CPSJ>
  </WW>
  <FL value="" nameCN="附录" />
</QW>

