<?xml version="1.0" encoding="UTF-8"?>
<QW value="&#xA;广东省广宁县人民法院&#xA;民事判决书&#xA;（2014）肇宁法江民初字第4号&#xA;原告叶某某，女，汉族，1988年2月14日出生，住广西灵山县。&#xA;被告莫某某，男，汉族，1981年6月28日出生，住广东省广宁县。&#xA;原告叶某某诉被告莫某某离婚纠纷一案，本院于2013年11月27日立案受理。依法适用简易程序公开开庭进行了审理。原告叶某某、被告莫某某到庭参加诉讼。本案现已审理终结。&#xA;原告叶某某诉称，原、被告于2007年7月相识，2009年4月27日登记结婚，2009年7月14日生育女儿莫某欣。婚后初期夫妻感情尚好，后来由于被告莫某某经常听信流言，经常找借口与原告吵架，经常用言语诋毁原告，有时还会以暴力相对。原告于2011年起便到其他地方打工，并开始与被告分居。此后被告并未联系过原告，现夫妻感情破裂。据此，请求法院判令：1、准予原、被告离婚。2、婚生女儿莫可欣由被告携带抚养，抚养费由被告负担。&#xA;被告莫某某答辩称，原告在诉状中所述的结婚时间、生育子女的情况属实，原告提及我经常听信流言，经常找借口与原告吵架，经常用言语诋毁原告并使用暴力均不是事实。为了女儿健康成长，我不愿家庭破裂，不同意离婚。&#xA;经审理查明：原、被告于2007年7月相识，2009年4月27日登记结婚，2009年7月14日生育女儿莫某欣。婚后初期夫妻感情尚好。现婚生女儿莫某欣在被告乡下老家由被告之母亲照顾生活，原、被告均有支付给女儿部分生活费。2013年11月27日原告以感情破裂为由向本院提起离婚诉讼。&#xA;上述事实，有原告提供的身份证、结婚证、被告提供的身份证、出生证等证据证实。&#xA;本院认为，原、被告是自行相识恋爱、自主登记结婚的。有一定的婚姻基础，婚后也建立起一定的夫妻感情，且生育了一个女儿。现原、被告双方产生纠纷的主要原因是夫妻间缺乏沟通及被告认为原告有第三者插足所致。因此，只要原、被告双方做到互相尊重，互相信任，消除猜疑，彼此多沟通联系，其家庭就能幸福和谐。原告理应放弃离婚念头，主动与被告搞好家庭团结。被告也应在各方面多些关心原告，尽到做丈夫的责任。原告主张被告对其实施家庭暴力，但原告没有提供相关证据予以证实，故本院不予支持。原告主张夫妻感情破裂，由于原告至今都没有提供可认定夫妻感情破裂情形的有效证据，故原告请求与被告离婚，其理由不充分，本院不予支持。原、被告夫妻感情尚未破裂，还有和好的可能。据此，依照《中华人民共和国婚姻法》第三十二条第二款之规定，判决如下：&#xA;不准原告叶某某与被告莫某某离婚。&#xA;本案受理费300元，减半收取为150元，由原告叶某某负担。&#xA;如不服本判决，可在判决书送达之日起十五日内，向本院递交上诉状，并按对方当事人的人数提出副本，上诉于广东省肇庆市中级人民法院。&#xA;代理审判员范秀庭&#xA;二〇一三年十二月二十九日&#xA;书记员雷远&#xA;" nameCN="全文">
  <WS value="广东省广宁县人民法院&#xA;民事判决书&#xA;（2014）肇宁法江民初字第4号&#xA;" nameCN="文首">
    <WSZZDW value="法院" nameCN="文书制作单位" />
    <JBFY value="广东省广宁县人民法院" nameCN="经办法院">
      <FYJB value="基层" nameCN="法院级别" />
      <XZQH_P value="广东" nameCN="行政区划(省)" />
      <XZQH_C value="广东" nameCN="行政区划(市)" />
    </JBFY>
    <WSMC value="民事判决书" nameCN="文书名称" />
    <AH value="(2014)肇宁法江民初字第4号" nameCN="案号" />
    <LAND value="2014" nameCN="立案年度" />
    <AJXZ value="民事案件" nameCN="案件性质" />
    <WSZL value="判决书" nameCN="文书种类" />
    <SPCX value="一审案件" nameCN="审判程序" />
    <AJLX value="民事一审案件" nameCN="案件类型" />
  </WS>
  <SSCYRQJ value="原告叶某某，女，汉族，1988年2月14日出生，住广西灵山县。&#xA;被告莫某某，男，汉族，1981年6月28日出生，住广东省广宁县。&#xA;" nameCN="诉讼参与人全集">
    <SSCYR value="原告叶某某，女，汉族，1988年2月14日出生，住广西灵山县。" nameCN="诉讼参与人">
      <SSCYRMC value="叶某某" nameCN="诉讼参与人名称" />
      <SSSF value="原告" nameCN="诉讼身份" />
      <SSDW value="原告" nameCN="诉讼地位" />
      <DSRLB value="原告" nameCN="当事人类别" />
      <DSRLX value="自然人" nameCN="当事人类型" />
      <XB value="女" nameCN="性别" />
      <MZ value="汉族" nameCN="民族" />
      <CSRQ value="1988年2月14日" nameCN="出生日期">
        <Year value="1988" nameCN="年" />
        <Month value="2" nameCN="月" />
        <Day value="14" nameCN="日" />
      </CSRQ>
      <GJ value="中国" nameCN="国籍" />
      <DSRDZ value="广西灵山县" nameCN="当事人地址" />
      <DTQK value="到庭" nameCN="到庭情况" />
      <DSRSFZH value="否" nameCN="当事人是否再婚" />
    </SSCYR>
    <SSCYR value="被告莫某某，男，汉族，1981年6月28日出生，住广东省广宁县。" nameCN="诉讼参与人">
      <SSCYRMC value="莫某某" nameCN="诉讼参与人名称" />
      <SSSF value="被告" nameCN="诉讼身份" />
      <SSDW value="被告" nameCN="诉讼地位" />
      <DSRLB value="被告" nameCN="当事人类别" />
      <DSRLX value="自然人" nameCN="当事人类型" />
      <XB value="男" nameCN="性别" />
      <MZ value="汉族" nameCN="民族" />
      <CSRQ value="1981年6月28日" nameCN="出生日期">
        <Year value="1981" nameCN="年" />
        <Month value="6" nameCN="月" />
        <Day value="28" nameCN="日" />
      </CSRQ>
      <GJ value="中国" nameCN="国籍" />
      <DSRDZ value="广东省广宁县" nameCN="当事人地址" />
      <DTQK value="到庭" nameCN="到庭情况" />
      <DSRSFZH value="否" nameCN="当事人是否再婚" />
    </SSCYR>
    <SSCYRQJ value="错误" nameCN="保险公司是否作为被告" />
  </SSCYRQJ>
  <SSJL value="原告叶某某诉被告莫某某离婚纠纷一案，本院于2013年11月27日立案受理。依法适用简易程序公开开庭进行了审理。原告叶某某、被告莫某某到庭参加诉讼。本案现已审理终结。" nameCN="诉讼记录">
    <YG value="叶某某" nameCN="原告" />
    <BG value="莫某某" nameCN="被告" />
    <AY value="离婚纠纷" nameCN="案由" />
    <KTSL value="是" nameCN="开庭审理" />
    <KTSLXX value="公开审理" nameCN="开庭审理信息" />
    <WZAY value="离婚纠纷" nameCN="完整案由" />
    <AYDM value="9015" nameCN="案由代码" />
    <LARQ value="2013年11月27日" nameCN="立案日期" />
    <YSAJSYCX value="简易程序" nameCN="一审案件适用程序" />
    <JYZPT value="否" nameCN="简易转普通" />
    <SPZZ value="独任庭" nameCN="审判组织" />
    <YSAJLY value="新收" nameCN="一审案件来源" />
    <SLRQ value="2013年11月27日" nameCN="受理日期" />
    <CTDSRXX nameCN="出庭当事人信息">
      <CTRXM value="莫某某" nameCN="出庭人姓名">
        <SSDW value="被告" nameCN="诉讼地位" />
      </CTRXM>
      <CTRXM value="叶某某" nameCN="出庭人姓名">
        <SSDW value="原告" nameCN="诉讼地位" />
      </CTRXM>
    </CTDSRXX>
  </SSJL>
  <AJJBQK value="原告叶某某诉称，原、被告于2007年7月相识，2009年4月27日登记结婚，2009年7月14日生育女儿莫某欣。婚后初期夫妻感情尚好，后来由于被告莫某某经常听信流言，经常找借口与原告吵架，经常用言语诋毁原告，有时还会以暴力相对。原告于2011年起便到其他地方打工，并开始与被告分居。此后被告并未联系过原告，现夫妻感情破裂。据此，请求法院判令：1、准予原、被告离婚。2、婚生女儿莫可欣由被告携带抚养，抚养费由被告负担。&#xA;被告莫某某答辩称，原告在诉状中所述的结婚时间、生育子女的情况属实，原告提及我经常听信流言，经常找借口与原告吵架，经常用言语诋毁原告并使用暴力均不是事实。为了女儿健康成长，我不愿家庭破裂，不同意离婚。&#xA;经审理查明：原、被告于2007年7月相识，2009年4月27日登记结婚，2009年7月14日生育女儿莫某欣。婚后初期夫妻感情尚好。现婚生女儿莫某欣在被告乡下老家由被告之母亲照顾生活，原、被告均有支付给女儿部分生活费。2013年11月27日原告以感情破裂为由向本院提起离婚诉讼。&#xA;上述事实，有原告提供的身份证、结婚证、被告提供的身份证、出生证等证据证实。&#xA;" nameCN="案件基本情况">
    <YGSCD value="原告叶某某诉称，原、被告于2007年7月相识，2009年4月27日登记结婚，2009年7月14日生育女儿莫某欣。婚后初期夫妻感情尚好，后来由于被告莫某某经常听信流言，经常找借口与原告吵架，经常用言语诋毁原告，有时还会以暴力相对。原告于2011年起便到其他地方打工，并开始与被告分居。此后被告并未联系过原告，现夫妻感情破裂。据此，请求法院判令：1、准予原、被告离婚。2、婚生女儿莫可欣由被告携带抚养，抚养费由被告负担。 " nameCN="原告诉称段" />
    <BGBCD value="被告莫某某答辩称，原告在诉状中所述的结婚时间、生育子女的情况属实，原告提及我经常听信流言，经常找借口与原告吵架，经常用言语诋毁原告并使用暴力均不是事实。为了女儿健康成长，我不愿家庭破裂，不同意离婚。 " nameCN="被告辩称段" />
    <ZJD value="上述事实，有原告提供的身份证、结婚证、被告提供的身份证、出生证等证据证实。" nameCN="证据段" />
    <CMSSD value="经审理查明：原、被告于2007年7月相识，2009年4月27日登记结婚，2009年7月14日生育女儿莫某欣。婚后初期夫妻感情尚好。现婚生女儿莫某欣在被告乡下老家由被告之母亲照顾生活，原、被告均有支付给女儿部分生活费。2013年11月27日原告以感情破裂为由向本院提起离婚诉讼。" nameCN="查明事实段">
      <SGXQ value="2013年11月27日原告以感情破裂为由向本院提起离婚诉讼。" nameCN="事故详情">
        <SGSJ value="2013年11月27日原告以感情破裂为由向本院提起离婚诉讼。" nameCN="事故时间" />
        <SGDD value="未提及" nameCN="事故地点" />
      </SGXQ>
      <JDCSYR value="莫某某" nameCN="机动车所有人" />
      <SHRJZD value="广西灵山县" nameCN="受害人居住地" />
      <SFTB value="是" nameCN="是否投保" />
      <SFZBXQN value="是" nameCN="是否在保险期内" />
      <SFXQPF value="是" nameCN="是否先期赔付" />
      <JDSFKK value="是" nameCN="鉴定是否可靠" />
    </CMSSD>
  </AJJBQK>
  <CPFXGC value="本院认为，原、被告是自行相识恋爱、自主登记结婚的。有一定的婚姻基础，婚后也建立起一定的夫妻感情，且生育了一个女儿。现原、被告双方产生纠纷的主要原因是夫妻间缺乏沟通及被告认为原告有第三者插足所致。因此，只要原、被告双方做到互相尊重，互相信任，消除猜疑，彼此多沟通联系，其家庭就能幸福和谐。原告理应放弃离婚念头，主动与被告搞好家庭团结。被告也应在各方面多些关心原告，尽到做丈夫的责任。原告主张被告对其实施家庭暴力，但原告没有提供相关证据予以证实，故本院不予支持。原告主张夫妻感情破裂，由于原告至今都没有提供可认定夫妻感情破裂情形的有效证据，故原告请求与被告离婚，其理由不充分，本院不予支持。原、被告夫妻感情尚未破裂，还有和好的可能。据此，依照《中华人民共和国婚姻法》第三十二条第二款之规定，判决如下：&#xA;" nameCN="裁判分析过程">
    <JAFSLX value="判决" nameCN="结案方式类型" />
    <FLFTMC value="中华人民共和国婚姻法" nameCN="法律法条名称">
      <TM value="三十二" nameCN="条目">
        <KM value="第二款" nameCN="款目" />
      </TM>
      <SFCXF value="非程序法" nameCN="是否是程序法" />
    </FLFTMC>
  </CPFXGC>
  <CPJG value="不准原告叶某某与被告莫某某离婚。&#xA;本案受理费300元，减半收取为150元，由原告叶某某负担。&#xA;如不服本判决，可在判决书送达之日起十五日内，向本院递交上诉状，并按对方当事人的人数提出副本，上诉于广东省肇庆市中级人民法院。&#xA;" nameCN="裁判结果">
    <JAFS value="判决" nameCN="结案方式" />
    <PCSFSXZQ value="正确" nameCN="同时起诉侵权人与保险公司的赔偿顺序" />
    <JTPJJG value="不准原告叶某某与被告莫某某离婚。" nameCN="具体裁判段" />
    <SSFCD nameCN="诉讼费承担">
      <SSFCDJL value="本案受理费300元，减半收取为150元，由原告叶某某负担。" nameCN="诉讼费承担记录">
        <SSFJE value="150元" nameCN="诉讼费金额" />
        <SSFZL value="受理费" nameCN="诉讼费种类" />
        <SSFCDR value="叶某某" nameCN="承担人">
          <SSFCDJE value="150元" nameCN="承担金额" />
          <SSFCDFS value="个人独立承担该金额" nameCN="承担方式" />
          <SSFCDDW value="原告" nameCN="承担人地位" />
        </SSFCDR>
      </SSFCDJL>
    </SSFCD>
    <SFFHCS value="否" nameCN="是否发回重审" />
    <KSSZ value="广东省肇庆市中级人民法院" nameCN="可上诉至" />
    <SSTJCL value="上诉状，并按对方当事人的人数提出副本" nameCN="上诉提交材料" />
    <SSQX value="十五日" nameCN="上诉期限" />
    <TCGXQYY value="否" nameCN="是否提出管辖权异议" />
  </CPJG>
  <WW value="代理审判员范秀庭&#xA;二〇一三年十二月二十九日&#xA;书记员雷远&#xA;" nameCN="文尾">
    <SPZZCY nameCN="审判组织成员">
      <SPRYXM value="雷远" nameCN="审判人员姓名" />
      <SPRYJS value="书记员" nameCN="审判人员角色" />
    </SPZZCY>
    <SPZZCY nameCN="审判组织成员">
      <SPRYXM value="范秀庭" nameCN="审判人员姓名" />
      <SPRYJS value="代理审判员" nameCN="审判人员角色" />
    </SPZZCY>
    <CPSJ value="2013年12月29日" nameCN="裁判时间">
      <Year value="2013" nameCN="结案年度" />
      <JANYR value="2013年12月29日" nameCN="结案年月日" />
      <JANY value="2013-12" nameCN="结案年月" />
      <Month value="12" nameCN="月" />
      <Day value="29" nameCN="日" />
    </CPSJ>
  </WW>
  <FL value="" nameCN="附录" />
</QW>

