<?xml version="1.0" encoding="UTF-8"?>
<QW value="&#xA;湖南省永州市冷水滩区人民法院&#xA;民事裁定书&#xA;（2014）永冷民初字第108号&#xA;原告吕XX，女，1983年11月15日出生，汉族，冷水滩区人，农民。&#xA;被告冯XX，男，1982年5月7日出生，汉族，冷水滩区人，农民。&#xA;本院在审理原告吕XX诉被告冯XX离婚纠纷一案中，原告吕XX自愿给被告冯XX一次和好的机会为由，于2014年3月14日向本院提出撤诉申请。&#xA;本院认为，原告有权在法律规定的范围内处分自己的民事权利和诉讼权利，原告自愿撤回起诉，本院予以准许。依照《中华人民共和国民事诉讼法》第十三条第二款、第一百四十五条第一款之规定，裁定如下：&#xA;准许原告吕XX撤回起诉。&#xA;本案受理费200元，减半收取100元，由原告吕XX负担。&#xA;审判员邓国华&#xA;二〇一四年三月十四日&#xA;书记员蒋雄文&#xA;附相关法律条文：&#xA;《中华人民共和国民事诉讼法》第十三条第二款当事人有权在法律规定的范围内处分自己的民事权利和诉讼权利。&#xA;第一百四十五条宣判前，原告申请撤诉的，是否准许，由人民法院裁定。&#xA;" nameCN="全文">
  <WS value="湖南省永州市冷水滩区人民法院&#xA;民事裁定书&#xA;（2014）永冷民初字第108号&#xA;" nameCN="文首">
    <WSZZDW value="法院" nameCN="文书制作单位" />
    <JBFY value="湖南省永州市冷水滩区人民法院" nameCN="经办法院">
      <FYJB value="基层" nameCN="法院级别" />
      <XZQH_P value="湖南" nameCN="行政区划(省)" />
      <XZQH_C value="永州市" nameCN="行政区划(市)" />
    </JBFY>
    <WSMC value="民事裁定书" nameCN="文书名称" />
    <AH value="(2014)永冷民初字第108号" nameCN="案号" />
    <LAND value="2014" nameCN="立案年度" />
    <AJXZ value="民事案件" nameCN="案件性质" />
    <WSZL value="裁定书" nameCN="文书种类" />
    <SPCX value="一审案件" nameCN="审判程序" />
    <AJLX value="民事一审案件" nameCN="案件类型" />
  </WS>
  <SSCYRQJ value="原告吕XX，女，1983年11月15日出生，汉族，冷水滩区人，农民。&#xA;被告冯XX，男，1982年5月7日出生，汉族，冷水滩区人，农民。&#xA;" nameCN="诉讼参与人全集">
    <SSCYR value="原告吕XX，女，1983年11月15日出生，汉族，冷水滩区人，农民。" nameCN="诉讼参与人">
      <SSCYRMC value="吕XX" nameCN="诉讼参与人名称" />
      <SSSF value="原告" nameCN="诉讼身份" />
      <SSDW value="原告" nameCN="诉讼地位" />
      <DSRLB value="原告" nameCN="当事人类别" />
      <DSRLX value="自然人" nameCN="当事人类型" />
      <XB value="女" nameCN="性别" />
      <MZ value="汉族" nameCN="民族" />
      <CSRQ value="1983年11月15日" nameCN="出生日期">
        <Year value="1983" nameCN="年" />
        <Month value="11" nameCN="月" />
        <Day value="15" nameCN="日" />
      </CSRQ>
      <GJ value="中国" nameCN="国籍" />
      <DWZWFZ nameCN="单位职务分组">
        <ZW value="农民" nameCN="职务" />
      </DWZWFZ>
      <DSRSFZH value="否" nameCN="当事人是否再婚" />
    </SSCYR>
    <SSCYR value="被告冯XX，男，1982年5月7日出生，汉族，冷水滩区人，农民。" nameCN="诉讼参与人">
      <SSCYRMC value="冯XX" nameCN="诉讼参与人名称" />
      <SSSF value="被告" nameCN="诉讼身份" />
      <SSDW value="被告" nameCN="诉讼地位" />
      <DSRLB value="被告" nameCN="当事人类别" />
      <DSRLX value="自然人" nameCN="当事人类型" />
      <XB value="男" nameCN="性别" />
      <MZ value="汉族" nameCN="民族" />
      <CSRQ value="1982年5月7日" nameCN="出生日期">
        <Year value="1982" nameCN="年" />
        <Month value="5" nameCN="月" />
        <Day value="7" nameCN="日" />
      </CSRQ>
      <GJ value="中国" nameCN="国籍" />
      <DWZWFZ nameCN="单位职务分组">
        <ZW value="农民" nameCN="职务" />
      </DWZWFZ>
      <DSRSFZH value="否" nameCN="当事人是否再婚" />
    </SSCYR>
    <SSCYRQJ value="错误" nameCN="保险公司是否作为被告" />
  </SSCYRQJ>
  <SSJL value="本院在审理原告吕XX诉被告冯XX离婚纠纷一案中，原告吕XX自愿给被告冯XX一次和好的机会为由，于2014年3月14日向本院提出撤诉申请。" nameCN="诉讼记录">
    <CS value="" nameCN="撤诉">
      <CSR value="吕XX自愿给被告冯XX一次和好的机会为由" nameCN="撤诉人" />
      <RQ value="2014年3月14日" nameCN="日期" />
    </CS>
    <YG value="吕XX" nameCN="原告" />
    <BG value="冯XX" nameCN="被告" />
    <AY value="离婚纠纷" nameCN="案由" />
    <KTSL value="否" nameCN="开庭审理" />
    <WZAY value="离婚纠纷" nameCN="完整案由" />
    <AYDM value="9015" nameCN="案由代码" />
    <YSAJSYCX value="普通程序" nameCN="一审案件适用程序" />
    <JYZPT value="否" nameCN="简易转普通" />
    <SPZZ value="独任庭" nameCN="审判组织" />
    <YSAJLY value="新收" nameCN="一审案件来源" />
    <SQCSRQ value="2014年3月14日" nameCN="申请撤诉日期" />
  </SSJL>
  <AJJBQK value="" nameCN="案件基本情况" />
  <CPFXGC value="本院认为，原告有权在法律规定的范围内处分自己的民事权利和诉讼权利，原告自愿撤回起诉，本院予以准许。依照《中华人民共和国民事诉讼法》第十三条第二款、第一百四十五条第一款之规定，裁定如下：&#xA;" nameCN="裁判分析过程">
    <JAFSLX value="裁定" nameCN="结案方式类型" />
    <FLFTMC value="中华人民共和国民事诉讼法" nameCN="法律法条名称">
      <TM value="十三" nameCN="条目">
        <KM value="第二款" nameCN="款目" />
      </TM>
      <TM value="一百四十五" nameCN="条目">
        <KM value="第一款" nameCN="款目" />
      </TM>
      <SFCXF value="是程序法" nameCN="是否是程序法" />
    </FLFTMC>
  </CPFXGC>
  <CPJG value="准许原告吕XX撤回起诉。&#xA;本案受理费200元，减半收取100元，由原告吕XX负担。&#xA;" nameCN="裁判结果">
    <JAFS value="准予撤诉" nameCN="结案方式" />
    <PCSFSXZQ value="正确" nameCN="同时起诉侵权人与保险公司的赔偿顺序" />
    <JTPJJG value="准许原告吕XX撤回起诉。" nameCN="具体裁判段" />
    <SSFCD nameCN="诉讼费承担">
      <SSFCDJL value="本案受理费200元，减半收取100元，由原告吕XX负担。" nameCN="诉讼费承担记录">
        <SSFJE value="100元" nameCN="诉讼费金额" />
        <SSFZL value="受理费" nameCN="诉讼费种类" />
        <SSFCDR value="吕XX" nameCN="承担人">
          <SSFCDJE value="100元" nameCN="承担金额" />
          <SSFCDFS value="个人独立承担该金额" nameCN="承担方式" />
          <SSFCDDW value="原告" nameCN="承担人地位" />
        </SSFCDR>
      </SSFCDJL>
    </SSFCD>
    <SFFHCS value="否" nameCN="是否发回重审" />
    <CSRJH nameCN="撤诉人集合">
      <CSR value="吕XX" nameCN="撤诉人" />
    </CSRJH>
    <CSLX value="原告主动撤诉" nameCN="撤诉类型" />
    <TCGXQYY value="否" nameCN="是否提出管辖权异议" />
  </CPJG>
  <WW value="审判员邓国华&#xA;二〇一四年三月十四日&#xA;书记员蒋雄文&#xA;" nameCN="文尾">
    <SPZZCY nameCN="审判组织成员">
      <SPRYXM value="蒋雄文" nameCN="审判人员姓名" />
      <SPRYJS value="书记员" nameCN="审判人员角色" />
    </SPZZCY>
    <SPZZCY nameCN="审判组织成员">
      <SPRYXM value="邓国华" nameCN="审判人员姓名" />
      <SPRYJS value="审判员" nameCN="审判人员角色" />
    </SPZZCY>
    <CPSJ value="2014年3月14日" nameCN="裁判时间">
      <Year value="2014" nameCN="结案年度" />
      <JANYR value="2014年3月14日" nameCN="结案年月日" />
      <JANY value="2014-3" nameCN="结案年月" />
      <Month value="3" nameCN="月" />
      <Day value="14" nameCN="日" />
    </CPSJ>
  </WW>
  <FL value="" nameCN="附录" />
</QW>

