<?xml version="1.0" encoding="UTF-8"?>
<QW value="&#xA;河北省晋州市人民法院&#xA;民事判决书&#xA;（2014）晋民初字第00519号&#xA;原告吕世皓。&#xA;委托代理人刘金琢，河北牛聚强律师事务所律师，代理权限为一般代理。&#xA;被告师帅。&#xA;被告晋州市好运出租公司（以下简称好运出租）。&#xA;法定代表人李艳娟，系该公司董事长。&#xA;委托代理人高波，该公司职员，代理权限为一般代理。&#xA;被告中国人民财产保险股份有限公司晋州支公司（以下简称晋州人保）。&#xA;负责人刘瑞学，该公司经理。&#xA;委托代理人杜跃存，河北浩翔律师事务所律师，代理权限为特别授权。&#xA;原告吕世皓与被告师帅、中国人民财产保险股份有限公司晋州支公司出租汽车运输合同纠纷一案，本院受理后，依法适用简易程序，公开开庭进行了审理。原告吕世皓的委托代理人刘金琢，被告师帅，被告好运出租公司委托代理人高波，被告晋州人保公司的委托代理人杜跃存均到庭参加诉讼。本案现已审理终结。&#xA;原告诉称，2014年7月28日23时许，师帅驾驶冀a×××××号轿车，顺003县道由南向北行驶至马上线道口时，因躲避车辆驶出公路，造成车辆局部损坏、师帅、刘业、吕云昭、吕世皓、吕子璇受伤的交通事故。经晋州市公安交通警察大队认定，师帅负此事故的全部责任。要求被告赔偿医疗费、误工费、护理费、伙食补助费、营养费、交通费共计20020．86元。&#xA;被告师帅辩称，我驾驶的车辆在晋州人保投保不计免赔乘客车上人员责任险，对原告的损失应由保险公司赔偿，我不承担赔偿责任。&#xA;被告好运出租公司辩称，同意由晋州人保赔偿原告的损失，保险公司赔偿不足部分由被告师帅承担。&#xA;被告晋州人保辩称，事故车辆在我公司投保不计免赔乘客车上人员责任险，每座责任限额为5万元，事故发生在保险期间，对原告的合理合法的损失，我公司同意按保险合同赔付，诉讼费等间接损失，不属保险责任，我公司不予承担。&#xA;原告吕世皓为证明其主张，向法庭提供如下证据材料：&#xA;1、晋州市公安交通警察大队道路交通事故认定书1份，用以证明乘坐被告师帅驾驶车辆发生交通事故的事实及责任认定情况。&#xA;2、晋州市人民医院票据14张，用以证明吕世皓受伤后产生医疗费用数额7291元。&#xA;3、晋州市恒瑞德纸箱辅料加工厂出具的营业执照、误工证明、事故前三个月工资表各1份，用以证明原告因事故收入减少的情况。&#xA;4、石家庄鑫源纤维素有限公司出具的营业执照、误工证明、事故前三个月工资表各1份，用以证明原告护理人吕运波因护理吕世皓收入减少的情况。&#xA;5、交通费票据5张，用以证明原告因交通事故支付交通费500元。&#xA;被告为证明其主张，向法庭提交以下证明材料：&#xA;1、商业三者险保单1份，用以证明被告师帅驾驶车辆投保不计免赔乘客车上人员责任险情况。&#xA;2、事故车辆行车本、被告师帅驾驶本、从业资格证各1份，用以证明师帅驾驶车辆有合法手续。&#xA;被告晋州人保未提交证据材料证明其抗辩主张。&#xA;经庭审质证、认证，原告、被告晋州人保对被告师帅提交的证据均无异议，本院予以确认。被告师帅、晋州人保对原告吕世皓提供的证据1、的真实性无异议，本院予以确认；认为原告病历取证费4．5元系间接损失，美联臣580元的票据非正式发票且无医嘱，我公司对此两项费用不予认可。伙食补助费同意按每天50元计算；原告主张出院后营养费没有法律依据且标准过高，认可住院期间营养费，按每天15元计算；对原告的误工费证据的真实性有异议，同意按相关行业收入标准计算，误工天数按公安部相关标准结合原告伤情计算；对护理费证据的真实性有异议，同意按行业收入标准，给付住院期间的护理费；原告交通费系长途车票，与本案无关联性，认可100元交通费。&#xA;综合上述有效证据及原、被告举证、质证情况，本院认定以下事实：2014年7月28日23时许，师帅驾驶冀a×××××号轿车，顺003县道由南向北行驶至马上线道口时，因躲避车辆驶出公路，造成车辆局部损坏、师帅、刘业、吕云昭、吕世皓、吕子璇受伤的交通事故。经晋州市公安交通警察大队认定，师帅负此事故的全部责任。事故发生后，原告到晋州市人民医院检查治疗，经诊断为右眼内角上方3．5cm裂伤，右下唇2cm、右外口角1cm裂伤及四肢多处挫伤、擦伤、划伤、肿胀、青紫、触痛及出血，对其面部、四肢多处伤口缝合，在医院花费医疗费6706．5元，住院21天。出院后原告到石家庄美联臣医疗美容医院购买祛疤用硅凝胶1支，花费580元。原告事故前在晋州市恒瑞德纸箱辅料加工厂上班，事故前3个月日平均工资为111元（3200＋3500＋3300）÷90天。原告住院期间由父亲吕云波护理，事故前护理人在石家庄鑫源纤维素有限公司上班，护理人吕云波事故前3个月日平均工资为112元（3366＋3448＋3255）÷90天。&#xA;另查明，被告师帅所驾驶的车辆挂靠在被告好运出租公司名下，并在被告晋州人保投保不计免赔乘客车上人员责任险，每座责任限额为5万元，事故发生在保险合同期限内。被告行车手续齐全。&#xA;本院认为，被告师帅作为出租汽车司机，应安全地将旅客送到约定地点。本案原告刘业在乘坐被告师帅驾驶的出租车回家途中，被告师帅驾驶机动车未确保安全畅通的原则下通行，造成原告刘业受伤，应赔偿原告因此造成的损失。因被告驾驶事故车辆在保险公司投保不计免赔每座责任限额为5万元的乘客车上人员责任险，被告师帅驾驶车辆挂靠在被告好运出租公司名下，对原告的损失首先由保险公司在5万元限额内赔偿，超出部分由被告师帅和好运出租公司承担连带责任。原告花费住院费6706．5元，有医院票据、病历、诊断证明、费用清单等证实，本院予以确认，事故导致原告面部多处伤口，手术缝合后留下疤痕，致使原告面容受损，且原告尚幼，在美联臣美容医院购买的祛疤药物符合情理，对此本院应予支持，病历复印费4．5元系原告为取证产生，应自行负担；原告提供所在公司误工证明、营业执照、事故前三个月工资表证实其误工费，其收入应按其工资表计算，原告系身体多处受伤，按照公安部《人身损害受伤人员误工损失日评定准则》对应条款，原告误工天数可定为51天，由此计算原告误工费为5661元（51×111）；原告住院期间由父亲吕云波护理，护理人提供所在单位误工证明、营业执照、事故前三个月工资表证实，原告护理费应为2352元（21天×112元）；原告医嘱需加强营养，营养费按住院天数计算为315元（21×15）；原告交通费被告认可100元亦无不可。以上原告损失共计17814元（医疗费6706．5元＋美容外购药580元＋误工费5661元＋护理费2352元＋伙食补助费2100元＋营养费315元＋交通费100元），未超过乘客车上人员险限额5万元，应由晋州人保赔偿。综上，《中华人民共和国合同法》第一百八十八条、一百九十条、第二百零二条，《中华人民共和国保险法》第十条、第十四条之规定，判决如下：&#xA;被告中国人民财产保险股份有限公司晋州支公司赔偿原告吕世皓医疗费、误工费、护理费、交通费17814元，于判决生效后五日内付清。&#xA;如果未按本判决指定的期间履行给付金钱义务，应当依照《中华人民共和国民事诉讼法》第二百五十三条之规定，加倍支付迟延履行期间的债务利息。&#xA;案件受理费225元，由被告师帅负担。&#xA;如不服本判决，可在判决书送达之日起十五日内，向本院递交上诉状，并按对方当事人的人数提出副本，上诉于河北省石家庄市中级人民法院。&#xA;审判员吕淑新&#xA;二〇一四年十二月二日&#xA;书记员巩艳英&#xA;" nameCN="全文">
  <WS value="河北省晋州市人民法院&#xA;民事判决书&#xA;（2014）晋民初字第00519号&#xA;" nameCN="文首">
    <WSZZDW value="法院" nameCN="文书制作单位" />
    <JBFY value="河北省晋州市人民法院" nameCN="经办法院">
      <FYJB value="基层" nameCN="法院级别" />
      <XZQH_P value="河北" nameCN="行政区划(省)" />
      <XZQH_C value="晋州市" nameCN="行政区划(市)" />
    </JBFY>
    <WSMC value="民事判决书" nameCN="文书名称" />
    <AH value="(2014)晋民初字第00519号" nameCN="案号" />
    <LAND value="2014" nameCN="立案年度" />
    <AJXZ value="民事案件" nameCN="案件性质" />
    <WSZL value="判决书" nameCN="文书种类" />
    <SPCX value="一审案件" nameCN="审判程序" />
    <AJLX value="民事一审案件" nameCN="案件类型" />
  </WS>
  <SSCYRQJ value="原告吕世皓。&#xA;委托代理人刘金琢，河北牛聚强律师事务所律师，代理权限为一般代理。&#xA;被告师帅。&#xA;被告晋州市好运出租公司（以下简称好运出租）。&#xA;法定代表人李艳娟，系该公司董事长。&#xA;委托代理人高波，该公司职员，代理权限为一般代理。&#xA;被告中国人民财产保险股份有限公司晋州支公司（以下简称晋州人保）。&#xA;负责人刘瑞学，该公司经理。&#xA;委托代理人杜跃存，河北浩翔律师事务所律师，代理权限为特别授权。&#xA;" nameCN="诉讼参与人全集">
    <SSCYR value="原告吕世皓。" nameCN="诉讼参与人">
      <SSCYRMC value="吕世皓" nameCN="诉讼参与人名称" />
      <SSSF value="原告" nameCN="诉讼身份" />
      <SSDW value="原告" nameCN="诉讼地位" />
      <DSRLB value="原告" nameCN="当事人类别" />
      <DSRLX value="自然人" nameCN="当事人类型" />
      <GJ value="中国" nameCN="国籍" />
    </SSCYR>
    <SSCYR value="委托代理人刘金琢，河北牛聚强律师事务所律师，代理权限为一般代理。" nameCN="诉讼参与人">
      <SSCYRMC value="刘金琢" nameCN="诉讼参与人名称" />
      <SSSF value="委托代理人" nameCN="诉讼身份" />
      <DSRLX value="自然人" nameCN="当事人类型" />
      <GJ value="中国" nameCN="国籍" />
      <DWZWFZ nameCN="单位职务分组">
        <ZW value="律师" nameCN="职务" />
      </DWZWFZ>
    </SSCYR>
    <SSCYR value="被告师帅。" nameCN="诉讼参与人">
      <SSCYRMC value="师帅" nameCN="诉讼参与人名称" />
      <SSSF value="被告" nameCN="诉讼身份" />
      <SSDW value="被告" nameCN="诉讼地位" />
      <DSRLB value="被告" nameCN="当事人类别" />
      <DSRLX value="自然人" nameCN="当事人类型" />
      <GJ value="中国" nameCN="国籍" />
      <FDDBR value="李艳娟" nameCN="单位法定代表人" />
      <JTSFZR value="和好运出租公司承担连带责任" nameCN="交通事故责任" />
    </SSCYR>
    <SSCYR value="被告晋州市好运出租公司（以下简称好运出租）。" nameCN="诉讼参与人">
      <SSCYRMC value="晋州市好运出租公司" nameCN="诉讼参与人名称" />
      <SSSF value="被告" nameCN="诉讼身份" />
      <SSDW value="被告" nameCN="诉讼地位" />
      <DSRLB value="被告" nameCN="当事人类别" />
      <DSRLX value="法人" nameCN="当事人类型" />
      <DWXZ value="有限责任公司" nameCN="单位性质" />
    </SSCYR>
    <SSCYR value="法定代表人李艳娟，系该公司董事长。" nameCN="诉讼参与人">
      <SSCYRMC value="李艳娟" nameCN="诉讼参与人名称" />
      <SSSF value="法定代表人" nameCN="诉讼身份" />
      <DSRLX value="自然人" nameCN="当事人类型" />
      <GJ value="中国" nameCN="国籍" />
      <DWZWFZ nameCN="单位职务分组">
        <ZW value="董事长" nameCN="职务" />
        <DWMC value="师帅" nameCN="单位名称" />
      </DWZWFZ>
    </SSCYR>
    <SSCYR value="委托代理人高波，该公司职员，代理权限为一般代理。" nameCN="诉讼参与人">
      <SSCYRMC value="高波" nameCN="诉讼参与人名称" />
      <SSSF value="委托代理人" nameCN="诉讼身份" />
      <DSRLX value="自然人" nameCN="当事人类型" />
      <GJ value="中国" nameCN="国籍" />
      <DWZWFZ nameCN="单位职务分组">
        <ZW value="职员" nameCN="职务" />
      </DWZWFZ>
    </SSCYR>
    <SSCYR value="被告中国人民财产保险股份有限公司晋州支公司（以下简称晋州人保）。" nameCN="诉讼参与人">
      <SSCYRMC value="中国人民财产保险股份有限公司晋州支公司" nameCN="诉讼参与人名称" />
      <SSSF value="被告" nameCN="诉讼身份" />
      <SSDW value="被告" nameCN="诉讼地位" />
      <DSRLB value="被告" nameCN="当事人类别" />
      <DSRLX value="法人" nameCN="当事人类型" />
      <DWXZ value="股份有限公司" nameCN="单位性质" />
      <TSHY value="保险" nameCN="特殊行业" />
    </SSCYR>
    <SSCYR value="负责人刘瑞学，该公司经理。" nameCN="诉讼参与人">
      <SSCYRMC value="刘瑞学" nameCN="诉讼参与人名称" />
      <SSSF value="负责人" nameCN="诉讼身份" />
      <DSRLX value="自然人" nameCN="当事人类型" />
      <GJ value="中国" nameCN="国籍" />
      <DWZWFZ nameCN="单位职务分组">
        <ZW value="经理" nameCN="职务" />
      </DWZWFZ>
    </SSCYR>
    <SSCYR value="委托代理人杜跃存，河北浩翔律师事务所律师，代理权限为特别授权。" nameCN="诉讼参与人">
      <SSCYRMC value="杜跃存" nameCN="诉讼参与人名称" />
      <SSSF value="委托代理人" nameCN="诉讼身份" />
      <DSRLX value="自然人" nameCN="当事人类型" />
      <GJ value="中国" nameCN="国籍" />
      <DTQK value="到庭" nameCN="到庭情况" />
      <DWZWFZ nameCN="单位职务分组">
        <ZW value="律师" nameCN="职务" />
      </DWZWFZ>
    </SSCYR>
    <SSCYRQJ value="正确" nameCN="保险公司是否作为被告" />
  </SSCYRQJ>
  <SSJL value="原告吕世皓与被告师帅、中国人民财产保险股份有限公司晋州支公司出租汽车运输合同纠纷一案，本院受理后，依法适用简易程序，公开开庭进行了审理。原告吕世皓的委托代理人刘金琢，被告师帅，被告好运出租公司委托代理人高波，被告晋州人保公司的委托代理人杜跃存均到庭参加诉讼。本案现已审理终结。" nameCN="诉讼记录">
    <AY value="出租汽车运输合同纠纷" nameCN="案由" />
    <KTSL value="是" nameCN="开庭审理" />
    <KTSLXX value="公开审理" nameCN="开庭审理信息" />
    <WZAY value="出租汽车运输合同纠纷" nameCN="完整案由" />
    <AYDM value="9225" nameCN="案由代码" />
    <YSAJSYCX value="简易程序" nameCN="一审案件适用程序" />
    <JYZPT value="否" nameCN="简易转普通" />
    <SPZZ value="独任庭" nameCN="审判组织" />
    <YSAJLY value="新收" nameCN="一审案件来源" />
    <CTDSRXX nameCN="出庭当事人信息">
      <CTRXM value="杜跃存" nameCN="出庭人姓名">
        <SSDW value="委托代理人" nameCN="诉讼地位" />
      </CTRXM>
      <CTRXM value="师帅" nameCN="出庭人姓名">
        <SSDW value="被告" nameCN="诉讼地位" />
      </CTRXM>
      <CTRXM value="吕世皓" nameCN="出庭人姓名">
        <SSDW value="原告" nameCN="诉讼地位" />
      </CTRXM>
      <CTRXM value="高波" nameCN="出庭人姓名">
        <SSDW value="委托代理人" nameCN="诉讼地位" />
      </CTRXM>
      <CTRXM value="刘金琢" nameCN="出庭人姓名">
        <SSDW value="委托代理人" nameCN="诉讼地位" />
      </CTRXM>
    </CTDSRXX>
  </SSJL>
  <AJJBQK value="原告诉称，2014年7月28日23时许，师帅驾驶冀a×××××号轿车，顺003县道由南向北行驶至马上线道口时，因躲避车辆驶出公路，造成车辆局部损坏、师帅、刘业、吕云昭、吕世皓、吕子璇受伤的交通事故。经晋州市公安交通警察大队认定，师帅负此事故的全部责任。要求被告赔偿医疗费、误工费、护理费、伙食补助费、营养费、交通费共计20020．86元。&#xA;被告师帅辩称，我驾驶的车辆在晋州人保投保不计免赔乘客车上人员责任险，对原告的损失应由保险公司赔偿，我不承担赔偿责任。&#xA;被告好运出租公司辩称，同意由晋州人保赔偿原告的损失，保险公司赔偿不足部分由被告师帅承担。&#xA;被告晋州人保辩称，事故车辆在我公司投保不计免赔乘客车上人员责任险，每座责任限额为5万元，事故发生在保险期间，对原告的合理合法的损失，我公司同意按保险合同赔付，诉讼费等间接损失，不属保险责任，我公司不予承担。&#xA;原告吕世皓为证明其主张，向法庭提供如下证据材料：&#xA;1、晋州市公安交通警察大队道路交通事故认定书1份，用以证明乘坐被告师帅驾驶车辆发生交通事故的事实及责任认定情况。&#xA;2、晋州市人民医院票据14张，用以证明吕世皓受伤后产生医疗费用数额7291元。&#xA;3、晋州市恒瑞德纸箱辅料加工厂出具的营业执照、误工证明、事故前三个月工资表各1份，用以证明原告因事故收入减少的情况。&#xA;4、石家庄鑫源纤维素有限公司出具的营业执照、误工证明、事故前三个月工资表各1份，用以证明原告护理人吕运波因护理吕世皓收入减少的情况。&#xA;5、交通费票据5张，用以证明原告因交通事故支付交通费500元。&#xA;被告为证明其主张，向法庭提交以下证明材料：&#xA;1、商业三者险保单1份，用以证明被告师帅驾驶车辆投保不计免赔乘客车上人员责任险情况。&#xA;2、事故车辆行车本、被告师帅驾驶本、从业资格证各1份，用以证明师帅驾驶车辆有合法手续。&#xA;被告晋州人保未提交证据材料证明其抗辩主张。&#xA;经庭审质证、认证，原告、被告晋州人保对被告师帅提交的证据均无异议，本院予以确认。被告师帅、晋州人保对原告吕世皓提供的证据1、的真实性无异议，本院予以确认；认为原告病历取证费4．5元系间接损失，美联臣580元的票据非正式发票且无医嘱，我公司对此两项费用不予认可。伙食补助费同意按每天50元计算；原告主张出院后营养费没有法律依据且标准过高，认可住院期间营养费，按每天15元计算；对原告的误工费证据的真实性有异议，同意按相关行业收入标准计算，误工天数按公安部相关标准结合原告伤情计算；对护理费证据的真实性有异议，同意按行业收入标准，给付住院期间的护理费；原告交通费系长途车票，与本案无关联性，认可100元交通费。&#xA;综合上述有效证据及原、被告举证、质证情况，本院认定以下事实：2014年7月28日23时许，师帅驾驶冀a×××××号轿车，顺003县道由南向北行驶至马上线道口时，因躲避车辆驶出公路，造成车辆局部损坏、师帅、刘业、吕云昭、吕世皓、吕子璇受伤的交通事故。经晋州市公安交通警察大队认定，师帅负此事故的全部责任。事故发生后，原告到晋州市人民医院检查治疗，经诊断为右眼内角上方3．5cm裂伤，右下唇2cm、右外口角1cm裂伤及四肢多处挫伤、擦伤、划伤、肿胀、青紫、触痛及出血，对其面部、四肢多处伤口缝合，在医院花费医疗费6706．5元，住院21天。出院后原告到石家庄美联臣医疗美容医院购买祛疤用硅凝胶1支，花费580元。原告事故前在晋州市恒瑞德纸箱辅料加工厂上班，事故前3个月日平均工资为111元（3200＋3500＋3300）÷90天。原告住院期间由父亲吕云波护理，事故前护理人在石家庄鑫源纤维素有限公司上班，护理人吕云波事故前3个月日平均工资为112元（3366＋3448＋3255）÷90天。&#xA;另查明，被告师帅所驾驶的车辆挂靠在被告好运出租公司名下，并在被告晋州人保投保不计免赔乘客车上人员责任险，每座责任限额为5万元，事故发生在保险合同期限内。被告行车手续齐全。&#xA;" nameCN="案件基本情况">
    <YGSCD value="原告诉称，2014年7月28日23时许，师帅驾驶冀a×××××号轿车，顺003县道由南向北行驶至马上线道口时，因躲避车辆驶出公路，造成车辆局部损坏、师帅、刘业、吕云昭、吕世皓、吕子璇受伤的交通事故。经晋州市公安交通警察大队认定，师帅负此事故的全部责任。要求被告赔偿医疗费、误工费、护理费、伙食补助费、营养费、交通费共计20020．86元。 " nameCN="原告诉称段" />
    <BGBCD value="被告师帅辩称，我驾驶的车辆在晋州人保投保不计免赔乘客车上人员责任险，对原告的损失应由保险公司赔偿，我不承担赔偿责任。 被告好运出租公司辩称，同意由晋州人保赔偿原告的损失，保险公司赔偿不足部分由被告师帅承担。 被告晋州人保辩称，事故车辆在我公司投保不计免赔乘客车上人员责任险，每座责任限额为5万元，事故发生在保险期间，对原告的合理合法的损失，我公司同意按保险合同赔付，诉讼费等间接损失，不属保险责任，我公司不予承担。 " nameCN="被告辩称段" />
    <ZJD value="原告吕世皓为证明其主张，向法庭提供如下证据材料：1、晋州市公安交通警察大队道路交通事故认定书1份，用以证明乘坐被告师帅驾驶车辆发生交通事故的事实及责任认定情况。 2、晋州市人民医院票据14张，用以证明吕世皓受伤后产生医疗费用数额7291元。 3、晋州市恒瑞德纸箱辅料加工厂出具的营业执照、误工证明、事故前三个月工资表各1份，用以证明原告因事故收入减少的情况。 4、石家庄鑫源纤维素有限公司出具的营业执照、误工证明、事故前三个月工资表各1份，用以证明原告护理人吕运波因护理吕世皓收入减少的情况。 5、交通费票据5张，用以证明原告因交通事故支付交通费500元。 被告为证明其主张，向法庭提交以下证明材料： 1、商业三者险保单1份，用以证明被告师帅驾驶车辆投保不计免赔乘客车上人员责任险情况。 2、事故车辆行车本、被告师帅驾驶本、从业资格证各1份，用以证明师帅驾驶车辆有合法手续。 被告晋州人保未提交证据材料证明其抗辩主张。 经庭审质证、认证，原告、被告晋州人保对被告师帅提交的证据均无异议，本院予以确认。被告师帅、晋州人保对原告吕世皓提供的证据1、的真实性无异议，本院予以确认；认为原告病历取证费4．5元系间接损失，美联臣580元的票据非正式发票且无医嘱，我公司对此两项费用不予认可。伙食补助费同意按每天50元计算；原告主张出院后营养费没有法律依据且标准过高，认可住院期间营养费，按每天15元计算；对原告的误工费证据的真实性有异议，同意按相关行业收入标准计算，误工天数按公安部相关标准结合原告伤情计算；对护理费证据的真实性有异议，同意按行业收入标准，给付住院期间的护理费；原告交通费系长途车票，与本案无关联性，认可100元交通费。 " nameCN="证据段" />
    <CMSSD value="综合上述有效证据及原、被告举证、质证情况，本院认定以下事实：2014年7月28日23时许，师帅驾驶冀a×××××号轿车，顺003县道由南向北行驶至马上线道口时，因躲避车辆驶出公路，造成车辆局部损坏、师帅、刘业、吕云昭、吕世皓、吕子璇受伤的交通事故。经晋州市公安交通警察大队认定，师帅负此事故的全部责任。事故发生后，原告到晋州市人民医院检查治疗，经诊断为右眼内角上方3．5cm裂伤，右下唇2cm、右外口角1cm裂伤及四肢多处挫伤、擦伤、划伤、肿胀、青紫、触痛及出血，对其面部、四肢多处伤口缝合，在医院花费医疗费6706．5元，住院21天。出院后原告到石家庄美联臣医疗美容医院购买祛疤用硅凝胶1支，花费580元。原告事故前在晋州市恒瑞德纸箱辅料加工厂上班，事故前3个月日平均工资为111元（3200＋3500＋3300）÷90天。原告住院期间由父亲吕云波护理，事故前护理人在石家庄鑫源纤维素有限公司上班，护理人吕云波事故前3个月日平均工资为112元（3366＋3448＋3255）÷90天。另查明，被告师帅所驾驶的车辆挂靠在被告好运出租公司名下，并在被告晋州人保投保不计免赔乘客车上人员责任险，每座责任限额为5万元，事故发生在保险合同期限内。被告行车手续齐全。 " nameCN="查明事实段">
      <SGXQ value="综合上述有效证据及原、被告举证、质证情况，本院认定以下事实：2014年7月28日23时许，师帅驾驶冀a×××××号轿车，顺003县道由南向北行驶至马上线道口时，因躲避车辆驶出公路，造成车辆局部损坏、师帅、刘业、吕云昭、吕世皓、吕子璇受伤的交通事故。" nameCN="事故详情">
        <SGSJ value="2014年7月28日23时许" nameCN="事故时间" />
        <SGDD value="马上线道口" nameCN="事故地点" />
      </SGXQ>
      <JDCGLR value="师帅" nameCN="机动车管理人" />
      <JDCSYR value="师帅" nameCN="机动车所有人" />
      <GAJGRDYJ value="2014年7月28日23时许，师帅驾驶冀a×××××号轿车，顺003县道由南向北行驶至马上线道口时，因躲避车辆驶出公路，造成车辆局部损坏、师帅、刘业、吕云昭、吕世皓、吕子璇受伤的交通事故。" nameCN="公安机关认定意见" />
      <SFTB value="是" nameCN="是否投保" />
      <SFZBXQN value="是" nameCN="是否在保险期内" />
      <SFXQPF value="是" nameCN="是否先期赔付" />
      <SQ value="诊断为右眼内角上方3．5cm裂伤，右下唇2cm、右外口角1cm裂伤及四肢多处挫伤、擦伤、划伤、肿胀、青紫、触痛及出血，对其面部、四肢多处伤口缝合，在医院花费医疗费6706．5元，住院21天。" nameCN="伤情" />
      <JDSFKK value="是" nameCN="鉴定是否可靠" />
    </CMSSD>
  </AJJBQK>
  <CPFXGC value="本院认为，被告师帅作为出租汽车司机，应安全地将旅客送到约定地点。本案原告刘业在乘坐被告师帅驾驶的出租车回家途中，被告师帅驾驶机动车未确保安全畅通的原则下通行，造成原告刘业受伤，应赔偿原告因此造成的损失。因被告驾驶事故车辆在保险公司投保不计免赔每座责任限额为5万元的乘客车上人员责任险，被告师帅驾驶车辆挂靠在被告好运出租公司名下，对原告的损失首先由保险公司在5万元限额内赔偿，超出部分由被告师帅和好运出租公司承担连带责任。原告花费住院费6706．5元，有医院票据、病历、诊断证明、费用清单等证实，本院予以确认，事故导致原告面部多处伤口，手术缝合后留下疤痕，致使原告面容受损，且原告尚幼，在美联臣美容医院购买的祛疤药物符合情理，对此本院应予支持，病历复印费4．5元系原告为取证产生，应自行负担；原告提供所在公司误工证明、营业执照、事故前三个月工资表证实其误工费，其收入应按其工资表计算，原告系身体多处受伤，按照公安部《人身损害受伤人员误工损失日评定准则》对应条款，原告误工天数可定为51天，由此计算原告误工费为5661元（51×111）；原告住院期间由父亲吕云波护理，护理人提供所在单位误工证明、营业执照、事故前三个月工资表证实，原告护理费应为2352元（21天×112元）；原告医嘱需加强营养，营养费按住院天数计算为315元（21×15）；原告交通费被告认可100元亦无不可。以上原告损失共计17814元（医疗费6706．5元＋美容外购药580元＋误工费5661元＋护理费2352元＋伙食补助费2100元＋营养费315元＋交通费100元），未超过乘客车上人员险限额5万元，应由晋州人保赔偿。综上，《中华人民共和国合同法》第一百八十八条、一百九十条、第二百零二条，《中华人民共和国保险法》第十条、第十四条之规定，判决如下：&#xA;" nameCN="裁判分析过程">
    <JAFSLX value="判决" nameCN="结案方式类型" />
    <FLFTMC value="中华人民共和国合同法" nameCN="法律法条名称">
      <TM value="一百八十八" nameCN="条目" />
      <TM value="二百零二" nameCN="条目" />
      <SFCXF value="非程序法" nameCN="是否是程序法" />
    </FLFTMC>
    <FLFTMC value="中华人民共和国保险法" nameCN="法律法条名称">
      <TM value="十四" nameCN="条目" />
      <TM value="十" nameCN="条目" />
      <SFCXF value="非程序法" nameCN="是否是程序法" />
    </FLFTMC>
  </CPFXGC>
  <CPJG value="被告中国人民财产保险股份有限公司晋州支公司赔偿原告吕世皓医疗费、误工费、护理费、交通费17814元，于判决生效后五日内付清。&#xA;如果未按本判决指定的期间履行给付金钱义务，应当依照《中华人民共和国民事诉讼法》第二百五十三条之规定，加倍支付迟延履行期间的债务利息。&#xA;案件受理费225元，由被告师帅负担。&#xA;如不服本判决，可在判决书送达之日起十五日内，向本院递交上诉状，并按对方当事人的人数提出副本，上诉于河北省石家庄市中级人民法院。&#xA;" nameCN="裁判结果">
    <JAFS value="判决" nameCN="结案方式" />
    <PCSFSXZQ value="正确" nameCN="同时起诉侵权人与保险公司的赔偿顺序" />
    <JTPJJG value="被告中国人民财产保险股份有限公司晋州支公司赔偿原告吕世皓医疗费、误工费、护理费、交通费17814元，于判决生效后五日内付清。" nameCN="具体裁判段">
      <QLR value="吕世皓" nameCN="权利人">
        <QLRSSDW value="原告" nameCN="诉讼地位" />
      </QLR>
      <YWR value="中国人民财产保险股份有限公司晋州支公司" nameCN="义务人">
        <YWRSSDW value="被告" nameCN="诉讼地位" />
      </YWR>
      <PJZXQX value="五日" nameCN="判决执行期限" />
      <PJJE nameCN="判决金额">
        <JE value="17814元" nameCN="金额" />
        <JELX value="医疗费" nameCN="金额类型" />
        <JELX value="交通费" nameCN="金额类型" />
        <JELX value="误工费" nameCN="金额类型" />
      </PJJE>
    </JTPJJG>
    <JTPJJG value="如果未按本判决指定的期间履行给付金钱义务，应当依照《中华人民共和国民事诉讼法》第二百五十三条之规定，加倍支付迟延履行期间的债务利息。" nameCN="具体裁判段" />
    <SSFCD nameCN="诉讼费承担">
      <SSFCDJL value="案件受理费225元，由被告师帅负担。" nameCN="诉讼费承担记录">
        <SSFJE value="225元" nameCN="诉讼费金额" />
        <SSFZL value="受理费" nameCN="诉讼费种类" />
        <SSFCDR value="师帅" nameCN="承担人">
          <SSFCDJE value="225元" nameCN="承担金额" />
          <SSFCDFS value="个人独立承担该金额" nameCN="承担方式" />
          <SSFCDDW value="被告" nameCN="承担人地位" />
        </SSFCDR>
      </SSFCDJL>
    </SSFCD>
    <SFFHCS value="否" nameCN="是否发回重审" />
    <KSSZ value="河北省石家庄市中级人民法院" nameCN="可上诉至" />
    <SSTJCL value="上诉状，并按对方当事人的人数提出副本" nameCN="上诉提交材料" />
    <SSQX value="十五日" nameCN="上诉期限" />
    <TCGXQYY value="否" nameCN="是否提出管辖权异议" />
  </CPJG>
  <WW value="审判员吕淑新&#xA;二〇一四年十二月二日&#xA;书记员巩艳英&#xA;" nameCN="文尾">
    <SPZZCY nameCN="审判组织成员">
      <SPRYXM value="巩艳英" nameCN="审判人员姓名" />
      <SPRYJS value="书记员" nameCN="审判人员角色" />
    </SPZZCY>
    <SPZZCY nameCN="审判组织成员">
      <SPRYXM value="吕淑新" nameCN="审判人员姓名" />
      <SPRYJS value="审判员" nameCN="审判人员角色" />
    </SPZZCY>
    <CPSJ value="2014年12月2日" nameCN="裁判时间">
      <Year value="2014" nameCN="结案年度" />
      <JANYR value="2014年12月2日" nameCN="结案年月日" />
      <JANY value="2014-12" nameCN="结案年月" />
      <Month value="12" nameCN="月" />
      <Day value="2" nameCN="日" />
    </CPSJ>
  </WW>
  <FL value="" nameCN="附录" />
</QW>

