<?xml version="1.0" encoding="UTF-8"?>
<QW value="&#xA;重庆市长寿区人民法院&#xA;民事裁定书&#xA;（2014）长法民初字第06061号&#xA;原告吕小林，男，1981年2月17日出生，汉族，住湖南省新邵县。&#xA;被告广州易合通农化供应链有限公司，住所地广州市番禺区南村镇番禺大道北346之一E907，组织机构代码69691667-3。&#xA;法定代表人杨炳见，该公司总经理。&#xA;委托代理人（特别授权）李海涛，广东润科律师事务所律师。&#xA;第三人重庆农药化工（集团）有限公司，住所地重庆市长寿区重化工业园区化南路四支路3号，组织机构代码20286010-5。&#xA;法定代表人邓国全，该公司董事长。&#xA;委托代理人（特别授权）余怀奎，男，1971年9月16日出生，汉族，该公司职工，住重庆市沙坪坝区大杨公桥37号附16号6-3。&#xA;本院在审理原告吕小林诉被告广州易合通农化供应链有限公司、第三人重庆农药化工（集团）有限公司追索劳动报酬纠纷一案中，原告吕小林于2015年6月25日向本院提出撤诉申请。&#xA;本院认为，原告吕小林在本案诉讼期间申请撤诉，是在法律允许的范围内对自己的诉讼权利所作出的处分，符合法律规定的撤诉条件。依照《中华人民共和国民事诉讼法》第一百四十五条第一款之规定，裁定如下：&#xA;准许原告吕小林撤回起诉。&#xA;本案案件受理费10元，减半收取5元，由原告吕小林负担（原告已缴纳）。&#xA;审判长许武星&#xA;代理审判员周玉玲&#xA;人民陪审员朱华丽&#xA;二〇一五年六月二十五日&#xA;书记员李琨&#xA;" nameCN="全文">
  <WS value="重庆市长寿区人民法院&#xA;民事裁定书&#xA;（2014）长法民初字第06061号&#xA;" nameCN="文首">
    <WSZZDW value="法院" nameCN="文书制作单位" />
    <JBFY value="重庆市长寿区人民法院" nameCN="经办法院">
      <FYJB value="基层" nameCN="法院级别" />
      <XZQH_P value="重庆" nameCN="行政区划(省)" />
    </JBFY>
    <WSMC value="民事裁定书" nameCN="文书名称" />
    <AH value="(2014)长法民初字第06061号" nameCN="案号" />
    <LAND value="2014" nameCN="立案年度" />
    <AJXZ value="民事案件" nameCN="案件性质" />
    <WSZL value="裁定书" nameCN="文书种类" />
    <SPCX value="一审案件" nameCN="审判程序" />
    <AJLX value="民事一审案件" nameCN="案件类型" />
  </WS>
  <SSCYRQJ value="原告吕小林，男，1981年2月17日出生，汉族，住湖南省新邵县。&#xA;被告广州易合通农化供应链有限公司，住所地广州市番禺区南村镇番禺大道北346之一E907，组织机构代码69691667-3。&#xA;法定代表人杨炳见，该公司总经理。&#xA;委托代理人（特别授权）李海涛，广东润科律师事务所律师。&#xA;第三人重庆农药化工（集团）有限公司，住所地重庆市长寿区重化工业园区化南路四支路3号，组织机构代码20286010-5。&#xA;法定代表人邓国全，该公司董事长。&#xA;委托代理人（特别授权）余怀奎，男，1971年9月16日出生，汉族，该公司职工，住重庆市沙坪坝区大杨公桥37号附16号6-3。&#xA;" nameCN="诉讼参与人全集">
    <SSCYR value="原告吕小林，男，1981年2月17日出生，汉族，住湖南省新邵县。" nameCN="诉讼参与人">
      <SSCYRMC value="吕小林" nameCN="诉讼参与人名称" />
      <SSSF value="原告" nameCN="诉讼身份" />
      <SSDW value="原告" nameCN="诉讼地位" />
      <DSRLB value="原告" nameCN="当事人类别" />
      <DSRLX value="自然人" nameCN="当事人类型" />
      <XB value="男" nameCN="性别" />
      <MZ value="汉族" nameCN="民族" />
      <CSRQ value="1981年2月17日" nameCN="出生日期">
        <Year value="1981" nameCN="年" />
        <Month value="2" nameCN="月" />
        <Day value="17" nameCN="日" />
      </CSRQ>
      <GJ value="中国" nameCN="国籍" />
      <DSRDZ value="湖南省新邵县" nameCN="当事人地址" />
    </SSCYR>
    <SSCYR value="被告广州易合通农化供应链有限公司，住所地广州市番禺区南村镇番禺大道北346之一E907，组织机构代码69691667-3。" nameCN="诉讼参与人">
      <SSCYRMC value="广州易合通农化供应链有限公司" nameCN="诉讼参与人名称" />
      <SSSF value="被告" nameCN="诉讼身份" />
      <SSDW value="被告" nameCN="诉讼地位" />
      <DSRLB value="被告" nameCN="当事人类别" />
      <DSRLX value="法人" nameCN="当事人类型" />
      <DSRDZ value="广州市番禺区南村镇番禺大道北346之一E907" nameCN="当事人地址" />
      <DWXZ value="有限责任公司" nameCN="单位性质" />
      <FDDBR value="邓国全" nameCN="单位法定代表人" />
    </SSCYR>
    <SSCYR value="法定代表人杨炳见，该公司总经理。" nameCN="诉讼参与人">
      <SSCYRMC value="杨炳见" nameCN="诉讼参与人名称" />
      <SSSF value="法定代表人" nameCN="诉讼身份" />
      <DSRLX value="自然人" nameCN="当事人类型" />
      <GJ value="中国" nameCN="国籍" />
      <DWZWFZ nameCN="单位职务分组">
        <ZW value="总经理" nameCN="职务" />
        <DWMC value="广州易合通农化供应链有限公司" nameCN="单位名称" />
        <DWXZ value="有限责任公司" nameCN="单位性质" />
      </DWZWFZ>
    </SSCYR>
    <SSCYR value="委托代理人（特别授权）李海涛，广东润科律师事务所律师。" nameCN="诉讼参与人">
      <SSCYRMC value="李海涛" nameCN="诉讼参与人名称" />
      <SSSF value="委托代理人" nameCN="诉讼身份" />
      <DSRLX value="自然人" nameCN="当事人类型" />
      <GJ value="中国" nameCN="国籍" />
      <DWZWFZ nameCN="单位职务分组">
        <ZW value="律师" nameCN="职务" />
      </DWZWFZ>
    </SSCYR>
    <SSCYR value="第三人重庆农药化工（集团）有限公司，住所地重庆市长寿区重化工业园区化南路四支路3号，组织机构代码20286010-5。" nameCN="诉讼参与人">
      <SSCYRMC value="重庆农药化工有限公司" nameCN="诉讼参与人名称" />
      <SSSF value="第三人" nameCN="诉讼身份" />
      <DSRLX value="法人" nameCN="当事人类型" />
      <DSRDZ value="重庆市长寿区重化工业园区化南路四支路3号" nameCN="当事人地址" />
      <DWXZ value="有限责任公司" nameCN="单位性质" />
    </SSCYR>
    <SSCYR value="法定代表人邓国全，该公司董事长。" nameCN="诉讼参与人">
      <SSCYRMC value="邓国全" nameCN="诉讼参与人名称" />
      <SSSF value="法定代表人" nameCN="诉讼身份" />
      <DSRLX value="自然人" nameCN="当事人类型" />
      <GJ value="中国" nameCN="国籍" />
      <DWZWFZ nameCN="单位职务分组">
        <ZW value="董事长" nameCN="职务" />
        <DWMC value="广州易合通农化供应链有限公司" nameCN="单位名称" />
        <DWXZ value="有限责任公司" nameCN="单位性质" />
      </DWZWFZ>
    </SSCYR>
    <SSCYR value="委托代理人（特别授权）余怀奎，男，1971年9月16日出生，汉族，该公司职工，住重庆市沙坪坝区大杨公桥37号附16号6-3。" nameCN="诉讼参与人">
      <SSCYRMC value="余怀奎" nameCN="诉讼参与人名称" />
      <SSSF value="委托代理人" nameCN="诉讼身份" />
      <DSRLX value="自然人" nameCN="当事人类型" />
      <XB value="男" nameCN="性别" />
      <MZ value="汉族" nameCN="民族" />
      <CSRQ value="1971年9月16日" nameCN="出生日期">
        <Year value="1971" nameCN="年" />
        <Month value="9" nameCN="月" />
        <Day value="16" nameCN="日" />
      </CSRQ>
      <GJ value="中国" nameCN="国籍" />
      <DSRDZ value="重庆市沙坪坝区大杨公桥37号附16号6-3" nameCN="当事人地址" />
      <DWZWFZ nameCN="单位职务分组">
        <ZW value="职工" nameCN="职务" />
      </DWZWFZ>
    </SSCYR>
    <SSCYRQJ value="错误" nameCN="保险公司是否作为被告" />
  </SSCYRQJ>
  <SSJL value="本院在审理原告吕小林诉被告广州易合通农化供应链有限公司、第三人重庆农药化工（集团）有限公司追索劳动报酬纠纷一案中，原告吕小林于2015年6月25日向本院提出撤诉申请。" nameCN="诉讼记录">
    <CS value="" nameCN="撤诉">
      <CSR value="吕小林诉被告广州易合通农化供应链有限公司" nameCN="撤诉人" />
      <RQ value="2015年6月25日" nameCN="日期" />
    </CS>
    <AY value="追索劳动报酬纠纷" nameCN="案由" />
    <KTSL value="否" nameCN="开庭审理" />
    <WZAY value="追索劳动报酬纠纷" nameCN="完整案由" />
    <AYDM value="9468" nameCN="案由代码" />
    <YSAJSYCX value="普通程序" nameCN="一审案件适用程序" />
    <JYZPT value="否" nameCN="简易转普通" />
    <SPZZ value="独任庭" nameCN="审判组织" />
    <YSAJLY value="新收" nameCN="一审案件来源" />
    <SQCSRQ value="2015年6月25日" nameCN="申请撤诉日期" />
  </SSJL>
  <AJJBQK value="" nameCN="案件基本情况" />
  <CPFXGC value="本院认为，原告吕小林在本案诉讼期间申请撤诉，是在法律允许的范围内对自己的诉讼权利所作出的处分，符合法律规定的撤诉条件。依照《中华人民共和国民事诉讼法》第一百四十五条第一款之规定，裁定如下：&#xA;" nameCN="裁判分析过程">
    <JAFSLX value="裁定" nameCN="结案方式类型" />
    <FLFTMC value="中华人民共和国民事诉讼法" nameCN="法律法条名称">
      <TM value="一百四十五" nameCN="条目">
        <KM value="第一款" nameCN="款目" />
      </TM>
      <SFCXF value="是程序法" nameCN="是否是程序法" />
    </FLFTMC>
  </CPFXGC>
  <CPJG value="准许原告吕小林撤回起诉。&#xA;本案案件受理费10元，减半收取5元，由原告吕小林负担（原告已缴纳）。&#xA;" nameCN="裁判结果">
    <JAFS value="准予撤诉" nameCN="结案方式" />
    <PCSFSXZQ value="正确" nameCN="同时起诉侵权人与保险公司的赔偿顺序" />
    <JTPJJG value="准许原告吕小林撤回起诉。" nameCN="具体裁判段" />
    <SSFCD nameCN="诉讼费承担">
      <SSFCDJL value="本案案件受理费10元，减半收取5元，由原告吕小林负担（原告已缴纳）。" nameCN="诉讼费承担记录">
        <SSFJE value="5元" nameCN="诉讼费金额" />
        <SSFZL value="受理费" nameCN="诉讼费种类" />
        <SSFCDR value="吕小林" nameCN="承担人">
          <SSFCDJE value="5元" nameCN="承担金额" />
          <SSFCDFS value="个人独立承担该金额" nameCN="承担方式" />
          <SSFCDDW value="原告" nameCN="承担人地位" />
        </SSFCDR>
      </SSFCDJL>
    </SSFCD>
    <SFFHCS value="否" nameCN="是否发回重审" />
    <CSRJH nameCN="撤诉人集合">
      <CSR value="吕小林" nameCN="撤诉人" />
    </CSRJH>
    <CSLX value="原告主动撤诉" nameCN="撤诉类型" />
    <TCGXQYY value="否" nameCN="是否提出管辖权异议" />
  </CPJG>
  <WW value="审判长许武星&#xA;代理审判员周玉玲&#xA;人民陪审员朱华丽&#xA;二〇一五年六月二十五日&#xA;书记员李琨&#xA;" nameCN="文尾">
    <SPZZCY nameCN="审判组织成员">
      <SPRYXM value="李琨" nameCN="审判人员姓名" />
      <SPRYJS value="书记员" nameCN="审判人员角色" />
    </SPZZCY>
    <SPZZCY nameCN="审判组织成员">
      <SPRYXM value="许武星" nameCN="审判人员姓名" />
      <SPRYJS value="审判长" nameCN="审判人员角色" />
    </SPZZCY>
    <SPZZCY nameCN="审判组织成员">
      <SPRYXM value="周玉玲" nameCN="审判人员姓名" />
      <SPRYJS value="代理审判员" nameCN="审判人员角色" />
    </SPZZCY>
    <SPZZCY nameCN="审判组织成员">
      <SPRYXM value="朱华丽" nameCN="审判人员姓名" />
      <SPRYJS value="人民陪审员" nameCN="审判人员角色" />
    </SPZZCY>
    <CPSJ value="2015年6月25日" nameCN="裁判时间">
      <Year value="2015" nameCN="结案年度" />
      <JANYR value="2015年6月25日" nameCN="结案年月日" />
      <JANY value="2015-6" nameCN="结案年月" />
      <Month value="6" nameCN="月" />
      <Day value="25" nameCN="日" />
    </CPSJ>
  </WW>
  <FL value="" nameCN="附录" />
</QW>

