<?xml version="1.0" encoding="UTF-8"?>
<QW value="&#xA;天津市河东区人民法院&#xA;民事判决书&#xA;（2014）东民初字第3793号&#xA;原告吴XX。&#xA;委托代理人薛子津，天津民合律师事务所律师。&#xA;被告孙一X。&#xA;原告吴XX诉被告孙一X离婚纠纷一案，本院于2014年8月5日受理后，依法由代理审判员吴晓飞独任审判，于2014年8月29日公开开庭进行了审理。原告吴XX及其委托代理人薛子津、被告孙一X到庭参加诉讼，本案现已审理终结。&#xA;原告诉称，原、被告系夫妻关系，双方于1997年7月经朋友介绍认识，后确立恋爱关系，2000年4月22日双方登记结婚，于2002年7月11日生育一子孙二X。原、被告婚后感情一般，发生口角时被告就动手打原告，且被告很少对孩子尽义务。被告酗酒成性，酒后打骂原告已成为习惯，特别是2014年5月1日，被告无故将原告殴打，原告只好回娘家躲避，这也是导致原、被告感情破裂的主要原因。同时，被告一直掌管家庭收入，原告没有相应支配家庭财产的权利，原告一直在忍受这段婚姻给其带来的伤害。现原告认为双方感情已经破裂，故起诉要求：1、判决原、被告离婚；2、婚前财产归各自所有，共同财产依法分割；3、婚生子孙二X现年12岁，归被告抚养。&#xA;原告未提供证据材料。&#xA;被告辩称，不同意离婚。原告讲双方婚后感情一般并不属实，原、被告的感情一直很好。动手打人被告承认，是被告不对，是因为被告喝多了酒以后酒乱。原告已经起诉到法院了，被告回去以后一定忌酒，也一定会改掉动手打人的毛病，希望原告再给一次机会。&#xA;被告未提供证据材料。&#xA;经审理查明，原、被告于1997年7月经人介绍相识，2000年4月22日登记结婚，婚后于2002年7月11日生育一子孙二X。原、被告婚前及婚初感情尚好，但被告在饮酒后偶有对原告打骂的行为，2014年5月1日，原告因被告在酒后又无故打骂原告而携子回娘家居住至今。现原告以夫妻感情破裂为由起诉要求与被告离婚。庭审中，被告表示已经认识到自己的错误，并保证改正，故不同意离婚。&#xA;以上事实，有双方当事人当庭陈述予以证实，本院予以认定。&#xA;本院认为，原、被告系自由恋爱、自主婚姻，且结婚时间较长，双方具有一定的感情基础。在多年的婚姻生活中双方并无原则性的矛盾，虽然被告动手打人是不对的，但在庭审中被告已经认识到了自身的错误，并保证予以改正，因此，原告应当再给予被告一定的时间来纠正错误。就原、被告目前的情况而言，不能认定原、被告夫妻感情破裂。鉴于上述情况，原告应当考虑双方的感情基础，珍惜夫妻感情，给双方修复夫妻感情的机会。今后双方应当本着互相关心、互相体谅的原则，加强思想沟通，正确处理夫妻之间的关系，双方的关系是可以改善的。因此，原告要求离婚的主张，不符合我国婚姻法有关离婚的法定条件，故本院不予支持。&#xA;综上，依据《中华人民共和国婚姻法》第三十二条之规定，判决如下：&#xA;驳回原告吴XX的诉讼请求，不准离婚。&#xA;案件受理费100元，由原告吴XX负担。&#xA;如不服本判决，可在本判决送达之日起十五日内向本院递交上诉状，并按对方当事人的人数提交副本，上诉于天津市第二中级人民法院。&#xA;代理审判员吴晓飞&#xA;二〇一四年九月五日&#xA;书记员许晓宁&#xA;" nameCN="全文">
  <WS value="天津市河东区人民法院&#xA;民事判决书&#xA;（2014）东民初字第3793号&#xA;" nameCN="文首">
    <WSZZDW value="法院" nameCN="文书制作单位" />
    <JBFY value="天津市河东区人民法院" nameCN="经办法院">
      <FYJB value="基层" nameCN="法院级别" />
      <XZQH_P value="天津" nameCN="行政区划(省)" />
    </JBFY>
    <WSMC value="民事判决书" nameCN="文书名称" />
    <AH value="(2014)东民初字第3793号" nameCN="案号" />
    <LAND value="2014" nameCN="立案年度" />
    <AJXZ value="民事案件" nameCN="案件性质" />
    <WSZL value="判决书" nameCN="文书种类" />
    <SPCX value="一审案件" nameCN="审判程序" />
    <AJLX value="民事一审案件" nameCN="案件类型" />
  </WS>
  <SSCYRQJ value="原告吴XX。&#xA;委托代理人薛子津，天津民合律师事务所律师。&#xA;被告孙一X。&#xA;" nameCN="诉讼参与人全集">
    <SSCYR value="原告吴XX。" nameCN="诉讼参与人">
      <SSCYRMC value="吴XX" nameCN="诉讼参与人名称" />
      <SSSF value="原告" nameCN="诉讼身份" />
      <SSDW value="原告" nameCN="诉讼地位" />
      <DSRLB value="原告" nameCN="当事人类别" />
      <DSRLX value="自然人" nameCN="当事人类型" />
      <GJ value="中国" nameCN="国籍" />
      <DTQK value="到庭" nameCN="到庭情况" />
      <DSRSFZH value="否" nameCN="当事人是否再婚" />
    </SSCYR>
    <SSCYR value="委托代理人薛子津，天津民合律师事务所律师。" nameCN="诉讼参与人">
      <SSCYRMC value="薛子津" nameCN="诉讼参与人名称" />
      <SSSF value="委托代理人" nameCN="诉讼身份" />
      <DSRLX value="自然人" nameCN="当事人类型" />
      <GJ value="中国" nameCN="国籍" />
      <DTQK value="到庭" nameCN="到庭情况" />
      <DWZWFZ nameCN="单位职务分组">
        <ZW value="律师" nameCN="职务" />
      </DWZWFZ>
    </SSCYR>
    <SSCYR value="被告孙一X。" nameCN="诉讼参与人">
      <SSCYRMC value="孙一X" nameCN="诉讼参与人名称" />
      <SSSF value="被告" nameCN="诉讼身份" />
      <SSDW value="被告" nameCN="诉讼地位" />
      <DSRLB value="被告" nameCN="当事人类别" />
      <DSRLX value="自然人" nameCN="当事人类型" />
      <GJ value="中国" nameCN="国籍" />
      <DTQK value="到庭" nameCN="到庭情况" />
      <DSRSFZH value="否" nameCN="当事人是否再婚" />
    </SSCYR>
    <SSCYRQJ value="错误" nameCN="保险公司是否作为被告" />
  </SSCYRQJ>
  <SSJL value="原告吴XX诉被告孙一X离婚纠纷一案，本院于2014年8月5日受理后，依法由代理审判员吴晓飞独任审判，于2014年8月29日公开开庭进行了审理。原告吴XX及其委托代理人薛子津、被告孙一X到庭参加诉讼，本案现已审理终结。" nameCN="诉讼记录">
    <YG value="吴XX" nameCN="原告" />
    <BG value="孙一X" nameCN="被告" />
    <AY value="离婚纠纷" nameCN="案由" />
    <KTSL value="是" nameCN="开庭审理" />
    <KTSLXX value="公开审理" nameCN="开庭审理信息" />
    <WZAY value="离婚纠纷" nameCN="完整案由" />
    <AYDM value="9015" nameCN="案由代码" />
    <LARQ value="2014年8月5日" nameCN="立案日期" />
    <YSAJSYCX value="普通程序" nameCN="一审案件适用程序" />
    <JYZPT value="否" nameCN="简易转普通" />
    <YSAJLY value="新收" nameCN="一审案件来源" />
    <SLRQ value="2014年8月5日" nameCN="受理日期" />
    <CTDSRXX nameCN="出庭当事人信息">
      <CTRXM value="薛子津" nameCN="出庭人姓名">
        <SSDW value="委托代理人" nameCN="诉讼地位" />
      </CTRXM>
      <CTRXM value="孙一X" nameCN="出庭人姓名">
        <SSDW value="被告" nameCN="诉讼地位" />
      </CTRXM>
      <CTRXM value="吴XX" nameCN="出庭人姓名">
        <SSDW value="原告" nameCN="诉讼地位" />
      </CTRXM>
    </CTDSRXX>
  </SSJL>
  <AJJBQK value="原告诉称，原、被告系夫妻关系，双方于1997年7月经朋友介绍认识，后确立恋爱关系，2000年4月22日双方登记结婚，于2002年7月11日生育一子孙二X。原、被告婚后感情一般，发生口角时被告就动手打原告，且被告很少对孩子尽义务。被告酗酒成性，酒后打骂原告已成为习惯，特别是2014年5月1日，被告无故将原告殴打，原告只好回娘家躲避，这也是导致原、被告感情破裂的主要原因。同时，被告一直掌管家庭收入，原告没有相应支配家庭财产的权利，原告一直在忍受这段婚姻给其带来的伤害。现原告认为双方感情已经破裂，故起诉要求：1、判决原、被告离婚；2、婚前财产归各自所有，共同财产依法分割；3、婚生子孙二X现年12岁，归被告抚养。&#xA;原告未提供证据材料。&#xA;被告辩称，不同意离婚。原告讲双方婚后感情一般并不属实，原、被告的感情一直很好。动手打人被告承认，是被告不对，是因为被告喝多了酒以后酒乱。原告已经起诉到法院了，被告回去以后一定忌酒，也一定会改掉动手打人的毛病，希望原告再给一次机会。&#xA;被告未提供证据材料。&#xA;经审理查明，原、被告于1997年7月经人介绍相识，2000年4月22日登记结婚，婚后于2002年7月11日生育一子孙二X。原、被告婚前及婚初感情尚好，但被告在饮酒后偶有对原告打骂的行为，2014年5月1日，原告因被告在酒后又无故打骂原告而携子回娘家居住至今。现原告以夫妻感情破裂为由起诉要求与被告离婚。庭审中，被告表示已经认识到自己的错误，并保证改正，故不同意离婚。&#xA;以上事实，有双方当事人当庭陈述予以证实，本院予以认定。&#xA;" nameCN="案件基本情况">
    <YGSCD value="原告诉称，原、被告系夫妻关系，双方于1997年7月经朋友介绍认识，后确立恋爱关系，2000年4月22日双方登记结婚，于2002年7月11日生育一子孙二X。原、被告婚后感情一般，发生口角时被告就动手打原告，且被告很少对孩子尽义务。被告酗酒成性，酒后打骂原告已成为习惯，特别是2014年5月1日，被告无故将原告殴打，原告只好回娘家躲避，这也是导致原、被告感情破裂的主要原因。同时，被告一直掌管家庭收入，原告没有相应支配家庭财产的权利，原告一直在忍受这段婚姻给其带来的伤害。现原告认为双方感情已经破裂，故起诉要求：1、判决原、被告离婚；2、婚前财产归各自所有，共同财产依法分割；3、婚生子孙二X现年12岁，归被告抚养。 " nameCN="原告诉称段" />
    <BGBCD value="被告辩称，不同意离婚。原告讲双方婚后感情一般并不属实，原、被告的感情一直很好。动手打人被告承认，是被告不对，是因为被告喝多了酒以后酒乱。原告已经起诉到法院了，被告回去以后一定忌酒，也一定会改掉动手打人的毛病，希望原告再给一次机会。 " nameCN="被告辩称段" />
    <ZJD value="原告未提供证据材料。" nameCN="证据段" />
    <ZJD value="被告未提供证据材料。 " nameCN="证据段" />
    <ZJD value="以上事实，有双方当事人当庭陈述予以证实，本院予以认定。 " nameCN="证据段" />
    <CMSSD value="经审理查明，原、被告于1997年7月经人介绍相识，2000年4月22日登记结婚，婚后于2002年7月11日生育一子孙二X。原、被告婚前及婚初感情尚好，但被告在饮酒后偶有对原告打骂的行为，2014年5月1日，原告因被告在酒后又无故打骂原告而携子回娘家居住至今。现原告以夫妻感情破裂为由起诉要求与被告离婚。庭审中，被告表示已经认识到自己的错误，并保证改正，故不同意离婚。" nameCN="查明事实段">
      <SGXQ value="未提及" nameCN="事故详情">
        <SGSJ value="未提及" nameCN="事故时间" />
        <SGDD value="未提及" nameCN="事故地点" />
      </SGXQ>
      <JDCSYR value="孙一X" nameCN="机动车所有人" />
      <SFTB value="是" nameCN="是否投保" />
      <SFZBXQN value="是" nameCN="是否在保险期内" />
      <SFXQPF value="是" nameCN="是否先期赔付" />
      <JDSFKK value="是" nameCN="鉴定是否可靠" />
    </CMSSD>
  </AJJBQK>
  <CPFXGC value="本院认为，原、被告系自由恋爱、自主婚姻，且结婚时间较长，双方具有一定的感情基础。在多年的婚姻生活中双方并无原则性的矛盾，虽然被告动手打人是不对的，但在庭审中被告已经认识到了自身的错误，并保证予以改正，因此，原告应当再给予被告一定的时间来纠正错误。就原、被告目前的情况而言，不能认定原、被告夫妻感情破裂。鉴于上述情况，原告应当考虑双方的感情基础，珍惜夫妻感情，给双方修复夫妻感情的机会。今后双方应当本着互相关心、互相体谅的原则，加强思想沟通，正确处理夫妻之间的关系，双方的关系是可以改善的。因此，原告要求离婚的主张，不符合我国婚姻法有关离婚的法定条件，故本院不予支持。&#xA;综上，依据《中华人民共和国婚姻法》第三十二条之规定，判决如下：&#xA;" nameCN="裁判分析过程">
    <JAFSLX value="判决" nameCN="结案方式类型" />
    <FLFTMC value="中华人民共和国婚姻法" nameCN="法律法条名称">
      <TM value="三十二" nameCN="条目" />
      <SFCXF value="非程序法" nameCN="是否是程序法" />
    </FLFTMC>
  </CPFXGC>
  <CPJG value="驳回原告吴XX的诉讼请求，不准离婚。&#xA;案件受理费100元，由原告吴XX负担。&#xA;如不服本判决，可在本判决送达之日起十五日内向本院递交上诉状，并按对方当事人的人数提交副本，上诉于天津市第二中级人民法院。&#xA;" nameCN="裁判结果">
    <JAFS value="判决" nameCN="结案方式" />
    <PCSFSXZQ value="正确" nameCN="同时起诉侵权人与保险公司的赔偿顺序" />
    <JTPJJG value="驳回原告吴XX的诉讼请求，不准离婚。" nameCN="具体裁判段" />
    <SSFCD nameCN="诉讼费承担">
      <SSFCDJL value="案件受理费100元，由原告吴XX负担。" nameCN="诉讼费承担记录">
        <SSFJE value="100元" nameCN="诉讼费金额" />
        <SSFZL value="受理费" nameCN="诉讼费种类" />
        <SSFCDR value="吴XX" nameCN="承担人">
          <SSFCDJE value="100元" nameCN="承担金额" />
          <SSFCDFS value="个人独立承担该金额" nameCN="承担方式" />
          <SSFCDDW value="原告" nameCN="承担人地位" />
        </SSFCDR>
      </SSFCDJL>
    </SSFCD>
    <SFFHCS value="否" nameCN="是否发回重审" />
    <KSSZ value="天津市第二中级人民法院" nameCN="可上诉至" />
    <SSTJCL value="上诉状，并按对方当事人的人数提交副本" nameCN="上诉提交材料" />
    <SSQX value="十五日" nameCN="上诉期限" />
    <TCGXQYY value="否" nameCN="是否提出管辖权异议" />
  </CPJG>
  <WW value="代理审判员吴晓飞&#xA;二〇一四年九月五日&#xA;书记员许晓宁&#xA;" nameCN="文尾">
    <SPZZCY nameCN="审判组织成员">
      <SPRYXM value="吴晓飞" nameCN="审判人员姓名" />
      <SPRYJS value="代理审判员" nameCN="审判人员角色" />
    </SPZZCY>
    <SPZZCY nameCN="审判组织成员">
      <SPRYXM value="许晓宁" nameCN="审判人员姓名" />
      <SPRYJS value="书记员" nameCN="审判人员角色" />
    </SPZZCY>
    <CPSJ value="2014年9月5日" nameCN="裁判时间">
      <Year value="2014" nameCN="结案年度" />
      <JANYR value="2014年9月5日" nameCN="结案年月日" />
      <JANY value="2014-9" nameCN="结案年月" />
      <Month value="9" nameCN="月" />
      <Day value="5" nameCN="日" />
    </CPSJ>
  </WW>
  <FL value="" nameCN="附录" />
</QW>

