<?xml version="1.0" encoding="UTF-8"?>
<QW value="河北省迁安市人民法院&#xA;民事判决书&#xA;（2015）安民初字第4494号&#xA;原告：吴月明。&#xA;被告：宫玉剑。&#xA;原告吴月明与被告宫玉剑民间借贷纠纷一案，本院于2015年8月13日立案受理后，依法组成合议庭，于2015年12月8日公开开庭进行了审理。原告吴月明到庭参加诉讼，被告宫玉剑经本院合法传唤无正当理由拒不到庭。本案现已审理终结。&#xA;原告诉称：我与被告系朋友关系。被告从2015年2月份开始先后以各种理由从我处借取现金共计77000元，我多次向被告催要上述借款，但被告总以各种理由推拖不给。我起诉要求被告偿还借款77000元并承担本案诉讼费用。&#xA;被告在法定期限内未提供答辩。&#xA;经审理查明，原告与被告系朋友关系。被告从2015年2月份开始先后从原告处借取现金共计77000元整。2015年5月14日被告为原告出具欠条一份，内容为“今借吴月明77000整借款人：宫玉剑××2015年5月14日”。原告多次向被告催要借款，被告至今未予偿还。&#xA;上述事实，有原告陈述、欠条一份、中国农业银行自动取款凭证单二份、协助查询存款通知书（回执）一份、存取款流水交易清单二份、核算账号查询产品号单一份、借记卡一卡资料查询单一份、调查笔录等证据证实。&#xA;本院认为，原被告双方借款的事实清楚，证据确凿充分，被告应偿还原告借款77000元。依照《中华人民共和国民事诉讼法》第一百四十四条、《中华人民共和国民法通则》第八十四条第二款、第一百零八条之规定，判决如下：&#xA;被告宫玉剑在本判决生效后十日内给付原告吴月明借77000元人民币。&#xA;案件受理费1725元，由被告宫玉剑负担。&#xA;如不服本判决，可在判决书送达之日起十五日内，向本院递交上诉状，并按对方当事人的人数提出副本，上诉于河北省唐山市中级人民法院。&#xA;审判长胡志平&#xA;审判员张晓华&#xA;代理审判员张合锁&#xA;二〇一五年十二月十五日&#xA;书记员刘娇娇&#xA;" nameCN="全文">
  <WS value="河北省迁安市人民法院&#xA;民事判决书&#xA;（2015）安民初字第4494号&#xA;" nameCN="文首">
    <WSZZDW value="法院" nameCN="文书制作单位" />
    <JBFY value="河北省迁安市人民法院" nameCN="经办法院">
      <FYJB value="基层" nameCN="法院级别" />
      <XZQH_P value="河北" nameCN="行政区划(省)" />
      <XZQH_C value="迁安市" nameCN="行政区划(市)" />
    </JBFY>
    <WSMC value="民事判决书" nameCN="文书名称" />
    <AH value="(2015)安民初字第4494号" nameCN="案号" />
    <LAND value="2015" nameCN="立案年度" />
    <AJXZ value="民事案件" nameCN="案件性质" />
    <WSZL value="判决书" nameCN="文书种类" />
    <SPCX value="一审案件" nameCN="审判程序" />
    <AJLX value="民事一审案件" nameCN="案件类型" />
  </WS>
  <SSCYRQJ value="原告：吴月明。&#xA;被告：宫玉剑。&#xA;" nameCN="诉讼参与人全集">
    <SSCYR value="原告：吴月明。" nameCN="诉讼参与人">
      <SSCYRMC value="吴月明" nameCN="诉讼参与人名称" />
      <SSSF value="原告" nameCN="诉讼身份" />
      <SSDW value="原告" nameCN="诉讼地位" />
      <DSRLB value="原告" nameCN="当事人类别" />
      <DSRLX value="自然人" nameCN="当事人类型" />
      <GJ value="中国" nameCN="国籍" />
      <DTQK value="到庭" nameCN="到庭情况" />
    </SSCYR>
    <SSCYR value="被告：宫玉剑。" nameCN="诉讼参与人">
      <SSCYRMC value="宫玉剑" nameCN="诉讼参与人名称" />
      <SSSF value="被告" nameCN="诉讼身份" />
      <SSDW value="被告" nameCN="诉讼地位" />
      <DSRLB value="被告" nameCN="当事人类别" />
      <DSRLX value="自然人" nameCN="当事人类型" />
      <GJ value="中国" nameCN="国籍" />
    </SSCYR>
    <SSCYRQJ value="错误" nameCN="保险公司是否作为被告" />
  </SSCYRQJ>
  <SSJL value="原告吴月明与被告宫玉剑民间借贷纠纷一案，本院于2015年8月13日立案受理后，依法组成合议庭，于2015年12月8日公开开庭进行了审理。原告吴月明到庭参加诉讼，被告宫玉剑经本院合法传唤无正当理由拒不到庭。本案现已审理终结。" nameCN="诉讼记录">
    <JJCT value="" nameCN="拒绝出庭">
      <DSR value="" nameCN="当事人" />
      <RQ value="" nameCN="日期" />
    </JJCT>
    <YG value="吴月明" nameCN="原告" />
    <BG value="宫玉剑" nameCN="被告" />
    <AY value="民间借贷纠纷" nameCN="案由" />
    <KTSL value="是" nameCN="开庭审理" />
    <KTSLXX value="公开审理" nameCN="开庭审理信息" />
    <WZAY value="民间借贷纠纷" nameCN="完整案由" />
    <AYDM value="9181" nameCN="案由代码" />
    <LARQ value="2015年8月13日" nameCN="立案日期" />
    <YSAJSYCX value="普通程序" nameCN="一审案件适用程序" />
    <JYZPT value="否" nameCN="简易转普通" />
    <SPZZ value="合议庭" nameCN="审判组织" />
    <YSAJLY value="新收" nameCN="一审案件来源" />
    <SLRQ value="2015年8月13日" nameCN="受理日期" />
    <DXRQX nameCN="当事人缺席">
      <XM value="宫玉剑" nameCN="姓名">
        <SSDW value="被告" nameCN="诉讼地位" />
      </XM>
    </DXRQX>
    <CTDSRXX nameCN="出庭当事人信息">
      <CTRXM value="吴月明" nameCN="出庭人姓名">
        <SSDW value="原告" nameCN="诉讼地位" />
      </CTRXM>
    </CTDSRXX>
  </SSJL>
  <AJJBQK value="原告诉称：我与被告系朋友关系。被告从2015年2月份开始先后以各种理由从我处借取现金共计77000元，我多次向被告催要上述借款，但被告总以各种理由推拖不给。我起诉要求被告偿还借款77000元并承担本案诉讼费用。&#xA;被告在法定期限内未提供答辩。&#xA;经审理查明，原告与被告系朋友关系。被告从2015年2月份开始先后从原告处借取现金共计77000元整。2015年5月14日被告为原告出具欠条一份，内容为“今借吴月明77000整借款人：宫玉剑××2015年5月14日”。原告多次向被告催要借款，被告至今未予偿还。&#xA;上述事实，有原告陈述、欠条一份、中国农业银行自动取款凭证单二份、协助查询存款通知书（回执）一份、存取款流水交易清单二份、核算账号查询产品号单一份、借记卡一卡资料查询单一份、调查笔录等证据证实。&#xA;" nameCN="案件基本情况">
    <YGSCD value="原告诉称：我与被告系朋友关系。被告从2015年2月份开始先后以各种理由从我处借取现金共计77000元，我多次向被告催要上述借款，但被告总以各种理由推拖不给。我起诉要求被告偿还借款77000元并承担本案诉讼费用。 " nameCN="原告诉称段" />
    <BGBCD value="被告在法定期限内未提供答辩。 " nameCN="被告辩称段" />
    <ZJD value="上述事实，有原告陈述、欠条一份、中国农业银行自动取款凭证单二份、协助查询存款通知书（回执）一份、存取款流水交易清单二份、核算账号查询产品号单一份、借记卡一卡资料查询单一份、调查笔录等证据证实。" nameCN="证据段" />
    <CMSSD value="经审理查明，原告与被告系朋友关系。被告从2015年2月份开始先后从原告处借取现金共计77000元整。2015年5月14日被告为原告出具欠条一份，内容为“今借吴月明77000整借款人：宫玉剑××2015年5月14日”。原告多次向被告催要借款，被告至今未予偿还。" nameCN="查明事实段">
      <SGXQ value="未提及" nameCN="事故详情">
        <SGSJ value="未提及" nameCN="事故时间" />
        <SGDD value="未提及" nameCN="事故地点" />
      </SGXQ>
      <JDCSYR value="宫玉剑" nameCN="机动车所有人" />
      <SFTB value="是" nameCN="是否投保" />
      <SFZBXQN value="是" nameCN="是否在保险期内" />
      <SFXQPF value="是" nameCN="是否先期赔付" />
      <SJZCQK value="77000元" nameCN="实际支出情况" />
      <JDSFKK value="是" nameCN="鉴定是否可靠" />
    </CMSSD>
  </AJJBQK>
  <CPFXGC value="本院认为，原被告双方借款的事实清楚，证据确凿充分，被告应偿还原告借款77000元。依照《中华人民共和国民事诉讼法》第一百四十四条、《中华人民共和国民法通则》第八十四条第二款、第一百零八条之规定，判决如下：&#xA;" nameCN="裁判分析过程">
    <JAFSLX value="判决" nameCN="结案方式类型" />
    <FLFTMC value="中华人民共和国民事诉讼法" nameCN="法律法条名称">
      <TM value="一百四十四" nameCN="条目" />
      <SFCXF value="是程序法" nameCN="是否是程序法" />
    </FLFTMC>
    <FLFTMC value="中华人民共和国民法通则" nameCN="法律法条名称">
      <TM value="一百零八" nameCN="条目" />
      <TM value="八十四" nameCN="条目">
        <KM value="第二款" nameCN="款目" />
      </TM>
      <SFCXF value="非程序法" nameCN="是否是程序法" />
    </FLFTMC>
  </CPFXGC>
  <CPJG value="被告宫玉剑在本判决生效后十日内给付原告吴月明借77000元人民币。&#xA;案件受理费1725元，由被告宫玉剑负担。&#xA;如不服本判决，可在判决书送达之日起十五日内，向本院递交上诉状，并按对方当事人的人数提出副本，上诉于河北省唐山市中级人民法院。&#xA;" nameCN="裁判结果">
    <JAFS value="判决" nameCN="结案方式" />
    <PCSFSXZQ value="正确" nameCN="同时起诉侵权人与保险公司的赔偿顺序" />
    <JTPJJG value="被告宫玉剑在本判决生效后十日内给付原告吴月明借77000元人民币。" nameCN="具体裁判段">
      <QLR value="吴月明" nameCN="权利人">
        <QLRSSDW value="原告" nameCN="诉讼地位" />
      </QLR>
      <YWR value="宫玉剑" nameCN="义务人">
        <YWRSSDW value="被告" nameCN="诉讼地位" />
      </YWR>
      <PJZXQX value="十日" nameCN="判决执行期限" />
      <PJJE nameCN="判决金额">
        <JE value="77000元" nameCN="金额" />
      </PJJE>
    </JTPJJG>
    <SSFCD nameCN="诉讼费承担">
      <SSFCDJL value="案件受理费1725元，由被告宫玉剑负担。" nameCN="诉讼费承担记录">
        <SSFJE value="1725元" nameCN="诉讼费金额" />
        <SSFZL value="受理费" nameCN="诉讼费种类" />
        <SSFCDR value="宫玉剑" nameCN="承担人">
          <SSFCDJE value="1725元" nameCN="承担金额" />
          <SSFCDFS value="个人独立承担该金额" nameCN="承担方式" />
          <SSFCDDW value="被告" nameCN="承担人地位" />
        </SSFCDR>
      </SSFCDJL>
    </SSFCD>
    <SFFHCS value="否" nameCN="是否发回重审" />
    <KSSZ value="河北省唐山市中级人民法院" nameCN="可上诉至" />
    <SSTJCL value="上诉状，并按对方当事人的人数提出副本" nameCN="上诉提交材料" />
    <SSQX value="十五日" nameCN="上诉期限" />
    <TCGXQYY value="否" nameCN="是否提出管辖权异议" />
  </CPJG>
  <WW value="审判长胡志平&#xA;审判员张晓华&#xA;代理审判员张合锁&#xA;二〇一五年十二月十五日&#xA;书记员刘娇娇&#xA;" nameCN="文尾">
    <SPZZCY nameCN="审判组织成员">
      <SPRYXM value="胡志平" nameCN="审判人员姓名" />
      <SPRYJS value="审判长" nameCN="审判人员角色" />
    </SPZZCY>
    <SPZZCY nameCN="审判组织成员">
      <SPRYXM value="张合锁" nameCN="审判人员姓名" />
      <SPRYJS value="代理审判员" nameCN="审判人员角色" />
    </SPZZCY>
    <SPZZCY nameCN="审判组织成员">
      <SPRYXM value="刘娇娇" nameCN="审判人员姓名" />
      <SPRYJS value="书记员" nameCN="审判人员角色" />
    </SPZZCY>
    <SPZZCY nameCN="审判组织成员">
      <SPRYXM value="张晓华" nameCN="审判人员姓名" />
      <SPRYJS value="审判员" nameCN="审判人员角色" />
    </SPZZCY>
    <CPSJ value="2015年12月15日" nameCN="裁判时间">
      <Year value="2015" nameCN="结案年度" />
      <JANYR value="2015年12月15日" nameCN="结案年月日" />
      <JANY value="2015-12" nameCN="结案年月" />
      <Month value="12" nameCN="月" />
      <Day value="15" nameCN="日" />
    </CPSJ>
  </WW>
  <FL value="" nameCN="附录" />
</QW>

