<?xml version="1.0" encoding="UTF-8"?>
<QW value="&#xA;浙江省龙泉市人民法院&#xA;民事判决书&#xA;（2013）丽龙民初字第161号&#xA;原告：吴某甲。&#xA;委托代理人：叶盛有，龙泉市信用法律服务所法律工作者。&#xA;被告：陈某。&#xA;原告吴某甲诉被告陈某离婚纠纷一案，本院于2013年3月26日立案受理，依法由代理审判员林龙适用简易程序不公开开庭进行了审理。原告吴某甲及其委托代理人叶盛有、被告陈某到庭参加诉讼。本案现已审理终结。&#xA;原告吴某甲起诉称：原告、被告于2006年10月经人介绍认识，经过短暂的交往后，于××××年××月××日办理结婚登记手续，由被告入赘到原告家生活，××××年××月××日生育一子，取名吴某乙。婚后不久被告就离家去其杭州哥哥处打工，双方一起生活得时间极少。由于双方婚前感情基础差，加上婚后常年不在一起生活，双方并未建立起夫妻感情。2010年10月份，原告偶然间看到被告手机里的信息和图片，得知被告是一个同性恋者后，双方就开始产生严重的矛盾，事后虽经被告解释说为受人欺骗，并表示改正，使夫妻关系得以勉强维持，但双方之间已有不可逾越的沟壑。2010年7月，原告带着儿子租住到龙泉读书，被告则在查田工作。2012年7月，原告无意间发现被告依然恶习未改，双方矛盾进一步恶化。2012年9月30日（中秋节），被告在原告的租处掐住原告的脖子，对原告进行毒打，幸经原告姐姐与房东制止。之后原告另租别处，双方彻底分居。现原告诉至法院请求判决原告、被告离婚，婚生子吴某乙随原告共同生活，由原告自行承担子女抚养费。&#xA;被告陈某答辩称：被告不同意离婚，原告陈述中称被告离家外出打工，这是被告与原告商量过的，是为了维持家庭生计。原告称被告有同性恋不是事实。原告为了儿子读书到城区，也是双方共同商量的。原告称中秋节那天被告掐她脖子，完全是虚构事实，为了儿子的健康成长，原告、被告也不应该离婚。&#xA;经审理查明：原告吴某甲、被告陈某于××××年××月××日办理结婚登记手续，××××年××月××日生育一子，取名吴某乙。&#xA;认定上述事实的依据有原告提交的结婚证、户口簿及原告、被告的当庭陈述。原告提交的被告QQ聊天记录，真实性无法确认，本院不予认定。&#xA;本院认为：原告吴某甲、被告陈某经认识后登记结婚，可认定双方有较好的婚前感情基础，婚后原告、被告共同生活并生育婚生子吴某乙，也建立了一定的夫妻感情，现原告未提供证据证明其夫妻感情确已破裂，故对原告要求与被告离婚的诉讼请求不予支持。依照《中华人民共和国婚姻法》第三十二条，判决如下：&#xA;驳回原告吴某甲的诉讼请求。&#xA;本案受理费300元，减半收取150元，由原告吴某甲负担。&#xA;如不服本判决，可在判决书送达之日起十五日内，向本院递交上诉状，并按对方当事人的人数提出副本，上诉于丽水市中级人民法院。&#xA;代理审判员林龙&#xA;二〇一三年五月二日&#xA;代书记员吕佩聪&#xA;" nameCN="全文">
  <WS value="浙江省龙泉市人民法院&#xA;民事判决书&#xA;（2013）丽龙民初字第161号&#xA;" nameCN="文首">
    <WSZZDW value="法院" nameCN="文书制作单位" />
    <JBFY value="浙江省龙泉市人民法院" nameCN="经办法院">
      <FYJB value="基层" nameCN="法院级别" />
      <XZQH_P value="浙江" nameCN="行政区划(省)" />
      <XZQH_C value="龙泉市" nameCN="行政区划(市)" />
    </JBFY>
    <WSMC value="民事判决书" nameCN="文书名称" />
    <AH value="(2013)丽龙民初字第161号" nameCN="案号" />
    <LAND value="2013" nameCN="立案年度" />
    <AJXZ value="民事案件" nameCN="案件性质" />
    <WSZL value="判决书" nameCN="文书种类" />
    <SPCX value="一审案件" nameCN="审判程序" />
    <AJLX value="民事一审案件" nameCN="案件类型" />
  </WS>
  <SSCYRQJ value="原告：吴某甲。&#xA;委托代理人：叶盛有，龙泉市信用法律服务所法律工作者。&#xA;被告：陈某。&#xA;" nameCN="诉讼参与人全集">
    <SSCYR value="原告：吴某甲。" nameCN="诉讼参与人">
      <SSCYRMC value="吴某甲" nameCN="诉讼参与人名称" />
      <SSSF value="原告" nameCN="诉讼身份" />
      <SSDW value="原告" nameCN="诉讼地位" />
      <DSRLB value="原告" nameCN="当事人类别" />
      <DSRLX value="自然人" nameCN="当事人类型" />
      <GJ value="中国" nameCN="国籍" />
      <DTQK value="到庭" nameCN="到庭情况" />
      <DSRSFZH value="否" nameCN="当事人是否再婚" />
    </SSCYR>
    <SSCYR value="委托代理人：叶盛有，龙泉市信用法律服务所法律工作者。" nameCN="诉讼参与人">
      <SSCYRMC value="叶盛有" nameCN="诉讼参与人名称" />
      <SSSF value="委托代理人" nameCN="诉讼身份" />
      <DSRLX value="自然人" nameCN="当事人类型" />
      <GJ value="中国" nameCN="国籍" />
      <DTQK value="到庭" nameCN="到庭情况" />
    </SSCYR>
    <SSCYR value="被告：陈某。" nameCN="诉讼参与人">
      <SSCYRMC value="陈某" nameCN="诉讼参与人名称" />
      <SSSF value="被告" nameCN="诉讼身份" />
      <SSDW value="被告" nameCN="诉讼地位" />
      <DSRLB value="被告" nameCN="当事人类别" />
      <DSRLX value="自然人" nameCN="当事人类型" />
      <GJ value="中国" nameCN="国籍" />
      <DTQK value="到庭" nameCN="到庭情况" />
      <DSRSFZH value="否" nameCN="当事人是否再婚" />
    </SSCYR>
    <SSCYRQJ value="错误" nameCN="保险公司是否作为被告" />
  </SSCYRQJ>
  <SSJL value="原告吴某甲诉被告陈某离婚纠纷一案，本院于2013年3月26日立案受理，依法由代理审判员林龙适用简易程序不公开开庭进行了审理。原告吴某甲及其委托代理人叶盛有、被告陈某到庭参加诉讼。本案现已审理终结。" nameCN="诉讼记录">
    <YG value="吴某甲" nameCN="原告" />
    <BG value="陈某" nameCN="被告" />
    <AY value="离婚纠纷" nameCN="案由" />
    <KTSL value="是" nameCN="开庭审理" />
    <KTSLXX value="不公开审理" nameCN="开庭审理信息">
      <BGKSLYY value="当事人申请不公开审理的离婚案件" nameCN="不公开审理原因" />
    </KTSLXX>
    <WZAY value="离婚纠纷" nameCN="完整案由" />
    <AYDM value="9015" nameCN="案由代码" />
    <LARQ value="2013年3月26日" nameCN="立案日期" />
    <YSAJSYCX value="简易程序" nameCN="一审案件适用程序" />
    <JYZPT value="否" nameCN="简易转普通" />
    <YSAJLY value="新收" nameCN="一审案件来源" />
    <SLRQ value="2013年3月26日" nameCN="受理日期" />
    <CTDSRXX nameCN="出庭当事人信息">
      <CTRXM value="陈某" nameCN="出庭人姓名">
        <SSDW value="被告" nameCN="诉讼地位" />
      </CTRXM>
      <CTRXM value="叶盛有" nameCN="出庭人姓名">
        <SSDW value="委托代理人" nameCN="诉讼地位" />
      </CTRXM>
      <CTRXM value="吴某甲" nameCN="出庭人姓名">
        <SSDW value="原告" nameCN="诉讼地位" />
      </CTRXM>
    </CTDSRXX>
  </SSJL>
  <AJJBQK value="原告吴某甲起诉称：原告、被告于2006年10月经人介绍认识，经过短暂的交往后，于××××年××月××日办理结婚登记手续，由被告入赘到原告家生活，××××年××月××日生育一子，取名吴某乙。婚后不久被告就离家去其杭州哥哥处打工，双方一起生活得时间极少。由于双方婚前感情基础差，加上婚后常年不在一起生活，双方并未建立起夫妻感情。2010年10月份，原告偶然间看到被告手机里的信息和图片，得知被告是一个同性恋者后，双方就开始产生严重的矛盾，事后虽经被告解释说为受人欺骗，并表示改正，使夫妻关系得以勉强维持，但双方之间已有不可逾越的沟壑。2010年7月，原告带着儿子租住到龙泉读书，被告则在查田工作。2012年7月，原告无意间发现被告依然恶习未改，双方矛盾进一步恶化。2012年9月30日（中秋节），被告在原告的租处掐住原告的脖子，对原告进行毒打，幸经原告姐姐与房东制止。之后原告另租别处，双方彻底分居。现原告诉至法院请求判决原告、被告离婚，婚生子吴某乙随原告共同生活，由原告自行承担子女抚养费。&#xA;被告陈某答辩称：被告不同意离婚，原告陈述中称被告离家外出打工，这是被告与原告商量过的，是为了维持家庭生计。原告称被告有同性恋不是事实。原告为了儿子读书到城区，也是双方共同商量的。原告称中秋节那天被告掐她脖子，完全是虚构事实，为了儿子的健康成长，原告、被告也不应该离婚。&#xA;经审理查明：原告吴某甲、被告陈某于××××年××月××日办理结婚登记手续，××××年××月××日生育一子，取名吴某乙。&#xA;认定上述事实的依据有原告提交的结婚证、户口簿及原告、被告的当庭陈述。原告提交的被告QQ聊天记录，真实性无法确认，本院不予认定。&#xA;" nameCN="案件基本情况">
    <YGSCD value="原告吴某甲起诉称：原告、被告于2006年10月经人介绍认识，经过短暂的交往后，于××××年××月××日办理结婚登记手续，由被告入赘到原告家生活，××××年××月××日生育一子，取名吴某乙。婚后不久被告就离家去其杭州哥哥处打工，双方一起生活得时间极少。由于双方婚前感情基础差，加上婚后常年不在一起生活，双方并未建立起夫妻感情。2010年10月份，原告偶然间看到被告手机里的信息和图片，得知被告是一个同性恋者后，双方就开始产生严重的矛盾，事后虽经被告解释说为受人欺骗，并表示改正，使夫妻关系得以勉强维持，但双方之间已有不可逾越的沟壑。2010年7月，原告带着儿子租住到龙泉读书，被告则在查田工作。2012年7月，原告无意间发现被告依然恶习未改，双方矛盾进一步恶化。2012年9月30日（中秋节），被告在原告的租处掐住原告的脖子，对原告进行毒打，幸经原告姐姐与房东制止。之后原告另租别处，双方彻底分居。现原告诉至法院请求判决原告、被告离婚，婚生子吴某乙随原告共同生活，由原告自行承担子女抚养费。 " nameCN="原告诉称段" />
    <BGBCD value="被告陈某答辩称：被告不同意离婚，原告陈述中称被告离家外出打工，这是被告与原告商量过的，是为了维持家庭生计。原告称被告有同性恋不是事实。原告为了儿子读书到城区，也是双方共同商量的。原告称中秋节那天被告掐她脖子，完全是虚构事实，为了儿子的健康成长，原告、被告也不应该离婚。 " nameCN="被告辩称段" />
    <CMSSD value="经审理查明：原告吴某甲、被告陈某于××××年××月××日办理结婚登记手续，××××年××月××日生育一子，取名吴某乙。认定上述事实的依据有原告提交的结婚证、户口簿及原告、被告的当庭陈述。原告提交的被告QQ聊天记录，真实性无法确认，本院不予认定。 " nameCN="查明事实段">
      <SGXQ value="未提及" nameCN="事故详情">
        <SGSJ value="未提及" nameCN="事故时间" />
        <SGDD value="未提及" nameCN="事故地点" />
      </SGXQ>
      <JDCSYR value="陈某" nameCN="机动车所有人" />
      <GAJGRDYJ value="" nameCN="公安机关认定意见" />
      <SFTB value="是" nameCN="是否投保" />
      <SFZBXQN value="是" nameCN="是否在保险期内" />
      <SFXQPF value="是" nameCN="是否先期赔付" />
      <JDSFKK value="是" nameCN="鉴定是否可靠" />
    </CMSSD>
  </AJJBQK>
  <CPFXGC value="本院认为：原告吴某甲、被告陈某经认识后登记结婚，可认定双方有较好的婚前感情基础，婚后原告、被告共同生活并生育婚生子吴某乙，也建立了一定的夫妻感情，现原告未提供证据证明其夫妻感情确已破裂，故对原告要求与被告离婚的诉讼请求不予支持。依照《中华人民共和国婚姻法》第三十二条，判决如下：&#xA;" nameCN="裁判分析过程">
    <JAFSLX value="判决" nameCN="结案方式类型" />
    <FLFTMC value="中华人民共和国婚姻法" nameCN="法律法条名称">
      <TM value="三十二" nameCN="条目" />
      <SFCXF value="非程序法" nameCN="是否是程序法" />
    </FLFTMC>
  </CPFXGC>
  <CPJG value="驳回原告吴某甲的诉讼请求。&#xA;本案受理费300元，减半收取150元，由原告吴某甲负担。&#xA;如不服本判决，可在判决书送达之日起十五日内，向本院递交上诉状，并按对方当事人的人数提出副本，上诉于丽水市中级人民法院。&#xA;" nameCN="裁判结果">
    <JAFS value="判决" nameCN="结案方式" />
    <PCSFSXZQ value="正确" nameCN="同时起诉侵权人与保险公司的赔偿顺序" />
    <JTPJJG value="驳回原告吴某甲的诉讼请求。" nameCN="具体裁判段" />
    <SSFCD nameCN="诉讼费承担">
      <SSFCDJL value="本案受理费300元，减半收取150元，由原告吴某甲负担。" nameCN="诉讼费承担记录">
        <SSFJE value="150元" nameCN="诉讼费金额" />
        <SSFZL value="受理费" nameCN="诉讼费种类" />
        <SSFCDR value="吴某甲" nameCN="承担人">
          <SSFCDJE value="150元" nameCN="承担金额" />
          <SSFCDFS value="个人独立承担该金额" nameCN="承担方式" />
          <SSFCDDW value="原告" nameCN="承担人地位" />
        </SSFCDR>
      </SSFCDJL>
    </SSFCD>
    <SFFHCS value="否" nameCN="是否发回重审" />
    <KSSZ value="丽水市中级人民法院" nameCN="可上诉至" />
    <SSTJCL value="上诉状，并按对方当事人的人数提出副本" nameCN="上诉提交材料" />
    <SSQX value="十五日" nameCN="上诉期限" />
    <TCGXQYY value="否" nameCN="是否提出管辖权异议" />
  </CPJG>
  <WW value="代理审判员林龙&#xA;二〇一三年五月二日&#xA;代书记员吕佩聪&#xA;" nameCN="文尾">
    <SPZZCY nameCN="审判组织成员">
      <SPRYXM value="吕佩聪" nameCN="审判人员姓名" />
      <SPRYJS value="代书记员" nameCN="审判人员角色" />
    </SPZZCY>
    <SPZZCY nameCN="审判组织成员">
      <SPRYXM value="林龙" nameCN="审判人员姓名" />
      <SPRYJS value="代理审判员" nameCN="审判人员角色" />
    </SPZZCY>
    <CPSJ value="2013年5月2日" nameCN="裁判时间">
      <Year value="2013" nameCN="结案年度" />
      <JANYR value="2013年5月2日" nameCN="结案年月日" />
      <JANY value="2013-5" nameCN="结案年月" />
      <Month value="5" nameCN="月" />
      <Day value="2" nameCN="日" />
    </CPSJ>
  </WW>
  <FL value="" nameCN="附录" />
</QW>

