<?xml version="1.0" encoding="UTF-8"?>
<QW value="&#xA;四川省江安县人民法院&#xA;民事判决书&#xA;（2014）江安民初字第704号&#xA;原告吴某甲，女，1971年5月17日出生，汉族，务农，住江安县。&#xA;委托代理人易遵勇，江安县四面山法律服务所法律工作者。&#xA;被告闵某甲，男，1967年1月6日出生，汉族，务农，住江安县。&#xA;原告吴某甲与被告闵某甲离婚纠纷一案，本院受理后，依法由代理审判员易渡适用简易程序公开开庭进行了审理。原告吴某甲及其委托代理人易遵勇到庭参加了诉讼，被告闵某甲经本院传票传唤未到庭参加诉讼，本案依法缺席审理。本案现已审理终结。&#xA;原告吴某甲诉称，原、被告于1988年4月经人介绍相识恋爱，于1991年11月6日在江安县原留耕乡人民政府登记结婚。双方于1992年10月6日生育儿子闵某乙。原、被告婚后，被告脾气古怪，好吃懒做，赌博成性，又有不忠实于夫妻感情的行为，对家庭没有责任心，时常因小事打骂原告。原告便于2004年外出务工，与被告分居生活至今，在此期间，原告曾多次找被告协商离婚，但都未达成一致意见。原告现以双方夫妻感情破裂、长期分居为由，向江安县人民法院法院起诉离婚，请求判决：1、准予原、被告离婚；2、夫妻共同财产原告分割三分之一。&#xA;被告闵某甲未答辩。&#xA;经审理查明，原、被告经人介绍认识恋爱，并于1991年11月6日在江安县原留耕乡人民政府登记结婚。双方于1992年10月6日生育一子取名闵某乙，现已成年并独立生活。婚后初期，双方夫妻感情一般。在夫妻共同生活期间，原、被告因性格不合，常为家庭琐事发生纠纷，致夫妻关系失和。现原告以夫妻感情破裂为由诉至本院，提出上述诉讼请求。本案经本院主持调解未果。&#xA;审理中，原告自述于1991年农历3月2日生育一女取名闵某丙，闵某丙的户籍与被告之兄闵某丁在一起，闵某丙现已成年并独立生活，但原告未提供相应证据予以证明。原告自述有夫妻共同财产：在江安县留耕镇修建平房三间，无夫妻共同债权、债务，原告对上述夫妻共同财产也未提供相应证据予以证明。&#xA;上述事实，有原告提交的身份证、结婚证、户口本各一份，证人闵某乙、刘某某、黄某某、马某某调查笔录各一份，证人吴某乙当庭作证证言，以及原告的当庭陈述等证据在卷佐证。&#xA;本院认为，原、被告相识恋爱并办理了结婚登记手续。双方婚后共同生活时间长，并生育了子女，建立起了真正的夫妻感情，应珍惜彼此间的夫妻感情。在夫妻共同生活期间，原、被告因家庭琐事产生纠纷，致夫妻关系失和，系彼此缺乏沟通交流所致。在今后的生活中，只要双方互谅互让，加强沟通和交流，夫妻关系是能够和好的；且原告在审理中也未提供充分证据证明其夫妻感情确已完全破裂，故本院对原告的离婚请求依法不予支持。&#xA;据此，依照《中华人民共和国婚姻法》第三十二条第二款“人民法院审理离婚案件，应当进行调解；如感情确已破裂，调解无效，应准予离婚。”的规定，判决如下：&#xA;不准原告吴某甲与被告闵某甲离婚。&#xA;案件受理费300元，依法减半收取，由原告吴某甲负担。&#xA;如不服本判决，可在判决书送达之日起十五日内，向本院递交上诉状，并按对方当事人的人数提出副本，上诉于四川省宜宾市中级人民法院。&#xA;代理审判员易渡&#xA;二〇一四年七月二十一日&#xA;书记员尤桦&#xA;" nameCN="全文">
  <WS value="四川省江安县人民法院&#xA;民事判决书&#xA;（2014）江安民初字第704号&#xA;" nameCN="文首">
    <WSZZDW value="法院" nameCN="文书制作单位" />
    <JBFY value="四川省江安县人民法院" nameCN="经办法院">
      <FYJB value="基层" nameCN="法院级别" />
      <XZQH_P value="四川" nameCN="行政区划(省)" />
      <XZQH_C value="四川" nameCN="行政区划(市)" />
    </JBFY>
    <WSMC value="民事判决书" nameCN="文书名称" />
    <AH value="(2014)江安民初字第704号" nameCN="案号" />
    <LAND value="2014" nameCN="立案年度" />
    <AJXZ value="民事案件" nameCN="案件性质" />
    <WSZL value="判决书" nameCN="文书种类" />
    <SPCX value="一审案件" nameCN="审判程序" />
    <AJLX value="民事一审案件" nameCN="案件类型" />
  </WS>
  <SSCYRQJ value="原告吴某甲，女，1971年5月17日出生，汉族，务农，住江安县。&#xA;委托代理人易遵勇，江安县四面山法律服务所法律工作者。&#xA;被告闵某甲，男，1967年1月6日出生，汉族，务农，住江安县。&#xA;" nameCN="诉讼参与人全集">
    <SSCYR value="原告吴某甲，女，1971年5月17日出生，汉族，务农，住江安县。" nameCN="诉讼参与人">
      <SSCYRMC value="吴某甲" nameCN="诉讼参与人名称" />
      <SSSF value="原告" nameCN="诉讼身份" />
      <SSDW value="原告" nameCN="诉讼地位" />
      <DSRLB value="原告" nameCN="当事人类别" />
      <DSRLX value="自然人" nameCN="当事人类型" />
      <XB value="女" nameCN="性别" />
      <MZ value="汉族" nameCN="民族" />
      <CSRQ value="1971年5月17日" nameCN="出生日期">
        <Year value="1971" nameCN="年" />
        <Month value="5" nameCN="月" />
        <Day value="17" nameCN="日" />
      </CSRQ>
      <GJ value="中国" nameCN="国籍" />
      <DSRDZ value="江安县" nameCN="当事人地址" />
      <DTQK value="到庭" nameCN="到庭情况" />
      <DWZWFZ nameCN="单位职务分组">
        <ZW value="务农" nameCN="职务" />
      </DWZWFZ>
      <DSRSFZH value="否" nameCN="当事人是否再婚" />
    </SSCYR>
    <SSCYR value="委托代理人易遵勇，江安县四面山法律服务所法律工作者。" nameCN="诉讼参与人">
      <SSCYRMC value="易遵勇" nameCN="诉讼参与人名称" />
      <SSSF value="委托代理人" nameCN="诉讼身份" />
      <DSRLX value="自然人" nameCN="当事人类型" />
      <GJ value="中国" nameCN="国籍" />
      <DTQK value="到庭" nameCN="到庭情况" />
    </SSCYR>
    <SSCYR value="被告闵某甲，男，1967年1月6日出生，汉族，务农，住江安县。" nameCN="诉讼参与人">
      <SSCYRMC value="闵某甲" nameCN="诉讼参与人名称" />
      <SSSF value="被告" nameCN="诉讼身份" />
      <SSDW value="被告" nameCN="诉讼地位" />
      <DSRLB value="被告" nameCN="当事人类别" />
      <DSRLX value="自然人" nameCN="当事人类型" />
      <XB value="男" nameCN="性别" />
      <MZ value="汉族" nameCN="民族" />
      <CSRQ value="1967年1月6日" nameCN="出生日期">
        <Year value="1967" nameCN="年" />
        <Month value="1" nameCN="月" />
        <Day value="6" nameCN="日" />
      </CSRQ>
      <GJ value="中国" nameCN="国籍" />
      <DSRDZ value="江安县" nameCN="当事人地址" />
      <DWZWFZ nameCN="单位职务分组">
        <ZW value="务农" nameCN="职务" />
      </DWZWFZ>
      <DSRSFZH value="否" nameCN="当事人是否再婚" />
    </SSCYR>
    <SSCYRQJ value="错误" nameCN="保险公司是否作为被告" />
  </SSCYRQJ>
  <SSJL value="原告吴某甲与被告闵某甲离婚纠纷一案，本院受理后，依法由代理审判员易渡适用简易程序公开开庭进行了审理。原告吴某甲及其委托代理人易遵勇到庭参加了诉讼，被告闵某甲经本院传票传唤未到庭参加诉讼，本案依法缺席审理。本案现已审理终结。" nameCN="诉讼记录">
    <YG value="吴某甲" nameCN="原告" />
    <BG value="闵某甲" nameCN="被告" />
    <AY value="离婚纠纷" nameCN="案由" />
    <KTSL value="是" nameCN="开庭审理" />
    <KTSLXX value="公开审理" nameCN="开庭审理信息" />
    <WZAY value="离婚纠纷" nameCN="完整案由" />
    <AYDM value="9015" nameCN="案由代码" />
    <YSAJSYCX value="简易程序" nameCN="一审案件适用程序" />
    <JYZPT value="否" nameCN="简易转普通" />
    <YSAJLY value="新收" nameCN="一审案件来源" />
    <DXRQX nameCN="当事人缺席">
      <XM value="闵某甲" nameCN="姓名">
        <SSDW value="被告" nameCN="诉讼地位" />
      </XM>
    </DXRQX>
    <CTDSRXX nameCN="出庭当事人信息">
      <CTRXM value="易遵勇" nameCN="出庭人姓名">
        <SSDW value="委托代理人" nameCN="诉讼地位" />
      </CTRXM>
      <CTRXM value="吴某甲" nameCN="出庭人姓名">
        <SSDW value="原告" nameCN="诉讼地位" />
      </CTRXM>
    </CTDSRXX>
  </SSJL>
  <AJJBQK value="原告吴某甲诉称，原、被告于1988年4月经人介绍相识恋爱，于1991年11月6日在江安县原留耕乡人民政府登记结婚。双方于1992年10月6日生育儿子闵某乙。原、被告婚后，被告脾气古怪，好吃懒做，赌博成性，又有不忠实于夫妻感情的行为，对家庭没有责任心，时常因小事打骂原告。原告便于2004年外出务工，与被告分居生活至今，在此期间，原告曾多次找被告协商离婚，但都未达成一致意见。原告现以双方夫妻感情破裂、长期分居为由，向江安县人民法院法院起诉离婚，请求判决：1、准予原、被告离婚；2、夫妻共同财产原告分割三分之一。&#xA;被告闵某甲未答辩。&#xA;经审理查明，原、被告经人介绍认识恋爱，并于1991年11月6日在江安县原留耕乡人民政府登记结婚。双方于1992年10月6日生育一子取名闵某乙，现已成年并独立生活。婚后初期，双方夫妻感情一般。在夫妻共同生活期间，原、被告因性格不合，常为家庭琐事发生纠纷，致夫妻关系失和。现原告以夫妻感情破裂为由诉至本院，提出上述诉讼请求。本案经本院主持调解未果。&#xA;审理中，原告自述于1991年农历3月2日生育一女取名闵某丙，闵某丙的户籍与被告之兄闵某丁在一起，闵某丙现已成年并独立生活，但原告未提供相应证据予以证明。原告自述有夫妻共同财产：在江安县留耕镇修建平房三间，无夫妻共同债权、债务，原告对上述夫妻共同财产也未提供相应证据予以证明。&#xA;上述事实，有原告提交的身份证、结婚证、户口本各一份，证人闵某乙、刘某某、黄某某、马某某调查笔录各一份，证人吴某乙当庭作证证言，以及原告的当庭陈述等证据在卷佐证。&#xA;" nameCN="案件基本情况">
    <YGSCD value="原告吴某甲诉称，原、被告于1988年4月经人介绍相识恋爱，于1991年11月6日在江安县原留耕乡人民政府登记结婚。双方于1992年10月6日生育儿子闵某乙。原、被告婚后，被告脾气古怪，好吃懒做，赌博成性，又有不忠实于夫妻感情的行为，对家庭没有责任心，时常因小事打骂原告。原告便于2004年外出务工，与被告分居生活至今，在此期间，原告曾多次找被告协商离婚，但都未达成一致意见。原告现以双方夫妻感情破裂、长期分居为由，向江安县人民法院法院起诉离婚，请求判决：1、准予原、被告离婚；2、夫妻共同财产原告分割三分之一。 " nameCN="原告诉称段" />
    <BGBCD value="被告闵某甲未答辩。 " nameCN="被告辩称段" />
    <ZJD value="审理中，原告自述于1991年农历3月2日生育一女取名闵某丙，闵某丙的户籍与被告之兄闵某丁在一起，闵某丙现已成年并独立生活，但原告未提供相应证据予以证明。原告自述有夫妻共同财产：在江安县留耕镇修建平房三间，无夫妻共同债权、债务，原告对上述夫妻共同财产也未提供相应证据予以证明。上述事实，有原告提交的身份证、结婚证、户口本各一份，证人闵某乙、刘某某、黄某某、马某某调查笔录各一份，证人吴某乙当庭作证证言，以及原告的当庭陈述等证据在卷佐证。 " nameCN="证据段" />
    <CMSSD value="经审理查明，原、被告经人介绍认识恋爱，并于1991年11月6日在江安县原留耕乡人民政府登记结婚。双方于1992年10月6日生育一子取名闵某乙，现已成年并独立生活。婚后初期，双方夫妻感情一般。在夫妻共同生活期间，原、被告因性格不合，常为家庭琐事发生纠纷，致夫妻关系失和。现原告以夫妻感情破裂为由诉至本院，提出上述诉讼请求。本案经本院主持调解未果。" nameCN="查明事实段">
      <SGXQ value="未提及" nameCN="事故详情">
        <SGSJ value="未提及" nameCN="事故时间" />
        <SGDD value="未提及" nameCN="事故地点" />
      </SGXQ>
      <JDCSYR value="闵某甲" nameCN="机动车所有人" />
      <SHRJZD value="江安县" nameCN="受害人居住地" />
      <SHRZY value="务农" nameCN="受害人职业" />
      <SFTB value="是" nameCN="是否投保" />
      <SFZBXQN value="是" nameCN="是否在保险期内" />
      <SFXQPF value="是" nameCN="是否先期赔付" />
      <JDSFKK value="是" nameCN="鉴定是否可靠" />
    </CMSSD>
  </AJJBQK>
  <CPFXGC value="本院认为，原、被告相识恋爱并办理了结婚登记手续。双方婚后共同生活时间长，并生育了子女，建立起了真正的夫妻感情，应珍惜彼此间的夫妻感情。在夫妻共同生活期间，原、被告因家庭琐事产生纠纷，致夫妻关系失和，系彼此缺乏沟通交流所致。在今后的生活中，只要双方互谅互让，加强沟通和交流，夫妻关系是能够和好的；且原告在审理中也未提供充分证据证明其夫妻感情确已完全破裂，故本院对原告的离婚请求依法不予支持。&#xA;据此，依照《中华人民共和国婚姻法》第三十二条第二款“人民法院审理离婚案件，应当进行调解；如感情确已破裂，调解无效，应准予离婚。”的规定，判决如下：&#xA;" nameCN="裁判分析过程">
    <JAFSLX value="判决" nameCN="结案方式类型" />
    <FLFTMC value="中华人民共和国婚姻法" nameCN="法律法条名称">
      <TM value="三十二" nameCN="条目">
        <KM value="第二款" nameCN="款目" />
      </TM>
      <SFCXF value="非程序法" nameCN="是否是程序法" />
    </FLFTMC>
  </CPFXGC>
  <CPJG value="不准原告吴某甲与被告闵某甲离婚。&#xA;案件受理费300元，依法减半收取，由原告吴某甲负担。&#xA;如不服本判决，可在判决书送达之日起十五日内，向本院递交上诉状，并按对方当事人的人数提出副本，上诉于四川省宜宾市中级人民法院。&#xA;" nameCN="裁判结果">
    <JAFS value="判决" nameCN="结案方式" />
    <PCSFSXZQ value="正确" nameCN="同时起诉侵权人与保险公司的赔偿顺序" />
    <JTPJJG value="不准原告吴某甲与被告闵某甲离婚。" nameCN="具体裁判段" />
    <SSFCD nameCN="诉讼费承担">
      <SSFCDJL value="案件受理费300元，依法减半收取，由原告吴某甲负担。" nameCN="诉讼费承担记录">
        <SSFJE value="300元" nameCN="诉讼费金额" />
        <SSFZL value="受理费" nameCN="诉讼费种类" />
        <SSFCDR value="吴某甲" nameCN="承担人">
          <SSFCDJE value="300元" nameCN="承担金额" />
          <SSFCDFS value="个人独立承担该金额" nameCN="承担方式" />
          <SSFCDDW value="原告" nameCN="承担人地位" />
        </SSFCDR>
      </SSFCDJL>
    </SSFCD>
    <SFFHCS value="否" nameCN="是否发回重审" />
    <KSSZ value="四川省宜宾市中级人民法院" nameCN="可上诉至" />
    <SSTJCL value="上诉状，并按对方当事人的人数提出副本" nameCN="上诉提交材料" />
    <SSQX value="十五日" nameCN="上诉期限" />
    <TCGXQYY value="否" nameCN="是否提出管辖权异议" />
  </CPJG>
  <WW value="代理审判员易渡&#xA;二〇一四年七月二十一日&#xA;书记员尤桦&#xA;" nameCN="文尾">
    <SPZZCY nameCN="审判组织成员">
      <SPRYXM value="易渡" nameCN="审判人员姓名" />
      <SPRYJS value="代理审判员" nameCN="审判人员角色" />
    </SPZZCY>
    <SPZZCY nameCN="审判组织成员">
      <SPRYXM value="尤桦" nameCN="审判人员姓名" />
      <SPRYJS value="书记员" nameCN="审判人员角色" />
    </SPZZCY>
    <CPSJ value="2014年7月21日" nameCN="裁判时间">
      <Year value="2014" nameCN="结案年度" />
      <JANYR value="2014年7月21日" nameCN="结案年月日" />
      <JANY value="2014-7" nameCN="结案年月" />
      <Month value="7" nameCN="月" />
      <Day value="21" nameCN="日" />
    </CPSJ>
  </WW>
  <FL value="" nameCN="附录" />
</QW>

