<?xml version="1.0" encoding="UTF-8"?>
<QW value="&#xA;浙江省开化县人民法院&#xA;民事判决书&#xA;（2014）衢开民初字第217号&#xA;原告：吴某。&#xA;委托代理人：徐文兴。&#xA;被告：徐某。&#xA;委托代理人：林志军。&#xA;原告吴某与被告徐某离婚纠纷一案，于2014年3月27日向本院起诉，本院于同日受理后，依法组成合议庭，于2014年5月20日进行了公开开庭审理。原告吴某及其委托代理人徐文兴、被告徐某及其委托代理人林志军到庭参加诉讼。本案现已审理终结。&#xA;原告吴某起诉称：2005年7月，原、被告经人介绍认识后，其父母按农村习俗到被告家提亲，由双方父母确定了原、被告的婚事。××××年××月××日，原、被告双方到开化县民政局婚姻登记中心登记结婚，婚后，双方共同生活。因婚前双方未作充分了解，草率结婚，婚后，原告发现被告脾气比较倔强，而原告性格较内向。被告经常主动与原告吵架，且吵架后，多次离家出走，甚至深夜回娘家，令人难以容忍。2012年8月，原告与被告因家庭琐事发生激烈的争吵，被告埋怨原告赚不到钱，难以生活，遂提出离婚，原告跟随被告到开化县婚姻登记处欲办理离婚登记，但因证件没有带齐，双方未办成离婚手续。回家后，被告对原告母亲恶语相向。之后，被告不辞而别离家出走。自去年8月被告离家之后至今一年的时间，原告经多方查找，一直不知道被告的确切下落；且被告离家时，还曾唆使亲戚到原告家中兴师问罪，责骂原告家人。2013年6月，原告曾诉至法院要求离婚，后法院判决驳回原告诉讼请求。法院判决不准离婚后，原、被告间仍无联系。故原告诉至法院，请求判令：一、准予原告与被告离婚，双方无子女、财产争议；二、本案诉讼费用由被告承担。&#xA;被告徐某答辩称：原、被告自愿登记结婚，婚后共同生活多年，已建立起一定的夫妻感情。双方产生矛盾的主要原因是原、被告结婚多年没有生育小孩造成。为了有小孩，被告先后怀孕四次，又终因身体原因流产。原告母亲一直嫌弃被告不能生育，到2012年8月被告受不了才与原告母亲发生争吵。被告与原告间实际没有什么矛盾的，故不同意离婚。&#xA;原告吴某为证明其主张的事实，向本院提供了下列证据：&#xA;一、结婚证一份，用以证明原、被告于××××年××月××日登记结婚的事实。&#xA;二、开化县人民法院（2013）衢开民初字第532号民事判决书一份，用以证明原告曾起诉离婚的事实。&#xA;三、契证一份，用以证明原告在婚前购买了一套房屋，该房屋现已经拆迁，属婚前个人财产的事实。&#xA;四、产权调换协议书及开化县旧城改造指挥部证明各一份，用以证明原告婚前的房屋通过产权调换方式置换取得房屋二套，原告尚欠14万9千余元差价未支付的事实。&#xA;五、协议书一份，用以证明原告婚前的房屋是原告母亲李水英购买登记在原告名下，房屋拆迁补偿时置换的其中一套龙顶西子城房屋归李水英所有的事实。&#xA;六、瑞辰家居装修合同、工程预算单、工程结算确认单以及装修店业主李岗身份证复印件各一份，用以证明房屋拆迁置换的另一套排灌站的房屋在2012年上半年进行过装修，尚欠装修款8万元未付的事实。&#xA;七、证人李水英证言一份，李水英系原告吴某母亲，其证实原、被告开始关系蛮好的，结婚后第二年被告就流产了，之后也带被告检查过但一直没有怀孕成功。2012年8月，其与别人聊天时讲了句“你福气好，可以抱宝宝”，其没有别的意思，被告就与其吵起来，之后被告就离家外出没有联系。原告拆迁的房屋是原告婚前其出资购买的，排灌站房屋的装修尚欠8万元的事实。&#xA;被告徐某为证明其主张的事实，向本院提供了下列证据：&#xA;一、房屋拆迁调换协议及登记查询表各一份，用以证明被拆迁人是吴某，其原有房产面积是113平方，拆迁置换的二套房屋面积共为163平方还有两间储藏室，差价款为149561元。增加面积的部分应为夫妻共同财产，差价款为共同债务的事实。&#xA;二、营业执照二份，用以证明被告曾在城关镇桃溪路开了四年的杂货店，2012年10月因转让注销。现登记在原告名下还有一间杂货店，应为夫妻共同财产的事实。&#xA;三、开化县妇幼保健院的住院病历二份、浙一医院病历一份、开化县人民医院住院病历一份及检查报告、医疗发票等，用以证明被告婚后为保胎住院二次，流产四次，现被告患有糖尿病、子宫疾病等的事实。&#xA;四、借条三份及证明一份，用以证明原、被告夫妻共同债务还有14000元及被告现在外租住房屋的事实。&#xA;当事人质证意见及本院认证意见如下：&#xA;对原告提供的证据一、二、三、四、五的真实性，被告没有异议，但认为没有证据证明原告拆迁的房屋是原告母亲出资购买的，被拆迁人为原告。拆迁置换的增加面积部分应为夫妻共同财产，尚欠的149561元为共同债务。本院对原告提供的证据一、二、三、四、五的真实性予以认定，对原告房屋拆迁置换的增加面积部分是否为夫妻共同财产，以及尚欠的149561元是否作为共同债务在本案中暂不作出认定。对原告提供的证据六，被告有异议，认为负责装修的李岗是原告亲戚，装修是装修的，但对装修的价值及欠款有异议，同时装修增值的部分应为共同财产。本院对婚后原告曾对置换的房屋进行过装修这一事实予以认定，对装修负债暂不作出认定。对原告提供的证据七有异议，认为证人为原告母亲，其证言不能采信。本院对此将结合原、被告陈述综合认定。&#xA;对被告提供证据一、二、三的真实性，原告没有异议。但原告认为排灌站的房屋现没有取得房产证，物权没有明确，现在不能进行分割。杂货店登记在原告名下，实际是原告母亲在经营。被告流产过多次是事实，但不能证明被告身体差是流产导致。本院对被告提供的证据一、二、三的真实性予以认定，对其证明对象暂不作出认定。对被告提供的证据四的真实性有异议，其中一万元已归还，但借条未收回。本院对被告提供的证据四的真实性及证明对象暂不作出认定。&#xA;本院根据当事人的陈述以及本院确认的有效证据，认定事实如下：&#xA;2005年7月，原、被告经人介绍认识。××××年××月××日，双方到开化县民政局婚姻登记中心登记结婚。婚后双方未生育子女。婚后，原、被告夫妻感情尚可，因家庭琐事的原因，2012年8月被告离家外出生活。2013年6月，原告曾诉至本院要求离婚，后被法院判决驳回。&#xA;本院认为，原、被告双方自愿登记结婚，婚后也建立起一定的夫妻感情。被告为了能与原告生育小孩，先后怀孕又流产四次，可见原、被告双方感情较好。虽然在法院第一次判决不准离婚后，原、被告夫妻关系没有立即改善，但被告仍有和好愿望。本院希望原、被告能珍惜已有的夫妻感情，互让互谅，正确处理夫妻间矛盾，双方和好仍有可能，故对原告要求离婚的诉讼请求，本院不予支持。据此，依照《中华人民共和国民事诉讼法》第一百四十四条、《中华人民共和国婚姻法》第三十二条的规定，判决如下：&#xA;驳回原告吴某的诉讼请求。&#xA;本案受理费300元，由原告吴某负担。&#xA;如不服本判决，可在判决书送达之日起十五日内，向本院递交上诉状，并按对方当事人的人数提出副本，上诉于浙江省衢州市中级人民法院。&#xA;审判长方小兵&#xA;人民陪审员唐达成&#xA;人民陪审员郑土水&#xA;二〇一四年六月二十日&#xA;书记员郭淑婷&#xA;" nameCN="全文">
  <WS value="浙江省开化县人民法院&#xA;民事判决书&#xA;（2014）衢开民初字第217号&#xA;" nameCN="文首">
    <WSZZDW value="法院" nameCN="文书制作单位" />
    <JBFY value="浙江省开化县人民法院" nameCN="经办法院">
      <FYJB value="基层" nameCN="法院级别" />
      <XZQH_P value="浙江" nameCN="行政区划(省)" />
      <XZQH_C value="浙江" nameCN="行政区划(市)" />
    </JBFY>
    <WSMC value="民事判决书" nameCN="文书名称" />
    <AH value="(2014)衢开民初字第217号" nameCN="案号" />
    <LAND value="2014" nameCN="立案年度" />
    <AJXZ value="民事案件" nameCN="案件性质" />
    <WSZL value="判决书" nameCN="文书种类" />
    <SPCX value="一审案件" nameCN="审判程序" />
    <AJLX value="民事一审案件" nameCN="案件类型" />
  </WS>
  <SSCYRQJ value="原告：吴某。&#xA;委托代理人：徐文兴。&#xA;被告：徐某。&#xA;委托代理人：林志军。&#xA;" nameCN="诉讼参与人全集">
    <SSCYR value="原告：吴某。" nameCN="诉讼参与人">
      <SSCYRMC value="吴某" nameCN="诉讼参与人名称" />
      <SSSF value="原告" nameCN="诉讼身份" />
      <SSDW value="原告" nameCN="诉讼地位" />
      <DSRLB value="原告" nameCN="当事人类别" />
      <DSRLX value="自然人" nameCN="当事人类型" />
      <GJ value="中国" nameCN="国籍" />
      <DTQK value="到庭" nameCN="到庭情况" />
      <DSRSFZH value="否" nameCN="当事人是否再婚" />
    </SSCYR>
    <SSCYR value="委托代理人：徐文兴。" nameCN="诉讼参与人">
      <SSCYRMC value="徐文兴" nameCN="诉讼参与人名称" />
      <SSSF value="委托代理人" nameCN="诉讼身份" />
      <DSRLX value="自然人" nameCN="当事人类型" />
      <GJ value="中国" nameCN="国籍" />
      <DTQK value="到庭" nameCN="到庭情况" />
    </SSCYR>
    <SSCYR value="被告：徐某。" nameCN="诉讼参与人">
      <SSCYRMC value="徐某" nameCN="诉讼参与人名称" />
      <SSSF value="被告" nameCN="诉讼身份" />
      <SSDW value="被告" nameCN="诉讼地位" />
      <DSRLB value="被告" nameCN="当事人类别" />
      <DSRLX value="自然人" nameCN="当事人类型" />
      <GJ value="中国" nameCN="国籍" />
      <DTQK value="到庭" nameCN="到庭情况" />
      <DSRSFZH value="否" nameCN="当事人是否再婚" />
    </SSCYR>
    <SSCYR value="委托代理人：林志军。" nameCN="诉讼参与人">
      <SSCYRMC value="林志军" nameCN="诉讼参与人名称" />
      <SSSF value="委托代理人" nameCN="诉讼身份" />
      <DSRLX value="自然人" nameCN="当事人类型" />
      <GJ value="中国" nameCN="国籍" />
      <DTQK value="到庭" nameCN="到庭情况" />
    </SSCYR>
    <SSCYRQJ value="错误" nameCN="保险公司是否作为被告" />
  </SSCYRQJ>
  <SSJL value="原告吴某与被告徐某离婚纠纷一案，于2014年3月27日向本院起诉，本院于同日受理后，依法组成合议庭，于2014年5月20日进行了公开开庭审理。原告吴某及其委托代理人徐文兴、被告徐某及其委托代理人林志军到庭参加诉讼。本案现已审理终结。" nameCN="诉讼记录">
    <YG value="吴某" nameCN="原告" />
    <BG value="徐某" nameCN="被告" />
    <AY value="离婚纠纷" nameCN="案由" />
    <KTSL value="是" nameCN="开庭审理" />
    <KTSLXX value="公开审理" nameCN="开庭审理信息" />
    <WZAY value="离婚纠纷" nameCN="完整案由" />
    <AYDM value="9015" nameCN="案由代码" />
    <YSAJSYCX value="普通程序" nameCN="一审案件适用程序" />
    <JYZPT value="否" nameCN="简易转普通" />
    <SPZZ value="合议庭" nameCN="审判组织" />
    <YSAJLY value="新收" nameCN="一审案件来源" />
    <CTDSRXX nameCN="出庭当事人信息">
      <CTRXM value="吴某" nameCN="出庭人姓名">
        <SSDW value="原告" nameCN="诉讼地位" />
      </CTRXM>
      <CTRXM value="徐某" nameCN="出庭人姓名">
        <SSDW value="被告" nameCN="诉讼地位" />
      </CTRXM>
      <CTRXM value="林志军" nameCN="出庭人姓名">
        <SSDW value="委托代理人" nameCN="诉讼地位" />
      </CTRXM>
      <CTRXM value="徐文兴" nameCN="出庭人姓名">
        <SSDW value="委托代理人" nameCN="诉讼地位" />
      </CTRXM>
    </CTDSRXX>
  </SSJL>
  <AJJBQK value="原告吴某起诉称：2005年7月，原、被告经人介绍认识后，其父母按农村习俗到被告家提亲，由双方父母确定了原、被告的婚事。××××年××月××日，原、被告双方到开化县民政局婚姻登记中心登记结婚，婚后，双方共同生活。因婚前双方未作充分了解，草率结婚，婚后，原告发现被告脾气比较倔强，而原告性格较内向。被告经常主动与原告吵架，且吵架后，多次离家出走，甚至深夜回娘家，令人难以容忍。2012年8月，原告与被告因家庭琐事发生激烈的争吵，被告埋怨原告赚不到钱，难以生活，遂提出离婚，原告跟随被告到开化县婚姻登记处欲办理离婚登记，但因证件没有带齐，双方未办成离婚手续。回家后，被告对原告母亲恶语相向。之后，被告不辞而别离家出走。自去年8月被告离家之后至今一年的时间，原告经多方查找，一直不知道被告的确切下落；且被告离家时，还曾唆使亲戚到原告家中兴师问罪，责骂原告家人。2013年6月，原告曾诉至法院要求离婚，后法院判决驳回原告诉讼请求。法院判决不准离婚后，原、被告间仍无联系。故原告诉至法院，请求判令：一、准予原告与被告离婚，双方无子女、财产争议；二、本案诉讼费用由被告承担。&#xA;被告徐某答辩称：原、被告自愿登记结婚，婚后共同生活多年，已建立起一定的夫妻感情。双方产生矛盾的主要原因是原、被告结婚多年没有生育小孩造成。为了有小孩，被告先后怀孕四次，又终因身体原因流产。原告母亲一直嫌弃被告不能生育，到2012年8月被告受不了才与原告母亲发生争吵。被告与原告间实际没有什么矛盾的，故不同意离婚。&#xA;原告吴某为证明其主张的事实，向本院提供了下列证据：&#xA;一、结婚证一份，用以证明原、被告于××××年××月××日登记结婚的事实。&#xA;二、开化县人民法院（2013）衢开民初字第532号民事判决书一份，用以证明原告曾起诉离婚的事实。&#xA;三、契证一份，用以证明原告在婚前购买了一套房屋，该房屋现已经拆迁，属婚前个人财产的事实。&#xA;四、产权调换协议书及开化县旧城改造指挥部证明各一份，用以证明原告婚前的房屋通过产权调换方式置换取得房屋二套，原告尚欠14万9千余元差价未支付的事实。&#xA;五、协议书一份，用以证明原告婚前的房屋是原告母亲李水英购买登记在原告名下，房屋拆迁补偿时置换的其中一套龙顶西子城房屋归李水英所有的事实。&#xA;六、瑞辰家居装修合同、工程预算单、工程结算确认单以及装修店业主李岗身份证复印件各一份，用以证明房屋拆迁置换的另一套排灌站的房屋在2012年上半年进行过装修，尚欠装修款8万元未付的事实。&#xA;七、证人李水英证言一份，李水英系原告吴某母亲，其证实原、被告开始关系蛮好的，结婚后第二年被告就流产了，之后也带被告检查过但一直没有怀孕成功。2012年8月，其与别人聊天时讲了句“你福气好，可以抱宝宝”，其没有别的意思，被告就与其吵起来，之后被告就离家外出没有联系。原告拆迁的房屋是原告婚前其出资购买的，排灌站房屋的装修尚欠8万元的事实。&#xA;被告徐某为证明其主张的事实，向本院提供了下列证据：&#xA;一、房屋拆迁调换协议及登记查询表各一份，用以证明被拆迁人是吴某，其原有房产面积是113平方，拆迁置换的二套房屋面积共为163平方还有两间储藏室，差价款为149561元。增加面积的部分应为夫妻共同财产，差价款为共同债务的事实。&#xA;二、营业执照二份，用以证明被告曾在城关镇桃溪路开了四年的杂货店，2012年10月因转让注销。现登记在原告名下还有一间杂货店，应为夫妻共同财产的事实。&#xA;三、开化县妇幼保健院的住院病历二份、浙一医院病历一份、开化县人民医院住院病历一份及检查报告、医疗发票等，用以证明被告婚后为保胎住院二次，流产四次，现被告患有糖尿病、子宫疾病等的事实。&#xA;四、借条三份及证明一份，用以证明原、被告夫妻共同债务还有14000元及被告现在外租住房屋的事实。&#xA;当事人质证意见及本院认证意见如下：&#xA;对原告提供的证据一、二、三、四、五的真实性，被告没有异议，但认为没有证据证明原告拆迁的房屋是原告母亲出资购买的，被拆迁人为原告。拆迁置换的增加面积部分应为夫妻共同财产，尚欠的149561元为共同债务。本院对原告提供的证据一、二、三、四、五的真实性予以认定，对原告房屋拆迁置换的增加面积部分是否为夫妻共同财产，以及尚欠的149561元是否作为共同债务在本案中暂不作出认定。对原告提供的证据六，被告有异议，认为负责装修的李岗是原告亲戚，装修是装修的，但对装修的价值及欠款有异议，同时装修增值的部分应为共同财产。本院对婚后原告曾对置换的房屋进行过装修这一事实予以认定，对装修负债暂不作出认定。对原告提供的证据七有异议，认为证人为原告母亲，其证言不能采信。本院对此将结合原、被告陈述综合认定。&#xA;对被告提供证据一、二、三的真实性，原告没有异议。但原告认为排灌站的房屋现没有取得房产证，物权没有明确，现在不能进行分割。杂货店登记在原告名下，实际是原告母亲在经营。被告流产过多次是事实，但不能证明被告身体差是流产导致。本院对被告提供的证据一、二、三的真实性予以认定，对其证明对象暂不作出认定。对被告提供的证据四的真实性有异议，其中一万元已归还，但借条未收回。本院对被告提供的证据四的真实性及证明对象暂不作出认定。&#xA;本院根据当事人的陈述以及本院确认的有效证据，认定事实如下：&#xA;2005年7月，原、被告经人介绍认识。××××年××月××日，双方到开化县民政局婚姻登记中心登记结婚。婚后双方未生育子女。婚后，原、被告夫妻感情尚可，因家庭琐事的原因，2012年8月被告离家外出生活。2013年6月，原告曾诉至本院要求离婚，后被法院判决驳回。&#xA;" nameCN="案件基本情况">
    <YGSCD value="原告吴某起诉称：2005年7月，原、被告经人介绍认识后，其父母按农村习俗到被告家提亲，由双方父母确定了原、被告的婚事。××××年××月××日，原、被告双方到开化县民政局婚姻登记中心登记结婚，婚后，双方共同生活。因婚前双方未作充分了解，草率结婚，婚后，原告发现被告脾气比较倔强，而原告性格较内向。被告经常主动与原告吵架，且吵架后，多次离家出走，甚至深夜回娘家，令人难以容忍。2012年8月，原告与被告因家庭琐事发生激烈的争吵，被告埋怨原告赚不到钱，难以生活，遂提出离婚，原告跟随被告到开化县婚姻登记处欲办理离婚登记，但因证件没有带齐，双方未办成离婚手续。回家后，被告对原告母亲恶语相向。之后，被告不辞而别离家出走。自去年8月被告离家之后至今一年的时间，原告经多方查找，一直不知道被告的确切下落；且被告离家时，还曾唆使亲戚到原告家中兴师问罪，责骂原告家人。2013年6月，原告曾诉至法院要求离婚，后法院判决驳回原告诉讼请求。法院判决不准离婚后，原、被告间仍无联系。故原告诉至法院，请求判令：一、准予原告与被告离婚，双方无子女、财产争议；二、本案诉讼费用由被告承担。 " nameCN="原告诉称段" />
    <BGBCD value="被告徐某答辩称：原、被告自愿登记结婚，婚后共同生活多年，已建立起一定的夫妻感情。双方产生矛盾的主要原因是原、被告结婚多年没有生育小孩造成。为了有小孩，被告先后怀孕四次，又终因身体原因流产。原告母亲一直嫌弃被告不能生育，到2012年8月被告受不了才与原告母亲发生争吵。被告与原告间实际没有什么矛盾的，故不同意离婚。 " nameCN="被告辩称段" />
    <ZJD value="原告吴某为证明其主张的事实，向本院提供了下列证据：一、结婚证一份，用以证明原、被告于××××年××月××日登记结婚的事实。 二、开化县人民法院（2013）衢开民初字第532号民事判决书一份，用以证明原告曾起诉离婚的事实。 三、契证一份，用以证明原告在婚前购买了一套房屋，该房屋现已经拆迁，属婚前个人财产的事实。 四、产权调换协议书及开化县旧城改造指挥部证明各一份，用以证明原告婚前的房屋通过产权调换方式置换取得房屋二套，原告尚欠14万9千余元差价未支付的事实。 五、协议书一份，用以证明原告婚前的房屋是原告母亲李水英购买登记在原告名下，房屋拆迁补偿时置换的其中一套龙顶西子城房屋归李水英所有的事实。 六、瑞辰家居装修合同、工程预算单、工程结算确认单以及装修店业主李岗身份证复印件各一份，用以证明房屋拆迁置换的另一套排灌站的房屋在2012年上半年进行过装修，尚欠装修款8万元未付的事实。 七、证人李水英证言一份，李水英系原告吴某母亲，其证实原、被告开始关系蛮好的，结婚后第二年被告就流产了，之后也带被告检查过但一直没有怀孕成功。2012年8月，其与别人聊天时讲了句“你福气好，可以抱宝宝”，其没有别的意思，被告就与其吵起来，之后被告就离家外出没有联系。原告拆迁的房屋是原告婚前其出资购买的，排灌站房屋的装修尚欠8万元的事实。 被告徐某为证明其主张的事实，向本院提供了下列证据： 一、房屋拆迁调换协议及登记查询表各一份，用以证明被拆迁人是吴某，其原有房产面积是113平方，拆迁置换的二套房屋面积共为163平方还有两间储藏室，差价款为149561元。增加面积的部分应为夫妻共同财产，差价款为共同债务的事实。 二、营业执照二份，用以证明被告曾在城关镇桃溪路开了四年的杂货店，2012年10月因转让注销。现登记在原告名下还有一间杂货店，应为夫妻共同财产的事实。 三、开化县妇幼保健院的住院病历二份、浙一医院病历一份、开化县人民医院住院病历一份及检查报告、医疗发票等，用以证明被告婚后为保胎住院二次，流产四次，现被告患有糖尿病、子宫疾病等的事实。 四、借条三份及证明一份，用以证明原、被告夫妻共同债务还有14000元及被告现在外租住房屋的事实。 当事人质证意见及本院认证意见如下： 对原告提供的证据一、二、三、四、五的真实性，被告没有异议，但认为没有证据证明原告拆迁的房屋是原告母亲出资购买的，被拆迁人为原告。拆迁置换的增加面积部分应为夫妻共同财产，尚欠的149561元为共同债务。本院对原告提供的证据一、二、三、四、五的真实性予以认定，对原告房屋拆迁置换的增加面积部分是否为夫妻共同财产，以及尚欠的149561元是否作为共同债务在本案中暂不作出认定。对原告提供的证据六，被告有异议，认为负责装修的李岗是原告亲戚，装修是装修的，但对装修的价值及欠款有异议，同时装修增值的部分应为共同财产。本院对婚后原告曾对置换的房屋进行过装修这一事实予以认定，对装修负债暂不作出认定。对原告提供的证据七有异议，认为证人为原告母亲，其证言不能采信。本院对此将结合原、被告陈述综合认定。 对被告提供证据一、二、三的真实性，原告没有异议。但原告认为排灌站的房屋现没有取得房产证，物权没有明确，现在不能进行分割。杂货店登记在原告名下，实际是原告母亲在经营。被告流产过多次是事实，但不能证明被告身体差是流产导致。本院对被告提供的证据一、二、三的真实性予以认定，对其证明对象暂不作出认定。对被告提供的证据四的真实性有异议，其中一万元已归还，但借条未收回。本院对被告提供的证据四的真实性及证明对象暂不作出认定。 " nameCN="证据段" />
    <CMSSD value="本院根据当事人的陈述以及本院确认的有效证据，认定事实如下：2005年7月，原、被告经人介绍认识。××××年××月××日，双方到开化县民政局婚姻登记中心登记结婚。婚后双方未生育子女。婚后，原、被告夫妻感情尚可，因家庭琐事的原因，2012年8月被告离家外出生活。2013年6月，原告曾诉至本院要求离婚，后被法院判决驳回。 " nameCN="查明事实段">
      <SGXQ value="未提及" nameCN="事故详情">
        <SGSJ value="未提及" nameCN="事故时间" />
        <SGDD value="未提及" nameCN="事故地点" />
      </SGXQ>
      <JDCSYR value="徐某" nameCN="机动车所有人" />
      <GAJGRDYJ value="2005年7月，原、被告经人介绍认识。" nameCN="公安机关认定意见" />
      <SFTB value="是" nameCN="是否投保" />
      <SFZBXQN value="是" nameCN="是否在保险期内" />
      <SFXQPF value="是" nameCN="是否先期赔付" />
      <JDSFKK value="是" nameCN="鉴定是否可靠" />
    </CMSSD>
  </AJJBQK>
  <CPFXGC value="本院认为，原、被告双方自愿登记结婚，婚后也建立起一定的夫妻感情。被告为了能与原告生育小孩，先后怀孕又流产四次，可见原、被告双方感情较好。虽然在法院第一次判决不准离婚后，原、被告夫妻关系没有立即改善，但被告仍有和好愿望。本院希望原、被告能珍惜已有的夫妻感情，互让互谅，正确处理夫妻间矛盾，双方和好仍有可能，故对原告要求离婚的诉讼请求，本院不予支持。据此，依照《中华人民共和国民事诉讼法》第一百四十四条、《中华人民共和国婚姻法》第三十二条的规定，判决如下：&#xA;" nameCN="裁判分析过程">
    <JAFSLX value="判决" nameCN="结案方式类型" />
    <FLFTMC value="中华人民共和国民事诉讼法" nameCN="法律法条名称">
      <TM value="一百四十四" nameCN="条目" />
      <SFCXF value="是程序法" nameCN="是否是程序法" />
    </FLFTMC>
    <FLFTMC value="中华人民共和国婚姻法" nameCN="法律法条名称">
      <TM value="三十二" nameCN="条目" />
      <SFCXF value="非程序法" nameCN="是否是程序法" />
    </FLFTMC>
  </CPFXGC>
  <CPJG value="驳回原告吴某的诉讼请求。&#xA;本案受理费300元，由原告吴某负担。&#xA;如不服本判决，可在判决书送达之日起十五日内，向本院递交上诉状，并按对方当事人的人数提出副本，上诉于浙江省衢州市中级人民法院。&#xA;" nameCN="裁判结果">
    <JAFS value="判决" nameCN="结案方式" />
    <PCSFSXZQ value="正确" nameCN="同时起诉侵权人与保险公司的赔偿顺序" />
    <JTPJJG value="驳回原告吴某的诉讼请求。" nameCN="具体裁判段" />
    <SSFCD nameCN="诉讼费承担">
      <SSFCDJL value="本案受理费300元，由原告吴某负担。" nameCN="诉讼费承担记录">
        <SSFJE value="300元" nameCN="诉讼费金额" />
        <SSFZL value="受理费" nameCN="诉讼费种类" />
        <SSFCDR value="吴某" nameCN="承担人">
          <SSFCDJE value="300元" nameCN="承担金额" />
          <SSFCDFS value="个人独立承担该金额" nameCN="承担方式" />
          <SSFCDDW value="原告" nameCN="承担人地位" />
        </SSFCDR>
      </SSFCDJL>
    </SSFCD>
    <SFFHCS value="否" nameCN="是否发回重审" />
    <KSSZ value="浙江省衢州市中级人民法院" nameCN="可上诉至" />
    <SSTJCL value="上诉状，并按对方当事人的人数提出副本" nameCN="上诉提交材料" />
    <SSQX value="十五日" nameCN="上诉期限" />
    <TCGXQYY value="否" nameCN="是否提出管辖权异议" />
  </CPJG>
  <WW value="审判长方小兵&#xA;人民陪审员唐达成&#xA;人民陪审员郑土水&#xA;二〇一四年六月二十日&#xA;书记员郭淑婷&#xA;" nameCN="文尾">
    <SPZZCY nameCN="审判组织成员">
      <SPRYXM value="唐达成" nameCN="审判人员姓名" />
      <SPRYJS value="人民陪审员" nameCN="审判人员角色" />
    </SPZZCY>
    <SPZZCY nameCN="审判组织成员">
      <SPRYXM value="方小兵" nameCN="审判人员姓名" />
      <SPRYJS value="审判长" nameCN="审判人员角色" />
    </SPZZCY>
    <SPZZCY nameCN="审判组织成员">
      <SPRYXM value="郑土水" nameCN="审判人员姓名" />
      <SPRYJS value="人民陪审员" nameCN="审判人员角色" />
    </SPZZCY>
    <SPZZCY nameCN="审判组织成员">
      <SPRYXM value="郭淑婷" nameCN="审判人员姓名" />
      <SPRYJS value="书记员" nameCN="审判人员角色" />
    </SPZZCY>
    <CPSJ value="2014年6月20日" nameCN="裁判时间">
      <Year value="2014" nameCN="结案年度" />
      <JANYR value="2014年6月20日" nameCN="结案年月日" />
      <JANY value="2014-6" nameCN="结案年月" />
      <Month value="6" nameCN="月" />
      <Day value="20" nameCN="日" />
    </CPSJ>
  </WW>
  <FL value="" nameCN="附录" />
</QW>

