<?xml version="1.0" encoding="UTF-8"?>
<QW value="&#xA;重庆市九龙坡区人民法院&#xA;民事判决书&#xA;（2015）九法民初字第01978号&#xA;原告吴洪林，男，汉族，1971年9月17日生。&#xA;被告孟春福，男，汉族，1977年12月26日生。&#xA;原告吴洪林诉被告孟春福民间借贷纠纷一案，本院立案受理后，依法由代理审判员米俊倩适用简易程序独任审判，公开开庭进行了审理。原告吴洪林到庭参加了诉讼，被告孟春福经本院传唤无正当理由拒不到庭，本院依法作缺席审判。本案现已审理终结。&#xA;原告吴洪林诉称，2007年6月5日，被告孟春福向原告借款87000元并出具借条。此后经原告多次催收，被告孟春福均推诿拒不返还借款。现原告为了维护自己的合法权益，故诉至法院，请求判令：一、被告孟春福立即偿还原告吴洪林借款87000元及支付利息（以87000元为基数，自2015年1月8日起按中国人民银行同期同类贷款利率计算至本金付清时止）；二、本案诉讼费用由被告孟春福承担。&#xA;被告孟春福未到庭答辩亦未提交书面答辩意见。&#xA;经审理查明，原、被告系朋友关系，被告孟春福因资金周转困难于2007年6月5日分两次向原告借款合计金额87000元，并出具了借款借条，借条中借款人签名为“孟春”。2015年3月4日，九龙坡区西彭镇东林村村民委员会出具证明载明“兹有重庆市九龙坡区西彭镇东林村10组村民孟春福，男，身份证为XXX，孟春福与孟春，两人系同一人，情况属实”。由于被告孟春福未及时归还借款，原告遂诉至本院。&#xA;上述事实，有借条、村委会证明及当事人的陈述等在卷为凭，并经佐证，足以认定。&#xA;本院认为，被告拒不到庭应诉系对其诉讼权利的放弃，应承担不利法律后果，本院可以依据查明的事实依法缺席审理并作出判决。原、被告之间的民间借贷关系是双方真实意思表示，不违反法律法规的禁止性规定，合法有效。被告孟春福向原告吴洪林出具的借条签名与其户籍登记姓名虽不一致，但经被告孟春福户籍所在地村委会的证明可以确认，“孟春”与“孟春福”系同一个人。故原告吴洪林要求被告孟春福偿还借款87000元，本院予以支持。由于该借款未约定利息，故该借款利息的计算时间应从起诉的2015年1月26日起至付清之日止，利率按中国人民银行同期同类贷款利率计算。&#xA;综上，依照《中华人民共和国合同法》第二百零六条，《中华人民共和国民事诉讼法》第一百四十四条之规定，判决如下：&#xA;一、被告孟春福于本判决生效之日起十日内偿还原告吴洪林借款87000元及支付利息（从2015年1月26日起以本金87000元为基数，按中国人民银行同期贷款利率计付至本金付清时止）；&#xA;二、驳回原告吴洪林的其他诉讼请求。&#xA;如果未按本判决指定的期间履行给付金钱义务，应当依照《中华人民共和国民事诉讼法》第二百五十三条之规定，加倍支付迟延履行期间的债务利息。&#xA;本案案件受理费988元由被告孟春福承担（此款原告吴洪林已预交，被告孟春福在给付上述借款时一并支付原告吴洪林）。&#xA;如不服本判决，可在判决书送达之日起十五日内，向本院递交上诉状，并按对方当事人人数提出副本，上诉于重庆市第五中级人民法院。&#xA;双方当事人在法定上诉期内均未提出上诉或上诉后又撤回的，本判决发生法律效力，当事人应当自觉履行判决的全部义务。一方不履行的，自本判决内容生效后，权利人可以向本院申请强制执行。申请执行的期间为二年，并适用法律有关诉讼时效中止、中断的规定。&#xA;代理审判员米俊倩&#xA;二〇一五年四月十四日&#xA;书记员惠如琴&#xA;" nameCN="全文">
  <WS value="重庆市九龙坡区人民法院&#xA;民事判决书&#xA;（2015）九法民初字第01978号&#xA;" nameCN="文首">
    <WSZZDW value="法院" nameCN="文书制作单位" />
    <JBFY value="重庆市九龙坡区人民法院" nameCN="经办法院">
      <FYJB value="基层" nameCN="法院级别" />
      <XZQH_P value="重庆" nameCN="行政区划(省)" />
    </JBFY>
    <WSMC value="民事判决书" nameCN="文书名称" />
    <AH value="(2015)九法民初字第01978号" nameCN="案号" />
    <LAND value="2015" nameCN="立案年度" />
    <AJXZ value="民事案件" nameCN="案件性质" />
    <WSZL value="判决书" nameCN="文书种类" />
    <SPCX value="一审案件" nameCN="审判程序" />
    <AJLX value="民事一审案件" nameCN="案件类型" />
  </WS>
  <SSCYRQJ value="原告吴洪林，男，汉族，1971年9月17日生。&#xA;被告孟春福，男，汉族，1977年12月26日生。&#xA;" nameCN="诉讼参与人全集">
    <SSCYR value="原告吴洪林，男，汉族，1971年9月17日生。" nameCN="诉讼参与人">
      <SSCYRMC value="吴洪林" nameCN="诉讼参与人名称" />
      <SSSF value="原告" nameCN="诉讼身份" />
      <SSDW value="原告" nameCN="诉讼地位" />
      <DSRLB value="原告" nameCN="当事人类别" />
      <DSRLX value="自然人" nameCN="当事人类型" />
      <XB value="男" nameCN="性别" />
      <MZ value="汉族" nameCN="民族" />
      <CSRQ value="1971年9月17日" nameCN="出生日期">
        <Year value="1971" nameCN="年" />
        <Month value="9" nameCN="月" />
        <Day value="17" nameCN="日" />
      </CSRQ>
      <GJ value="中国" nameCN="国籍" />
      <DTQK value="到庭" nameCN="到庭情况" />
    </SSCYR>
    <SSCYR value="被告孟春福，男，汉族，1977年12月26日生。" nameCN="诉讼参与人">
      <SSCYRMC value="孟春福" nameCN="诉讼参与人名称" />
      <SSSF value="被告" nameCN="诉讼身份" />
      <SSDW value="被告" nameCN="诉讼地位" />
      <DSRLB value="被告" nameCN="当事人类别" />
      <DSRLX value="自然人" nameCN="当事人类型" />
      <XB value="男" nameCN="性别" />
      <MZ value="汉族" nameCN="民族" />
      <CSRQ value="1977年12月26日" nameCN="出生日期">
        <Year value="1977" nameCN="年" />
        <Month value="12" nameCN="月" />
        <Day value="26" nameCN="日" />
      </CSRQ>
      <GJ value="中国" nameCN="国籍" />
    </SSCYR>
    <SSCYRQJ value="错误" nameCN="保险公司是否作为被告" />
  </SSCYRQJ>
  <SSJL value="原告吴洪林诉被告孟春福民间借贷纠纷一案，本院立案受理后，依法由代理审判员米俊倩适用简易程序独任审判，公开开庭进行了审理。原告吴洪林到庭参加了诉讼，被告孟春福经本院传唤无正当理由拒不到庭，本院依法作缺席审判。本案现已审理终结。" nameCN="诉讼记录">
    <JJCT value="" nameCN="拒绝出庭">
      <DSR value="" nameCN="当事人" />
      <RQ value="" nameCN="日期" />
    </JJCT>
    <YG value="吴洪林" nameCN="原告" />
    <BG value="孟春福" nameCN="被告" />
    <AY value="民间借贷纠纷" nameCN="案由" />
    <KTSL value="是" nameCN="开庭审理" />
    <KTSLXX value="公开审理" nameCN="开庭审理信息" />
    <WZAY value="民间借贷纠纷" nameCN="完整案由" />
    <AYDM value="9181" nameCN="案由代码" />
    <YSAJSYCX value="简易程序" nameCN="一审案件适用程序" />
    <JYZPT value="否" nameCN="简易转普通" />
    <YSAJLY value="新收" nameCN="一审案件来源" />
    <DXRQX nameCN="当事人缺席">
      <XM value="孟春福" nameCN="姓名">
        <SSDW value="被告" nameCN="诉讼地位" />
      </XM>
    </DXRQX>
    <CTDSRXX nameCN="出庭当事人信息">
      <CTRXM value="吴洪林" nameCN="出庭人姓名">
        <SSDW value="原告" nameCN="诉讼地位" />
      </CTRXM>
    </CTDSRXX>
  </SSJL>
  <AJJBQK value="原告吴洪林诉称，2007年6月5日，被告孟春福向原告借款87000元并出具借条。此后经原告多次催收，被告孟春福均推诿拒不返还借款。现原告为了维护自己的合法权益，故诉至法院，请求判令：一、被告孟春福立即偿还原告吴洪林借款87000元及支付利息（以87000元为基数，自2015年1月8日起按中国人民银行同期同类贷款利率计算至本金付清时止）；二、本案诉讼费用由被告孟春福承担。&#xA;被告孟春福未到庭答辩亦未提交书面答辩意见。&#xA;经审理查明，原、被告系朋友关系，被告孟春福因资金周转困难于2007年6月5日分两次向原告借款合计金额87000元，并出具了借款借条，借条中借款人签名为“孟春”。2015年3月4日，九龙坡区西彭镇东林村村民委员会出具证明载明“兹有重庆市九龙坡区西彭镇东林村10组村民孟春福，男，身份证为XXX，孟春福与孟春，两人系同一人，情况属实”。由于被告孟春福未及时归还借款，原告遂诉至本院。&#xA;上述事实，有借条、村委会证明及当事人的陈述等在卷为凭，并经佐证，足以认定。&#xA;" nameCN="案件基本情况">
    <YGSCD value="原告吴洪林诉称，2007年6月5日，被告孟春福向原告借款87000元并出具借条。此后经原告多次催收，被告孟春福均推诿拒不返还借款。现原告为了维护自己的合法权益，故诉至法院，请求判令：一、被告孟春福立即偿还原告吴洪林借款87000元及支付利息（以87000元为基数，自2015年1月8日起按中国人民银行同期同类贷款利率计算至本金付清时止）；二、本案诉讼费用由被告孟春福承担。 " nameCN="原告诉称段" />
    <BGBCD value="被告孟春福未到庭答辩亦未提交书面答辩意见。 " nameCN="被告辩称段" />
    <ZJD value="上述事实，有借条、村委会证明及当事人的陈述等在卷为凭，并经佐证，足以认定。" nameCN="证据段" />
    <CMSSD value="经审理查明，原、被告系朋友关系，被告孟春福因资金周转困难于2007年6月5日分两次向原告借款合计金额87000元，并出具了借款借条，借条中借款人签名为“孟春”。2015年3月4日，九龙坡区西彭镇东林村村民委员会出具证明载明“兹有重庆市九龙坡区西彭镇东林村10组村民孟春福，男，身份证为XXX，孟春福与孟春，两人系同一人，情况属实”。由于被告孟春福未及时归还借款，原告遂诉至本院。" nameCN="查明事实段">
      <SGXQ value="未提及" nameCN="事故详情">
        <SGSJ value="未提及" nameCN="事故时间" />
        <SGDD value="未提及" nameCN="事故地点" />
      </SGXQ>
      <JDCSYR value="孟春福" nameCN="机动车所有人" />
      <SFTB value="是" nameCN="是否投保" />
      <SFZBXQN value="是" nameCN="是否在保险期内" />
      <SFXQPF value="是" nameCN="是否先期赔付" />
      <JDSFKK value="是" nameCN="鉴定是否可靠" />
    </CMSSD>
  </AJJBQK>
  <CPFXGC value="本院认为，被告拒不到庭应诉系对其诉讼权利的放弃，应承担不利法律后果，本院可以依据查明的事实依法缺席审理并作出判决。原、被告之间的民间借贷关系是双方真实意思表示，不违反法律法规的禁止性规定，合法有效。被告孟春福向原告吴洪林出具的借条签名与其户籍登记姓名虽不一致，但经被告孟春福户籍所在地村委会的证明可以确认，“孟春”与“孟春福”系同一个人。故原告吴洪林要求被告孟春福偿还借款87000元，本院予以支持。由于该借款未约定利息，故该借款利息的计算时间应从起诉的2015年1月26日起至付清之日止，利率按中国人民银行同期同类贷款利率计算。&#xA;综上，依照《中华人民共和国合同法》第二百零六条，《中华人民共和国民事诉讼法》第一百四十四条之规定，判决如下：&#xA;" nameCN="裁判分析过程">
    <JAFSLX value="判决" nameCN="结案方式类型" />
    <FLFTMC value="中华人民共和国合同法" nameCN="法律法条名称">
      <TM value="二百零六" nameCN="条目" />
      <SFCXF value="非程序法" nameCN="是否是程序法" />
    </FLFTMC>
    <FLFTMC value="中华人民共和国民事诉讼法" nameCN="法律法条名称">
      <TM value="一百四十四" nameCN="条目" />
      <SFCXF value="是程序法" nameCN="是否是程序法" />
    </FLFTMC>
  </CPFXGC>
  <CPJG value="一、被告孟春福于本判决生效之日起十日内偿还原告吴洪林借款87000元及支付利息（从2015年1月26日起以本金87000元为基数，按中国人民银行同期贷款利率计付至本金付清时止）；&#xA;二、驳回原告吴洪林的其他诉讼请求。&#xA;如果未按本判决指定的期间履行给付金钱义务，应当依照《中华人民共和国民事诉讼法》第二百五十三条之规定，加倍支付迟延履行期间的债务利息。&#xA;本案案件受理费988元由被告孟春福承担（此款原告吴洪林已预交，被告孟春福在给付上述借款时一并支付原告吴洪林）。&#xA;如不服本判决，可在判决书送达之日起十五日内，向本院递交上诉状，并按对方当事人人数提出副本，上诉于重庆市第五中级人民法院。&#xA;双方当事人在法定上诉期内均未提出上诉或上诉后又撤回的，本判决发生法律效力，当事人应当自觉履行判决的全部义务。一方不履行的，自本判决内容生效后，权利人可以向本院申请强制执行。申请执行的期间为二年，并适用法律有关诉讼时效中止、中断的规定。&#xA;" nameCN="裁判结果">
    <JAFS value="判决" nameCN="结案方式" />
    <PCSFSXZQ value="正确" nameCN="同时起诉侵权人与保险公司的赔偿顺序" />
    <JTPJJG value="一、被告孟春福于本判决生效之日起十日内偿还原告吴洪林借款87000元及支付利息（从2015年1月26日起以本金87000元为基数，按中国人民银行同期贷款利率计付至本金付清时止）；" nameCN="具体裁判段">
      <QLR value="吴洪林" nameCN="权利人">
        <QLRSSDW value="原告" nameCN="诉讼地位" />
      </QLR>
      <YWR value="孟春福" nameCN="义务人">
        <YWRSSDW value="被告" nameCN="诉讼地位" />
      </YWR>
      <PJZXQX value="十日" nameCN="判决执行期限" />
      <PJJE nameCN="判决金额">
        <JE value="87000元" nameCN="金额" />
        <JELX value="借款" nameCN="金额类型" />
      </PJJE>
      <PJJE nameCN="判决金额">
        <JE value="87000元" nameCN="金额" />
        <JELX value="利息" nameCN="金额类型" />
        <JELX value="本金" nameCN="金额类型" />
      </PJJE>
    </JTPJJG>
    <JTPJJG value="二、驳回原告吴洪林的其他诉讼请求。" nameCN="具体裁判段" />
    <JTPJJG value="如果未按本判决指定的期间履行给付金钱义务，应当依照《中华人民共和国民事诉讼法》第二百五十三条之规定，加倍支付迟延履行期间的债务利息。" nameCN="具体裁判段" />
    <SSFCD nameCN="诉讼费承担">
      <SSFCDJL value="本案案件受理费988元由被告孟春福承担（此款原告吴洪林已预交，被告孟春福在给付上述借款时一并支付原告吴洪林）。" nameCN="诉讼费承担记录">
        <SSFJE value="988元" nameCN="诉讼费金额" />
        <SSFZL value="受理费" nameCN="诉讼费种类" />
        <SSFCDR value="吴洪林" nameCN="承担人">
          <SSFCDJE value="988元" nameCN="承担金额" />
          <SSFCDFS value="与他人共同承担该金额" nameCN="承担方式" />
          <SSFCDDW value="原告" nameCN="承担人地位" />
        </SSFCDR>
        <SSFCDR value="孟春福" nameCN="承担人">
          <SSFCDJE value="988元" nameCN="承担金额" />
          <SSFCDFS value="与他人共同承担该金额" nameCN="承担方式" />
          <SSFCDDW value="被告" nameCN="承担人地位" />
        </SSFCDR>
      </SSFCDJL>
    </SSFCD>
    <SFZCSSQQ value="部分支持部分不支持" nameCN="是否支持诉讼请求" />
    <SBSF value="起诉方" nameCN="胜诉方" />
    <SFFHCS value="否" nameCN="是否发回重审" />
    <KSSZ value="重庆市第五中级人民法院" nameCN="可上诉至" />
    <SSTJCL value="上诉状，并按对方当事人人数提出副本" nameCN="上诉提交材料" />
    <SSQX value="十五日" nameCN="上诉期限" />
    <TCGXQYY value="否" nameCN="是否提出管辖权异议" />
  </CPJG>
  <WW value="代理审判员米俊倩&#xA;二〇一五年四月十四日&#xA;书记员惠如琴&#xA;" nameCN="文尾">
    <SPZZCY nameCN="审判组织成员">
      <SPRYXM value="惠如琴" nameCN="审判人员姓名" />
      <SPRYJS value="书记员" nameCN="审判人员角色" />
    </SPZZCY>
    <SPZZCY nameCN="审判组织成员">
      <SPRYXM value="米俊倩" nameCN="审判人员姓名" />
      <SPRYJS value="代理审判员" nameCN="审判人员角色" />
    </SPZZCY>
    <CPSJ value="2015年4月14日" nameCN="裁判时间">
      <Year value="2015" nameCN="结案年度" />
      <JANYR value="2015年4月14日" nameCN="结案年月日" />
      <JANY value="2015-4" nameCN="结案年月" />
      <Month value="4" nameCN="月" />
      <Day value="14" nameCN="日" />
    </CPSJ>
  </WW>
  <FL value="" nameCN="附录" />
</QW>

