<?xml version="1.0" encoding="UTF-8"?>
<QW value="&#xA;江苏省句容市人民法院&#xA;民事判决书&#xA;（2014）句后民初字第111号&#xA;原告吴某甲。&#xA;委托代理人王桂平。&#xA;被告张某。&#xA;委托代理人姚饶生。&#xA;原告吴某甲诉被告张某离婚纠纷一案，本院于2014年1月24日立案受理后，依法由代理审判员房婷适用简易程序于2014年2月18日公开开庭进行了审理。原告吴某甲及其委托代理人王桂平、被告张某及其委托代理人姚饶生到庭参加诉讼。本案现已审理终结。&#xA;原告诉称：原、被告于1987年下半年经人介绍后相识恋爱，××××年××月按农村风俗举行结婚仪式，××××年××月××日补办结婚登记，结婚证在双方争吵时被撕毁，××××年××月生育一子吴某乙，现已成年。婚后一段时期夫妻感情尚可，后因生活琐事经常发生争吵，致夫妻关系不和。现原告诉至法院，要求与被告离婚。&#xA;被告辩称：原、被告夫妻感情没有彻底破裂，不同意离婚。&#xA;经审理查明：原、被告于1987年下半年经人介绍后相识恋爱，××××年××月双方以夫妻名义共同生活，××××年××月生育一子吴某乙，现已成年。原、被告婚后一度时期夫妻感情尚可，后因生活琐事产生矛盾，致夫妻关系日趋不睦。被告曾于2011年12月27日向本院起诉要求与原告离婚，后撤回起诉。原告于2014年1月24日向本院起诉，要求与被告离婚。&#xA;以上事实，有原告提交的村委会证明一份、（2012）句后民初字第49号民事裁定书一份、当事人及代理人的相关当庭陈述在卷予以证实。&#xA;本院认为，原、被告系自由恋爱结合，婚后双方夫妻感情尚可，并无根本性的利益冲突，现双方为家庭琐事产生矛盾，如双方在今后的生活中加强沟通，多为家庭利益考虑，夫妻和好是可能的。现原告诉称与被告夫妻感情已经破裂，但未能提供充分证据予以证实，故对原告诉请本院不予支持。据此，依照《中华人民共和国婚姻法》第三十二条第二款、《中华人民共和国民事诉讼法》第一百四十二条之规定，判决如下：&#xA;不准原告吴某甲与被告张某离婚。&#xA;案件受理费240元，减半收取120元，由原告吴某甲负担（此款原告已预交）。&#xA;如不服本判决，可在判决书送达之日起十五日内向本院递交上诉状，并按对方当事人人数提出副本，同时预交相应的上诉案件受理费（户名：江苏省镇江市中级人民法院，开户行：中国工商银行镇江市永安路分理处，帐号：11×××61），上诉于江苏省镇江市中级人民法院。&#xA;代理审判员房婷&#xA;二〇一四年二月二十日&#xA;书记员徐芬&#xA;" nameCN="全文">
  <WS value="江苏省句容市人民法院&#xA;民事判决书&#xA;（2014）句后民初字第111号&#xA;" nameCN="文首">
    <WSZZDW value="法院" nameCN="文书制作单位" />
    <JBFY value="江苏省句容市人民法院" nameCN="经办法院">
      <FYJB value="基层" nameCN="法院级别" />
      <XZQH_P value="江苏" nameCN="行政区划(省)" />
      <XZQH_C value="句容市" nameCN="行政区划(市)" />
    </JBFY>
    <WSMC value="民事判决书" nameCN="文书名称" />
    <AH value="(2014)句后民初字第111号" nameCN="案号" />
    <LAND value="2014" nameCN="立案年度" />
    <AJXZ value="民事案件" nameCN="案件性质" />
    <WSZL value="判决书" nameCN="文书种类" />
    <SPCX value="一审案件" nameCN="审判程序" />
    <AJLX value="民事一审案件" nameCN="案件类型" />
  </WS>
  <SSCYRQJ value="原告吴某甲。&#xA;委托代理人王桂平。&#xA;被告张某。&#xA;委托代理人姚饶生。&#xA;" nameCN="诉讼参与人全集">
    <SSCYR value="原告吴某甲。" nameCN="诉讼参与人">
      <SSCYRMC value="吴某甲" nameCN="诉讼参与人名称" />
      <SSSF value="原告" nameCN="诉讼身份" />
      <SSDW value="原告" nameCN="诉讼地位" />
      <DSRLB value="原告" nameCN="当事人类别" />
      <DSRLX value="自然人" nameCN="当事人类型" />
      <GJ value="中国" nameCN="国籍" />
      <DTQK value="到庭" nameCN="到庭情况" />
      <DSRSFZH value="否" nameCN="当事人是否再婚" />
    </SSCYR>
    <SSCYR value="委托代理人王桂平。" nameCN="诉讼参与人">
      <SSCYRMC value="王桂平" nameCN="诉讼参与人名称" />
      <SSSF value="委托代理人" nameCN="诉讼身份" />
      <DSRLX value="自然人" nameCN="当事人类型" />
      <GJ value="中国" nameCN="国籍" />
      <DTQK value="到庭" nameCN="到庭情况" />
    </SSCYR>
    <SSCYR value="被告张某。" nameCN="诉讼参与人">
      <SSCYRMC value="张某" nameCN="诉讼参与人名称" />
      <SSSF value="被告" nameCN="诉讼身份" />
      <SSDW value="被告" nameCN="诉讼地位" />
      <DSRLB value="被告" nameCN="当事人类别" />
      <DSRLX value="自然人" nameCN="当事人类型" />
      <GJ value="中国" nameCN="国籍" />
      <DTQK value="到庭" nameCN="到庭情况" />
      <DSRSFZH value="否" nameCN="当事人是否再婚" />
    </SSCYR>
    <SSCYR value="委托代理人姚饶生。" nameCN="诉讼参与人">
      <SSCYRMC value="姚饶生" nameCN="诉讼参与人名称" />
      <SSSF value="委托代理人" nameCN="诉讼身份" />
      <DSRLX value="自然人" nameCN="当事人类型" />
      <GJ value="中国" nameCN="国籍" />
      <DTQK value="到庭" nameCN="到庭情况" />
    </SSCYR>
    <SSCYRQJ value="错误" nameCN="保险公司是否作为被告" />
  </SSCYRQJ>
  <SSJL value="原告吴某甲诉被告张某离婚纠纷一案，本院于2014年1月24日立案受理后，依法由代理审判员房婷适用简易程序于2014年2月18日公开开庭进行了审理。原告吴某甲及其委托代理人王桂平、被告张某及其委托代理人姚饶生到庭参加诉讼。本案现已审理终结。" nameCN="诉讼记录">
    <YG value="吴某甲" nameCN="原告" />
    <BG value="张某" nameCN="被告" />
    <AY value="离婚纠纷" nameCN="案由" />
    <KTSL value="是" nameCN="开庭审理" />
    <KTSLXX value="公开审理" nameCN="开庭审理信息" />
    <WZAY value="离婚纠纷" nameCN="完整案由" />
    <AYDM value="9015" nameCN="案由代码" />
    <LARQ value="2014年1月24日" nameCN="立案日期" />
    <YSAJSYCX value="简易程序" nameCN="一审案件适用程序" />
    <JYZPT value="否" nameCN="简易转普通" />
    <YSAJLY value="新收" nameCN="一审案件来源" />
    <SLRQ value="2014年1月24日" nameCN="受理日期" />
    <CTDSRXX nameCN="出庭当事人信息">
      <CTRXM value="王桂平" nameCN="出庭人姓名">
        <SSDW value="委托代理人" nameCN="诉讼地位" />
      </CTRXM>
      <CTRXM value="姚饶生" nameCN="出庭人姓名">
        <SSDW value="委托代理人" nameCN="诉讼地位" />
      </CTRXM>
      <CTRXM value="张某" nameCN="出庭人姓名">
        <SSDW value="被告" nameCN="诉讼地位" />
      </CTRXM>
      <CTRXM value="吴某甲" nameCN="出庭人姓名">
        <SSDW value="原告" nameCN="诉讼地位" />
      </CTRXM>
    </CTDSRXX>
  </SSJL>
  <AJJBQK value="原告诉称：原、被告于1987年下半年经人介绍后相识恋爱，××××年××月按农村风俗举行结婚仪式，××××年××月××日补办结婚登记，结婚证在双方争吵时被撕毁，××××年××月生育一子吴某乙，现已成年。婚后一段时期夫妻感情尚可，后因生活琐事经常发生争吵，致夫妻关系不和。现原告诉至法院，要求与被告离婚。&#xA;被告辩称：原、被告夫妻感情没有彻底破裂，不同意离婚。&#xA;经审理查明：原、被告于1987年下半年经人介绍后相识恋爱，××××年××月双方以夫妻名义共同生活，××××年××月生育一子吴某乙，现已成年。原、被告婚后一度时期夫妻感情尚可，后因生活琐事产生矛盾，致夫妻关系日趋不睦。被告曾于2011年12月27日向本院起诉要求与原告离婚，后撤回起诉。原告于2014年1月24日向本院起诉，要求与被告离婚。&#xA;以上事实，有原告提交的村委会证明一份、（2012）句后民初字第49号民事裁定书一份、当事人及代理人的相关当庭陈述在卷予以证实。&#xA;" nameCN="案件基本情况">
    <YGSCD value="原告诉称：原、被告于1987年下半年经人介绍后相识恋爱，××××年××月按农村风俗举行结婚仪式，××××年××月××日补办结婚登记，结婚证在双方争吵时被撕毁，××××年××月生育一子吴某乙，现已成年。婚后一段时期夫妻感情尚可，后因生活琐事经常发生争吵，致夫妻关系不和。现原告诉至法院，要求与被告离婚。 " nameCN="原告诉称段" />
    <BGBCD value="被告辩称：原、被告夫妻感情没有彻底破裂，不同意离婚。 " nameCN="被告辩称段" />
    <ZJD value="以上事实，有原告提交的村委会证明一份、（2012）句后民初字第49号民事裁定书一份、当事人及代理人的相关当庭陈述在卷予以证实。" nameCN="证据段" />
    <CMSSD value="经审理查明：原、被告于1987年下半年经人介绍后相识恋爱，××××年××月双方以夫妻名义共同生活，××××年××月生育一子吴某乙，现已成年。原、被告婚后一度时期夫妻感情尚可，后因生活琐事产生矛盾，致夫妻关系日趋不睦。被告曾于2011年12月27日向本院起诉要求与原告离婚，后撤回起诉。原告于2014年1月24日向本院起诉，要求与被告离婚。" nameCN="查明事实段">
      <SGXQ value="未提及" nameCN="事故详情">
        <SGSJ value="未提及" nameCN="事故时间" />
        <SGDD value="未提及" nameCN="事故地点" />
      </SGXQ>
      <JDCSYR value="张某" nameCN="机动车所有人" />
      <SFTB value="是" nameCN="是否投保" />
      <SFZBXQN value="是" nameCN="是否在保险期内" />
      <SFXQPF value="是" nameCN="是否先期赔付" />
      <JDSFKK value="是" nameCN="鉴定是否可靠" />
    </CMSSD>
  </AJJBQK>
  <CPFXGC value="本院认为，原、被告系自由恋爱结合，婚后双方夫妻感情尚可，并无根本性的利益冲突，现双方为家庭琐事产生矛盾，如双方在今后的生活中加强沟通，多为家庭利益考虑，夫妻和好是可能的。现原告诉称与被告夫妻感情已经破裂，但未能提供充分证据予以证实，故对原告诉请本院不予支持。据此，依照《中华人民共和国婚姻法》第三十二条第二款、《中华人民共和国民事诉讼法》第一百四十二条之规定，判决如下：&#xA;" nameCN="裁判分析过程">
    <JAFSLX value="判决" nameCN="结案方式类型" />
    <FLFTMC value="中华人民共和国婚姻法" nameCN="法律法条名称">
      <TM value="三十二" nameCN="条目">
        <KM value="第二款" nameCN="款目" />
      </TM>
      <SFCXF value="非程序法" nameCN="是否是程序法" />
    </FLFTMC>
    <FLFTMC value="中华人民共和国民事诉讼法" nameCN="法律法条名称">
      <TM value="一百四十二" nameCN="条目" />
      <SFCXF value="是程序法" nameCN="是否是程序法" />
    </FLFTMC>
  </CPFXGC>
  <CPJG value="不准原告吴某甲与被告张某离婚。&#xA;案件受理费240元，减半收取120元，由原告吴某甲负担（此款原告已预交）。&#xA;如不服本判决，可在判决书送达之日起十五日内向本院递交上诉状，并按对方当事人人数提出副本，同时预交相应的上诉案件受理费（户名：江苏省镇江市中级人民法院，开户行：中国工商银行镇江市永安路分理处，帐号：11×××61），上诉于江苏省镇江市中级人民法院。&#xA;" nameCN="裁判结果">
    <JAFS value="判决" nameCN="结案方式" />
    <PCSFSXZQ value="正确" nameCN="同时起诉侵权人与保险公司的赔偿顺序" />
    <JTPJJG value="不准原告吴某甲与被告张某离婚。" nameCN="具体裁判段" />
    <SSFCD nameCN="诉讼费承担">
      <SSFCDJL value="案件受理费240元，减半收取120元，由原告吴某甲负担（此款原告已预交）。" nameCN="诉讼费承担记录">
        <SSFJE value="120元" nameCN="诉讼费金额" />
        <SSFZL value="受理费" nameCN="诉讼费种类" />
        <SSFCDR value="吴某甲" nameCN="承担人">
          <SSFCDJE value="120元" nameCN="承担金额" />
          <SSFCDFS value="个人独立承担该金额" nameCN="承担方式" />
          <SSFCDDW value="原告" nameCN="承担人地位" />
        </SSFCDR>
      </SSFCDJL>
    </SSFCD>
    <SFFHCS value="否" nameCN="是否发回重审" />
    <KSSZ value="江苏省镇江市中级人民法院" nameCN="可上诉至" />
    <SSTJCL value="上诉状，并按对方当事人人数提出副本" nameCN="上诉提交材料" />
    <SSQX value="十五日" nameCN="上诉期限" />
    <TCGXQYY value="否" nameCN="是否提出管辖权异议" />
  </CPJG>
  <WW value="代理审判员房婷&#xA;二〇一四年二月二十日&#xA;书记员徐芬&#xA;" nameCN="文尾">
    <SPZZCY nameCN="审判组织成员">
      <SPRYXM value="徐芬" nameCN="审判人员姓名" />
      <SPRYJS value="书记员" nameCN="审判人员角色" />
    </SPZZCY>
    <SPZZCY nameCN="审判组织成员">
      <SPRYXM value="房婷" nameCN="审判人员姓名" />
      <SPRYJS value="代理审判员" nameCN="审判人员角色" />
    </SPZZCY>
    <CPSJ value="2014年2月20日" nameCN="裁判时间">
      <Year value="2014" nameCN="结案年度" />
      <JANYR value="2014年2月20日" nameCN="结案年月日" />
      <JANY value="2014-2" nameCN="结案年月" />
      <Month value="2" nameCN="月" />
      <Day value="20" nameCN="日" />
    </CPSJ>
  </WW>
  <FL value="" nameCN="附录" />
</QW>

