<?xml version="1.0" encoding="UTF-8"?>
<QW value="四川省安岳县人民法院&#xA;民事判决书&#xA;（2015）安岳民初字第1598号&#xA;原告周之帆，男，汉族，居民，住安岳县岳阳镇茶店子街139号3幢2单元805号。&#xA;法定代理人周晓彬（系周之帆之父），汉族，居民，住安岳县龙台镇工商巷东15号1幢1单元502号。&#xA;法定代理人李厚芬（系周之帆之母），汉族，居民，住安岳县龙台镇工商巷东15号1幢1单元502号。&#xA;周晓彬、李厚芬的委托代理人周成映（系周晓彬之父），汉族，居民，住安岳县林凤镇麒凤街472号。&#xA;被告四川省安岳县宏业房地产综合开发有限公司，住所地安岳县岳阳镇茶店子街44号2楼。&#xA;法定代表人刘仁彬，系公司总经理。&#xA;委托代理人冉啟光（系公司职工），男，汉族，住安岳县兴隆镇左家坪街村寨子巷232号。&#xA;委托代理人谢远强，四川兴岳律师事务所律师。&#xA;原告周之帆诉被告四川省安岳县宏业房地产综合开发有限公司（以下简称为“宏业公司”）商品房预售合同纠纷一案，本院于2015年5月5日立案受理后依法组成合议庭公开开庭进行了审理。原告周之帆法定代理人周晓彬、李厚芬的委托代理人周成映、被告宏业公司法定代表人刘仁彬的委托代理人冉啟光、谢运强到庭参加了诉讼。诉讼中，双方当事人申请庭外和解未果恢复审理。案经本院审判委员会评论决定，现已审理终结。&#xA;原告周之帆诉称，原、被告于2009年4月9日签订《商品房买卖合同》，该合同主要约定：被告应于交房后半年内办齐房屋所有权证及国有土地使用证。2010年12月31日，原告接收房屋。2015年5月4日，被告仍未为原告办理买卖房屋权属证书。后原告多次催告被告，被告至今仍以各种理由推脱其责任，被告的违约行为严重损害了原告的合法权益。据此。原告为维护其自身合法权益，特诉请人民法院依法调解或判决被告立即为原告办理房屋所有权证及国有土地使用权证；由被告支付逾期办理房屋所有权证违约金8800．40元。&#xA;被告宏业房地产公司辩称，原、被告签订商品房买卖合同，被告至今未办理房屋产权证书属实。根据商品房买卖合同15条的约定，被告的义务是将相应房屋登记资料交登记机关备案，其只承担相关的证明文件和协助义务，合同中并未约定由被告办理商品房的产权证书，未办理两证系原告方的责任。原告主张的违约金计算不合理。原、被告系承揽关系不是商品房买卖合同关系。&#xA;经审理查明，被告是经工商机关注册登记的房地产开发企业。2008年9月2日，被告获得了安岳县岳阳镇东井沟原木材市场“东景丽都”住宅楼开发项目，该工程于2009年3月11日获得了商品房预售许可证。&#xA;刘瑜代表原告等286户成立了东景丽都团购小组。2008年9月1日，刘瑜代表原告等286户作为甲方与被告宏业房地产公司作为乙方签订了《联合开发东井丽都住宅小区协议》，该协议主要约定：1、甲方将依法获得的6057．80㎡土地使用权的产权过户到乙方，该项目由甲方出土地，乙方负责开发建设进行联合开发；2、甲方优先选择286套住房并享有所有权，剩余住房、地下室等属乙方所有；3、甲方按所选286套住房的面积，以均价1200元／㎡付款给乙方，该款包含甲、乙双方签订的《主体工程施工图》、《乔木配置图》所列全部建设项目，也包含附属工程、配套设施全部项目；4、付款方式：（1）本协议签订后，甲方支付乙方工程款270万元，甲方向乙方两次支付的570元在分期支付的工程款中逐步扣除；（2）甲方按选定住房286套总房价的75％支付土建工程款，25％作为后期付款。&#xA;2009年1月9日，原告与被告签订《商品房买卖合同》，该合同主要约定：1、买受人购买的商品房为安岳县岳阳镇东井沟东景丽都二单元8-5号，建筑面积为125．79㎡；2、该商品房单价为1180元／㎡，总价款为148432．20元；3、付款方式为：工程完工并一次性验收合格后，原告两证到手后支付选定房价总价的4．5％，留0．5％作质保金，两年内无质量问题，甲方退还乙方；4、交付期限：出卖人应当在2010年10月1日前，将具备符合本合同约定的商品房交付买受人使用；5、出卖人应当在商品房交付使用后180日内，将办理权属登记需由出卖人提供的资料报产权登记机关备案，并取得房地产权属证书。如因出卖人的责任，买受人不能在规定期限内取得房地产权属证书，买受人不退房，出卖人按已付房价1％向买受人支付违约金。&#xA;以上合同签订后，被告便积极组织人员进行施工。2010年12月31日，被告向原告交付合同项下约定的房屋。原告于2011年4月6日向东景丽都团购小组交纳购房款166002元。2014年1月6日，东景丽都团购小组按照每平方米1200元的价格将购房款转交给被告宏业房地产公司。&#xA;被告宏业房地产公司至今未为原告办理购买的商品房房屋所有权证书。&#xA;以上事实，有下列证据予以证实：原告身份证，企业营业执照、组织机构代码证复印件，商品房买卖合同，收据复印件，联合开发东井丽都住宅小区协议复印件，东景丽都团购领导小组证明，建设工程规划许可证，商品房预售许可证以及原、被告的当庭一致陈述意见等证据。&#xA;本院认为，根据原告的起诉和被告的答辩，本案争议的焦点为：一、原、被告间的法律关系属联合建房或属商品房买卖；二、被告逾期未办理买卖房屋的权属证书，是否构成违约；三、被告应如何承担违约责任。&#xA;一、原、被告间的法律关系属联合建房或属商品房买卖。&#xA;2008年9月1日，原、被告签订了《联合开发东井丽都住宅小区协议》，根据该协议约定：原告等286户与被告合作建房，原告等作为联营一方向联营体出资一定金额的投资款，待被告开发商将房产建好后，原告等人均可获得开发项目中约定的某套房屋，同时其协议中未约定原告等参加共同经营，也未约定承担联营的风险责任。且在2009年1月9日，原告又与被告签订《商品房买卖合同》。依据《最高人民法院﹤关于审理涉及国有土地使用权合同纠纷案件适用法律问题的解释﹥》第二十五条“合作开发房地产合同约定提供资金的当事人不承担经营风险，只分配固定数量房屋的，应当认定为房屋买卖合同”之规定，故本案中原、被告的关系是明为联营，实为商品房买卖合同。&#xA;二、在商品房买卖合同履行过程中，被告逾期未办理买卖房屋的权属证书，是否构成违约。&#xA;原告与被告签订的《联合开发东井丽都住宅小区协议》和《商品房买卖合同》均符合国家法律规定，其商品房买卖合同关系合法有效。《联合开发东井丽都住宅小区协议》签订后，原、被告又签订《商品房买卖合同》，对此应视为《商品房买卖合同》对《联合开发东井丽都住宅小区协议》部分条款进行了变更，二者相冲突之处应按《商品房买卖合同》的约定予以履行。依照《商品房买卖合同》第十五条“出卖人应当在商品房交付使用后180日内，将办理权属登记需由出卖人提供的资料报产权登记机关备案，并取得房地产权属证书”的约定。原告依合同约定的面积125．79㎡、单价1180元／㎡和总房款148432．20元，实际向购房小组支付了购房款166002元，购房小组按照1200元／㎡的价格向被告宏业房地产公司支付了150948元（1200元／㎡×125．79元），被告从原告手中取得的购房款150948元已经超过了合同总房价的95％，即141010．59元（148432．20元×95％），故依照双方关于原告两证到手后支付选定房价总价的4．5％并留0．5％作质保金的约定，原告已经履行了支付购房款的合同义务。被告于2010年12月31日交房后，应按照合同的约定的期限为原告办理买卖房屋的权属证书，但被告至今怠于履行该合同义务，构成违约，被告应承担继续履行合同义务的责任，故原告要求其办理所购买房屋的权属证书的诉讼请求，本院予以支持。&#xA;原告主张由被告承担逾期办证违约金8800．40元。&#xA;依照《商品房买卖合同》第十五条“如因出卖人的责任，买受人不能在规定期限内取得房地产权属证书，买受人不退房，出卖人按已付房价1％向买受人支付违约金”之约定，因被告违约，应向原告承担已付房款166002元1％的违约责任即1660．02元，而本案中原告主张了逾期办证违约金8800．40元，但未提供证据证明具体的损失，故本院按照合同约定的已付房款166002元1％的标准计算违约金，即1660．02元。&#xA;综上所述，依据《中华人民共和国合同法》第六十条、第一百零七条、《最高人民法院﹤关于审理涉及国有土地使用权合同纠纷案件适用法律问题的解释﹥》第二十五条和《中华人民共和国民事诉讼法》第六十四条第一款、《最高人民法院关于适用﹤中华人民共和国民事诉讼法﹥的解释》第九十条之规定，判决如下：&#xA;一、限被告四川省安岳县宏业房地产综合开发有限公司在于本判决生效之日起2个月内将坐落于安岳县岳阳镇东井沟东景丽都2单元8-5号房屋的房屋所有权证和国有土地使用权证交付原告周之帆；&#xA;二、由被告四川省安岳县宏业房地产综合开发有限公司于本判决生效之日起三十日内向原告周之帆支付违约金1660．02元；&#xA;三、驳回原告周之帆其他的诉讼请求。&#xA;如果未按本判决指定的期间履行给付金钱义务，应当依照《中华人民共和国民事诉讼法》第二百五十三条之规定，加倍支付迟延履行期间的债务利息。&#xA;案件受理费100元，由被告四川省安岳县宏业房地产综合开发有限公司负担。&#xA;如不服本判决，可在判决书送达之日起十五日内，向本院递交上诉状，并按对方当事人的人数提供副本，上诉于四川省资阳市中级人民法院。&#xA;审判长杨丽玲&#xA;代理审判员李青&#xA;人民陪审员陈善贵&#xA;二〇一五年十一月四日&#xA;书记员唐婷&#xA;" nameCN="全文">
  <WS value="四川省安岳县人民法院&#xA;民事判决书&#xA;（2015）安岳民初字第1598号&#xA;" nameCN="文首">
    <WSZZDW value="法院" nameCN="文书制作单位" />
    <JBFY value="四川省安岳县人民法院" nameCN="经办法院">
      <FYJB value="基层" nameCN="法院级别" />
      <XZQH_P value="四川" nameCN="行政区划(省)" />
      <XZQH_C value="四川" nameCN="行政区划(市)" />
    </JBFY>
    <WSMC value="民事判决书" nameCN="文书名称" />
    <AH value="(2015)安岳民初字第1598号" nameCN="案号" />
    <LAND value="2015" nameCN="立案年度" />
    <AJXZ value="民事案件" nameCN="案件性质" />
    <WSZL value="判决书" nameCN="文书种类" />
    <SPCX value="一审案件" nameCN="审判程序" />
    <AJLX value="民事一审案件" nameCN="案件类型" />
  </WS>
  <SSCYRQJ value="原告周之帆，男，汉族，居民，住安岳县岳阳镇茶店子街139号3幢2单元805号。&#xA;法定代理人周晓彬（系周之帆之父），汉族，居民，住安岳县龙台镇工商巷东15号1幢1单元502号。&#xA;法定代理人李厚芬（系周之帆之母），汉族，居民，住安岳县龙台镇工商巷东15号1幢1单元502号。&#xA;周晓彬、李厚芬的委托代理人周成映（系周晓彬之父），汉族，居民，住安岳县林凤镇麒凤街472号。&#xA;被告四川省安岳县宏业房地产综合开发有限公司，住所地安岳县岳阳镇茶店子街44号2楼。&#xA;法定代表人刘仁彬，系公司总经理。&#xA;委托代理人冉啟光（系公司职工），男，汉族，住安岳县兴隆镇左家坪街村寨子巷232号。&#xA;委托代理人谢远强，四川兴岳律师事务所律师。&#xA;" nameCN="诉讼参与人全集">
    <SSCYR value="原告周之帆，男，汉族，居民，住安岳县岳阳镇茶店子街139号3幢2单元805号。" nameCN="诉讼参与人">
      <SSCYRMC value="周之帆" nameCN="诉讼参与人名称" />
      <SSSF value="原告" nameCN="诉讼身份" />
      <SSDW value="原告" nameCN="诉讼地位" />
      <DSRLB value="原告" nameCN="当事人类别" />
      <DSRLX value="自然人" nameCN="当事人类型" />
      <XB value="男" nameCN="性别" />
      <MZ value="汉族" nameCN="民族" />
      <GJ value="中国" nameCN="国籍" />
      <DSRDZ value="安岳县岳阳镇茶店子街139号3幢2单元805号" nameCN="当事人地址" />
      <DTQK value="到庭" nameCN="到庭情况" />
    </SSCYR>
    <SSCYR value="法定代理人周晓彬（系周之帆之父），汉族，居民，住安岳县龙台镇工商巷东15号1幢1单元502号。" nameCN="诉讼参与人">
      <SSCYRMC value="周晓彬" nameCN="诉讼参与人名称" />
      <SSSF value="法定代理人" nameCN="诉讼身份" />
      <DSRLX value="自然人" nameCN="当事人类型" />
      <MZ value="汉族" nameCN="民族" />
      <GJ value="中国" nameCN="国籍" />
      <DSRDZ value="安岳县龙台镇工商巷东15号1幢1单元502号" nameCN="当事人地址" />
      <DTQK value="到庭" nameCN="到庭情况" />
    </SSCYR>
    <SSCYR value="法定代理人李厚芬（系周之帆之母），汉族，居民，住安岳县龙台镇工商巷东15号1幢1单元502号。" nameCN="诉讼参与人">
      <SSCYRMC value="李厚芬" nameCN="诉讼参与人名称" />
      <SSSF value="法定代理人" nameCN="诉讼身份" />
      <DSRLX value="自然人" nameCN="当事人类型" />
      <MZ value="汉族" nameCN="民族" />
      <GJ value="中国" nameCN="国籍" />
      <DSRDZ value="安岳县龙台镇工商巷东15号1幢1单元502号" nameCN="当事人地址" />
      <DTQK value="到庭" nameCN="到庭情况" />
    </SSCYR>
    <SSCYR value="周晓彬、李厚芬的委托代理人周成映（系周晓彬之父），汉族，居民，住安岳县林凤镇麒凤街472号。" nameCN="诉讼参与人">
      <SSCYRMC value="周成映" nameCN="诉讼参与人名称" />
      <SSSF value="委托代理人" nameCN="诉讼身份" />
      <DSRLX value="自然人" nameCN="当事人类型" />
      <MZ value="汉族" nameCN="民族" />
      <GJ value="中国" nameCN="国籍" />
      <DSRDZ value="安岳县林凤镇麒凤街472号" nameCN="当事人地址" />
      <DTQK value="到庭" nameCN="到庭情况" />
    </SSCYR>
    <SSCYR value="被告四川省安岳县宏业房地产综合开发有限公司，住所地安岳县岳阳镇茶店子街44号2楼。" nameCN="诉讼参与人">
      <SSCYRMC value="四川省安岳县宏业房地产综合开发有限公司" nameCN="诉讼参与人名称" />
      <SSSF value="被告" nameCN="诉讼身份" />
      <SSDW value="被告" nameCN="诉讼地位" />
      <DSRLB value="被告" nameCN="当事人类别" />
      <DSRLX value="法人" nameCN="当事人类型" />
      <DSRDZ value="安岳县岳阳镇茶店子街44号2楼" nameCN="当事人地址" />
      <DWXZ value="有限责任公司" nameCN="单位性质" />
      <FDDBR value="刘仁彬" nameCN="单位法定代表人" />
    </SSCYR>
    <SSCYR value="法定代表人刘仁彬，系公司总经理。" nameCN="诉讼参与人">
      <SSCYRMC value="刘仁彬" nameCN="诉讼参与人名称" />
      <SSSF value="法定代表人" nameCN="诉讼身份" />
      <DSRLX value="自然人" nameCN="当事人类型" />
      <GJ value="中国" nameCN="国籍" />
      <DTQK value="到庭" nameCN="到庭情况" />
      <DWZWFZ nameCN="单位职务分组">
        <ZW value="总经理" nameCN="职务" />
        <DWMC value="四川省安岳县宏业房地产综合开发有限公司" nameCN="单位名称" />
        <DWXZ value="有限责任公司" nameCN="单位性质" />
      </DWZWFZ>
    </SSCYR>
    <SSCYR value="委托代理人冉啟光（系公司职工），男，汉族，住安岳县兴隆镇左家坪街村寨子巷232号。" nameCN="诉讼参与人">
      <SSCYRMC value="冉啟光" nameCN="诉讼参与人名称" />
      <SSSF value="委托代理人" nameCN="诉讼身份" />
      <DSRLX value="自然人" nameCN="当事人类型" />
      <XB value="男" nameCN="性别" />
      <MZ value="汉族" nameCN="民族" />
      <GJ value="中国" nameCN="国籍" />
      <DSRDZ value="安岳县兴隆镇左家坪街村寨子巷232号" nameCN="当事人地址" />
      <DTQK value="到庭" nameCN="到庭情况" />
    </SSCYR>
    <SSCYR value="委托代理人谢远强，四川兴岳律师事务所律师。" nameCN="诉讼参与人">
      <SSCYRMC value="谢远强" nameCN="诉讼参与人名称" />
      <SSSF value="委托代理人" nameCN="诉讼身份" />
      <DSRLX value="自然人" nameCN="当事人类型" />
      <GJ value="中国" nameCN="国籍" />
      <DWZWFZ nameCN="单位职务分组">
        <ZW value="律师" nameCN="职务" />
      </DWZWFZ>
    </SSCYR>
    <SSCYRQJ value="错误" nameCN="保险公司是否作为被告" />
  </SSCYRQJ>
  <SSJL value="原告周之帆诉被告四川省安岳县宏业房地产综合开发有限公司（以下简称为“宏业公司”）商品房预售合同纠纷一案，本院于2015年5月5日立案受理后依法组成合议庭公开开庭进行了审理。原告周之帆法定代理人周晓彬、李厚芬的委托代理人周成映、被告宏业公司法定代表人刘仁彬的委托代理人冉啟光、谢运强到庭参加了诉讼。诉讼中，双方当事人申请庭外和解未果恢复审理。案经本院审判委员会评论决定，现已审理终结。" nameCN="诉讼记录">
    <YG value="周之帆" nameCN="原告" />
    <BG value="四川省安岳县宏业房地产综合开发有限公司（以下简称为“宏业公司”）" nameCN="被告" />
    <AY value="商品房预售合同纠纷" nameCN="案由" />
    <KTSL value="是" nameCN="开庭审理" />
    <KTSLXX value="公开审理" nameCN="开庭审理信息" />
    <WZAY value="商品房预售合同纠纷" nameCN="完整案由" />
    <AYDM value="9164" nameCN="案由代码" />
    <LARQ value="2015年5月5日" nameCN="立案日期" />
    <YSAJSYCX value="普通程序" nameCN="一审案件适用程序" />
    <JYZPT value="否" nameCN="简易转普通" />
    <SPZZ value="合议庭" nameCN="审判组织" />
    <YSAJLY value="新收" nameCN="一审案件来源" />
    <SLRQ value="2015年5月5日" nameCN="受理日期" />
    <CTDSRXX nameCN="出庭当事人信息">
      <CTRXM value="周成映" nameCN="出庭人姓名">
        <SSDW value="委托代理人" nameCN="诉讼地位" />
      </CTRXM>
      <CTRXM value="周之帆" nameCN="出庭人姓名">
        <SSDW value="原告" nameCN="诉讼地位" />
      </CTRXM>
      <CTRXM value="周晓彬" nameCN="出庭人姓名">
        <SSDW value="法定代理人" nameCN="诉讼地位" />
      </CTRXM>
      <CTRXM value="刘仁彬" nameCN="出庭人姓名">
        <SSDW value="法定代表人" nameCN="诉讼地位" />
      </CTRXM>
      <CTRXM value="李厚芬" nameCN="出庭人姓名">
        <SSDW value="法定代理人" nameCN="诉讼地位" />
      </CTRXM>
      <CTRXM value="冉啟光" nameCN="出庭人姓名">
        <SSDW value="委托代理人" nameCN="诉讼地位" />
      </CTRXM>
    </CTDSRXX>
  </SSJL>
  <AJJBQK value="原告周之帆诉称，原、被告于2009年4月9日签订《商品房买卖合同》，该合同主要约定：被告应于交房后半年内办齐房屋所有权证及国有土地使用证。2010年12月31日，原告接收房屋。2015年5月4日，被告仍未为原告办理买卖房屋权属证书。后原告多次催告被告，被告至今仍以各种理由推脱其责任，被告的违约行为严重损害了原告的合法权益。据此。原告为维护其自身合法权益，特诉请人民法院依法调解或判决被告立即为原告办理房屋所有权证及国有土地使用权证；由被告支付逾期办理房屋所有权证违约金8800．40元。&#xA;被告宏业房地产公司辩称，原、被告签订商品房买卖合同，被告至今未办理房屋产权证书属实。根据商品房买卖合同15条的约定，被告的义务是将相应房屋登记资料交登记机关备案，其只承担相关的证明文件和协助义务，合同中并未约定由被告办理商品房的产权证书，未办理两证系原告方的责任。原告主张的违约金计算不合理。原、被告系承揽关系不是商品房买卖合同关系。&#xA;经审理查明，被告是经工商机关注册登记的房地产开发企业。2008年9月2日，被告获得了安岳县岳阳镇东井沟原木材市场“东景丽都”住宅楼开发项目，该工程于2009年3月11日获得了商品房预售许可证。&#xA;刘瑜代表原告等286户成立了东景丽都团购小组。2008年9月1日，刘瑜代表原告等286户作为甲方与被告宏业房地产公司作为乙方签订了《联合开发东井丽都住宅小区协议》，该协议主要约定：1、甲方将依法获得的6057．80㎡土地使用权的产权过户到乙方，该项目由甲方出土地，乙方负责开发建设进行联合开发；2、甲方优先选择286套住房并享有所有权，剩余住房、地下室等属乙方所有；3、甲方按所选286套住房的面积，以均价1200元／㎡付款给乙方，该款包含甲、乙双方签订的《主体工程施工图》、《乔木配置图》所列全部建设项目，也包含附属工程、配套设施全部项目；4、付款方式：（1）本协议签订后，甲方支付乙方工程款270万元，甲方向乙方两次支付的570元在分期支付的工程款中逐步扣除；（2）甲方按选定住房286套总房价的75％支付土建工程款，25％作为后期付款。&#xA;2009年1月9日，原告与被告签订《商品房买卖合同》，该合同主要约定：1、买受人购买的商品房为安岳县岳阳镇东井沟东景丽都二单元8-5号，建筑面积为125．79㎡；2、该商品房单价为1180元／㎡，总价款为148432．20元；3、付款方式为：工程完工并一次性验收合格后，原告两证到手后支付选定房价总价的4．5％，留0．5％作质保金，两年内无质量问题，甲方退还乙方；4、交付期限：出卖人应当在2010年10月1日前，将具备符合本合同约定的商品房交付买受人使用；5、出卖人应当在商品房交付使用后180日内，将办理权属登记需由出卖人提供的资料报产权登记机关备案，并取得房地产权属证书。如因出卖人的责任，买受人不能在规定期限内取得房地产权属证书，买受人不退房，出卖人按已付房价1％向买受人支付违约金。&#xA;以上合同签订后，被告便积极组织人员进行施工。2010年12月31日，被告向原告交付合同项下约定的房屋。原告于2011年4月6日向东景丽都团购小组交纳购房款166002元。2014年1月6日，东景丽都团购小组按照每平方米1200元的价格将购房款转交给被告宏业房地产公司。&#xA;被告宏业房地产公司至今未为原告办理购买的商品房房屋所有权证书。&#xA;以上事实，有下列证据予以证实：原告身份证，企业营业执照、组织机构代码证复印件，商品房买卖合同，收据复印件，联合开发东井丽都住宅小区协议复印件，东景丽都团购领导小组证明，建设工程规划许可证，商品房预售许可证以及原、被告的当庭一致陈述意见等证据。&#xA;本院认为，根据原告的起诉和被告的答辩，本案争议的焦点为：一、原、被告间的法律关系属联合建房或属商品房买卖；二、被告逾期未办理买卖房屋的权属证书，是否构成违约；三、被告应如何承担违约责任。&#xA;一、原、被告间的法律关系属联合建房或属商品房买卖。&#xA;2008年9月1日，原、被告签订了《联合开发东井丽都住宅小区协议》，根据该协议约定：原告等286户与被告合作建房，原告等作为联营一方向联营体出资一定金额的投资款，待被告开发商将房产建好后，原告等人均可获得开发项目中约定的某套房屋，同时其协议中未约定原告等参加共同经营，也未约定承担联营的风险责任。且在2009年1月9日，原告又与被告签订《商品房买卖合同》。依据《最高人民法院﹤关于审理涉及国有土地使用权合同纠纷案件适用法律问题的解释﹥》第二十五条“合作开发房地产合同约定提供资金的当事人不承担经营风险，只分配固定数量房屋的，应当认定为房屋买卖合同”之规定，故本案中原、被告的关系是明为联营，实为商品房买卖合同。&#xA;二、在商品房买卖合同履行过程中，被告逾期未办理买卖房屋的权属证书，是否构成违约。&#xA;原告与被告签订的《联合开发东井丽都住宅小区协议》和《商品房买卖合同》均符合国家法律规定，其商品房买卖合同关系合法有效。《联合开发东井丽都住宅小区协议》签订后，原、被告又签订《商品房买卖合同》，对此应视为《商品房买卖合同》对《联合开发东井丽都住宅小区协议》部分条款进行了变更，二者相冲突之处应按《商品房买卖合同》的约定予以履行。依照《商品房买卖合同》第十五条“出卖人应当在商品房交付使用后180日内，将办理权属登记需由出卖人提供的资料报产权登记机关备案，并取得房地产权属证书”的约定。原告依合同约定的面积125．79㎡、单价1180元／㎡和总房款148432．20元，实际向购房小组支付了购房款166002元，购房小组按照1200元／㎡的价格向被告宏业房地产公司支付了150948元（1200元／㎡×125．79元），被告从原告手中取得的购房款150948元已经超过了合同总房价的95％，即141010．59元（148432．20元×95％），故依照双方关于原告两证到手后支付选定房价总价的4．5％并留0．5％作质保金的约定，原告已经履行了支付购房款的合同义务。被告于2010年12月31日交房后，应按照合同的约定的期限为原告办理买卖房屋的权属证书，但被告至今怠于履行该合同义务，构成违约，被告应承担继续履行合同义务的责任，故原告要求其办理所购买房屋的权属证书的诉讼请求，本院予以支持。&#xA;原告主张由被告承担逾期办证违约金8800．40元。&#xA;依照《商品房买卖合同》第十五条“如因出卖人的责任，买受人不能在规定期限内取得房地产权属证书，买受人不退房，出卖人按已付房价1％向买受人支付违约金”之约定，因被告违约，应向原告承担已付房款166002元1％的违约责任即1660．02元，而本案中原告主张了逾期办证违约金8800．40元，但未提供证据证明具体的损失，故本院按照合同约定的已付房款166002元1％的标准计算违约金，即1660．02元。&#xA;" nameCN="案件基本情况">
    <YGSCD value="原告周之帆诉称，原、被告于2009年4月9日签订《商品房买卖合同》，该合同主要约定：被告应于交房后半年内办齐房屋所有权证及国有土地使用证。2010年12月31日，原告接收房屋。2015年5月4日，被告仍未为原告办理买卖房屋权属证书。后原告多次催告被告，被告至今仍以各种理由推脱其责任，被告的违约行为严重损害了原告的合法权益。据此。原告为维护其自身合法权益，特诉请人民法院依法调解或判决被告立即为原告办理房屋所有权证及国有土地使用权证；由被告支付逾期办理房屋所有权证违约金8800．40元。 " nameCN="原告诉称段" />
    <BGBCD value="被告宏业房地产公司辩称，原、被告签订商品房买卖合同，被告至今未办理房屋产权证书属实。根据商品房买卖合同15条的约定，被告的义务是将相应房屋登记资料交登记机关备案，其只承担相关的证明文件和协助义务，合同中并未约定由被告办理商品房的产权证书，未办理两证系原告方的责任。原告主张的违约金计算不合理。原、被告系承揽关系不是商品房买卖合同关系。 本院认为，根据原告的起诉和被告的答辩，本案争议的焦点为：一、原、被告间的法律关系属联合建房或属商品房买卖；二、被告逾期未办理买卖房屋的权属证书，是否构成违约；三、被告应如何承担违约责任。 一、原、被告间的法律关系属联合建房或属商品房买卖。 2008年9月1日，原、被告签订了《联合开发东井丽都住宅小区协议》，根据该协议约定：原告等286户与被告合作建房，原告等作为联营一方向联营体出资一定金额的投资款，待被告开发商将房产建好后，原告等人均可获得开发项目中约定的某套房屋，同时其协议中未约定原告等参加共同经营，也未约定承担联营的风险责任。且在2009年1月9日，原告又与被告签订《商品房买卖合同》。依据《最高人民法院﹤关于审理涉及国有土地使用权合同纠纷案件适用法律问题的解释﹥》第二十五条“合作开发房地产合同约定提供资金的当事人不承担经营风险，只分配固定数量房屋的，应当认定为房屋买卖合同”之规定，故本案中原、被告的关系是明为联营，实为商品房买卖合同。 二、在商品房买卖合同履行过程中，被告逾期未办理买卖房屋的权属证书，是否构成违约。 原告与被告签订的《联合开发东井丽都住宅小区协议》和《商品房买卖合同》均符合国家法律规定，其商品房买卖合同关系合法有效。《联合开发东井丽都住宅小区协议》签订后，原、被告又签订《商品房买卖合同》，对此应视为《商品房买卖合同》对《联合开发东井丽都住宅小区协议》部分条款进行了变更，二者相冲突之处应按《商品房买卖合同》的约定予以履行。依照《商品房买卖合同》第十五条“出卖人应当在商品房交付使用后180日内，将办理权属登记需由出卖人提供的资料报产权登记机关备案，并取得房地产权属证书”的约定。原告依合同约定的面积125．79㎡、单价1180元／㎡和总房款148432．20元，实际向购房小组支付了购房款166002元，购房小组按照1200元／㎡的价格向被告宏业房地产公司支付了150948元（1200元／㎡×125．79元），被告从原告手中取得的购房款150948元已经超过了合同总房价的95％，即141010．59元（148432．20元×95％），故依照双方关于原告两证到手后支付选定房价总价的4．5％并留0．5％作质保金的约定，原告已经履行了支付购房款的合同义务。被告于2010年12月31日交房后，应按照合同的约定的期限为原告办理买卖房屋的权属证书，但被告至今怠于履行该合同义务，构成违约，被告应承担继续履行合同义务的责任，故原告要求其办理所购买房屋的权属证书的诉讼请求，本院予以支持。 原告主张由被告承担逾期办证违约金8800．40元。 依照《商品房买卖合同》第十五条“如因出卖人的责任，买受人不能在规定期限内取得房地产权属证书，买受人不退房，出卖人按已付房价1％向买受人支付违约金”之约定，因被告违约，应向原告承担已付房款166002元1％的违约责任即1660．02元，而本案中原告主张了逾期办证违约金8800．40元，但未提供证据证明具体的损失，故本院按照合同约定的已付房款166002元1％的标准计算违约金，即1660．02元。 " nameCN="被告辩称段" />
    <ZJD value="以上事实，有下列证据予以证实：原告身份证，企业营业执照、组织机构代码证复印件，商品房买卖合同，收据复印件，联合开发东井丽都住宅小区协议复印件，东景丽都团购领导小组证明，建设工程规划许可证，商品房预售许可证以及原、被告的当庭一致陈述意见等证据。" nameCN="证据段" />
    <CMSSD value="经审理查明，被告是经工商机关注册登记的房地产开发企业。2008年9月2日，被告获得了安岳县岳阳镇东井沟原木材市场“东景丽都”住宅楼开发项目，该工程于2009年3月11日获得了商品房预售许可证。刘瑜代表原告等286户成立了东景丽都团购小组。2008年9月1日，刘瑜代表原告等286户作为甲方与被告宏业房地产公司作为乙方签订了《联合开发东井丽都住宅小区协议》，该协议主要约定：1、甲方将依法获得的6057．80㎡土地使用权的产权过户到乙方，该项目由甲方出土地，乙方负责开发建设进行联合开发；2、甲方优先选择286套住房并享有所有权，剩余住房、地下室等属乙方所有；3、甲方按所选286套住房的面积，以均价1200元／㎡付款给乙方，该款包含甲、乙双方签订的《主体工程施工图》、《乔木配置图》所列全部建设项目，也包含附属工程、配套设施全部项目；4、付款方式：（1）本协议签订后，甲方支付乙方工程款270万元，甲方向乙方两次支付的570元在分期支付的工程款中逐步扣除；（2）甲方按选定住房286套总房价的75％支付土建工程款，25％作为后期付款。 2009年1月9日，原告与被告签订《商品房买卖合同》，该合同主要约定：1、买受人购买的商品房为安岳县岳阳镇东井沟东景丽都二单元8-5号，建筑面积为125．79㎡；2、该商品房单价为1180元／㎡，总价款为148432．20元；3、付款方式为：工程完工并一次性验收合格后，原告两证到手后支付选定房价总价的4．5％，留0．5％作质保金，两年内无质量问题，甲方退还乙方；4、交付期限：出卖人应当在2010年10月1日前，将具备符合本合同约定的商品房交付买受人使用；5、出卖人应当在商品房交付使用后180日内，将办理权属登记需由出卖人提供的资料报产权登记机关备案，并取得房地产权属证书。如因出卖人的责任，买受人不能在规定期限内取得房地产权属证书，买受人不退房，出卖人按已付房价1％向买受人支付违约金。 以上合同签订后，被告便积极组织人员进行施工。2010年12月31日，被告向原告交付合同项下约定的房屋。原告于2011年4月6日向东景丽都团购小组交纳购房款166002元。2014年1月6日，东景丽都团购小组按照每平方米1200元的价格将购房款转交给被告宏业房地产公司。 被告宏业房地产公司至今未为原告办理购买的商品房房屋所有权证书。 " nameCN="查明事实段">
      <SGXQ value="未提及" nameCN="事故详情">
        <SGSJ value="未提及" nameCN="事故时间" />
        <SGDD value="未提及" nameCN="事故地点" />
      </SGXQ>
      <JDCSYR value="四川省安岳县宏业房地产综合开发有限公司" nameCN="机动车所有人" />
      <SHRJZD value="安岳县岳阳镇茶店子街139号3幢2单元805号" nameCN="受害人居住地" />
      <SFTB value="是" nameCN="是否投保" />
      <SFZBXQN value="是" nameCN="是否在保险期内" />
      <SFXQPF value="是" nameCN="是否先期赔付" />
      <JDSFKK value="是" nameCN="鉴定是否可靠" />
    </CMSSD>
  </AJJBQK>
  <CPFXGC value="综上所述，依据《中华人民共和国合同法》第六十条、第一百零七条、《最高人民法院﹤关于审理涉及国有土地使用权合同纠纷案件适用法律问题的解释﹥》第二十五条和《中华人民共和国民事诉讼法》第六十四条第一款、《最高人民法院关于适用﹤中华人民共和国民事诉讼法﹥的解释》第九十条之规定，判决如下：&#xA;" nameCN="裁判分析过程">
    <JAFSLX value="判决" nameCN="结案方式类型" />
    <FLFTMC value="中华人民共和国合同法" nameCN="法律法条名称">
      <TM value="六十" nameCN="条目" />
      <TM value="一百零七" nameCN="条目" />
      <SFCXF value="非程序法" nameCN="是否是程序法" />
    </FLFTMC>
    <FLFTMC value="最高人民法院﹤关于审理涉及国有土地使用权合同纠纷案件适用法律问题的解释﹥" nameCN="法律法条名称">
      <TM value="二十五" nameCN="条目" />
      <SFCXF value="非程序法" nameCN="是否是程序法" />
    </FLFTMC>
    <FLFTMC value="中华人民共和国民事诉讼法" nameCN="法律法条名称">
      <TM value="六十四" nameCN="条目">
        <KM value="第一款" nameCN="款目" />
      </TM>
      <SFCXF value="是程序法" nameCN="是否是程序法" />
    </FLFTMC>
    <FLFTMC value="最高人民法院关于适用﹤中华人民共和国民事诉讼法﹥的解释" nameCN="法律法条名称">
      <TM value="九十" nameCN="条目" />
      <SFCXF value="是程序法" nameCN="是否是程序法" />
    </FLFTMC>
  </CPFXGC>
  <CPJG value="一、限被告四川省安岳县宏业房地产综合开发有限公司在于本判决生效之日起2个月内将坐落于安岳县岳阳镇东井沟东景丽都2单元8-5号房屋的房屋所有权证和国有土地使用权证交付原告周之帆；&#xA;二、由被告四川省安岳县宏业房地产综合开发有限公司于本判决生效之日起三十日内向原告周之帆支付违约金1660．02元；&#xA;三、驳回原告周之帆其他的诉讼请求。&#xA;如果未按本判决指定的期间履行给付金钱义务，应当依照《中华人民共和国民事诉讼法》第二百五十三条之规定，加倍支付迟延履行期间的债务利息。&#xA;案件受理费100元，由被告四川省安岳县宏业房地产综合开发有限公司负担。&#xA;如不服本判决，可在判决书送达之日起十五日内，向本院递交上诉状，并按对方当事人的人数提供副本，上诉于四川省资阳市中级人民法院。&#xA;" nameCN="裁判结果">
    <JAFS value="判决" nameCN="结案方式" />
    <PCSFSXZQ value="正确" nameCN="同时起诉侵权人与保险公司的赔偿顺序" />
    <JTPJJG value="一、限被告四川省安岳县宏业房地产综合开发有限公司在于本判决生效之日起2个月内将坐落于安岳县岳阳镇东井沟东景丽都2单元8-5号房屋的房屋所有权证和国有土地使用权证交付原告周之帆；" nameCN="具体裁判段">
      <PJZXQX value="2个月" nameCN="判决执行期限" />
    </JTPJJG>
    <JTPJJG value="二、由被告四川省安岳县宏业房地产综合开发有限公司于本判决生效之日起三十日内向原告周之帆支付违约金1660．02元；" nameCN="具体裁判段">
      <QLR value="周之帆" nameCN="权利人">
        <QLRSSDW value="原告" nameCN="诉讼地位" />
      </QLR>
      <YWR value="四川省安岳县宏业房地产综合开发有限公司" nameCN="义务人">
        <YWRSSDW value="被告" nameCN="诉讼地位" />
      </YWR>
      <PJZXQX value="三十日" nameCN="判决执行期限" />
      <PJJE nameCN="判决金额">
        <JE value="1660.02元" nameCN="金额" />
        <JELX value="违约金" nameCN="金额类型" />
      </PJJE>
    </JTPJJG>
    <JTPJJG value="三、驳回原告周之帆其他的诉讼请求。" nameCN="具体裁判段" />
    <JTPJJG value="如果未按本判决指定的期间履行给付金钱义务，应当依照《中华人民共和国民事诉讼法》第二百五十三条之规定，加倍支付迟延履行期间的债务利息。" nameCN="具体裁判段" />
    <SSFCD nameCN="诉讼费承担">
      <SSFCDJL value="案件受理费100元，由被告四川省安岳县宏业房地产综合开发有限公司负担。" nameCN="诉讼费承担记录">
        <SSFJE value="100元" nameCN="诉讼费金额" />
        <SSFZL value="受理费" nameCN="诉讼费种类" />
        <SSFCDR value="四川省安岳县宏业房地产综合开发有限公司" nameCN="承担人">
          <SSFCDJE value="100元" nameCN="承担金额" />
          <SSFCDFS value="个人独立承担该金额" nameCN="承担方式" />
          <SSFCDDW value="被告" nameCN="承担人地位" />
        </SSFCDR>
      </SSFCDJL>
    </SSFCD>
    <SFZCSSQQ value="部分支持部分不支持" nameCN="是否支持诉讼请求" />
    <SBSF value="起诉方" nameCN="胜诉方" />
    <SFFHCS value="否" nameCN="是否发回重审" />
    <KSSZ value="四川省资阳市中级人民法院" nameCN="可上诉至" />
    <SSTJCL value="上诉状，并按对方当事人的人数提供副本" nameCN="上诉提交材料" />
    <SSQX value="十五日" nameCN="上诉期限" />
    <TCGXQYY value="否" nameCN="是否提出管辖权异议" />
  </CPJG>
  <WW value="审判长杨丽玲&#xA;代理审判员李青&#xA;人民陪审员陈善贵&#xA;二〇一五年十一月四日&#xA;书记员唐婷&#xA;" nameCN="文尾">
    <SPZZCY nameCN="审判组织成员">
      <SPRYXM value="杨丽玲" nameCN="审判人员姓名" />
      <SPRYJS value="审判长" nameCN="审判人员角色" />
    </SPZZCY>
    <SPZZCY nameCN="审判组织成员">
      <SPRYXM value="陈善贵" nameCN="审判人员姓名" />
      <SPRYJS value="人民陪审员" nameCN="审判人员角色" />
    </SPZZCY>
    <SPZZCY nameCN="审判组织成员">
      <SPRYXM value="李青" nameCN="审判人员姓名" />
      <SPRYJS value="代理审判员" nameCN="审判人员角色" />
    </SPZZCY>
    <SPZZCY nameCN="审判组织成员">
      <SPRYXM value="唐婷" nameCN="审判人员姓名" />
      <SPRYJS value="书记员" nameCN="审判人员角色" />
    </SPZZCY>
    <CPSJ value="2015年11月4日" nameCN="裁判时间">
      <Year value="2015" nameCN="结案年度" />
      <JANYR value="2015年11月4日" nameCN="结案年月日" />
      <JANY value="2015-11" nameCN="结案年月" />
      <Month value="11" nameCN="月" />
      <Day value="4" nameCN="日" />
    </CPSJ>
  </WW>
  <FL value="" nameCN="附录" />
</QW>

