<?xml version="1.0" encoding="UTF-8"?>
<QW value="&#xA;陕西省山阳县人民法院&#xA;民事裁定书&#xA;（2014）山民初字第00019号&#xA;原告周德相，男，生于1957年11月26日，汉族，农民。&#xA;被告何降东，男，生于1977年2月1日，汉族，农民。&#xA;案由：相邻通行纠纷。&#xA;原告周德相与被告何降东相邻通行纠纷一案，本院受理后，依法适用简易程序由审判员房小康独任公开进行了审理。&#xA;本案在审理过程中，原告周德相于2014年1月3日向本院提出撤诉申请。经审查，原告撤诉符合法律规定，应予准许。故依照《中华人民共和国民事诉讼法》第一百四十五条之规定，裁定如下：&#xA;准许原告周德相撤回对被告何降东的起诉。&#xA;案件受理费50元，减半收取25元，由原告周德相负担。&#xA;审判员房小康&#xA;二〇一四年一月三日&#xA;书记员孔庆涛&#xA;" nameCN="全文">
  <WS value="陕西省山阳县人民法院&#xA;民事裁定书&#xA;（2014）山民初字第00019号&#xA;" nameCN="文首">
    <WSZZDW value="法院" nameCN="文书制作单位" />
    <JBFY value="陕西省山阳县人民法院" nameCN="经办法院">
      <FYJB value="基层" nameCN="法院级别" />
      <XZQH_P value="陕西" nameCN="行政区划(省)" />
      <XZQH_C value="陕西" nameCN="行政区划(市)" />
    </JBFY>
    <WSMC value="民事裁定书" nameCN="文书名称" />
    <AH value="(2014)山民初字第00019号" nameCN="案号" />
    <LAND value="2014" nameCN="立案年度" />
    <AJXZ value="民事案件" nameCN="案件性质" />
    <WSZL value="裁定书" nameCN="文书种类" />
    <SPCX value="一审案件" nameCN="审判程序" />
    <AJLX value="民事一审案件" nameCN="案件类型" />
  </WS>
  <SSCYRQJ value="原告周德相，男，生于1957年11月26日，汉族，农民。&#xA;被告何降东，男，生于1977年2月1日，汉族，农民。&#xA;" nameCN="诉讼参与人全集">
    <SSCYR value="原告周德相，男，生于1957年11月26日，汉族，农民。" nameCN="诉讼参与人">
      <SSCYRMC value="周德相" nameCN="诉讼参与人名称" />
      <SSSF value="原告" nameCN="诉讼身份" />
      <SSDW value="原告" nameCN="诉讼地位" />
      <DSRLB value="原告" nameCN="当事人类别" />
      <DSRLX value="自然人" nameCN="当事人类型" />
      <XB value="男" nameCN="性别" />
      <MZ value="汉族" nameCN="民族" />
      <CSRQ value="1957年11月26日" nameCN="出生日期">
        <Year value="1957" nameCN="年" />
        <Month value="11" nameCN="月" />
        <Day value="26" nameCN="日" />
      </CSRQ>
      <GJ value="中国" nameCN="国籍" />
      <DWZWFZ nameCN="单位职务分组">
        <ZW value="农民" nameCN="职务" />
      </DWZWFZ>
    </SSCYR>
    <SSCYR value="被告何降东，男，生于1977年2月1日，汉族，农民。" nameCN="诉讼参与人">
      <SSCYRMC value="何降东" nameCN="诉讼参与人名称" />
      <SSSF value="被告" nameCN="诉讼身份" />
      <SSDW value="被告" nameCN="诉讼地位" />
      <DSRLB value="被告" nameCN="当事人类别" />
      <DSRLX value="自然人" nameCN="当事人类型" />
      <XB value="男" nameCN="性别" />
      <MZ value="汉族" nameCN="民族" />
      <CSRQ value="1977年2月1日" nameCN="出生日期">
        <Year value="1977" nameCN="年" />
        <Month value="2" nameCN="月" />
        <Day value="1" nameCN="日" />
      </CSRQ>
      <GJ value="中国" nameCN="国籍" />
      <DWZWFZ nameCN="单位职务分组">
        <ZW value="农民" nameCN="职务" />
      </DWZWFZ>
    </SSCYR>
    <SSCYRQJ value="错误" nameCN="保险公司是否作为被告" />
  </SSCYRQJ>
  <SSJL value="案由：相邻通行纠纷。" nameCN="诉讼记录">
    <AY value="相邻通行纠纷" nameCN="案由" />
    <KTSL value="否" nameCN="开庭审理" />
    <WZAY value="相邻通行纠纷" nameCN="完整案由" />
    <AYDM value="9077" nameCN="案由代码" />
    <YSAJSYCX value="普通程序" nameCN="一审案件适用程序" />
    <JYZPT value="否" nameCN="简易转普通" />
    <SPZZ value="独任庭" nameCN="审判组织" />
    <YSAJLY value="新收" nameCN="一审案件来源" />
  </SSJL>
  <AJJBQK value="原告周德相与被告何降东相邻通行纠纷一案，本院受理后，依法适用简易程序由审判员房小康独任公开进行了审理。&#xA;" nameCN="案件基本情况">
    <CMSSD value="原告周德相与被告何降东相邻通行纠纷一案，本院受理后，依法适用简易程序由审判员房小康独任公开进行了审理。" nameCN="查明事实段">
      <SGXQ value="未提及" nameCN="事故详情">
        <SGSJ value="未提及" nameCN="事故时间" />
        <SGDD value="未提及" nameCN="事故地点" />
      </SGXQ>
      <JDCSYR value="何降东" nameCN="机动车所有人" />
      <SHRZY value="农民" nameCN="受害人职业" />
      <SFTB value="是" nameCN="是否投保" />
      <SFZBXQN value="是" nameCN="是否在保险期内" />
      <SFXQPF value="是" nameCN="是否先期赔付" />
      <JDSFKK value="是" nameCN="鉴定是否可靠" />
    </CMSSD>
  </AJJBQK>
  <CPFXGC value="本案在审理过程中，原告周德相于2014年1月3日向本院提出撤诉申请。经审查，原告撤诉符合法律规定，应予准许。故依照《中华人民共和国民事诉讼法》第一百四十五条之规定，裁定如下：&#xA;" nameCN="裁判分析过程">
    <JAFSLX value="裁定" nameCN="结案方式类型" />
    <FLFTMC value="中华人民共和国民事诉讼法" nameCN="法律法条名称">
      <TM value="一百四十五" nameCN="条目" />
      <SFCXF value="是程序法" nameCN="是否是程序法" />
    </FLFTMC>
  </CPFXGC>
  <CPJG value="准许原告周德相撤回对被告何降东的起诉。&#xA;案件受理费50元，减半收取25元，由原告周德相负担。&#xA;" nameCN="裁判结果">
    <JAFS value="准予撤诉" nameCN="结案方式" />
    <PCSFSXZQ value="正确" nameCN="同时起诉侵权人与保险公司的赔偿顺序" />
    <JTPJJG value="准许原告周德相撤回对被告何降东的起诉。" nameCN="具体裁判段" />
    <SSFCD nameCN="诉讼费承担">
      <SSFCDJL value="案件受理费50元，减半收取25元，由原告周德相负担。" nameCN="诉讼费承担记录">
        <SSFJE value="25元" nameCN="诉讼费金额" />
        <SSFZL value="受理费" nameCN="诉讼费种类" />
        <SSFCDR value="周德相" nameCN="承担人">
          <SSFCDJE value="25元" nameCN="承担金额" />
          <SSFCDFS value="个人独立承担该金额" nameCN="承担方式" />
          <SSFCDDW value="原告" nameCN="承担人地位" />
        </SSFCDR>
      </SSFCDJL>
    </SSFCD>
    <SFFHCS value="否" nameCN="是否发回重审" />
    <CSRJH nameCN="撤诉人集合">
      <CSR value="周德相" nameCN="撤诉人" />
    </CSRJH>
    <CSLX value="原告主动撤诉" nameCN="撤诉类型" />
    <TCGXQYY value="否" nameCN="是否提出管辖权异议" />
  </CPJG>
  <WW value="审判员房小康&#xA;二〇一四年一月三日&#xA;书记员孔庆涛&#xA;" nameCN="文尾">
    <SPZZCY nameCN="审判组织成员">
      <SPRYXM value="房小康" nameCN="审判人员姓名" />
      <SPRYJS value="审判员" nameCN="审判人员角色" />
    </SPZZCY>
    <SPZZCY nameCN="审判组织成员">
      <SPRYXM value="孔庆涛" nameCN="审判人员姓名" />
      <SPRYJS value="书记员" nameCN="审判人员角色" />
    </SPZZCY>
    <CPSJ value="2014年1月3日" nameCN="裁判时间">
      <Year value="2014" nameCN="结案年度" />
      <JANYR value="2014年1月3日" nameCN="结案年月日" />
      <JANY value="2014-1" nameCN="结案年月" />
      <Month value="1" nameCN="月" />
      <Day value="3" nameCN="日" />
    </CPSJ>
  </WW>
  <FL value="" nameCN="附录" />
</QW>

