<?xml version="1.0" encoding="UTF-8"?>
<QW value="&#xA;浙江省杭州市江干区人民法院&#xA;民事判决书&#xA;（2012）杭江民初字第2029号&#xA;原告周启章。&#xA;委托代理人范晶晶。&#xA;委托代理人袁伟明。&#xA;被告孙山宝。&#xA;被告杭州指南针运输有限公司。&#xA;法定代表人刘申云。&#xA;委托代理人王庆美。&#xA;被告紫金财产保险股份有限公司浙江分公司。&#xA;负责人张国民。&#xA;委托代理人郑阳。&#xA;被告太平财产保险股份有限公司杭州市萧山支公司。&#xA;负责人潘蔚群。&#xA;被告蔡永明。&#xA;被告浙江永明纸塑包装有限公司。&#xA;法定代表人蔡永明。&#xA;原告周启章诉被告孙山宝、杭州指南针运输有限公司（以下简称指南针公司）、紫金财产保险股份有限公司浙江分公司（以下简称紫金保险浙江分公司）、太平财产保险股份有限公司杭州市萧山支公司（以下简称太平保险萧山支公司）、蔡永明、浙江永明纸塑包装有限公司（以下简称永明公司）机动车交通事故责任纠纷一案，本院受理后，依法由代理审判员闫时松独任审判，于2012年12月11日公开开庭进行了审理。原告周启章的委托代理人范晶晶、袁伟明、被告孙山宝、被告指南针公司的委托代理人王庆美、被告紫金保险浙江分公司的委托代理人郑阳、被告永明公司的法定代表人蔡永明到庭参加诉讼。被告太平保险萧山支公司经本院合法传唤，无正当理由拒不到庭，本院依法缺席审理。本案现已审理终结。&#xA;原告周启章诉称：2012年9月24日，被告孙山宝驾驶浙A×××××号车辆在钱江三桥之江路口追尾原告周启章所有的浙A×××××号车辆及被告永明公司所有的浙A×××××号车辆。该事故经三方当事人在杭州市交通事故金丰服务中心自行协商，被告孙山宝负事故全部责任，被告蔡永明及原告周启章无责任。经查询，浙A×××××号车系被告指南针公司所有，故本次事故保险公司赔偿不足部分，应当由被告指南针公司承担连带赔偿责任。被告紫金保险浙江分公司系浙A×××××号车辆投保交强险的保险公司。被告太平保险萧山支公司系浙A×××××号车辆投保交强险的保险公司。原告周启章因本次事故共花费车辆修理费人民币10100元。现原、被告因赔偿问题无法协商达成一致，故向法院起诉。诉讼请求：1、请求判令被告孙山宝、指南针公司赔偿原告周启章车辆修理费人民币10100元；2、请求判令被告紫金保险浙江分公司在交强险人民币122000元限额内承担赔偿责任，被告太平保险萧山支公司在人民币12100元无责限额内承担赔偿责任；3、请求判令被告承担本案诉讼费用。&#xA;被告孙山宝辩称：对事故发生经过和责任认定无异议。要求保险公司在交强险范围内承担赔偿责任。我是浙A×××××号车辆的实际车主，挂靠协议也是本人签的。&#xA;被告指南针公司辩称：对事故发生经过和责任认定无异议。被告指南针公司和被告孙山宝是挂靠关系，车辆所有权为被告孙山宝，应由被告孙山宝自行承担赔偿责任。要求保险公司在交强险范围内承担赔偿责任。&#xA;被告紫金保险浙江分公司辩称：对事故发生经过和责任认定无异议。浙A×××××号车辆在保险公司投保交强险，事故发生在保险期限内。保险公司只应承担人民币338．93元。不承担本案的诉讼费用。&#xA;被告太平保险萧山支公司书面辩称：对事故发生经过和责任认定无异议。浙A×××××号车辆在保险公司投保交强险，事故发生在保险期限内。根据保监会下发的保险理赔操作实务，当保险事故涉及多辆机动车时，肇事机动车中的无责车辆，不参与对其他无责车辆和车外财产损失的赔偿。故保险公司对原告周启章的车辆损失不承担赔偿责任。&#xA;被告蔡永明、永明公司共同辩称：对事故发生经过和责任认定无异议，应根据原告周启章起诉状的要求进行赔偿。&#xA;原告周启章为支持其诉请，向本院提供以下证据：&#xA;1、杭州市机动车物损交通事故自行协商处理协议书2份，加盖杭州市交通事故金丰服务中心章，拟证明事故发生的经过和事故责任认定，以及车辆在事故中受损的事实。&#xA;2、浙A×××××号车辆行驶证1张（复印件），拟证明该车辆所有人为原告周启章。&#xA;3、由杭州华平保险公估有限公司出具的机动车辆保险定损单1张，由杭州金丰汽车有限公司出具的材料清单1张，拟证明车辆受损及保险公司定损情况。&#xA;4、由杭州金丰汽车有限公司出具的维修发票1张，拟证明原告周启章花费车辆修理费10100元的事实。&#xA;5、浙A×××××号车辆保单1张（复印件），拟证明该车辆投保情况。&#xA;6、浙A×××××号车辆行驶证1张（复印件），拟证明该车辆所有人为被告指南针公司。&#xA;7、浙A×××××号车辆保单1张（复印件），拟证明该车辆在被告太平保险萧山支公司投保的情况。&#xA;上述证据经庭审质证，被告孙山宝、指南针公司、紫金保险浙江分公司、蔡永明、永明公司对原告周启章提供的证据1-7均无异议，被告太平保险萧山支公司缺席，视为放弃质证。本院对上述证据的证明效力，均予以确认。&#xA;被告指南针公司为证明其主张，向本院提交挂靠合同和承诺书各1份，拟证明被告孙山宝和被告指南针公司系车辆挂靠关系。该组证据经庭审质证，原告周启章对该证据的真实性无异议，但认为挂靠合同不能对抗被侵权人，故被告指南针公司应承担连带赔偿责任。被告孙山宝、紫金保险浙江分公司、蔡永明、永明公司对该组证据均无异议。本院认为，该组证据能够证明被告孙山宝和被告指南针公司的车辆挂靠关系。&#xA;被告孙山宝、紫金保险浙江分公司、太平保险萧山支公司、蔡永明、永明公司均未向本院提供相关证据。&#xA;综合有效证据及当事人的陈述，本院经审理查明，2012年9月24日，被告孙山宝驾驶浙A×××××号车辆在钱江三桥之江路口追尾浙A×××××及浙A×××××号车辆。该事故经三方当事人在杭州市交通事故金丰服务中心自行协商，被告孙山宝负事故全部责任，原告周启章及被告蔡永明无责任。原告周启章共花费车辆修理费人民币10100元。&#xA;另查明，浙A×××××号车辆实际所有人为被告孙山宝，该车辆挂靠在被告指南针公司名下。浙A×××××号车辆在被告紫金保险浙江分公司处投保交强险。浙A×××××号车辆的所有人为永明公司，该车辆在被告太平保险萧山支公司处投保交强险。&#xA;本院认为，公民、法人由于过错侵害国家的、集体的财产，侵害他人财产、人身的，应当承担民事责任。没有过错，但法律规定应当承担民事责任的，应当承担民事责任。被告孙山宝在驾驶机动车过程中致他人财产损害，应当承担民事赔偿责任。因从事道路运输经营的机动车发生道路交通事故致人损害，实际经营人与名义经营人不一致的，由实际经营人和名义经营人对超出机动车强制保险责任限额的损害赔偿承担连带责任，故被告指南针公司作为肇事车辆的名义经营人，应对被告孙山宝的赔偿责任承担连带责任。对于原告周启章诉请的车辆修理费人民币10100元，系因本次交通事故产生的直接财产损失，于法有据，本院予以支持。根据法律规定，机动车发生交通事故造成人身伤亡、财产损失的，由保险公司在机动车第三者责任强制保险责任限额范围内予以赔偿。同一道路交通事故中有数家保险公司的，机动车强制保险责任的赔偿数额，以数家保险公司的责任限额总和为限，并由各保险公司均等负担；但其中无过错机动车方保险公司在机动车强制保险无责任限额范围内承担赔偿责任。本次交通事故中，被告孙山宝负事故的全部责任，故被告紫金保险浙江分公司应在交强险责任限额内承担赔偿责任。被告蔡永明在本次事故中无过错，故被告蔡永明、永明公司不承担赔偿责任，但因浙A×××××号车辆已投保机动车交通事故责任强制保险，故被告太平保险萧山支公司应在交强险无责任赔偿限额范围内承担赔偿责任。据此，依照《中华人民共和国民法通则》第一百零六条第二款、第一百一十七条第二款、《中华人民共和国侵权责任法》第二条、第三条、第六条第一款、第四十八条、《中华人民共和国道路交通安全法》第七十六条第一款及《中华人民共和国民事诉讼法》第一百四十四条之规定，判决如下：&#xA;一、被告紫金财产保险股份有限公司浙江分公司在机动车交通事故责任强制保险责任限额内直接赔付原告浙江永明纸塑包装有限公司车辆修理费人民币9189元，于本判决生效后十日内付清；&#xA;二、被告太平财产保险股份有限公司杭州市萧山支公司在机动车交通事故责任强制保险无责任限额内直接赔付原告浙江永明纸塑包装有限公司车辆修理费人民币911元，于本判决生效后十日内付清。&#xA;如果被告未按本判决指定的期间履行给付金钱义务，应当依照《中华人民共和国民事诉讼法》第二百五十三条之规定，加倍支付迟延履行期间的债务利息。&#xA;案件受理费人民币53元，减半收取人民币26．50元，由被告孙山宝、杭州指南针运输有限公司承担。&#xA;如不服本判决，可在判决书送达之日起十五日内，向本院提交上诉状，并按对方当事人的人数提出副本，上诉于浙江省杭州市中级人民法院，并向浙江省杭州市中级人民法院预交上诉案件受理费人民币53元。在上诉期满后7日内仍未交纳的，按自动撤回上诉处理。（人民法院户名：浙江省杭州市中级人民法院，开户银行：工商银行湖滨分理处，帐号：12×××68）。对财产案件提起上诉的，案件受理费按照不服本院判决部分的上诉请求预交。&#xA;代理审判员闫时松&#xA;二〇一三年一月四日&#xA;代书记员王春红&#xA;" nameCN="全文">
  <WS value="浙江省杭州市江干区人民法院&#xA;民事判决书&#xA;（2012）杭江民初字第2029号&#xA;" nameCN="文首">
    <WSZZDW value="法院" nameCN="文书制作单位" />
    <JBFY value="浙江省杭州市江干区人民法院" nameCN="经办法院">
      <FYJB value="基层" nameCN="法院级别" />
      <XZQH_P value="浙江" nameCN="行政区划(省)" />
      <XZQH_C value="杭州市" nameCN="行政区划(市)" />
    </JBFY>
    <WSMC value="民事判决书" nameCN="文书名称" />
    <AH value="(2012)杭江民初字第2029号" nameCN="案号" />
    <LAND value="2012" nameCN="立案年度" />
    <AJXZ value="民事案件" nameCN="案件性质" />
    <WSZL value="判决书" nameCN="文书种类" />
    <SPCX value="一审案件" nameCN="审判程序" />
    <AJLX value="民事一审案件" nameCN="案件类型" />
  </WS>
  <SSCYRQJ value="原告周启章。&#xA;委托代理人范晶晶。&#xA;委托代理人袁伟明。&#xA;被告孙山宝。&#xA;被告杭州指南针运输有限公司。&#xA;法定代表人刘申云。&#xA;委托代理人王庆美。&#xA;被告紫金财产保险股份有限公司浙江分公司。&#xA;负责人张国民。&#xA;委托代理人郑阳。&#xA;被告太平财产保险股份有限公司杭州市萧山支公司。&#xA;负责人潘蔚群。&#xA;被告蔡永明。&#xA;被告浙江永明纸塑包装有限公司。&#xA;法定代表人蔡永明。&#xA;" nameCN="诉讼参与人全集">
    <SSCYR value="原告周启章。" nameCN="诉讼参与人">
      <SSCYRMC value="周启章" nameCN="诉讼参与人名称" />
      <SSSF value="原告" nameCN="诉讼身份" />
      <SSDW value="原告" nameCN="诉讼地位" />
      <DSRLB value="原告" nameCN="当事人类别" />
      <DSRLX value="自然人" nameCN="当事人类型" />
      <GJ value="中国" nameCN="国籍" />
      <DTQK value="到庭" nameCN="到庭情况" />
    </SSCYR>
    <SSCYR value="委托代理人范晶晶。" nameCN="诉讼参与人">
      <SSCYRMC value="范晶晶" nameCN="诉讼参与人名称" />
      <SSSF value="委托代理人" nameCN="诉讼身份" />
      <DSRLX value="自然人" nameCN="当事人类型" />
      <GJ value="中国" nameCN="国籍" />
      <DTQK value="到庭" nameCN="到庭情况" />
    </SSCYR>
    <SSCYR value="委托代理人袁伟明。" nameCN="诉讼参与人">
      <SSCYRMC value="袁伟明" nameCN="诉讼参与人名称" />
      <SSSF value="委托代理人" nameCN="诉讼身份" />
      <DSRLX value="自然人" nameCN="当事人类型" />
      <GJ value="中国" nameCN="国籍" />
      <DTQK value="到庭" nameCN="到庭情况" />
    </SSCYR>
    <SSCYR value="被告孙山宝。" nameCN="诉讼参与人">
      <SSCYRMC value="孙山宝" nameCN="诉讼参与人名称" />
      <SSSF value="被告" nameCN="诉讼身份" />
      <SSDW value="被告" nameCN="诉讼地位" />
      <DSRLB value="被告" nameCN="当事人类别" />
      <DSRLX value="自然人" nameCN="当事人类型" />
      <GJ value="中国" nameCN="国籍" />
      <DTQK value="到庭" nameCN="到庭情况" />
      <FDDBR value="蔡永明" nameCN="单位法定代表人" />
      <JTSFZR value="的赔偿责任承担连带责任" nameCN="交通事故责任" />
    </SSCYR>
    <SSCYR value="被告杭州指南针运输有限公司。" nameCN="诉讼参与人">
      <SSCYRMC value="杭州指南针运输有限公司" nameCN="诉讼参与人名称" />
      <SSSF value="被告" nameCN="诉讼身份" />
      <SSDW value="被告" nameCN="诉讼地位" />
      <DSRLB value="被告" nameCN="当事人类别" />
      <DSRLX value="法人" nameCN="当事人类型" />
      <DWXZ value="有限责任公司" nameCN="单位性质" />
    </SSCYR>
    <SSCYR value="法定代表人刘申云。" nameCN="诉讼参与人">
      <SSCYRMC value="刘申云" nameCN="诉讼参与人名称" />
      <SSSF value="法定代表人" nameCN="诉讼身份" />
      <DSRLX value="自然人" nameCN="当事人类型" />
      <GJ value="中国" nameCN="国籍" />
      <DWZWFZ nameCN="单位职务分组">
        <DWMC value="孙山宝" nameCN="单位名称" />
      </DWZWFZ>
    </SSCYR>
    <SSCYR value="委托代理人王庆美。" nameCN="诉讼参与人">
      <SSCYRMC value="王庆美" nameCN="诉讼参与人名称" />
      <SSSF value="委托代理人" nameCN="诉讼身份" />
      <DSRLX value="自然人" nameCN="当事人类型" />
      <GJ value="中国" nameCN="国籍" />
      <DTQK value="到庭" nameCN="到庭情况" />
    </SSCYR>
    <SSCYR value="被告紫金财产保险股份有限公司浙江分公司。" nameCN="诉讼参与人">
      <SSCYRMC value="紫金财产保险股份有限公司浙江分公司" nameCN="诉讼参与人名称" />
      <SSSF value="被告" nameCN="诉讼身份" />
      <SSDW value="被告" nameCN="诉讼地位" />
      <DSRLB value="被告" nameCN="当事人类别" />
      <DSRLX value="法人" nameCN="当事人类型" />
      <DWXZ value="股份有限公司" nameCN="单位性质" />
      <TSHY value="保险" nameCN="特殊行业" />
    </SSCYR>
    <SSCYR value="负责人张国民。" nameCN="诉讼参与人">
      <SSCYRMC value="张国民" nameCN="诉讼参与人名称" />
      <SSSF value="负责人" nameCN="诉讼身份" />
      <DSRLX value="自然人" nameCN="当事人类型" />
      <GJ value="中国" nameCN="国籍" />
    </SSCYR>
    <SSCYR value="委托代理人郑阳。" nameCN="诉讼参与人">
      <SSCYRMC value="郑阳" nameCN="诉讼参与人名称" />
      <SSSF value="委托代理人" nameCN="诉讼身份" />
      <DSRLX value="自然人" nameCN="当事人类型" />
      <GJ value="中国" nameCN="国籍" />
      <DTQK value="到庭" nameCN="到庭情况" />
    </SSCYR>
    <SSCYR value="被告太平财产保险股份有限公司杭州市萧山支公司。" nameCN="诉讼参与人">
      <SSCYRMC value="太平财产保险股份有限公司杭州市萧山支公司" nameCN="诉讼参与人名称" />
      <SSSF value="被告" nameCN="诉讼身份" />
      <SSDW value="被告" nameCN="诉讼地位" />
      <DSRLB value="被告" nameCN="当事人类别" />
      <DSRLX value="法人" nameCN="当事人类型" />
      <DWXZ value="股份有限公司" nameCN="单位性质" />
      <TSHY value="保险" nameCN="特殊行业" />
    </SSCYR>
    <SSCYR value="负责人潘蔚群。" nameCN="诉讼参与人">
      <SSCYRMC value="潘蔚群" nameCN="诉讼参与人名称" />
      <SSSF value="负责人" nameCN="诉讼身份" />
      <DSRLX value="自然人" nameCN="当事人类型" />
      <GJ value="中国" nameCN="国籍" />
    </SSCYR>
    <SSCYR value="被告蔡永明。" nameCN="诉讼参与人">
      <SSCYRMC value="蔡永明" nameCN="诉讼参与人名称" />
      <SSSF value="被告" nameCN="诉讼身份" />
      <SSDW value="被告" nameCN="诉讼地位" />
      <DSRLB value="被告" nameCN="当事人类别" />
      <DSRLX value="自然人" nameCN="当事人类型" />
      <GJ value="中国" nameCN="国籍" />
      <DTQK value="到庭" nameCN="到庭情况" />
    </SSCYR>
    <SSCYR value="被告浙江永明纸塑包装有限公司。" nameCN="诉讼参与人">
      <SSCYRMC value="浙江永明纸塑包装有限公司" nameCN="诉讼参与人名称" />
      <SSSF value="被告" nameCN="诉讼身份" />
      <SSDW value="被告" nameCN="诉讼地位" />
      <DSRLB value="被告" nameCN="当事人类别" />
      <DSRLX value="法人" nameCN="当事人类型" />
      <DWXZ value="有限责任公司" nameCN="单位性质" />
    </SSCYR>
    <SSCYR value="法定代表人蔡永明。" nameCN="诉讼参与人">
      <SSCYRMC value="蔡永明" nameCN="诉讼参与人名称" />
      <SSSF value="法定代表人" nameCN="诉讼身份" />
      <DSRLX value="自然人" nameCN="当事人类型" />
      <GJ value="中国" nameCN="国籍" />
      <DTQK value="到庭" nameCN="到庭情况" />
      <DWZWFZ nameCN="单位职务分组">
        <DWMC value="孙山宝" nameCN="单位名称" />
      </DWZWFZ>
    </SSCYR>
    <SSCYRQJ value="正确" nameCN="保险公司是否作为被告" />
  </SSCYRQJ>
  <SSJL value="原告周启章诉被告孙山宝、杭州指南针运输有限公司（以下简称指南针公司）、紫金财产保险股份有限公司浙江分公司（以下简称紫金保险浙江分公司）、太平财产保险股份有限公司杭州市萧山支公司（以下简称太平保险萧山支公司）、蔡永明、浙江永明纸塑包装有限公司（以下简称永明公司）机动车交通事故责任纠纷一案，本院受理后，依法由代理审判员闫时松独任审判，于2012年12月11日公开开庭进行了审理。原告周启章的委托代理人范晶晶、袁伟明、被告孙山宝、被告指南针公司的委托代理人王庆美、被告紫金保险浙江分公司的委托代理人郑阳、被告永明公司的法定代表人蔡永明到庭参加诉讼。被告太平保险萧山支公司经本院合法传唤，无正当理由拒不到庭，本院依法缺席审理。本案现已审理终结。" nameCN="诉讼记录">
    <JJCT value="" nameCN="拒绝出庭">
      <DSR value="" nameCN="当事人" />
      <RQ value="" nameCN="日期" />
    </JJCT>
    <AY value="机动车交通事故责任纠纷" nameCN="案由" />
    <KTSL value="是" nameCN="开庭审理" />
    <KTSLXX value="公开审理" nameCN="开庭审理信息" />
    <WZAY value="机动车交通事故责任纠纷" nameCN="完整案由" />
    <AYDM value="9722" nameCN="案由代码" />
    <YSAJSYCX value="普通程序" nameCN="一审案件适用程序" />
    <JYZPT value="否" nameCN="简易转普通" />
    <YSAJLY value="新收" nameCN="一审案件来源" />
    <CTDSRXX nameCN="出庭当事人信息">
      <CTRXM value="郑阳" nameCN="出庭人姓名">
        <SSDW value="委托代理人" nameCN="诉讼地位" />
      </CTRXM>
      <CTRXM value="蔡永明" nameCN="出庭人姓名">
        <SSDW value="被告" nameCN="诉讼地位" />
      </CTRXM>
      <CTRXM value="孙山宝" nameCN="出庭人姓名">
        <SSDW value="被告" nameCN="诉讼地位" />
      </CTRXM>
      <CTRXM value="袁伟明" nameCN="出庭人姓名">
        <SSDW value="委托代理人" nameCN="诉讼地位" />
      </CTRXM>
      <CTRXM value="范晶晶" nameCN="出庭人姓名">
        <SSDW value="委托代理人" nameCN="诉讼地位" />
      </CTRXM>
      <CTRXM value="周启章" nameCN="出庭人姓名">
        <SSDW value="原告" nameCN="诉讼地位" />
      </CTRXM>
      <CTRXM value="王庆美" nameCN="出庭人姓名">
        <SSDW value="委托代理人" nameCN="诉讼地位" />
      </CTRXM>
    </CTDSRXX>
  </SSJL>
  <AJJBQK value="原告周启章诉称：2012年9月24日，被告孙山宝驾驶浙A×××××号车辆在钱江三桥之江路口追尾原告周启章所有的浙A×××××号车辆及被告永明公司所有的浙A×××××号车辆。该事故经三方当事人在杭州市交通事故金丰服务中心自行协商，被告孙山宝负事故全部责任，被告蔡永明及原告周启章无责任。经查询，浙A×××××号车系被告指南针公司所有，故本次事故保险公司赔偿不足部分，应当由被告指南针公司承担连带赔偿责任。被告紫金保险浙江分公司系浙A×××××号车辆投保交强险的保险公司。被告太平保险萧山支公司系浙A×××××号车辆投保交强险的保险公司。原告周启章因本次事故共花费车辆修理费人民币10100元。现原、被告因赔偿问题无法协商达成一致，故向法院起诉。诉讼请求：1、请求判令被告孙山宝、指南针公司赔偿原告周启章车辆修理费人民币10100元；2、请求判令被告紫金保险浙江分公司在交强险人民币122000元限额内承担赔偿责任，被告太平保险萧山支公司在人民币12100元无责限额内承担赔偿责任；3、请求判令被告承担本案诉讼费用。&#xA;被告孙山宝辩称：对事故发生经过和责任认定无异议。要求保险公司在交强险范围内承担赔偿责任。我是浙A×××××号车辆的实际车主，挂靠协议也是本人签的。&#xA;被告指南针公司辩称：对事故发生经过和责任认定无异议。被告指南针公司和被告孙山宝是挂靠关系，车辆所有权为被告孙山宝，应由被告孙山宝自行承担赔偿责任。要求保险公司在交强险范围内承担赔偿责任。&#xA;被告紫金保险浙江分公司辩称：对事故发生经过和责任认定无异议。浙A×××××号车辆在保险公司投保交强险，事故发生在保险期限内。保险公司只应承担人民币338．93元。不承担本案的诉讼费用。&#xA;被告太平保险萧山支公司书面辩称：对事故发生经过和责任认定无异议。浙A×××××号车辆在保险公司投保交强险，事故发生在保险期限内。根据保监会下发的保险理赔操作实务，当保险事故涉及多辆机动车时，肇事机动车中的无责车辆，不参与对其他无责车辆和车外财产损失的赔偿。故保险公司对原告周启章的车辆损失不承担赔偿责任。&#xA;被告蔡永明、永明公司共同辩称：对事故发生经过和责任认定无异议，应根据原告周启章起诉状的要求进行赔偿。&#xA;原告周启章为支持其诉请，向本院提供以下证据：&#xA;1、杭州市机动车物损交通事故自行协商处理协议书2份，加盖杭州市交通事故金丰服务中心章，拟证明事故发生的经过和事故责任认定，以及车辆在事故中受损的事实。&#xA;2、浙A×××××号车辆行驶证1张（复印件），拟证明该车辆所有人为原告周启章。&#xA;3、由杭州华平保险公估有限公司出具的机动车辆保险定损单1张，由杭州金丰汽车有限公司出具的材料清单1张，拟证明车辆受损及保险公司定损情况。&#xA;4、由杭州金丰汽车有限公司出具的维修发票1张，拟证明原告周启章花费车辆修理费10100元的事实。&#xA;5、浙A×××××号车辆保单1张（复印件），拟证明该车辆投保情况。&#xA;6、浙A×××××号车辆行驶证1张（复印件），拟证明该车辆所有人为被告指南针公司。&#xA;7、浙A×××××号车辆保单1张（复印件），拟证明该车辆在被告太平保险萧山支公司投保的情况。&#xA;上述证据经庭审质证，被告孙山宝、指南针公司、紫金保险浙江分公司、蔡永明、永明公司对原告周启章提供的证据1-7均无异议，被告太平保险萧山支公司缺席，视为放弃质证。本院对上述证据的证明效力，均予以确认。&#xA;被告指南针公司为证明其主张，向本院提交挂靠合同和承诺书各1份，拟证明被告孙山宝和被告指南针公司系车辆挂靠关系。该组证据经庭审质证，原告周启章对该证据的真实性无异议，但认为挂靠合同不能对抗被侵权人，故被告指南针公司应承担连带赔偿责任。被告孙山宝、紫金保险浙江分公司、蔡永明、永明公司对该组证据均无异议。本院认为，该组证据能够证明被告孙山宝和被告指南针公司的车辆挂靠关系。&#xA;被告孙山宝、紫金保险浙江分公司、太平保险萧山支公司、蔡永明、永明公司均未向本院提供相关证据。&#xA;综合有效证据及当事人的陈述，本院经审理查明，2012年9月24日，被告孙山宝驾驶浙A×××××号车辆在钱江三桥之江路口追尾浙A×××××及浙A×××××号车辆。该事故经三方当事人在杭州市交通事故金丰服务中心自行协商，被告孙山宝负事故全部责任，原告周启章及被告蔡永明无责任。原告周启章共花费车辆修理费人民币10100元。&#xA;另查明，浙A×××××号车辆实际所有人为被告孙山宝，该车辆挂靠在被告指南针公司名下。浙A×××××号车辆在被告紫金保险浙江分公司处投保交强险。浙A×××××号车辆的所有人为永明公司，该车辆在被告太平保险萧山支公司处投保交强险。&#xA;" nameCN="案件基本情况">
    <YGSCD value="原告周启章诉称：2012年9月24日，被告孙山宝驾驶浙A×××××号车辆在钱江三桥之江路口追尾原告周启章所有的浙A×××××号车辆及被告永明公司所有的浙A×××××号车辆。该事故经三方当事人在杭州市交通事故金丰服务中心自行协商，被告孙山宝负事故全部责任，被告蔡永明及原告周启章无责任。经查询，浙A×××××号车系被告指南针公司所有，故本次事故保险公司赔偿不足部分，应当由被告指南针公司承担连带赔偿责任。被告紫金保险浙江分公司系浙A×××××号车辆投保交强险的保险公司。被告太平保险萧山支公司系浙A×××××号车辆投保交强险的保险公司。原告周启章因本次事故共花费车辆修理费人民币10100元。现原、被告因赔偿问题无法协商达成一致，故向法院起诉。诉讼请求：1、请求判令被告孙山宝、指南针公司赔偿原告周启章车辆修理费人民币10100元；2、请求判令被告紫金保险浙江分公司在交强险人民币122000元限额内承担赔偿责任，被告太平保险萧山支公司在人民币12100元无责限额内承担赔偿责任；3、请求判令被告承担本案诉讼费用。 " nameCN="原告诉称段" />
    <BGBCD value="被告孙山宝辩称：对事故发生经过和责任认定无异议。要求保险公司在交强险范围内承担赔偿责任。我是浙A×××××号车辆的实际车主，挂靠协议也是本人签的。 被告指南针公司辩称：对事故发生经过和责任认定无异议。被告指南针公司和被告孙山宝是挂靠关系，车辆所有权为被告孙山宝，应由被告孙山宝自行承担赔偿责任。要求保险公司在交强险范围内承担赔偿责任。 被告紫金保险浙江分公司辩称：对事故发生经过和责任认定无异议。浙A×××××号车辆在保险公司投保交强险，事故发生在保险期限内。保险公司只应承担人民币338．93元。不承担本案的诉讼费用。 被告太平保险萧山支公司书面辩称：对事故发生经过和责任认定无异议。浙A×××××号车辆在保险公司投保交强险，事故发生在保险期限内。根据保监会下发的保险理赔操作实务，当保险事故涉及多辆机动车时，肇事机动车中的无责车辆，不参与对其他无责车辆和车外财产损失的赔偿。故保险公司对原告周启章的车辆损失不承担赔偿责任。 被告蔡永明、永明公司共同辩称：对事故发生经过和责任认定无异议，应根据原告周启章起诉状的要求进行赔偿。 " nameCN="被告辩称段" />
    <ZJD value="原告周启章为支持其诉请，向本院提供以下证据：1、杭州市机动车物损交通事故自行协商处理协议书2份，加盖杭州市交通事故金丰服务中心章，拟证明事故发生的经过和事故责任认定，以及车辆在事故中受损的事实。 2、浙A×××××号车辆行驶证1张（复印件），拟证明该车辆所有人为原告周启章。 3、由杭州华平保险公估有限公司出具的机动车辆保险定损单1张，由杭州金丰汽车有限公司出具的材料清单1张，拟证明车辆受损及保险公司定损情况。 4、由杭州金丰汽车有限公司出具的维修发票1张，拟证明原告周启章花费车辆修理费10100元的事实。 5、浙A×××××号车辆保单1张（复印件），拟证明该车辆投保情况。 6、浙A×××××号车辆行驶证1张（复印件），拟证明该车辆所有人为被告指南针公司。 7、浙A×××××号车辆保单1张（复印件），拟证明该车辆在被告太平保险萧山支公司投保的情况。 上述证据经庭审质证，被告孙山宝、指南针公司、紫金保险浙江分公司、蔡永明、永明公司对原告周启章提供的证据1-7均无异议，被告太平保险萧山支公司缺席，视为放弃质证。本院对上述证据的证明效力，均予以确认。 被告指南针公司为证明其主张，向本院提交挂靠合同和承诺书各1份，拟证明被告孙山宝和被告指南针公司系车辆挂靠关系。该组证据经庭审质证，原告周启章对该证据的真实性无异议，但认为挂靠合同不能对抗被侵权人，故被告指南针公司应承担连带赔偿责任。被告孙山宝、紫金保险浙江分公司、蔡永明、永明公司对该组证据均无异议。本院认为，该组证据能够证明被告孙山宝和被告指南针公司的车辆挂靠关系。 被告孙山宝、紫金保险浙江分公司、太平保险萧山支公司、蔡永明、永明公司均未向本院提供相关证据。 " nameCN="证据段" />
    <CMSSD value="综合有效证据及当事人的陈述，本院经审理查明，2012年9月24日，被告孙山宝驾驶浙A×××××号车辆在钱江三桥之江路口追尾浙A×××××及浙A×××××号车辆。该事故经三方当事人在杭州市交通事故金丰服务中心自行协商，被告孙山宝负事故全部责任，原告周启章及被告蔡永明无责任。原告周启章共花费车辆修理费人民币10100元。另查明，浙A×××××号车辆实际所有人为被告孙山宝，该车辆挂靠在被告指南针公司名下。浙A×××××号车辆在被告紫金保险浙江分公司处投保交强险。浙A×××××号车辆的所有人为永明公司，该车辆在被告太平保险萧山支公司处投保交强险。 " nameCN="查明事实段">
      <SGXQ value="未提及" nameCN="事故详情">
        <SGSJ value="未提及" nameCN="事故时间" />
        <SGDD value="未提及" nameCN="事故地点" />
      </SGXQ>
      <JDCSYR value="孙山宝" nameCN="机动车所有人" />
      <SFTB value="是" nameCN="是否投保" />
      <TBXZ value="交通事故责任强制保险" nameCN="投保险种" />
      <SFZBXQN value="是" nameCN="是否在保险期内" />
      <SFXQPF value="是" nameCN="是否先期赔付" />
      <JDSFKK value="是" nameCN="鉴定是否可靠" />
    </CMSSD>
  </AJJBQK>
  <CPFXGC value="本院认为，公民、法人由于过错侵害国家的、集体的财产，侵害他人财产、人身的，应当承担民事责任。没有过错，但法律规定应当承担民事责任的，应当承担民事责任。被告孙山宝在驾驶机动车过程中致他人财产损害，应当承担民事赔偿责任。因从事道路运输经营的机动车发生道路交通事故致人损害，实际经营人与名义经营人不一致的，由实际经营人和名义经营人对超出机动车强制保险责任限额的损害赔偿承担连带责任，故被告指南针公司作为肇事车辆的名义经营人，应对被告孙山宝的赔偿责任承担连带责任。对于原告周启章诉请的车辆修理费人民币10100元，系因本次交通事故产生的直接财产损失，于法有据，本院予以支持。根据法律规定，机动车发生交通事故造成人身伤亡、财产损失的，由保险公司在机动车第三者责任强制保险责任限额范围内予以赔偿。同一道路交通事故中有数家保险公司的，机动车强制保险责任的赔偿数额，以数家保险公司的责任限额总和为限，并由各保险公司均等负担；但其中无过错机动车方保险公司在机动车强制保险无责任限额范围内承担赔偿责任。本次交通事故中，被告孙山宝负事故的全部责任，故被告紫金保险浙江分公司应在交强险责任限额内承担赔偿责任。被告蔡永明在本次事故中无过错，故被告蔡永明、永明公司不承担赔偿责任，但因浙A×××××号车辆已投保机动车交通事故责任强制保险，故被告太平保险萧山支公司应在交强险无责任赔偿限额范围内承担赔偿责任。据此，依照《中华人民共和国民法通则》第一百零六条第二款、第一百一十七条第二款、《中华人民共和国侵权责任法》第二条、第三条、第六条第一款、第四十八条、《中华人民共和国道路交通安全法》第七十六条第一款及《中华人民共和国民事诉讼法》第一百四十四条之规定，判决如下：&#xA;" nameCN="裁判分析过程">
    <JAFSLX value="判决" nameCN="结案方式类型" />
    <FLFTMC value="中华人民共和国民法通则" nameCN="法律法条名称">
      <TM value="一百零六" nameCN="条目">
        <KM value="第二款" nameCN="款目" />
      </TM>
      <TM value="一百一十七" nameCN="条目">
        <KM value="第二款" nameCN="款目" />
      </TM>
      <SFCXF value="非程序法" nameCN="是否是程序法" />
    </FLFTMC>
    <FLFTMC value="中华人民共和国侵权责任法" nameCN="法律法条名称">
      <TM value="四十八" nameCN="条目" />
      <TM value="三" nameCN="条目" />
      <TM value="二" nameCN="条目" />
      <TM value="六" nameCN="条目">
        <KM value="第一款" nameCN="款目" />
      </TM>
      <SFCXF value="非程序法" nameCN="是否是程序法" />
    </FLFTMC>
    <FLFTMC value="中华人民共和国道路交通安全法" nameCN="法律法条名称">
      <TM value="七十六" nameCN="条目">
        <KM value="第一款" nameCN="款目" />
      </TM>
      <SFCXF value="非程序法" nameCN="是否是程序法" />
    </FLFTMC>
    <FLFTMC value="中华人民共和国民事诉讼法" nameCN="法律法条名称">
      <TM value="一百四十四" nameCN="条目" />
      <SFCXF value="是程序法" nameCN="是否是程序法" />
    </FLFTMC>
  </CPFXGC>
  <CPJG value="一、被告紫金财产保险股份有限公司浙江分公司在机动车交通事故责任强制保险责任限额内直接赔付原告浙江永明纸塑包装有限公司车辆修理费人民币9189元，于本判决生效后十日内付清；&#xA;二、被告太平财产保险股份有限公司杭州市萧山支公司在机动车交通事故责任强制保险无责任限额内直接赔付原告浙江永明纸塑包装有限公司车辆修理费人民币911元，于本判决生效后十日内付清。&#xA;如果被告未按本判决指定的期间履行给付金钱义务，应当依照《中华人民共和国民事诉讼法》第二百五十三条之规定，加倍支付迟延履行期间的债务利息。&#xA;案件受理费人民币53元，减半收取人民币26．50元，由被告孙山宝、杭州指南针运输有限公司承担。&#xA;如不服本判决，可在判决书送达之日起十五日内，向本院提交上诉状，并按对方当事人的人数提出副本，上诉于浙江省杭州市中级人民法院，并向浙江省杭州市中级人民法院预交上诉案件受理费人民币53元。在上诉期满后7日内仍未交纳的，按自动撤回上诉处理。（人民法院户名：浙江省杭州市中级人民法院，开户银行：工商银行湖滨分理处，帐号：12×××68）。对财产案件提起上诉的，案件受理费按照不服本院判决部分的上诉请求预交。&#xA;" nameCN="裁判结果">
    <JAFS value="判决" nameCN="结案方式" />
    <PCSFSXZQ value="正确" nameCN="同时起诉侵权人与保险公司的赔偿顺序" />
    <JTPJJG value="一、被告紫金财产保险股份有限公司浙江分公司在机动车交通事故责任强制保险责任限额内直接赔付原告浙江永明纸塑包装有限公司车辆修理费人民币9189元，于本判决生效后十日内付清；" nameCN="具体裁判段">
      <QLR value="浙江永明纸塑包装有限公司" nameCN="权利人">
        <QLRSSDW value="被告" nameCN="诉讼地位" />
      </QLR>
      <YWR value="紫金财产保险股份有限公司浙江分公司" nameCN="义务人">
        <YWRSSDW value="被告" nameCN="诉讼地位" />
      </YWR>
      <PJZXQX value="十日" nameCN="判决执行期限" />
      <PJJE nameCN="判决金额">
        <JE value="9189元" nameCN="金额" />
        <JELX value="修理费" nameCN="金额类型" />
      </PJJE>
    </JTPJJG>
    <JTPJJG value="二、被告太平财产保险股份有限公司杭州市萧山支公司在机动车交通事故责任强制保险无责任限额内直接赔付原告浙江永明纸塑包装有限公司车辆修理费人民币911元，于本判决生效后十日内付清。" nameCN="具体裁判段">
      <QLR value="浙江永明纸塑包装有限公司" nameCN="权利人">
        <QLRSSDW value="被告" nameCN="诉讼地位" />
      </QLR>
      <YWR value="太平财产保险股份有限公司杭州市萧山支公司" nameCN="义务人">
        <YWRSSDW value="被告" nameCN="诉讼地位" />
      </YWR>
      <PJZXQX value="十日" nameCN="判决执行期限" />
      <PJJE nameCN="判决金额">
        <JE value="911元" nameCN="金额" />
        <JELX value="无" nameCN="金额类型" />
        <JELX value="修理费" nameCN="金额类型" />
      </PJJE>
    </JTPJJG>
    <JTPJJG value="如果被告未按本判决指定的期间履行给付金钱义务，应当依照《中华人民共和国民事诉讼法》第二百五十三条之规定，加倍支付迟延履行期间的债务利息。" nameCN="具体裁判段" />
    <SSFCD nameCN="诉讼费承担">
      <SSFCDJL value="案件受理费人民币53元，减半收取人民币26．50元，由被告孙山宝、杭州指南针运输有限公司承担。" nameCN="诉讼费承担记录">
        <SSFJE value="26.50元" nameCN="诉讼费金额" />
        <SSFZL value="受理费" nameCN="诉讼费种类" />
        <SSFCDR value="孙山宝" nameCN="承担人">
          <SSFCDJE value="26.50元" nameCN="承担金额" />
          <SSFCDFS value="与他人共同承担该金额" nameCN="承担方式" />
          <SSFCDDW value="被告" nameCN="承担人地位" />
        </SSFCDR>
        <SSFCDR value="杭州指南针运输有限公司" nameCN="承担人">
          <SSFCDJE value="26.50元" nameCN="承担金额" />
          <SSFCDFS value="与他人共同承担该金额" nameCN="承担方式" />
          <SSFCDDW value="被告" nameCN="承担人地位" />
        </SSFCDR>
      </SSFCDJL>
    </SSFCD>
    <SFFHCS value="否" nameCN="是否发回重审" />
    <KSSZ value="浙江省杭州市中级人民法院" nameCN="可上诉至" />
    <SSQX value="十五日" nameCN="上诉期限" />
    <TCGXQYY value="否" nameCN="是否提出管辖权异议" />
  </CPJG>
  <WW value="代理审判员闫时松&#xA;二〇一三年一月四日&#xA;代书记员王春红&#xA;" nameCN="文尾">
    <SPZZCY nameCN="审判组织成员">
      <SPRYXM value="王春红" nameCN="审判人员姓名" />
      <SPRYJS value="代书记员" nameCN="审判人员角色" />
    </SPZZCY>
    <SPZZCY nameCN="审判组织成员">
      <SPRYXM value="闫时松" nameCN="审判人员姓名" />
      <SPRYJS value="代理审判员" nameCN="审判人员角色" />
    </SPZZCY>
    <CPSJ value="2013年1月4日" nameCN="裁判时间">
      <Year value="2013" nameCN="结案年度" />
      <JANYR value="2013年1月4日" nameCN="结案年月日" />
      <JANY value="2013-1" nameCN="结案年月" />
      <Month value="1" nameCN="月" />
      <Day value="4" nameCN="日" />
    </CPSJ>
  </WW>
  <FL value="" nameCN="附录" />
</QW>

