<?xml version="1.0" encoding="UTF-8"?>
<QW value="&#xA;重庆市北碚区人民法院&#xA;民事裁定书&#xA;（2013）碚法民初字第05655号&#xA;原告周启贵，男，汉族。&#xA;委托代理人涂长江，重庆市北碚区水土法律服务所法律工作者。&#xA;被告重庆渝复房地产开发有限公司，住所地重庆市北碚区复兴镇新街，组织机构代码90323301-6。&#xA;法定代表人刘家吉，系该公司总经理。&#xA;委托代理人姜丹书、吴菲菲，重庆泽耀律师事务所律师。&#xA;本院在审理原告周启贵诉被告重庆渝复房地产开发有限公司商品房预售合同纠纷一案中，原告周启贵于2014年3月19日向本院提出撤诉申请，要求撤回对被告重庆渝复房地产开发有限公司的起诉。&#xA;本院认为，原告周启贵的撤诉申请符合法律规定，依照《中华人民共和国民事诉讼法》第一百四十五条第一款及第一百五十四条第一款第（五）项之规定，裁定如下：&#xA;准许原告周启贵撤回起诉。&#xA;案件受理费119元，由原告周启贵负担。&#xA;审判员龙抗妮&#xA;二〇一四年三月十九日&#xA;书记员周璐&#xA;" nameCN="全文">
  <WS value="重庆市北碚区人民法院&#xA;民事裁定书&#xA;（2013）碚法民初字第05655号&#xA;" nameCN="文首">
    <WSZZDW value="法院" nameCN="文书制作单位" />
    <JBFY value="重庆市北碚区人民法院" nameCN="经办法院">
      <FYJB value="基层" nameCN="法院级别" />
      <XZQH_P value="重庆" nameCN="行政区划(省)" />
    </JBFY>
    <WSMC value="民事裁定书" nameCN="文书名称" />
    <AH value="(2013)碚法民初字第05655号" nameCN="案号" />
    <LAND value="2013" nameCN="立案年度" />
    <AJXZ value="民事案件" nameCN="案件性质" />
    <WSZL value="裁定书" nameCN="文书种类" />
    <SPCX value="一审案件" nameCN="审判程序" />
    <AJLX value="民事一审案件" nameCN="案件类型" />
  </WS>
  <SSCYRQJ value="原告周启贵，男，汉族。&#xA;委托代理人涂长江，重庆市北碚区水土法律服务所法律工作者。&#xA;被告重庆渝复房地产开发有限公司，住所地重庆市北碚区复兴镇新街，组织机构代码90323301-6。&#xA;法定代表人刘家吉，系该公司总经理。&#xA;委托代理人姜丹书、吴菲菲，重庆泽耀律师事务所律师。&#xA;" nameCN="诉讼参与人全集">
    <SSCYR value="原告周启贵，男，汉族。" nameCN="诉讼参与人">
      <SSCYRMC value="周启贵" nameCN="诉讼参与人名称" />
      <SSSF value="原告" nameCN="诉讼身份" />
      <SSDW value="原告" nameCN="诉讼地位" />
      <DSRLB value="原告" nameCN="当事人类别" />
      <DSRLX value="自然人" nameCN="当事人类型" />
      <XB value="男" nameCN="性别" />
      <MZ value="汉族" nameCN="民族" />
      <GJ value="中国" nameCN="国籍" />
    </SSCYR>
    <SSCYR value="委托代理人涂长江，重庆市北碚区水土法律服务所法律工作者。" nameCN="诉讼参与人">
      <SSCYRMC value="涂长江" nameCN="诉讼参与人名称" />
      <SSSF value="委托代理人" nameCN="诉讼身份" />
      <DSRLX value="自然人" nameCN="当事人类型" />
      <GJ value="中国" nameCN="国籍" />
    </SSCYR>
    <SSCYR value="被告重庆渝复房地产开发有限公司，住所地重庆市北碚区复兴镇新街，组织机构代码90323301-6。" nameCN="诉讼参与人">
      <SSCYRMC value="重庆渝复房地产开发有限公司" nameCN="诉讼参与人名称" />
      <SSSF value="被告" nameCN="诉讼身份" />
      <SSDW value="被告" nameCN="诉讼地位" />
      <DSRLB value="被告" nameCN="当事人类别" />
      <DSRLX value="法人" nameCN="当事人类型" />
      <DSRDZ value="重庆市北碚区复兴镇新街" nameCN="当事人地址" />
      <DWXZ value="有限责任公司" nameCN="单位性质" />
      <FDDBR value="刘家吉" nameCN="单位法定代表人" />
    </SSCYR>
    <SSCYR value="法定代表人刘家吉，系该公司总经理。" nameCN="诉讼参与人">
      <SSCYRMC value="刘家吉" nameCN="诉讼参与人名称" />
      <SSSF value="法定代表人" nameCN="诉讼身份" />
      <DSRLX value="自然人" nameCN="当事人类型" />
      <GJ value="中国" nameCN="国籍" />
      <DWZWFZ nameCN="单位职务分组">
        <ZW value="总经理" nameCN="职务" />
        <DWMC value="重庆渝复房地产开发有限公司" nameCN="单位名称" />
        <DWXZ value="有限责任公司" nameCN="单位性质" />
      </DWZWFZ>
    </SSCYR>
    <SSCYR value="委托代理人姜丹书、吴菲菲，重庆泽耀律师事务所律师。" nameCN="诉讼参与人">
      <SSCYRMC value="姜丹书、吴菲菲" nameCN="诉讼参与人名称" />
      <SSSF value="委托代理人" nameCN="诉讼身份" />
      <DSRLX value="法人" nameCN="当事人类型" />
      <DWZWFZ nameCN="单位职务分组">
        <ZW value="律师" nameCN="职务" />
      </DWZWFZ>
    </SSCYR>
    <SSCYRQJ value="错误" nameCN="保险公司是否作为被告" />
  </SSCYRQJ>
  <SSJL value="本院在审理原告周启贵诉被告重庆渝复房地产开发有限公司商品房预售合同纠纷一案中，原告周启贵于2014年3月19日向本院提出撤诉申请，要求撤回对被告重庆渝复房地产开发有限公司的起诉。" nameCN="诉讼记录">
    <CS value="" nameCN="撤诉">
      <CSR value="周启贵" nameCN="撤诉人" />
      <RQ value="2014年3月19日" nameCN="日期" />
    </CS>
    <YG value="周启贵" nameCN="原告" />
    <BG value="重庆渝复房地产开发有限公司" nameCN="被告" />
    <AY value="商品房预售合同纠纷" nameCN="案由" />
    <KTSL value="否" nameCN="开庭审理" />
    <WZAY value="商品房预售合同纠纷" nameCN="完整案由" />
    <AYDM value="9164" nameCN="案由代码" />
    <YSAJSYCX value="普通程序" nameCN="一审案件适用程序" />
    <JYZPT value="否" nameCN="简易转普通" />
    <SPZZ value="独任庭" nameCN="审判组织" />
    <YSAJLY value="新收" nameCN="一审案件来源" />
    <SQCSRQ value="2014年3月19日" nameCN="申请撤诉日期" />
  </SSJL>
  <AJJBQK value="" nameCN="案件基本情况" />
  <CPFXGC value="本院认为，原告周启贵的撤诉申请符合法律规定，依照《中华人民共和国民事诉讼法》第一百四十五条第一款及第一百五十四条第一款第（五）项之规定，裁定如下：&#xA;" nameCN="裁判分析过程">
    <JAFSLX value="裁定" nameCN="结案方式类型" />
    <FLFTMC value="中华人民共和国民事诉讼法" nameCN="法律法条名称">
      <TM value="一百四十五" nameCN="条目">
        <KM value="第一款" nameCN="款目" />
      </TM>
      <TM value="一百五十四" nameCN="条目">
        <KM value="第一款第（五）项" nameCN="款目" />
      </TM>
      <SFCXF value="是程序法" nameCN="是否是程序法" />
    </FLFTMC>
  </CPFXGC>
  <CPJG value="准许原告周启贵撤回起诉。&#xA;案件受理费119元，由原告周启贵负担。&#xA;" nameCN="裁判结果">
    <JAFS value="准予撤诉" nameCN="结案方式" />
    <PCSFSXZQ value="正确" nameCN="同时起诉侵权人与保险公司的赔偿顺序" />
    <JTPJJG value="准许原告周启贵撤回起诉。" nameCN="具体裁判段" />
    <SSFCD nameCN="诉讼费承担">
      <SSFCDJL value="案件受理费119元，由原告周启贵负担。" nameCN="诉讼费承担记录">
        <SSFJE value="119元" nameCN="诉讼费金额" />
        <SSFZL value="受理费" nameCN="诉讼费种类" />
        <SSFCDR value="周启贵" nameCN="承担人">
          <SSFCDJE value="119元" nameCN="承担金额" />
          <SSFCDFS value="个人独立承担该金额" nameCN="承担方式" />
          <SSFCDDW value="原告" nameCN="承担人地位" />
        </SSFCDR>
      </SSFCDJL>
    </SSFCD>
    <SFFHCS value="否" nameCN="是否发回重审" />
    <CSRJH nameCN="撤诉人集合">
      <CSR value="周启贵" nameCN="撤诉人" />
    </CSRJH>
    <CSLX value="原告主动撤诉" nameCN="撤诉类型" />
    <TCGXQYY value="否" nameCN="是否提出管辖权异议" />
  </CPJG>
  <WW value="审判员龙抗妮&#xA;二〇一四年三月十九日&#xA;书记员周璐&#xA;" nameCN="文尾">
    <SPZZCY nameCN="审判组织成员">
      <SPRYXM value="周璐" nameCN="审判人员姓名" />
      <SPRYJS value="书记员" nameCN="审判人员角色" />
    </SPZZCY>
    <SPZZCY nameCN="审判组织成员">
      <SPRYXM value="龙抗妮" nameCN="审判人员姓名" />
      <SPRYJS value="审判员" nameCN="审判人员角色" />
    </SPZZCY>
    <CPSJ value="2014年3月19日" nameCN="裁判时间">
      <Year value="2014" nameCN="结案年度" />
      <JANYR value="2014年3月19日" nameCN="结案年月日" />
      <JANY value="2014-3" nameCN="结案年月" />
      <Month value="3" nameCN="月" />
      <Day value="19" nameCN="日" />
    </CPSJ>
  </WW>
  <FL value="" nameCN="附录" />
</QW>

