<?xml version="1.0" encoding="UTF-8"?>
<QW value="&#xA;河南省邓州市人民法院&#xA;民事判决书&#xA;（2013）邓法民初字第2548号&#xA;原告：周某某，男，汉族，生于1970年9月23日，住邓州市。&#xA;委托代理人：杨瑞丽，女，河南框正律师事务所律师。&#xA;被告：吕某某，女，汉族，生于1970年4月25日，住址同上。&#xA;委托代理人：许学习，男，河南三贤律师事务所律师。&#xA;原告周某某诉被告吕某某为离婚纠纷一案，本院受理后，依法由本院审判员程富君独任审判，不公开开庭进行了审理。原告周某某及其委托代理人，被告吕某某及其委托代理人均到庭参加了诉讼，本案现已审理终结。&#xA;原告诉称：我与被告婚后因家庭生活琐事常生气吵架，现夫妻感情已完全破裂，现要求与被告离婚，另外婚生女儿由原告抚养，由被告每月支付抚养费300元，共同房产一套归原、被告婚生儿子周景所有，原、被告均有居住权，另外共同债务原、被告共同承担。为支持其诉讼请求，原告向法庭提交如下证据：&#xA;1、原告身份证复印件一份，以证实原告身份。&#xA;2、原、被告儿子周景、女儿周一飞及被告周某某常驻人口登记卡复印件各一份，以证实该三人身份及家庭关系。&#xA;3、结婚证一份，以证实原、被告婚姻事实。&#xA;被告辩称：同意与原告离婚，同意共同房产归儿子周景所有，原、被告双方均有居住权，但女儿应由被告抚养，不要求原告支付抚养费。另外原告所诉共同债务部分不属实，共同债务应由原告承担。被告未向法庭提交证据。&#xA;以上原告提交的证据1、2、3均由相关机关出具，合法、真实，被告无异议，本院予以采信。&#xA;依据上述有效证据及庭审调查，本院确认如下案件事实：原告周某某与被告吕某某经自由恋爱，双方于1992年1月10日办理了结婚登记，于1992年7月24日举行了结婚仪式，于1993年4月5日生育一男孩取名周景，于2004年4月16日生育一女儿取名周一飞。女儿周一飞自小一直随原、被告二人生活。2011年正月初八原、被告因家庭琐事生气、吵架后，被告吕某某一人去广州打工，女儿周一飞随其奶奶生活。2012年10月原告周某某去广州与被告吕某某一起打工，后双方分开生活。2013年9月被告吕某某回邓州与原告周某某协商离婚一事。原、被告女儿周一飞现随被告吕某某生活。另外，原、被告共同财产有：位于邓州市高集乡吕堂村周营组一栋二层上三下三房屋及附属院落。现查明双方认可的共同债务为21000元。庭审中，本案经调解未获成立。&#xA;本院认为：原告周某某与被告吕某某虽结婚多年并育有子女，但双方常为生活琐事生气、吵架，经本院调解，原、被告仍坚持离婚，可以认为原、被告双方夫妻感情已完全破裂，故对原告离婚请求，本院依法予以支持。关于原、被告共同房产位于高集乡吕堂村周营组上三下三房屋及附属院落一套，原告周某某与被告吕某某商定归原、被告儿子周景所有，原、被告双方均有居住权，本院依法予以支持。关于原、被告共同债务，原告称借案外人吕建筑15000元、周明显4000元及胡建锋2000元以上共计21000元，被告予以认可，本院予以采信。但原告称借郭大海砖款65000元，被告不予认可称虽借款但数额不大且早已还了，因原、被告均未提交证据证明主张，故对原告称借郭大海65000元本院暂不予处理，双方可待以后解决。原告称另借外债34000元及被告称借外债50000元，因均无相关扎实证据证实且对方均不认可，故对原被告所述的其它债务本院现不予支持。关于原、被告婚生女儿周一飞的抚养问题，因周一飞作为女孩，随母亲生活更有利于其健康成长，故原、被告婚生女儿周一飞以随被告吕某某生活为宜。婚生女儿周一飞的抚养费被告吕某某不要求原告周某某支付抚养费，本院予以支持。原、被告共同债务21000元承担问题，因原告周某某不承担周一飞的抚养费，故原、被告共同债务21000元由原告周某某一人承担为宜。综上，依据《中华人民共和国婚姻法》第三十二条、第三十六条、第三十八条、第三十九条、第四十一条之规定，判决如下：&#xA;一、准予原告周某某与被告吕某某离婚。&#xA;二、原告周某某与被告吕某某婚生女儿周一飞随被告吕某某生活，原告周某某不支付抚养费，原告周某某有探望女儿周一飞的权利。&#xA;三、原告周某某与被告吕某某共同财产位于邓州市高集乡吕堂村周营组一套上三下三房屋及附属院落一处归原被告婚生儿子周景所有，原告周某某及被告吕某某均有居住权。原告周某某与被告吕某某共同债务21000元由原告周某某承担。&#xA;案件受理费300元，由原告周某某承担。&#xA;如不服本判决，可在判决书送达之日起十五日内向本院递交上诉状，并按对方当事人的人数提出副本，上诉于南阳市中级人民法院。&#xA;审判员程富君&#xA;二〇一三年十二月三十一日&#xA;书记员周克&#xA;" nameCN="全文">
  <WS value="河南省邓州市人民法院&#xA;民事判决书&#xA;（2013）邓法民初字第2548号&#xA;" nameCN="文首">
    <WSZZDW value="法院" nameCN="文书制作单位" />
    <JBFY value="河南省邓州市人民法院" nameCN="经办法院">
      <FYJB value="基层" nameCN="法院级别" />
      <XZQH_P value="河南" nameCN="行政区划(省)" />
      <XZQH_C value="邓州市" nameCN="行政区划(市)" />
    </JBFY>
    <WSMC value="民事判决书" nameCN="文书名称" />
    <AH value="(2013)邓法民初字第2548号" nameCN="案号" />
    <LAND value="2013" nameCN="立案年度" />
    <AJXZ value="民事案件" nameCN="案件性质" />
    <WSZL value="判决书" nameCN="文书种类" />
    <SPCX value="一审案件" nameCN="审判程序" />
    <AJLX value="民事一审案件" nameCN="案件类型" />
  </WS>
  <SSCYRQJ value="原告：周某某，男，汉族，生于1970年9月23日，住邓州市。&#xA;委托代理人：杨瑞丽，女，河南框正律师事务所律师。&#xA;被告：吕某某，女，汉族，生于1970年4月25日，住址同上。&#xA;委托代理人：许学习，男，河南三贤律师事务所律师。&#xA;" nameCN="诉讼参与人全集">
    <SSCYR value="原告：周某某，男，汉族，生于1970年9月23日，住邓州市。" nameCN="诉讼参与人">
      <SSCYRMC value="周某某" nameCN="诉讼参与人名称" />
      <SSSF value="原告" nameCN="诉讼身份" />
      <SSDW value="原告" nameCN="诉讼地位" />
      <DSRLB value="原告" nameCN="当事人类别" />
      <DSRLX value="自然人" nameCN="当事人类型" />
      <XB value="男" nameCN="性别" />
      <MZ value="汉族" nameCN="民族" />
      <CSRQ value="1970年9月23日" nameCN="出生日期">
        <Year value="1970" nameCN="年" />
        <Month value="9" nameCN="月" />
        <Day value="23" nameCN="日" />
      </CSRQ>
      <GJ value="中国" nameCN="国籍" />
      <DSRDZ value="邓州市" nameCN="当事人地址" />
      <DSRSFZH value="否" nameCN="当事人是否再婚" />
    </SSCYR>
    <SSCYR value="委托代理人：杨瑞丽，女，河南框正律师事务所律师。" nameCN="诉讼参与人">
      <SSCYRMC value="杨瑞丽" nameCN="诉讼参与人名称" />
      <SSSF value="委托代理人" nameCN="诉讼身份" />
      <DSRLX value="自然人" nameCN="当事人类型" />
      <XB value="女" nameCN="性别" />
      <GJ value="中国" nameCN="国籍" />
      <DWZWFZ nameCN="单位职务分组">
        <ZW value="律师" nameCN="职务" />
      </DWZWFZ>
    </SSCYR>
    <SSCYR value="被告：吕某某，女，汉族，生于1970年4月25日，住址同上。" nameCN="诉讼参与人">
      <SSCYRMC value="吕某某" nameCN="诉讼参与人名称" />
      <SSSF value="被告" nameCN="诉讼身份" />
      <SSDW value="被告" nameCN="诉讼地位" />
      <DSRLB value="被告" nameCN="当事人类别" />
      <DSRLX value="自然人" nameCN="当事人类型" />
      <XB value="女" nameCN="性别" />
      <MZ value="汉族" nameCN="民族" />
      <CSRQ value="1970年4月25日" nameCN="出生日期">
        <Year value="1970" nameCN="年" />
        <Month value="4" nameCN="月" />
        <Day value="25" nameCN="日" />
      </CSRQ>
      <GJ value="中国" nameCN="国籍" />
      <DSRDZ value="址同上" nameCN="当事人地址" />
      <DTQK value="到庭" nameCN="到庭情况" />
      <DSRSFZH value="否" nameCN="当事人是否再婚" />
    </SSCYR>
    <SSCYR value="委托代理人：许学习，男，河南三贤律师事务所律师。" nameCN="诉讼参与人">
      <SSCYRMC value="许学习" nameCN="诉讼参与人名称" />
      <SSSF value="委托代理人" nameCN="诉讼身份" />
      <DSRLX value="自然人" nameCN="当事人类型" />
      <XB value="男" nameCN="性别" />
      <GJ value="中国" nameCN="国籍" />
      <DWZWFZ nameCN="单位职务分组">
        <ZW value="律师" nameCN="职务" />
      </DWZWFZ>
    </SSCYR>
    <SSCYRQJ value="错误" nameCN="保险公司是否作为被告" />
  </SSCYRQJ>
  <SSJL value="原告周某某诉被告吕某某为离婚纠纷一案，本院受理后，依法由本院审判员程富君独任审判，不公开开庭进行了审理。原告周某某及其委托代理人，被告吕某某及其委托代理人均到庭参加了诉讼，本案现已审理终结。" nameCN="诉讼记录">
    <YG value="周某某" nameCN="原告" />
    <BG value="吕某某为" nameCN="被告" />
    <AY value="离婚纠纷" nameCN="案由" />
    <KTSL value="是" nameCN="开庭审理" />
    <KTSLXX value="不公开审理" nameCN="开庭审理信息">
      <BGKSLYY value="当事人申请不公开审理的离婚案件" nameCN="不公开审理原因" />
    </KTSLXX>
    <WZAY value="离婚纠纷" nameCN="完整案由" />
    <AYDM value="9015" nameCN="案由代码" />
    <YSAJSYCX value="普通程序" nameCN="一审案件适用程序" />
    <JYZPT value="否" nameCN="简易转普通" />
    <YSAJLY value="新收" nameCN="一审案件来源" />
    <CTDSRXX nameCN="出庭当事人信息">
      <CTRXM value="周某某" nameCN="出庭人姓名">
        <SSDW value="原告" nameCN="诉讼地位" />
      </CTRXM>
      <CTRXM value="吕某某" nameCN="出庭人姓名">
        <SSDW value="被告" nameCN="诉讼地位" />
      </CTRXM>
    </CTDSRXX>
  </SSJL>
  <AJJBQK value="原告诉称：我与被告婚后因家庭生活琐事常生气吵架，现夫妻感情已完全破裂，现要求与被告离婚，另外婚生女儿由原告抚养，由被告每月支付抚养费300元，共同房产一套归原、被告婚生儿子周景所有，原、被告均有居住权，另外共同债务原、被告共同承担。为支持其诉讼请求，原告向法庭提交如下证据：&#xA;1、原告身份证复印件一份，以证实原告身份。&#xA;2、原、被告儿子周景、女儿周一飞及被告周某某常驻人口登记卡复印件各一份，以证实该三人身份及家庭关系。&#xA;3、结婚证一份，以证实原、被告婚姻事实。&#xA;被告辩称：同意与原告离婚，同意共同房产归儿子周景所有，原、被告双方均有居住权，但女儿应由被告抚养，不要求原告支付抚养费。另外原告所诉共同债务部分不属实，共同债务应由原告承担。被告未向法庭提交证据。&#xA;以上原告提交的证据1、2、3均由相关机关出具，合法、真实，被告无异议，本院予以采信。&#xA;依据上述有效证据及庭审调查，本院确认如下案件事实：原告周某某与被告吕某某经自由恋爱，双方于1992年1月10日办理了结婚登记，于1992年7月24日举行了结婚仪式，于1993年4月5日生育一男孩取名周景，于2004年4月16日生育一女儿取名周一飞。女儿周一飞自小一直随原、被告二人生活。2011年正月初八原、被告因家庭琐事生气、吵架后，被告吕某某一人去广州打工，女儿周一飞随其奶奶生活。2012年10月原告周某某去广州与被告吕某某一起打工，后双方分开生活。2013年9月被告吕某某回邓州与原告周某某协商离婚一事。原、被告女儿周一飞现随被告吕某某生活。另外，原、被告共同财产有：位于邓州市高集乡吕堂村周营组一栋二层上三下三房屋及附属院落。现查明双方认可的共同债务为21000元。庭审中，本案经调解未获成立。&#xA;" nameCN="案件基本情况">
    <YGSCD value="原告诉称：我与被告婚后因家庭生活琐事常生气吵架，现夫妻感情已完全破裂，现要求与被告离婚，另外婚生女儿由原告抚养，由被告每月支付抚养费300元，共同房产一套归原、被告婚生儿子周景所有，原、被告均有居住权，另外共同债务原、被告共同承担。为支持其诉讼请求，原告向法庭提交如下证据： 1、原告身份证复印件一份，以证实原告身份。 2、原、被告儿子周景、女儿周一飞及被告周某某常驻人口登记卡复印件各一份，以证实该三人身份及家庭关系。 3、结婚证一份，以证实原、被告婚姻事实。 " nameCN="原告诉称段" />
    <BGBCD value="被告辩称：同意与原告离婚，同意共同房产归儿子周景所有，原、被告双方均有居住权，但女儿应由被告抚养，不要求原告支付抚养费。另外原告所诉共同债务部分不属实，共同债务应由原告承担。被告未向法庭提交证据。 " nameCN="被告辩称段" />
    <ZJD value="以上原告提交的证据1、2、3均由相关机关出具，合法、真实，被告无异议，本院予以采信。" nameCN="证据段" />
    <CMSSD value="依据上述有效证据及庭审调查，本院确认如下案件事实：原告周某某与被告吕某某经自由恋爱，双方于1992年1月10日办理了结婚登记，于1992年7月24日举行了结婚仪式，于1993年4月5日生育一男孩取名周景，于2004年4月16日生育一女儿取名周一飞。女儿周一飞自小一直随原、被告二人生活。2011年正月初八原、被告因家庭琐事生气、吵架后，被告吕某某一人去广州打工，女儿周一飞随其奶奶生活。2012年10月原告周某某去广州与被告吕某某一起打工，后双方分开生活。2013年9月被告吕某某回邓州与原告周某某协商离婚一事。原、被告女儿周一飞现随被告吕某某生活。另外，原、被告共同财产有：位于邓州市高集乡吕堂村周营组一栋二层上三下三房屋及附属院落。现查明双方认可的共同债务为21000元。庭审中，本案经调解未获成立。" nameCN="查明事实段">
      <SGXQ value="未提及" nameCN="事故详情">
        <SGSJ value="未提及" nameCN="事故时间" />
        <SGDD value="未提及" nameCN="事故地点" />
      </SGXQ>
      <JDCSYR value="吕某某" nameCN="机动车所有人" />
      <SHRJZD value="邓州市" nameCN="受害人居住地" />
      <SFTB value="是" nameCN="是否投保" />
      <SFZBXQN value="是" nameCN="是否在保险期内" />
      <SFXQPF value="是" nameCN="是否先期赔付" />
      <JDSFKK value="是" nameCN="鉴定是否可靠" />
    </CMSSD>
  </AJJBQK>
  <CPFXGC value="本院认为：原告周某某与被告吕某某虽结婚多年并育有子女，但双方常为生活琐事生气、吵架，经本院调解，原、被告仍坚持离婚，可以认为原、被告双方夫妻感情已完全破裂，故对原告离婚请求，本院依法予以支持。关于原、被告共同房产位于高集乡吕堂村周营组上三下三房屋及附属院落一套，原告周某某与被告吕某某商定归原、被告儿子周景所有，原、被告双方均有居住权，本院依法予以支持。关于原、被告共同债务，原告称借案外人吕建筑15000元、周明显4000元及胡建锋2000元以上共计21000元，被告予以认可，本院予以采信。但原告称借郭大海砖款65000元，被告不予认可称虽借款但数额不大且早已还了，因原、被告均未提交证据证明主张，故对原告称借郭大海65000元本院暂不予处理，双方可待以后解决。原告称另借外债34000元及被告称借外债50000元，因均无相关扎实证据证实且对方均不认可，故对原被告所述的其它债务本院现不予支持。关于原、被告婚生女儿周一飞的抚养问题，因周一飞作为女孩，随母亲生活更有利于其健康成长，故原、被告婚生女儿周一飞以随被告吕某某生活为宜。婚生女儿周一飞的抚养费被告吕某某不要求原告周某某支付抚养费，本院予以支持。原、被告共同债务21000元承担问题，因原告周某某不承担周一飞的抚养费，故原、被告共同债务21000元由原告周某某一人承担为宜。综上，依据《中华人民共和国婚姻法》第三十二条、第三十六条、第三十八条、第三十九条、第四十一条之规定，判决如下：&#xA;" nameCN="裁判分析过程">
    <JAFSLX value="判决" nameCN="结案方式类型" />
    <FLFTMC value="中华人民共和国婚姻法" nameCN="法律法条名称">
      <TM value="三十六" nameCN="条目" />
      <TM value="三十九" nameCN="条目" />
      <TM value="四十一" nameCN="条目" />
      <TM value="三十二" nameCN="条目" />
      <TM value="三十八" nameCN="条目" />
      <SFCXF value="非程序法" nameCN="是否是程序法" />
    </FLFTMC>
  </CPFXGC>
  <CPJG value="一、准予原告周某某与被告吕某某离婚。&#xA;二、原告周某某与被告吕某某婚生女儿周一飞随被告吕某某生活，原告周某某不支付抚养费，原告周某某有探望女儿周一飞的权利。&#xA;三、原告周某某与被告吕某某共同财产位于邓州市高集乡吕堂村周营组一套上三下三房屋及附属院落一处归原被告婚生儿子周景所有，原告周某某及被告吕某某均有居住权。原告周某某与被告吕某某共同债务21000元由原告周某某承担。&#xA;案件受理费300元，由原告周某某承担。&#xA;如不服本判决，可在判决书送达之日起十五日内向本院递交上诉状，并按对方当事人的人数提出副本，上诉于南阳市中级人民法院。&#xA;" nameCN="裁判结果">
    <JAFS value="判决" nameCN="结案方式" />
    <PCSFSXZQ value="正确" nameCN="同时起诉侵权人与保险公司的赔偿顺序" />
    <JTPJJG value="一、准予原告周某某与被告吕某某离婚。" nameCN="具体裁判段" />
    <JTPJJG value="二、原告周某某与被告吕某某婚生女儿周一飞随被告吕某某生活，原告周某某不支付抚养费，原告周某某有探望女儿周一飞的权利。" nameCN="具体裁判段" />
    <JTPJJG value="三、原告周某某与被告吕某某共同财产位于邓州市高集乡吕堂村周营组一套上三下三房屋及附属院落一处归原被告婚生儿子周景所有，原告周某某及被告吕某某均有居住权。原告周某某与被告吕某某共同债务21000元由原告周某某承担。" nameCN="具体裁判段">
      <PJJE nameCN="判决金额">
        <JE value="21000元" nameCN="金额" />
      </PJJE>
    </JTPJJG>
    <SSFCD nameCN="诉讼费承担">
      <SSFCDJL value="案件受理费300元，由原告周某某承担。" nameCN="诉讼费承担记录">
        <SSFJE value="300元" nameCN="诉讼费金额" />
        <SSFZL value="受理费" nameCN="诉讼费种类" />
        <SSFCDR value="周某某" nameCN="承担人">
          <SSFCDJE value="300元" nameCN="承担金额" />
          <SSFCDFS value="个人独立承担该金额" nameCN="承担方式" />
          <SSFCDDW value="原告" nameCN="承担人地位" />
        </SSFCDR>
      </SSFCDJL>
    </SSFCD>
    <SFFHCS value="否" nameCN="是否发回重审" />
    <KSSZ value="南阳市中级人民法院" nameCN="可上诉至" />
    <SSTJCL value="上诉状，并按对方当事人的人数提出副本" nameCN="上诉提交材料" />
    <SSQX value="十五日" nameCN="上诉期限" />
    <TCGXQYY value="否" nameCN="是否提出管辖权异议" />
  </CPJG>
  <WW value="审判员程富君&#xA;二〇一三年十二月三十一日&#xA;书记员周克&#xA;" nameCN="文尾">
    <SPZZCY nameCN="审判组织成员">
      <SPRYXM value="周克" nameCN="审判人员姓名" />
      <SPRYJS value="书记员" nameCN="审判人员角色" />
    </SPZZCY>
    <SPZZCY nameCN="审判组织成员">
      <SPRYXM value="程富君" nameCN="审判人员姓名" />
      <SPRYJS value="审判员" nameCN="审判人员角色" />
    </SPZZCY>
    <CPSJ value="2013年12月31日" nameCN="裁判时间">
      <Year value="2013" nameCN="结案年度" />
      <JANYR value="2013年12月31日" nameCN="结案年月日" />
      <JANY value="2013-12" nameCN="结案年月" />
      <Month value="12" nameCN="月" />
      <Day value="31" nameCN="日" />
    </CPSJ>
  </WW>
  <FL value="" nameCN="附录" />
</QW>

