<?xml version="1.0" encoding="UTF-8"?>
<QW value="&#xA;江苏省靖江市人民法院&#xA;民事裁定书&#xA;（2014）泰靖园民初字第0716号&#xA;原告周某甲，女。&#xA;委托代理人姚余杰。&#xA;被告高某，男。&#xA;原告周某甲与被告高某为离婚纠纷一案，本院于2014年9月22日立案受理，现已审理终结。&#xA;经审理查明：原、被告于××××年××月举行结婚仪式（时原告未年满20周岁），××××年××月生育一子，取名周某乙，双方至今未办理结婚登记。&#xA;本院认为，原告向本院提起离婚之诉，应以原、被告存在婚姻关系为前提。原、被告举行结婚仪式时，原告并不符合结婚的实质要件，且双方至今未办理结婚登记，故对原告的起诉应予驳回。依照《中华人民共和国民事诉讼法》第一百五十四条第一款第（三）项的规定，裁定如下：&#xA;驳回原告周某甲的起诉。&#xA;原告预交的案件受理费120元，本院予以退回。&#xA;如不服本裁定，可在裁定书送达之日起十日内，向本院递交上诉状正本一份，副本二份，上诉于江苏省泰州市中级人民法院。&#xA;代理审判员陈洁&#xA;二〇一四年十月二十七日&#xA;书记员张琪&#xA;附录：&#xA;中华人民共和国民事诉讼法&#xA;第一百五十四条裁定适用于下列范围：&#xA;（一）不予受理；&#xA;（二）对管辖权有异议的；&#xA;（三）驳回起诉；&#xA;（四）保全和先予执行；&#xA;（五）准许或者不准许撤诉；&#xA;（六）中止或者终结诉讼；&#xA;（七）补正判决书中的笔误；&#xA;（八）中止或者终结执行；&#xA;（九）撤销或者不予执行仲裁裁决；&#xA;（十）不予执行公证机关赋予强制执行效力的债权文书；&#xA;（十一）其他需要裁定解决的事项。&#xA;对前款第一项至第三项裁定，可以上诉。&#xA;裁定书应当写明裁定结果和作出该裁定的理由。裁定书由审判人员、书记员署名，加盖人民法院印章。口头裁定的，记入笔录。&#xA;" nameCN="全文">
  <WS value="江苏省靖江市人民法院&#xA;民事裁定书&#xA;（2014）泰靖园民初字第0716号&#xA;" nameCN="文首">
    <WSZZDW value="法院" nameCN="文书制作单位" />
    <JBFY value="江苏省靖江市人民法院" nameCN="经办法院">
      <FYJB value="基层" nameCN="法院级别" />
      <XZQH_P value="江苏" nameCN="行政区划(省)" />
      <XZQH_C value="靖江市" nameCN="行政区划(市)" />
    </JBFY>
    <WSMC value="民事裁定书" nameCN="文书名称" />
    <AH value="(2014)泰靖园民初字第0716号" nameCN="案号" />
    <LAND value="2014" nameCN="立案年度" />
    <AJXZ value="民事案件" nameCN="案件性质" />
    <WSZL value="裁定书" nameCN="文书种类" />
    <SPCX value="一审案件" nameCN="审判程序" />
    <AJLX value="民事一审案件" nameCN="案件类型" />
  </WS>
  <SSCYRQJ value="原告周某甲，女。&#xA;委托代理人姚余杰。&#xA;被告高某，男。&#xA;" nameCN="诉讼参与人全集">
    <SSCYR value="原告周某甲，女。" nameCN="诉讼参与人">
      <SSCYRMC value="周某甲" nameCN="诉讼参与人名称" />
      <SSSF value="原告" nameCN="诉讼身份" />
      <SSDW value="原告" nameCN="诉讼地位" />
      <DSRLB value="原告" nameCN="当事人类别" />
      <DSRLX value="自然人" nameCN="当事人类型" />
      <XB value="女" nameCN="性别" />
      <GJ value="中国" nameCN="国籍" />
      <DSRSFZH value="否" nameCN="当事人是否再婚" />
    </SSCYR>
    <SSCYR value="委托代理人姚余杰。" nameCN="诉讼参与人">
      <SSCYRMC value="姚余杰" nameCN="诉讼参与人名称" />
      <SSSF value="委托代理人" nameCN="诉讼身份" />
      <DSRLX value="自然人" nameCN="当事人类型" />
      <GJ value="中国" nameCN="国籍" />
    </SSCYR>
    <SSCYR value="被告高某，男。" nameCN="诉讼参与人">
      <SSCYRMC value="高某" nameCN="诉讼参与人名称" />
      <SSSF value="被告" nameCN="诉讼身份" />
      <SSDW value="被告" nameCN="诉讼地位" />
      <DSRLB value="被告" nameCN="当事人类别" />
      <DSRLX value="自然人" nameCN="当事人类型" />
      <XB value="男" nameCN="性别" />
      <GJ value="中国" nameCN="国籍" />
      <DSRSFZH value="否" nameCN="当事人是否再婚" />
    </SSCYR>
    <SSCYRQJ value="错误" nameCN="保险公司是否作为被告" />
  </SSCYRQJ>
  <SSJL value="原告周某甲与被告高某为离婚纠纷一案，本院于2014年9月22日立案受理，现已审理终结。" nameCN="诉讼记录">
    <YG value="周某甲" nameCN="原告" />
    <BG value="高某为" nameCN="被告" />
    <AY value="离婚纠纷" nameCN="案由" />
    <KTSL value="否" nameCN="开庭审理" />
    <WZAY value="离婚纠纷" nameCN="完整案由" />
    <AYDM value="9015" nameCN="案由代码" />
    <LARQ value="2014年9月22日" nameCN="立案日期" />
    <YSAJSYCX value="普通程序" nameCN="一审案件适用程序" />
    <JYZPT value="否" nameCN="简易转普通" />
    <SPZZ value="独任庭" nameCN="审判组织" />
    <YSAJLY value="新收" nameCN="一审案件来源" />
    <SLRQ value="2014年9月22日" nameCN="受理日期" />
  </SSJL>
  <AJJBQK value="经审理查明：原、被告于××××年××月举行结婚仪式（时原告未年满20周岁），××××年××月生育一子，取名周某乙，双方至今未办理结婚登记。&#xA;" nameCN="案件基本情况">
    <CMSSD value="经审理查明：原、被告于××××年××月举行结婚仪式（时原告未年满20周岁），××××年××月生育一子，取名周某乙，双方至今未办理结婚登记。" nameCN="查明事实段">
      <SGXQ value="未提及" nameCN="事故详情">
        <SGSJ value="未提及" nameCN="事故时间" />
        <SGDD value="未提及" nameCN="事故地点" />
      </SGXQ>
      <JDCSYR value="高某" nameCN="机动车所有人" />
      <SFTB value="是" nameCN="是否投保" />
      <SFZBXQN value="是" nameCN="是否在保险期内" />
      <SFXQPF value="是" nameCN="是否先期赔付" />
      <JDSFKK value="是" nameCN="鉴定是否可靠" />
    </CMSSD>
  </AJJBQK>
  <CPFXGC value="本院认为，原告向本院提起离婚之诉，应以原、被告存在婚姻关系为前提。原、被告举行结婚仪式时，原告并不符合结婚的实质要件，且双方至今未办理结婚登记，故对原告的起诉应予驳回。依照《中华人民共和国民事诉讼法》第一百五十四条第一款第（三）项的规定，裁定如下：&#xA;" nameCN="裁判分析过程">
    <JAFSLX value="裁定" nameCN="结案方式类型" />
    <FLFTMC value="中华人民共和国民事诉讼法" nameCN="法律法条名称">
      <TM value="一百五十四" nameCN="条目">
        <KM value="第一款第（三）项" nameCN="款目" />
      </TM>
      <SFCXF value="是程序法" nameCN="是否是程序法" />
    </FLFTMC>
  </CPFXGC>
  <CPJG value="驳回原告周某甲的起诉。&#xA;原告预交的案件受理费120元，本院予以退回。&#xA;如不服本裁定，可在裁定书送达之日起十日内，向本院递交上诉状正本一份，副本二份，上诉于江苏省泰州市中级人民法院。&#xA;" nameCN="裁判结果">
    <JAFS value="驳回起诉" nameCN="结案方式" />
    <PCSFSXZQ value="正确" nameCN="同时起诉侵权人与保险公司的赔偿顺序" />
    <JTPJJG value="驳回原告周某甲的起诉。" nameCN="具体裁判段" />
    <JTPJJG value="原告预交的案件受理费120元，本院予以退回。" nameCN="具体裁判段">
      <PJJE nameCN="判决金额">
        <JE value="120元" nameCN="金额" />
      </PJJE>
    </JTPJJG>
    <JTPJJG value="如不服本裁定，可在裁定书送达之日起十日内，向本院递交上诉状正本一份，副本二份，上诉于江苏省泰州市中级人民法院。" nameCN="具体裁判段" />
    <SFFHCS value="否" nameCN="是否发回重审" />
    <KSSZ value="江苏省泰州市中级人民法院" nameCN="可上诉至" />
    <SSTJCL value="上诉状正本一份，副本二份" nameCN="上诉提交材料" />
    <SSQX value="十日" nameCN="上诉期限" />
    <TCGXQYY value="否" nameCN="是否提出管辖权异议" />
  </CPJG>
  <WW value="代理审判员陈洁&#xA;二〇一四年十月二十七日&#xA;书记员张琪&#xA;" nameCN="文尾">
    <SPZZCY nameCN="审判组织成员">
      <SPRYXM value="张琪" nameCN="审判人员姓名" />
      <SPRYJS value="书记员" nameCN="审判人员角色" />
    </SPZZCY>
    <SPZZCY nameCN="审判组织成员">
      <SPRYXM value="陈洁" nameCN="审判人员姓名" />
      <SPRYJS value="代理审判员" nameCN="审判人员角色" />
    </SPZZCY>
    <CPSJ value="2014年10月27日" nameCN="裁判时间">
      <Year value="2014" nameCN="结案年度" />
      <JANYR value="2014年10月27日" nameCN="结案年月日" />
      <JANY value="2014-10" nameCN="结案年月" />
      <Month value="10" nameCN="月" />
      <Day value="27" nameCN="日" />
    </CPSJ>
  </WW>
  <FL value="" nameCN="附录" />
</QW>

