<?xml version="1.0" encoding="UTF-8"?>
<QW value="河南省民权县人民法院&#xA;民事裁定书&#xA;（2015）民民初字第02198号&#xA;原告周某某，女，1993年11月29日出生，汉族，农民，住所地云南省保山市。&#xA;委托代理人底振宇，河南京港律师事务所律师。&#xA;被告沈某某，男，1987年12月14日出生，汉族，农民，住所地河南省民权县。&#xA;委托代理人苏效钦，河南宇博律师事务所律师。&#xA;本院在审理原告周某某与被告沈某某离婚纠纷一案过程中，原告于2015年12月11日向本院递交撤诉申请，要求撤回起诉。&#xA;本院认为，原告的申请是其真实意思表示，应予准许。根据《中华人民共和国民事诉讼法》第一百四十五条之规定，裁定如下：&#xA;准予原告周某某撤诉。&#xA;案件受理费300元，减半收取150元，由原告负担。&#xA;审判员丁玉东&#xA;二〇一五年十二月十一日&#xA;书记员陈勇&#xA;" nameCN="全文">
  <WS value="河南省民权县人民法院&#xA;民事裁定书&#xA;（2015）民民初字第02198号&#xA;" nameCN="文首">
    <WSZZDW value="法院" nameCN="文书制作单位" />
    <JBFY value="河南省民权县人民法院" nameCN="经办法院">
      <FYJB value="基层" nameCN="法院级别" />
      <XZQH_P value="河南" nameCN="行政区划(省)" />
      <XZQH_C value="河南" nameCN="行政区划(市)" />
    </JBFY>
    <WSMC value="民事裁定书" nameCN="文书名称" />
    <AH value="(2015)民民初字第02198号" nameCN="案号" />
    <LAND value="2015" nameCN="立案年度" />
    <AJXZ value="民事案件" nameCN="案件性质" />
    <WSZL value="裁定书" nameCN="文书种类" />
    <SPCX value="一审案件" nameCN="审判程序" />
    <AJLX value="民事一审案件" nameCN="案件类型" />
  </WS>
  <SSCYRQJ value="原告周某某，女，1993年11月29日出生，汉族，农民，住所地云南省保山市。&#xA;委托代理人底振宇，河南京港律师事务所律师。&#xA;被告沈某某，男，1987年12月14日出生，汉族，农民，住所地河南省民权县。&#xA;委托代理人苏效钦，河南宇博律师事务所律师。&#xA;" nameCN="诉讼参与人全集">
    <SSCYR value="原告周某某，女，1993年11月29日出生，汉族，农民，住所地云南省保山市。" nameCN="诉讼参与人">
      <SSCYRMC value="周某某" nameCN="诉讼参与人名称" />
      <SSSF value="原告" nameCN="诉讼身份" />
      <SSDW value="原告" nameCN="诉讼地位" />
      <DSRLB value="原告" nameCN="当事人类别" />
      <DSRLX value="自然人" nameCN="当事人类型" />
      <XB value="女" nameCN="性别" />
      <MZ value="汉族" nameCN="民族" />
      <CSRQ value="1993年11月29日" nameCN="出生日期">
        <Year value="1993" nameCN="年" />
        <Month value="11" nameCN="月" />
        <Day value="29" nameCN="日" />
      </CSRQ>
      <GJ value="中国" nameCN="国籍" />
      <DSRDZ value="云南省保山市" nameCN="当事人地址" />
      <DWZWFZ nameCN="单位职务分组">
        <ZW value="农民" nameCN="职务" />
      </DWZWFZ>
      <DSRSFZH value="否" nameCN="当事人是否再婚" />
    </SSCYR>
    <SSCYR value="委托代理人底振宇，河南京港律师事务所律师。" nameCN="诉讼参与人">
      <SSCYRMC value="底振宇" nameCN="诉讼参与人名称" />
      <SSSF value="委托代理人" nameCN="诉讼身份" />
      <DSRLX value="自然人" nameCN="当事人类型" />
      <GJ value="中国" nameCN="国籍" />
      <DWZWFZ nameCN="单位职务分组">
        <ZW value="律师" nameCN="职务" />
      </DWZWFZ>
    </SSCYR>
    <SSCYR value="被告沈某某，男，1987年12月14日出生，汉族，农民，住所地河南省民权县。" nameCN="诉讼参与人">
      <SSCYRMC value="沈某某" nameCN="诉讼参与人名称" />
      <SSSF value="被告" nameCN="诉讼身份" />
      <SSDW value="被告" nameCN="诉讼地位" />
      <DSRLB value="被告" nameCN="当事人类别" />
      <DSRLX value="自然人" nameCN="当事人类型" />
      <XB value="男" nameCN="性别" />
      <MZ value="汉族" nameCN="民族" />
      <CSRQ value="1987年12月14日" nameCN="出生日期">
        <Year value="1987" nameCN="年" />
        <Month value="12" nameCN="月" />
        <Day value="14" nameCN="日" />
      </CSRQ>
      <GJ value="中国" nameCN="国籍" />
      <DSRDZ value="河南省民权县" nameCN="当事人地址" />
      <DWZWFZ nameCN="单位职务分组">
        <ZW value="农民" nameCN="职务" />
      </DWZWFZ>
      <DSRSFZH value="否" nameCN="当事人是否再婚" />
    </SSCYR>
    <SSCYR value="委托代理人苏效钦，河南宇博律师事务所律师。" nameCN="诉讼参与人">
      <SSCYRMC value="苏效钦" nameCN="诉讼参与人名称" />
      <SSSF value="委托代理人" nameCN="诉讼身份" />
      <DSRLX value="自然人" nameCN="当事人类型" />
      <GJ value="中国" nameCN="国籍" />
      <DWZWFZ nameCN="单位职务分组">
        <ZW value="律师" nameCN="职务" />
      </DWZWFZ>
    </SSCYR>
    <SSCYRQJ value="错误" nameCN="保险公司是否作为被告" />
  </SSCYRQJ>
  <SSJL value="本院在审理原告周某某与被告沈某某离婚纠纷一案过程中，原告于2015年12月11日向本院递交撤诉申请，要求撤回起诉。" nameCN="诉讼记录">
    <CS value="" nameCN="撤诉">
      <CSR value="*未写出" nameCN="撤诉人" />
      <RQ value="2015年12月11日" nameCN="日期" />
    </CS>
    <YG value="周某某" nameCN="原告" />
    <BG value="沈某某" nameCN="被告" />
    <AY value="离婚纠纷" nameCN="案由" />
    <KTSL value="否" nameCN="开庭审理" />
    <WZAY value="离婚纠纷" nameCN="完整案由" />
    <AYDM value="9015" nameCN="案由代码" />
    <YSAJSYCX value="普通程序" nameCN="一审案件适用程序" />
    <JYZPT value="否" nameCN="简易转普通" />
    <SPZZ value="独任庭" nameCN="审判组织" />
    <YSAJLY value="新收" nameCN="一审案件来源" />
    <SQCSRQ value="2015年12月11日" nameCN="申请撤诉日期" />
  </SSJL>
  <AJJBQK value="" nameCN="案件基本情况" />
  <CPFXGC value="本院认为，原告的申请是其真实意思表示，应予准许。根据《中华人民共和国民事诉讼法》第一百四十五条之规定，裁定如下：&#xA;" nameCN="裁判分析过程">
    <JAFSLX value="裁定" nameCN="结案方式类型" />
    <FLFTMC value="中华人民共和国民事诉讼法" nameCN="法律法条名称">
      <TM value="一百四十五" nameCN="条目" />
      <SFCXF value="是程序法" nameCN="是否是程序法" />
    </FLFTMC>
  </CPFXGC>
  <CPJG value="准予原告周某某撤诉。&#xA;案件受理费300元，减半收取150元，由原告负担。&#xA;" nameCN="裁判结果">
    <JAFS value="准予撤诉" nameCN="结案方式" />
    <PCSFSXZQ value="正确" nameCN="同时起诉侵权人与保险公司的赔偿顺序" />
    <JTPJJG value="准予原告周某某撤诉。" nameCN="具体裁判段" />
    <SSFCD nameCN="诉讼费承担">
      <SSFCDJL value="案件受理费300元，减半收取150元，由原告负担。" nameCN="诉讼费承担记录">
        <SSFJE value="150元" nameCN="诉讼费金额" />
        <SSFZL value="受理费" nameCN="诉讼费种类" />
      </SSFCDJL>
    </SSFCD>
    <SFFHCS value="否" nameCN="是否发回重审" />
    <CSRJH nameCN="撤诉人集合">
      <CSR value="周某某" nameCN="撤诉人" />
    </CSRJH>
    <CSLX value="原告主动撤诉" nameCN="撤诉类型" />
    <TCGXQYY value="否" nameCN="是否提出管辖权异议" />
  </CPJG>
  <WW value="审判员丁玉东&#xA;二〇一五年十二月十一日&#xA;书记员陈勇&#xA;" nameCN="文尾">
    <SPZZCY nameCN="审判组织成员">
      <SPRYXM value="丁玉东" nameCN="审判人员姓名" />
      <SPRYJS value="审判员" nameCN="审判人员角色" />
    </SPZZCY>
    <SPZZCY nameCN="审判组织成员">
      <SPRYXM value="陈勇" nameCN="审判人员姓名" />
      <SPRYJS value="书记员" nameCN="审判人员角色" />
    </SPZZCY>
    <CPSJ value="2015年12月11日" nameCN="裁判时间">
      <Year value="2015" nameCN="结案年度" />
      <JANYR value="2015年12月11日" nameCN="结案年月日" />
      <JANY value="2015-12" nameCN="结案年月" />
      <Month value="12" nameCN="月" />
      <Day value="11" nameCN="日" />
    </CPSJ>
  </WW>
  <FL value="" nameCN="附录" />
</QW>

