<?xml version="1.0" encoding="UTF-8"?>
<QW value="&#xA;河北省唐山市路北区人民法院&#xA;民事裁定书&#xA;（2014）北民初字第3746号&#xA;原告：唐山市市政工程环境卫生管理处，地址：唐山市路南区车站路129号。&#xA;法定代表人：郑子勇，职务：处长。&#xA;委托代理人：刘秋良，唐山市路北区果园长城法律服务所法律工作者。&#xA;被告：唐山市路北区果园乡谢家庄村民委员会。&#xA;法定代表人：王建华，村委会主任。&#xA;被告：吴某某。&#xA;本院在审理原告唐山市市政工程环境卫生管理处与被告唐山市路北区果园乡谢家庄村民委员会、吴某某排除妨害纠纷一案中，原告唐山市市政工程环境卫生管理处于2014年11月1日向本院提出撤诉申请。被告吴某某于2014年11月25日声明准许撤诉。&#xA;本院认为原告申请撤诉，符合法律有关规定。依照《中华人民共和国民事诉讼法》第一百四十五条之规定，裁定如下：&#xA;准予原告唐山市市政工程环境卫生管理处撤回起诉。&#xA;案件受理费减半收取40元，由原告唐山市市政工程环境卫生管理处负担。&#xA;审判员徐晓红&#xA;代理审判员张宁&#xA;代理审判员杨爱华&#xA;二〇一四年十一月二十六日&#xA;书记员张薇薇&#xA;" nameCN="全文">
  <WS value="河北省唐山市路北区人民法院&#xA;民事裁定书&#xA;（2014）北民初字第3746号&#xA;" nameCN="文首">
    <WSZZDW value="法院" nameCN="文书制作单位" />
    <JBFY value="河北省唐山市路北区人民法院" nameCN="经办法院">
      <FYJB value="基层" nameCN="法院级别" />
      <XZQH_P value="河北" nameCN="行政区划(省)" />
      <XZQH_C value="唐山市" nameCN="行政区划(市)" />
    </JBFY>
    <WSMC value="民事裁定书" nameCN="文书名称" />
    <AH value="(2014)北民初字第3746号" nameCN="案号" />
    <LAND value="2014" nameCN="立案年度" />
    <AJXZ value="民事案件" nameCN="案件性质" />
    <WSZL value="裁定书" nameCN="文书种类" />
    <SPCX value="一审案件" nameCN="审判程序" />
    <AJLX value="民事一审案件" nameCN="案件类型" />
  </WS>
  <SSCYRQJ value="原告：唐山市市政工程环境卫生管理处，地址：唐山市路南区车站路129号。&#xA;法定代表人：郑子勇，职务：处长。&#xA;委托代理人：刘秋良，唐山市路北区果园长城法律服务所法律工作者。&#xA;被告：唐山市路北区果园乡谢家庄村民委员会。&#xA;法定代表人：王建华，村委会主任。&#xA;被告：吴某某。&#xA;" nameCN="诉讼参与人全集">
    <SSCYR value="原告：唐山市市政工程环境卫生管理处，地址：唐山市路南区车站路129号。" nameCN="诉讼参与人">
      <SSCYRMC value="唐山市市政工程环境卫生管理处" nameCN="诉讼参与人名称" />
      <SSSF value="原告" nameCN="诉讼身份" />
      <SSDW value="原告" nameCN="诉讼地位" />
      <DSRLB value="原告" nameCN="当事人类别" />
      <DSRLX value="法人" nameCN="当事人类型" />
      <FDDBR value="郑子勇" nameCN="单位法定代表人" />
    </SSCYR>
    <SSCYR value="法定代表人：郑子勇，职务：处长。" nameCN="诉讼参与人">
      <SSCYRMC value="郑子勇" nameCN="诉讼参与人名称" />
      <SSSF value="法定代表人" nameCN="诉讼身份" />
      <DSRLX value="自然人" nameCN="当事人类型" />
      <GJ value="中国" nameCN="国籍" />
      <DWZWFZ nameCN="单位职务分组">
        <DWMC value="唐山市市政工程环境卫生管理处" nameCN="单位名称" />
      </DWZWFZ>
    </SSCYR>
    <SSCYR value="委托代理人：刘秋良，唐山市路北区果园长城法律服务所法律工作者。" nameCN="诉讼参与人">
      <SSCYRMC value="刘秋良" nameCN="诉讼参与人名称" />
      <SSSF value="委托代理人" nameCN="诉讼身份" />
      <DSRLX value="自然人" nameCN="当事人类型" />
      <GJ value="中国" nameCN="国籍" />
    </SSCYR>
    <SSCYR value="被告：唐山市路北区果园乡谢家庄村民委员会。" nameCN="诉讼参与人">
      <SSCYRMC value="唐山市路北区果园乡谢家庄村民委员会" nameCN="诉讼参与人名称" />
      <SSSF value="被告" nameCN="诉讼身份" />
      <SSDW value="被告" nameCN="诉讼地位" />
      <DSRLB value="被告" nameCN="当事人类别" />
      <DSRLX value="法人" nameCN="当事人类型" />
      <FDDBR value="王建华" nameCN="单位法定代表人" />
    </SSCYR>
    <SSCYR value="法定代表人：王建华，村委会主任。" nameCN="诉讼参与人">
      <SSCYRMC value="王建华" nameCN="诉讼参与人名称" />
      <SSSF value="法定代表人" nameCN="诉讼身份" />
      <DSRLX value="自然人" nameCN="当事人类型" />
      <GJ value="中国" nameCN="国籍" />
      <DWZWFZ nameCN="单位职务分组">
        <ZW value="主任" nameCN="职务" />
        <DWMC value="唐山市路北区果园乡谢家庄村民委员会" nameCN="单位名称" />
      </DWZWFZ>
    </SSCYR>
    <SSCYR value="被告：吴某某。" nameCN="诉讼参与人">
      <SSCYRMC value="吴某某" nameCN="诉讼参与人名称" />
      <SSSF value="被告" nameCN="诉讼身份" />
      <SSDW value="被告" nameCN="诉讼地位" />
      <DSRLB value="被告" nameCN="当事人类别" />
      <DSRLX value="自然人" nameCN="当事人类型" />
      <GJ value="中国" nameCN="国籍" />
    </SSCYR>
    <SSCYRQJ value="错误" nameCN="保险公司是否作为被告" />
  </SSCYRQJ>
  <SSJL value="本院在审理原告唐山市市政工程环境卫生管理处与被告唐山市路北区果园乡谢家庄村民委员会、吴某某排除妨害纠纷一案中，原告唐山市市政工程环境卫生管理处于2014年11月1日向本院提出撤诉申请。被告吴某某于2014年11月25日声明准许撤诉。" nameCN="诉讼记录">
    <CS value="" nameCN="撤诉">
      <CSR value="唐山市市政工程环境卫生管理处与被告唐山市路北区果园乡谢家庄村民委员会" nameCN="撤诉人" />
      <RQ value="2014年11月1日" nameCN="日期" />
    </CS>
    <AY value="排除妨害纠纷" nameCN="案由" />
    <KTSL value="否" nameCN="开庭审理" />
    <WZAY value="排除妨害纠纷" nameCN="完整案由" />
    <AYDM value="9057" nameCN="案由代码" />
    <YSAJSYCX value="普通程序" nameCN="一审案件适用程序" />
    <JYZPT value="否" nameCN="简易转普通" />
    <SPZZ value="独任庭" nameCN="审判组织" />
    <YSAJLY value="新收" nameCN="一审案件来源" />
    <SQCSRQ value="2014年11月1日" nameCN="申请撤诉日期" />
  </SSJL>
  <AJJBQK value="" nameCN="案件基本情况" />
  <CPFXGC value="本院认为原告申请撤诉，符合法律有关规定。依照《中华人民共和国民事诉讼法》第一百四十五条之规定，裁定如下：&#xA;" nameCN="裁判分析过程">
    <JAFSLX value="裁定" nameCN="结案方式类型" />
    <FLFTMC value="中华人民共和国民事诉讼法" nameCN="法律法条名称">
      <TM value="一百四十五" nameCN="条目" />
      <SFCXF value="是程序法" nameCN="是否是程序法" />
    </FLFTMC>
  </CPFXGC>
  <CPJG value="准予原告唐山市市政工程环境卫生管理处撤回起诉。&#xA;案件受理费减半收取40元，由原告唐山市市政工程环境卫生管理处负担。&#xA;" nameCN="裁判结果">
    <JAFS value="准予撤诉" nameCN="结案方式" />
    <PCSFSXZQ value="正确" nameCN="同时起诉侵权人与保险公司的赔偿顺序" />
    <JTPJJG value="准予原告唐山市市政工程环境卫生管理处撤回起诉。" nameCN="具体裁判段" />
    <SSFCD nameCN="诉讼费承担">
      <SSFCDJL value="案件受理费减半收取40元，由原告唐山市市政工程环境卫生管理处负担。" nameCN="诉讼费承担记录">
        <SSFJE value="40元" nameCN="诉讼费金额" />
        <SSFZL value="受理费" nameCN="诉讼费种类" />
        <SSFCDR value="唐山市市政工程环境卫生管理处" nameCN="承担人">
          <SSFCDJE value="40元" nameCN="承担金额" />
          <SSFCDFS value="个人独立承担该金额" nameCN="承担方式" />
          <SSFCDDW value="原告" nameCN="承担人地位" />
        </SSFCDR>
      </SSFCDJL>
    </SSFCD>
    <SFFHCS value="否" nameCN="是否发回重审" />
    <CSRJH nameCN="撤诉人集合">
      <CSR value="唐山市市政工程环境卫生管理处" nameCN="撤诉人" />
    </CSRJH>
    <CSLX value="原告主动撤诉" nameCN="撤诉类型" />
    <TCGXQYY value="否" nameCN="是否提出管辖权异议" />
  </CPJG>
  <WW value="审判员徐晓红&#xA;代理审判员张宁&#xA;代理审判员杨爱华&#xA;二〇一四年十一月二十六日&#xA;书记员张薇薇&#xA;" nameCN="文尾">
    <SPZZCY nameCN="审判组织成员">
      <SPRYXM value="张薇薇" nameCN="审判人员姓名" />
      <SPRYJS value="书记员" nameCN="审判人员角色" />
    </SPZZCY>
    <SPZZCY nameCN="审判组织成员">
      <SPRYXM value="杨爱华" nameCN="审判人员姓名" />
      <SPRYJS value="代理审判员" nameCN="审判人员角色" />
    </SPZZCY>
    <SPZZCY nameCN="审判组织成员">
      <SPRYXM value="张宁" nameCN="审判人员姓名" />
      <SPRYJS value="代理审判员" nameCN="审判人员角色" />
    </SPZZCY>
    <SPZZCY nameCN="审判组织成员">
      <SPRYXM value="徐晓红" nameCN="审判人员姓名" />
      <SPRYJS value="审判员" nameCN="审判人员角色" />
    </SPZZCY>
    <CPSJ value="2014年11月26日" nameCN="裁判时间">
      <Year value="2014" nameCN="结案年度" />
      <JANYR value="2014年11月26日" nameCN="结案年月日" />
      <JANY value="2014-11" nameCN="结案年月" />
      <Month value="11" nameCN="月" />
      <Day value="26" nameCN="日" />
    </CPSJ>
  </WW>
  <FL value="" nameCN="附录" />
</QW>

