<?xml version="1.0" encoding="UTF-8"?>
<QW value="&#xA;河北省唐山市丰润区人民法院&#xA;民事判决书&#xA;（2012）丰民初字第213号&#xA;原告唐山市丰润区华升贸易有限公司，住所地唐山市丰润区林荫路158号。&#xA;法定代表人杨秋颖，职务总经理。&#xA;委托代理人何全纯，河北民源律师事务所律师。&#xA;被告江苏地基工程有限公司，住所地江苏省宜兴市宜城街道龙潭西路51号。&#xA;法定代表人周曙东，职务经理。&#xA;原告唐山市丰润区华升贸易有限公司（以下简称华升公司）与被告江苏地基工程有限公司（以下简称地基公司）买卖合同纠纷一案，本院受理后，依法由审判员曹志华独任审判，公开开庭进行了审理。原告华升委托代理人何全纯到庭参加诉讼；被告地基公司经本院合法传唤，无正当理由拒不到庭。本案现已审理终结。&#xA;原告诉称，原、被告于2010年5月10日签订水泥买卖合同，约定被告从原告处购买PS32．5水泥，每千吨结账一次，不足千吨两个月结账一次，如有违约，按合同约定承担总价日付5‰违约金。到2011年12月18日，被告欠原告货款160万元。为此起诉，要求：1、解除与被告所订立的买卖合同；2、被告偿付水泥款160万元、违约金45万元；3、由被告承担本案诉讼费用。庭审中，原告撤回了第1项诉讼请求，并将诉讼请求第2项变更为：要求被告偿付水泥款1513468．8元，支付违约金30万元。&#xA;被告未提出答辩意见。&#xA;原告为支持自己主张提供了如下证据：一、原、被告于2011年5月10日签订的《工业品买卖合同》，用以证实双方存在水泥买卖合同关系以及产品名称、规格、型号、结算方式、违约责任等，同时证明违约方按约定应承担自供货之日起日付合同总货款的5‰的违约金。二、2011年5月14日至2011年9月12日，原告往被告施工的东丽湖恒大工地发送水泥的《发货单》55张，合计1827．5吨，每吨275元，合款502562．5元。三、2011年6月2日至2011年8月13日，原告往被告施工的泗村店工地发送水泥的《发货单》32张，合计1318吨，每吨280元，合款369265元。四、2011年9月7日至2011年10月28日，原告往被告施工的日纬路工地发送水泥2642．18吨，每吨285元，合款753021．30元。证据二至四，用以证实原告共向被告三个工地发送水泥5787．68吨，合款1624848．8元。&#xA;被告对原告所提交的证据未提出质证意见。&#xA;本院对原告提供的证据作如下认定：4份证据，来源合法，内容真实，与待证事实具有关联性，认定为有效证据。&#xA;根据原告陈述和本院确认的有效证据，认定下列事实：原、被告于2011年5月10日前即有业务往来，原告曾为被告施工的空港2号桥工地供送水泥，被告当时所付原告款项中减去应付的空港2号桥工地水泥货款后，原告处尚有被告结余款项111380元。2011年5月10日，原告作为出卖人（供方）、被告作为买受人（需方）签订《工业品买卖合同》，约定由原告向被告施工的东丽湖恒大绿洲、泗村店、日纬路等三个工地供送P．S．A32．5水泥，暂定数量5000吨、单价275元／吨。合同第十三条约定：“结算方式：供方将水泥送至需方在天津市内的指定地点后，每满1000吨需方办理一次付款手续，结款为水泥货款的100％，若不足1000吨，每月结账一次，结款为水泥货款的100％，最终按工地实际签收数量结算。”第十五条约定：“无论任何一方违约，都将承担自供货之日起日付合同总货款5‰违约金”。第十八条约定：“未尽事宜双方协商解决。供货价格随市场变化浮动。”合同签订后，原告于2011年5月14日至2011年9月12日期间为被告施工的东丽湖恒大绿洲工地发送水泥1827．5吨，单价为合同约定的275元／吨，总价款502562．50元；2011年6月2日至2011年8月13日期间，原告为被告施工的泗村店工地发送水泥1318吨，单价按市场价调整为280元／吨，总价款369265元；2011年9月7日至2011年10月28日期间，原告为被告施工的日纬路工地发送水泥2642．18吨，单价按市场价调整为285元／吨，总价款753021．30元。原告为被告以上三个工地共发送水泥5787．68吨，价款共计1624848．80元。被告至原告起诉未再付款。原告主张被告因空港2号桥工地付款所结余款项111380元已与被告因东丽湖恒大绿洲、泗村店、日纬路三个工地所欠水泥货款进行了等额的债权债务抵消，抵消后，截至2011年10月28日，被告尚欠原告水泥货款1513468．80元。&#xA;本院认为，原、被告所签订的《工业品买卖合同》，意思表示真实，不违反法律禁止性规定，且已实际履行，为有效合同。被告的东丽湖恒大绿洲、泗村店、日纬路三个工地尚欠原告水泥货款1624848．8元的事实清楚，证据充分，原告主张将自己对被告的该1624848．8元债权与对被告的111380元债务作等额抵消，符合法律规定，被告对债权债务抵消后仍欠原告的1513468．8元货款依法应予支付。被告未按双方所签订《工业品买卖合同》第十三条约定及时结付货款，其行为已构成违约，依法应当按照该合同第十五条的规定向原告支付违约金，但按此条规定所计算的违约金明显过高，应予以适当调整，原告就违约金主张其中的30万元，符合法律规定及双方合同约定，本院依法予以支持。依据《中华人民共和国合同法》第九十一条第（三）项、第一百零七条、第一百一十四条、第一百五十九条、第一百六十一条的规定，判决如下：&#xA;被告江苏地基工程有限公司向原告唐山市丰润区华升贸易有限公司支付水泥货款1513468．8元及迟延付款违约金30万元，均限判决生效后三日内付清。&#xA;如果未按本判决指定的期间履行给付金钱义务，应当依照《中华人民共和国民事诉讼法》第二百二十九之规定，加倍支付迟延履行期间的债务利息。&#xA;案件受理费23200元，减半收取11600元，由被告江苏地基工程有限公司负担。&#xA;如不服本判决，可在判决书送达之日起十五日内，向本院递交上诉状，并按对方当事人的人数提出副本，上诉于河北省唐山市中级人民法院。&#xA;审判员曹志华&#xA;二〇一二年四月十八日&#xA;书记员于春芳&#xA;" nameCN="全文">
  <WS value="河北省唐山市丰润区人民法院&#xA;民事判决书&#xA;（2012）丰民初字第213号&#xA;" nameCN="文首">
    <WSZZDW value="法院" nameCN="文书制作单位" />
    <JBFY value="河北省唐山市丰润区人民法院" nameCN="经办法院">
      <FYJB value="基层" nameCN="法院级别" />
      <XZQH_P value="河北" nameCN="行政区划(省)" />
      <XZQH_C value="唐山市" nameCN="行政区划(市)" />
    </JBFY>
    <WSMC value="民事判决书" nameCN="文书名称" />
    <AH value="(2012)丰民初字第213号" nameCN="案号" />
    <LAND value="2012" nameCN="立案年度" />
    <AJXZ value="民事案件" nameCN="案件性质" />
    <WSZL value="判决书" nameCN="文书种类" />
    <SPCX value="一审案件" nameCN="审判程序" />
    <AJLX value="民事一审案件" nameCN="案件类型" />
  </WS>
  <SSCYRQJ value="原告唐山市丰润区华升贸易有限公司，住所地唐山市丰润区林荫路158号。&#xA;法定代表人杨秋颖，职务总经理。&#xA;委托代理人何全纯，河北民源律师事务所律师。&#xA;被告江苏地基工程有限公司，住所地江苏省宜兴市宜城街道龙潭西路51号。&#xA;法定代表人周曙东，职务经理。&#xA;" nameCN="诉讼参与人全集">
    <SSCYR value="原告唐山市丰润区华升贸易有限公司，住所地唐山市丰润区林荫路158号。" nameCN="诉讼参与人">
      <SSCYRMC value="唐山市丰润区华升贸易有限公司" nameCN="诉讼参与人名称" />
      <SSSF value="原告" nameCN="诉讼身份" />
      <SSDW value="原告" nameCN="诉讼地位" />
      <DSRLB value="原告" nameCN="当事人类别" />
      <DSRLX value="法人" nameCN="当事人类型" />
      <DSRDZ value="唐山市丰润区林荫路158号" nameCN="当事人地址" />
      <DWXZ value="有限责任公司" nameCN="单位性质" />
      <FDDBR value="杨秋颖" nameCN="单位法定代表人" />
    </SSCYR>
    <SSCYR value="法定代表人杨秋颖，职务总经理。" nameCN="诉讼参与人">
      <SSCYRMC value="杨秋颖" nameCN="诉讼参与人名称" />
      <SSSF value="法定代表人" nameCN="诉讼身份" />
      <DSRLX value="自然人" nameCN="当事人类型" />
      <GJ value="中国" nameCN="国籍" />
      <DWZWFZ nameCN="单位职务分组">
        <ZW value="总经理" nameCN="职务" />
        <DWMC value="唐山市丰润区华升贸易有限公司" nameCN="单位名称" />
        <DWXZ value="有限责任公司" nameCN="单位性质" />
      </DWZWFZ>
    </SSCYR>
    <SSCYR value="委托代理人何全纯，河北民源律师事务所律师。" nameCN="诉讼参与人">
      <SSCYRMC value="何全纯" nameCN="诉讼参与人名称" />
      <SSSF value="委托代理人" nameCN="诉讼身份" />
      <DSRLX value="自然人" nameCN="当事人类型" />
      <GJ value="中国" nameCN="国籍" />
      <DTQK value="到庭" nameCN="到庭情况" />
      <DWZWFZ nameCN="单位职务分组">
        <ZW value="律师" nameCN="职务" />
      </DWZWFZ>
    </SSCYR>
    <SSCYR value="被告江苏地基工程有限公司，住所地江苏省宜兴市宜城街道龙潭西路51号。" nameCN="诉讼参与人">
      <SSCYRMC value="江苏地基工程有限公司" nameCN="诉讼参与人名称" />
      <SSSF value="被告" nameCN="诉讼身份" />
      <SSDW value="被告" nameCN="诉讼地位" />
      <DSRLB value="被告" nameCN="当事人类别" />
      <DSRLX value="法人" nameCN="当事人类型" />
      <DSRDZ value="江苏省宜兴市宜城街道龙潭西路51号" nameCN="当事人地址" />
      <DWXZ value="有限责任公司" nameCN="单位性质" />
      <FDDBR value="周曙东" nameCN="单位法定代表人" />
    </SSCYR>
    <SSCYR value="法定代表人周曙东，职务经理。" nameCN="诉讼参与人">
      <SSCYRMC value="周曙东" nameCN="诉讼参与人名称" />
      <SSSF value="法定代表人" nameCN="诉讼身份" />
      <DSRLX value="自然人" nameCN="当事人类型" />
      <GJ value="中国" nameCN="国籍" />
      <DWZWFZ nameCN="单位职务分组">
        <ZW value="经理" nameCN="职务" />
        <DWMC value="江苏地基工程有限公司" nameCN="单位名称" />
        <DWXZ value="有限责任公司" nameCN="单位性质" />
      </DWZWFZ>
    </SSCYR>
    <SSCYRQJ value="错误" nameCN="保险公司是否作为被告" />
  </SSCYRQJ>
  <SSJL value="原告唐山市丰润区华升贸易有限公司（以下简称华升公司）与被告江苏地基工程有限公司（以下简称地基公司）买卖合同纠纷一案，本院受理后，依法由审判员曹志华独任审判，公开开庭进行了审理。原告华升委托代理人何全纯到庭参加诉讼；被告地基公司经本院合法传唤，无正当理由拒不到庭。本案现已审理终结。" nameCN="诉讼记录">
    <JJCT value="" nameCN="拒绝出庭">
      <DSR value="" nameCN="当事人" />
      <RQ value="" nameCN="日期" />
    </JJCT>
    <YG value="唐山市丰润区华升贸易有限公司（以下简称华升公司）" nameCN="原告" />
    <BG value="江苏地基工程有限公司（以下简称地基公司）" nameCN="被告" />
    <AY value="买卖合同纠纷" nameCN="案由" />
    <KTSL value="是" nameCN="开庭审理" />
    <KTSLXX value="公开审理" nameCN="开庭审理信息" />
    <WZAY value="买卖合同纠纷" nameCN="完整案由" />
    <AYDM value="9142" nameCN="案由代码" />
    <YSAJSYCX value="普通程序" nameCN="一审案件适用程序" />
    <JYZPT value="否" nameCN="简易转普通" />
    <YSAJLY value="新收" nameCN="一审案件来源" />
    <CTDSRXX nameCN="出庭当事人信息">
      <CTRXM value="何全纯" nameCN="出庭人姓名">
        <SSDW value="委托代理人" nameCN="诉讼地位" />
      </CTRXM>
    </CTDSRXX>
  </SSJL>
  <AJJBQK value="原告诉称，原、被告于2010年5月10日签订水泥买卖合同，约定被告从原告处购买PS32．5水泥，每千吨结账一次，不足千吨两个月结账一次，如有违约，按合同约定承担总价日付5‰违约金。到2011年12月18日，被告欠原告货款160万元。为此起诉，要求：1、解除与被告所订立的买卖合同；2、被告偿付水泥款160万元、违约金45万元；3、由被告承担本案诉讼费用。庭审中，原告撤回了第1项诉讼请求，并将诉讼请求第2项变更为：要求被告偿付水泥款1513468．8元，支付违约金30万元。&#xA;被告未提出答辩意见。&#xA;原告为支持自己主张提供了如下证据：一、原、被告于2011年5月10日签订的《工业品买卖合同》，用以证实双方存在水泥买卖合同关系以及产品名称、规格、型号、结算方式、违约责任等，同时证明违约方按约定应承担自供货之日起日付合同总货款的5‰的违约金。二、2011年5月14日至2011年9月12日，原告往被告施工的东丽湖恒大工地发送水泥的《发货单》55张，合计1827．5吨，每吨275元，合款502562．5元。三、2011年6月2日至2011年8月13日，原告往被告施工的泗村店工地发送水泥的《发货单》32张，合计1318吨，每吨280元，合款369265元。四、2011年9月7日至2011年10月28日，原告往被告施工的日纬路工地发送水泥2642．18吨，每吨285元，合款753021．30元。证据二至四，用以证实原告共向被告三个工地发送水泥5787．68吨，合款1624848．8元。&#xA;被告对原告所提交的证据未提出质证意见。&#xA;本院对原告提供的证据作如下认定：4份证据，来源合法，内容真实，与待证事实具有关联性，认定为有效证据。&#xA;根据原告陈述和本院确认的有效证据，认定下列事实：原、被告于2011年5月10日前即有业务往来，原告曾为被告施工的空港2号桥工地供送水泥，被告当时所付原告款项中减去应付的空港2号桥工地水泥货款后，原告处尚有被告结余款项111380元。2011年5月10日，原告作为出卖人（供方）、被告作为买受人（需方）签订《工业品买卖合同》，约定由原告向被告施工的东丽湖恒大绿洲、泗村店、日纬路等三个工地供送P．S．A32．5水泥，暂定数量5000吨、单价275元／吨。合同第十三条约定：“结算方式：供方将水泥送至需方在天津市内的指定地点后，每满1000吨需方办理一次付款手续，结款为水泥货款的100％，若不足1000吨，每月结账一次，结款为水泥货款的100％，最终按工地实际签收数量结算。”第十五条约定：“无论任何一方违约，都将承担自供货之日起日付合同总货款5‰违约金”。第十八条约定：“未尽事宜双方协商解决。供货价格随市场变化浮动。”合同签订后，原告于2011年5月14日至2011年9月12日期间为被告施工的东丽湖恒大绿洲工地发送水泥1827．5吨，单价为合同约定的275元／吨，总价款502562．50元；2011年6月2日至2011年8月13日期间，原告为被告施工的泗村店工地发送水泥1318吨，单价按市场价调整为280元／吨，总价款369265元；2011年9月7日至2011年10月28日期间，原告为被告施工的日纬路工地发送水泥2642．18吨，单价按市场价调整为285元／吨，总价款753021．30元。原告为被告以上三个工地共发送水泥5787．68吨，价款共计1624848．80元。被告至原告起诉未再付款。原告主张被告因空港2号桥工地付款所结余款项111380元已与被告因东丽湖恒大绿洲、泗村店、日纬路三个工地所欠水泥货款进行了等额的债权债务抵消，抵消后，截至2011年10月28日，被告尚欠原告水泥货款1513468．80元。&#xA;" nameCN="案件基本情况">
    <YGSCD value="原告诉称，原、被告于2010年5月10日签订水泥买卖合同，约定被告从原告处购买PS32．5水泥，每千吨结账一次，不足千吨两个月结账一次，如有违约，按合同约定承担总价日付5‰违约金。到2011年12月18日，被告欠原告货款160万元。为此起诉，要求：1、解除与被告所订立的买卖合同；2、被告偿付水泥款160万元、违约金45万元；3、由被告承担本案诉讼费用。庭审中，原告撤回了第1项诉讼请求，并将诉讼请求第2项变更为：要求被告偿付水泥款1513468．8元，支付违约金30万元。 " nameCN="原告诉称段" />
    <BGBCD value="被告未提出答辩意见。 " nameCN="被告辩称段" />
    <ZJD value="原告为支持自己主张提供了如下证据：一、原、被告于2011年5月10日签订的《工业品买卖合同》，用以证实双方存在水泥买卖合同关系以及产品名称、规格、型号、结算方式、违约责任等，同时证明违约方按约定应承担自供货之日起日付合同总货款的5‰的违约金。二、2011年5月14日至2011年9月12日，原告往被告施工的东丽湖恒大工地发送水泥的《发货单》55张，合计1827．5吨，每吨275元，合款502562．5元。三、2011年6月2日至2011年8月13日，原告往被告施工的泗村店工地发送水泥的《发货单》32张，合计1318吨，每吨280元，合款369265元。四、2011年9月7日至2011年10月28日，原告往被告施工的日纬路工地发送水泥2642．18吨，每吨285元，合款753021．30元。证据二至四，用以证实原告共向被告三个工地发送水泥5787．68吨，合款1624848．8元。被告对原告所提交的证据未提出质证意见。 本院对原告提供的证据作如下认定：4份证据，来源合法，内容真实，与待证事实具有关联性，认定为有效证据。 " nameCN="证据段" />
    <CMSSD value="根据原告陈述和本院确认的有效证据，认定下列事实：原、被告于2011年5月10日前即有业务往来，原告曾为被告施工的空港2号桥工地供送水泥，被告当时所付原告款项中减去应付的空港2号桥工地水泥货款后，原告处尚有被告结余款项111380元。2011年5月10日，原告作为出卖人（供方）、被告作为买受人（需方）签订《工业品买卖合同》，约定由原告向被告施工的东丽湖恒大绿洲、泗村店、日纬路等三个工地供送P．S．A32．5水泥，暂定数量5000吨、单价275元／吨。合同第十三条约定：“结算方式：供方将水泥送至需方在天津市内的指定地点后，每满1000吨需方办理一次付款手续，结款为水泥货款的100％，若不足1000吨，每月结账一次，结款为水泥货款的100％，最终按工地实际签收数量结算。”第十五条约定：“无论任何一方违约，都将承担自供货之日起日付合同总货款5‰违约金”。第十八条约定：“未尽事宜双方协商解决。供货价格随市场变化浮动。”合同签订后，原告于2011年5月14日至2011年9月12日期间为被告施工的东丽湖恒大绿洲工地发送水泥1827．5吨，单价为合同约定的275元／吨，总价款502562．50元；2011年6月2日至2011年8月13日期间，原告为被告施工的泗村店工地发送水泥1318吨，单价按市场价调整为280元／吨，总价款369265元；2011年9月7日至2011年10月28日期间，原告为被告施工的日纬路工地发送水泥2642．18吨，单价按市场价调整为285元／吨，总价款753021．30元。原告为被告以上三个工地共发送水泥5787．68吨，价款共计1624848．80元。被告至原告起诉未再付款。原告主张被告因空港2号桥工地付款所结余款项111380元已与被告因东丽湖恒大绿洲、泗村店、日纬路三个工地所欠水泥货款进行了等额的债权债务抵消，抵消后，截至2011年10月28日，被告尚欠原告水泥货款1513468．80元。" nameCN="查明事实段">
      <SGXQ value="未提及" nameCN="事故详情">
        <SGSJ value="未提及" nameCN="事故时间" />
        <SGDD value="未提及" nameCN="事故地点" />
      </SGXQ>
      <JDCSYR value="江苏地基工程有限公司" nameCN="机动车所有人" />
      <GAJGRDYJ value="原、被告于2011年5月10日前即有业务往来，原告曾为被告施工的空港2号桥工地供送水泥，被告当时所付原告款项中减去应付的空港2号桥工地水泥货款后，原告处尚有被告结余款项111380元。" nameCN="公安机关认定意见" />
      <SFTB value="是" nameCN="是否投保" />
      <SFZBXQN value="是" nameCN="是否在保险期内" />
      <SFXQPF value="是" nameCN="是否先期赔付" />
      <SJZCQK value="1624848．80元" nameCN="实际支出情况" />
      <JDSFKK value="是" nameCN="鉴定是否可靠" />
    </CMSSD>
  </AJJBQK>
  <CPFXGC value="本院认为，原、被告所签订的《工业品买卖合同》，意思表示真实，不违反法律禁止性规定，且已实际履行，为有效合同。被告的东丽湖恒大绿洲、泗村店、日纬路三个工地尚欠原告水泥货款1624848．8元的事实清楚，证据充分，原告主张将自己对被告的该1624848．8元债权与对被告的111380元债务作等额抵消，符合法律规定，被告对债权债务抵消后仍欠原告的1513468．8元货款依法应予支付。被告未按双方所签订《工业品买卖合同》第十三条约定及时结付货款，其行为已构成违约，依法应当按照该合同第十五条的规定向原告支付违约金，但按此条规定所计算的违约金明显过高，应予以适当调整，原告就违约金主张其中的30万元，符合法律规定及双方合同约定，本院依法予以支持。依据《中华人民共和国合同法》第九十一条第（三）项、第一百零七条、第一百一十四条、第一百五十九条、第一百六十一条的规定，判决如下：&#xA;" nameCN="裁判分析过程">
    <JAFSLX value="判决" nameCN="结案方式类型" />
    <FLFTMC value="中华人民共和国合同法" nameCN="法律法条名称">
      <TM value="一百五十九" nameCN="条目" />
      <TM value="一百一十四" nameCN="条目" />
      <TM value="九十一" nameCN="条目">
        <KM value="第（三）项" nameCN="款目" />
      </TM>
      <TM value="一百六十一" nameCN="条目" />
      <TM value="一百零七" nameCN="条目" />
      <SFCXF value="非程序法" nameCN="是否是程序法" />
    </FLFTMC>
  </CPFXGC>
  <CPJG value="被告江苏地基工程有限公司向原告唐山市丰润区华升贸易有限公司支付水泥货款1513468．8元及迟延付款违约金30万元，均限判决生效后三日内付清。&#xA;如果未按本判决指定的期间履行给付金钱义务，应当依照《中华人民共和国民事诉讼法》第二百二十九之规定，加倍支付迟延履行期间的债务利息。&#xA;案件受理费23200元，减半收取11600元，由被告江苏地基工程有限公司负担。&#xA;如不服本判决，可在判决书送达之日起十五日内，向本院递交上诉状，并按对方当事人的人数提出副本，上诉于河北省唐山市中级人民法院。&#xA;" nameCN="裁判结果">
    <JAFS value="判决" nameCN="结案方式" />
    <PCSFSXZQ value="正确" nameCN="同时起诉侵权人与保险公司的赔偿顺序" />
    <JTPJJG value="被告江苏地基工程有限公司向原告唐山市丰润区华升贸易有限公司支付水泥货款1513468．8元及迟延付款违约金30万元，均限判决生效后三日内付清。" nameCN="具体裁判段">
      <QLR value="唐山市丰润区华升贸易有限公司" nameCN="权利人">
        <QLRSSDW value="原告" nameCN="诉讼地位" />
      </QLR>
      <YWR value="江苏地基工程有限公司" nameCN="义务人">
        <YWRSSDW value="被告" nameCN="诉讼地位" />
      </YWR>
      <PJZXQX value="三日" nameCN="判决执行期限" />
      <PJJE nameCN="判决金额">
        <JE value="1513468.8元" nameCN="金额" />
        <JELX value="货款" nameCN="金额类型" />
      </PJJE>
      <PJJE nameCN="判决金额">
        <JE value="300000.0元" nameCN="金额" />
        <JELX value="违约金" nameCN="金额类型" />
      </PJJE>
    </JTPJJG>
    <JTPJJG value="如果未按本判决指定的期间履行给付金钱义务，应当依照《中华人民共和国民事诉讼法》第二百二十九之规定，加倍支付迟延履行期间的债务利息。" nameCN="具体裁判段" />
    <SSFCD nameCN="诉讼费承担">
      <SSFCDJL value="案件受理费23200元，减半收取11600元，由被告江苏地基工程有限公司负担。" nameCN="诉讼费承担记录">
        <SSFJE value="11600元" nameCN="诉讼费金额" />
        <SSFZL value="受理费" nameCN="诉讼费种类" />
        <SSFCDR value="江苏地基工程有限公司" nameCN="承担人">
          <SSFCDJE value="11600元" nameCN="承担金额" />
          <SSFCDFS value="个人独立承担该金额" nameCN="承担方式" />
          <SSFCDDW value="被告" nameCN="承担人地位" />
        </SSFCDR>
      </SSFCDJL>
    </SSFCD>
    <SFFHCS value="否" nameCN="是否发回重审" />
    <KSSZ value="河北省唐山市中级人民法院" nameCN="可上诉至" />
    <SSTJCL value="上诉状，并按对方当事人的人数提出副本" nameCN="上诉提交材料" />
    <SSQX value="十五日" nameCN="上诉期限" />
    <TCGXQYY value="否" nameCN="是否提出管辖权异议" />
  </CPJG>
  <WW value="审判员曹志华&#xA;二〇一二年四月十八日&#xA;书记员于春芳&#xA;" nameCN="文尾">
    <SPZZCY nameCN="审判组织成员">
      <SPRYXM value="曹志华" nameCN="审判人员姓名" />
      <SPRYJS value="审判员" nameCN="审判人员角色" />
    </SPZZCY>
    <SPZZCY nameCN="审判组织成员">
      <SPRYXM value="于春芳" nameCN="审判人员姓名" />
      <SPRYJS value="书记员" nameCN="审判人员角色" />
    </SPZZCY>
    <CPSJ value="2012年4月18日" nameCN="裁判时间">
      <Year value="2012" nameCN="结案年度" />
      <JANYR value="2012年4月18日" nameCN="结案年月日" />
      <JANY value="2012-4" nameCN="结案年月" />
      <Month value="4" nameCN="月" />
      <Day value="18" nameCN="日" />
    </CPSJ>
  </WW>
  <FL value="" nameCN="附录" />
</QW>

