<?xml version="1.0" encoding="UTF-8"?>
<QW value="&#xA;河北省围场满族蒙古族自治县人民法院&#xA;民事判决书&#xA;（2014）围民初字第2921号&#xA;原告围场满族蒙古族自治县住房和城乡规划建设局房屋征收与补偿办公室（以下简称房屋征收与补偿办公室）&#xA;委托代理人刘杰&#xA;委托代理人陆建国&#xA;被告王树仲&#xA;被告安素珍&#xA;原告房屋征收与补偿办公室诉被告王树仲、安素珍房屋搬迁安置合同纠纷一案，本院受理后，依法由审判员娄艳宏担任审判长，与审判员王俊林、人民陪审员李军志组成合议庭，公开开庭进行了审理。原告房屋征收与补偿办公室的委托代理人刘杰、陆建国，被告王树仲到庭参加诉讼。本案现已审理终结。&#xA;原告房屋征收与补偿办公室诉称，房屋征收与补偿办公室因凤凰新城棚户区片区改造需要，经围场满族蒙古族自治县人民政府研究决定，搬迁改造本片区的所有房屋。2014年3月16日，原、告在自愿协商的基础上，达成了房屋补偿安置协议（具体内容详见协议）。原告在达到协议中约定的搬迁比例后，于2014年4月10日发出搬迁通知，搬迁期限为2014年4月10日至2014年4月30日，通知发出后被告迟迟不履行腾空房屋、交付房屋的义务。经原告多次催告被告仍不履行协议，现无奈起诉至法院，请求人民法院依法判令被告履行双方签订的《协议搬迁补偿安置协议》中约定的搬迁义务，承担本案中的诉讼费用。&#xA;被告王树仲、安素珍辩称，我们是被告围场镇原奶牛场家属院（现所谓的凤凰新城“棚户区”被搬迁户），大家知道房屋拆迁到征收与补偿是一项关系到被拆迁户切身利益的大事，同时也是政府在此问题上能否主持“公道”的焦点。首先我们认为用政府的话说搬迁是为了提升城市品位，改善人居环境这一点没错，为此县住建局2014年2月13日发文出台了“凤凰新城棚户区改造房屋协议搬迁实施方案”，第二条就规定为真正体现公平补偿、阳光操作，坚持两公开，即：搬迁政策，信息公开，各户补偿结果公开，基于以上几点我们首先向人民法院声明我们同意搬迁，并在2014年3月16日住建局的《协议搬迁补偿安置协议》上签了名，同时上交两证，为什么呢？因为我们老百姓太相信政府了，相信住建局了，我们只相信政府和住建局不会骗人，那为什么后来住建局起诉我们不履行搬迁义务呢？而又迟迟不履行，腾空房屋，交付房屋的义务呢，是因为住建局骗了我们，他失去了政府的公信力。&#xA;一、首先住建局在凤凰新城棚户区房屋协商搬迁实施方案总则第二条规定几公平、几公开，他没做到。如土地置换荒地和院落置换比例不一样，荒地0．9／平，院落却0．86／平，最后的补偿结果不公开。&#xA;二、在林管局会议大厅主持召开的搬迁动员大会上王文学局长对我们大声说：首先回迁楼在原址，有高层，有多层，双向选择，拆迁的房屋成新率最低在95％以上，包括给子女过户所置换楼房一切费用全部由政府承担，而这一切他没有做到，白说了，因为他不给我们体现在合同上。&#xA;三、他违背《合同法》，依照《合同法》第一章第二条、第五条、第十二条、第三十条、第三十七条，他没做到，他不经双方协商同意，单方确定合同内容，今天一个协议，明天又一个合同，包括迁走的户没有一份合法有效的合同，只为了骗取签字。&#xA;四、他（住建局）在《协议搬迁补偿安置协议》中第六条第2项中说：在本片区未达到规定的搬迁比例（95％）本协议自动失效，他没做，而在这种情况下就擅自拆房子，扒的乱七八糟，不堪入目。损失由谁来承担，他在第六条第3项中又说：回迁楼经待征求搬迁户代表意见后据此协议另行签订回迁协议（包括楼号、楼层、是否统一装修等事宜），他没做到，请法官看看他给的协议是什么样，内容又是什么，大家一看就得知他们的用意何去。&#xA;五、他（住建局）在围建字（2014）9号文件中临时安置补偿费按照拆除房屋的合法主房建筑面积每月10元给予补偿，另在规定期限内搬迁的每户奖励3万元，他没做到，而把这些款项折算到置换的平米中扣除，请问我们的安置费哪里去了？&#xA;六、他（住建局）说的到，没做到，随意性强，是这次拆迁的一贯做法，他公开违背依法拆迁、和谐拆迁的原则，制造安全隐患，是他们有错在先，在诸多不合理又不合法的情况下是导致我们不能及时搬迁的直接原因。更难接受的是不知是谁的主意，利用一些社会人员用砸玻璃、撒纸钱、骂大街等极端手段威胁恐吓，使我们的正常生活得不到保障，失去安全感。&#xA;七、自己（住建局）不作为，工作人员工作不积极主动，更谈不上耐心细致，素质低下，还采取传统的恶人先告状的手法，把无辜的受骗户告上法庭，并无中生有称经原告多次催告被告仍不履行协议，现无奈起诉至法院，请问你们无奈吗？不是，而是诬赖，请法院注意。而事实是从3月20日以后至今住建局从未正式通知我们协商搬迁事宜，法庭可以调查取证，如果此事说谎，我们甘愿认输。就在8月6日我们未搬迁户到住建局找负责搬迁的刘杰理论事非时，刘杰确说协议上的字是你们愿意签的，我没拽着你们签，请问法官这样粗暴无知的回应是你拆迁工作人员该说的吗？如果今后再遇类似这种情况谁还敢签字？&#xA;八、他们（住建局）从一开始就步步设套，一步一个谎，虚假承诺，避重就轻，本末倒置，朝令夕改。今天选户型，明天签协议，后天签合同，可事到如今也未拿到一份符合《合同法》规定的双方接受、双方承认而又能制约双方权利义务平等的合同来，请问原告你协议、合同、户型，我们的房屋置换平米都有，你怎么就不往合同上写呢？那我们反问一句，你们在此问题上存在这么多疑点和漏洞你状告我们的理由又是什么呢？值得法官思考。&#xA;九、真相：据我们了解，到目前为止，你们住建局也没能确定这块地到底干什么用，一开始你们就不想让这些户往回迁，据搬走的户找住建局为什么到现在还不给真合同，包括位置、楼层、楼号等，他们说还没找到开发商呢，你让大家说，在围场县有资质的开发商有多少？你想找什么样的？难道一个“棚户区”改造找一个开发商就这么难吗？我们不想往下叙说了，只想请原告方自己详细看一遍《合同法》、河北省（2002）《城市房屋拆迁管理实施办法》、承德市（2006）178号《承德市城市房屋拆迁管理实施办法》和原告方制定的“凤凰新城”“棚户区改造片区房屋协商搬迁实施方案”和“协议搬迁补偿安置协议”是怎么规定的？而你们又是怎么做的，我们相信，谁事谁非法院必有定论。&#xA;为此我们强烈要求人民法院依法认定事实，并做出公正判决，我们视目以待，同时我们将就此事求助新闻媒体，通过合法渠道向上级主管部门投诉，我们一定要讨回一个公道。&#xA;我同意履行协议，协议约定给我回迁楼房224．63平方米，我不要楼房要求货币补偿，按224．63平方米，市场价每平方米4500．00元来计算，补偿我现金。&#xA;经审理查明，围场满族蒙古族自治县人民政府研究决定，围场镇凤凰新城棚户区片区改造需要（原奶牛场家属院），搬迁改造本片区的所有房屋。2014年3月21日，原、被告经协商，签订了《协议搬迁补偿安置协议》。协议约定，搬迁主体（以下简称甲方）：围场满族蒙古族自治县房屋征收与补偿办公室，被搬迁房屋所有权人（以下简称乙方）：王树仲。甲方因凤凰新城棚户区改造需要，经围场满族蒙古族自治县人民政府研究决定，搬迁改造本片区的所有房屋。为实现和谐搬迁，根据《中华人民共和国合同法》的规定，在自愿、协商一致的基础上，现就房屋搬迁补偿安置达成如下协议：第一条至第五条，对被搬迁房屋现状，被搬迁房屋、土地、附属物补偿，奖励，甲方共支付乙方土地、房屋、附属物、政策性补助及奖励款，回迁安置进行了约定，第六条，双方约定的其他事项，1、征收办视整片区协议签字比例，确定搬迁日期，在此期间，为保证乙方合法权益不受影响，搬迁户不得擅自搬迁，待征收办书面通知搬迁日期后，方可搬迁，对擅自搬迁造成的一切损失，甲方不承担任何责任。2、在本片区未达到规定的搬迁比例（95％），本协议自动失效。3、回迁楼经待征求搬迁户代表意见后，据此协议另行签订回迁协议（包括楼号、楼层是否统一装修等事宜）。协议签订后，被告将房屋所有权证和国有土地使用证交与原告。&#xA;2014年4月10日，原告在凤凰新城拆迁片区张贴《通知》，内容为，凤凰新城拆迁片区各搬迁户：经县政府及住建局研究决定，各搬迁户可在2014年4月10日起搬家。一、搬迁期限为2014年4月10日-2014年4月30日，搬迁完毕日期以交钥匙为准。若超期搬迁，原定回迁顺序号视为无效。二、各搬迁户院内所有固定设施、附属物不得自行拆除，否则抵扣相应补偿款。三、为保证在原址就近回迁，所有签协议户搬迁完毕后，做出回迁房屋建设方案，由搬迁户确定回迁房楼号和楼层顺序。四、有需要领取奖金及过渡费的搬迁户，在搬迁完毕验收合格后，方可领取。五、请各搬迁户互相转达。&#xA;原被告因搬迁、安置发生纠纷，对《协议搬迁补偿安置协议》未履行。原告要求被告继续履行协议，腾空交付房屋，被告同意履行协议，同意搬迁，要求货币补偿。&#xA;凤凰新城拆迁片区共157户，有155户签订了《协议搬迁补偿安置协议》，有约130户已经搬迁。&#xA;本院认为，被告王树仲、安素珍为凤凰新城拆迁片区与原告签订《协议搬迁补偿安置协议》155户中的一户，在签订该协议时，双方对协议内容进行了协商、了解，应为双方真实意思表示，协议对货币补偿有了明确约定，所以对被告的答辩理由本案不予采纳。《协议搬迁补偿安置协议》是双方真实意思表示，且不违背法律法规的规定，双方应按该协议履行相应的权利、义务，根据《中华人民共和国合同法》第一百零七条、第一百三十三条之规定，判决如下：&#xA;一、被告王树仲、安素珍于本判决生效后十日内按《协议搬迁补偿安置协议》约定履行搬迁义务，将房屋及院落腾空交付原告。&#xA;案件受理费100．00元，由被告承担。&#xA;如不服本判决，可在判决书送达之日起十五日内，向本院或上一级人民法院递交上诉状及副本，上诉于河北省承德市中级人民法院。（同时交纳二审案件受理费及其它费用）。&#xA;审判长娄艳宏&#xA;审判员王俊林&#xA;人民陪审员李军志&#xA;二〇一四年十月八日&#xA;书记员马天原&#xA;" nameCN="全文">
  <WS value="河北省围场满族蒙古族自治县人民法院&#xA;民事判决书&#xA;（2014）围民初字第2921号&#xA;" nameCN="文首">
    <WSZZDW value="法院" nameCN="文书制作单位" />
    <JBFY value="河北省围场满族蒙古族自治县人民法院" nameCN="经办法院">
      <FYJB value="基层" nameCN="法院级别" />
      <XZQH_P value="河北" nameCN="行政区划(省)" />
      <XZQH_C value="河北" nameCN="行政区划(市)" />
    </JBFY>
    <WSMC value="民事判决书" nameCN="文书名称" />
    <AH value="(2014)围民初字第2921号" nameCN="案号" />
    <LAND value="2014" nameCN="立案年度" />
    <AJXZ value="民事案件" nameCN="案件性质" />
    <WSZL value="判决书" nameCN="文书种类" />
    <SPCX value="一审案件" nameCN="审判程序" />
    <AJLX value="民事一审案件" nameCN="案件类型" />
  </WS>
  <SSCYRQJ value="原告围场满族蒙古族自治县住房和城乡规划建设局房屋征收与补偿办公室（以下简称房屋征收与补偿办公室）&#xA;委托代理人刘杰&#xA;委托代理人陆建国&#xA;被告王树仲&#xA;被告安素珍&#xA;" nameCN="诉讼参与人全集">
    <SSCYR value="原告围场满族蒙古族自治县住房和城乡规划建设局房屋征收与补偿办公室（以下简称房屋征收与补偿办公室）" nameCN="诉讼参与人">
      <SSCYRMC value="围场满族蒙古族自治县住房和城乡规划建设局房屋征收与补偿办公室" nameCN="诉讼参与人名称" />
      <SSSF value="原告" nameCN="诉讼身份" />
      <SSDW value="原告" nameCN="诉讼地位" />
      <DSRLB value="原告" nameCN="当事人类别" />
      <DSRLX value="法人" nameCN="当事人类型" />
    </SSCYR>
    <SSCYR value="委托代理人刘杰" nameCN="诉讼参与人">
      <SSCYRMC value="刘杰" nameCN="诉讼参与人名称" />
      <SSSF value="委托代理人" nameCN="诉讼身份" />
      <DSRLX value="自然人" nameCN="当事人类型" />
      <GJ value="中国" nameCN="国籍" />
    </SSCYR>
    <SSCYR value="委托代理人陆建国" nameCN="诉讼参与人">
      <SSCYRMC value="陆建国" nameCN="诉讼参与人名称" />
      <SSSF value="委托代理人" nameCN="诉讼身份" />
      <DSRLX value="自然人" nameCN="当事人类型" />
      <GJ value="中国" nameCN="国籍" />
    </SSCYR>
    <SSCYR value="被告王树仲" nameCN="诉讼参与人">
      <SSCYRMC value="王树仲" nameCN="诉讼参与人名称" />
      <SSSF value="被告" nameCN="诉讼身份" />
      <SSDW value="被告" nameCN="诉讼地位" />
      <DSRLB value="被告" nameCN="当事人类别" />
      <DSRLX value="自然人" nameCN="当事人类型" />
      <GJ value="中国" nameCN="国籍" />
      <DTQK value="到庭" nameCN="到庭情况" />
    </SSCYR>
    <SSCYR value="被告安素珍" nameCN="诉讼参与人">
      <SSCYRMC value="安素珍" nameCN="诉讼参与人名称" />
      <SSSF value="被告" nameCN="诉讼身份" />
      <SSDW value="被告" nameCN="诉讼地位" />
      <DSRLB value="被告" nameCN="当事人类别" />
      <DSRLX value="自然人" nameCN="当事人类型" />
      <GJ value="中国" nameCN="国籍" />
    </SSCYR>
    <SSCYRQJ value="错误" nameCN="保险公司是否作为被告" />
  </SSCYRQJ>
  <SSJL value="原告房屋征收与补偿办公室诉被告王树仲、安素珍房屋搬迁安置合同纠纷一案，本院受理后，依法由审判员娄艳宏担任审判长，与审判员王俊林、人民陪审员李军志组成合议庭，公开开庭进行了审理。原告房屋征收与补偿办公室的委托代理人刘杰、陆建国，被告王树仲到庭参加诉讼。本案现已审理终结。" nameCN="诉讼记录">
    <AY value="合同纠纷" nameCN="案由" />
    <KTSL value="是" nameCN="开庭审理" />
    <KTSLXX value="公开审理" nameCN="开庭审理信息" />
    <WZAY value="合同纠纷" nameCN="完整案由" />
    <AYDM value="9131" nameCN="案由代码" />
    <YSAJSYCX value="普通程序" nameCN="一审案件适用程序" />
    <JYZPT value="否" nameCN="简易转普通" />
    <SPZZ value="合议庭" nameCN="审判组织" />
    <YSAJLY value="新收" nameCN="一审案件来源" />
    <CTDSRXX nameCN="出庭当事人信息">
      <CTRXM value="刘杰" nameCN="出庭人姓名">
        <SSDW value="委托代理人" nameCN="诉讼地位" />
      </CTRXM>
      <CTRXM value="王树仲" nameCN="出庭人姓名">
        <SSDW value="被告" nameCN="诉讼地位" />
      </CTRXM>
      <CTRXM value="陆建国" nameCN="出庭人姓名">
        <SSDW value="委托代理人" nameCN="诉讼地位" />
      </CTRXM>
    </CTDSRXX>
  </SSJL>
  <AJJBQK value="原告房屋征收与补偿办公室诉称，房屋征收与补偿办公室因凤凰新城棚户区片区改造需要，经围场满族蒙古族自治县人民政府研究决定，搬迁改造本片区的所有房屋。2014年3月16日，原、告在自愿协商的基础上，达成了房屋补偿安置协议（具体内容详见协议）。原告在达到协议中约定的搬迁比例后，于2014年4月10日发出搬迁通知，搬迁期限为2014年4月10日至2014年4月30日，通知发出后被告迟迟不履行腾空房屋、交付房屋的义务。经原告多次催告被告仍不履行协议，现无奈起诉至法院，请求人民法院依法判令被告履行双方签订的《协议搬迁补偿安置协议》中约定的搬迁义务，承担本案中的诉讼费用。&#xA;被告王树仲、安素珍辩称，我们是被告围场镇原奶牛场家属院（现所谓的凤凰新城“棚户区”被搬迁户），大家知道房屋拆迁到征收与补偿是一项关系到被拆迁户切身利益的大事，同时也是政府在此问题上能否主持“公道”的焦点。首先我们认为用政府的话说搬迁是为了提升城市品位，改善人居环境这一点没错，为此县住建局2014年2月13日发文出台了“凤凰新城棚户区改造房屋协议搬迁实施方案”，第二条就规定为真正体现公平补偿、阳光操作，坚持两公开，即：搬迁政策，信息公开，各户补偿结果公开，基于以上几点我们首先向人民法院声明我们同意搬迁，并在2014年3月16日住建局的《协议搬迁补偿安置协议》上签了名，同时上交两证，为什么呢？因为我们老百姓太相信政府了，相信住建局了，我们只相信政府和住建局不会骗人，那为什么后来住建局起诉我们不履行搬迁义务呢？而又迟迟不履行，腾空房屋，交付房屋的义务呢，是因为住建局骗了我们，他失去了政府的公信力。&#xA;一、首先住建局在凤凰新城棚户区房屋协商搬迁实施方案总则第二条规定几公平、几公开，他没做到。如土地置换荒地和院落置换比例不一样，荒地0．9／平，院落却0．86／平，最后的补偿结果不公开。&#xA;二、在林管局会议大厅主持召开的搬迁动员大会上王文学局长对我们大声说：首先回迁楼在原址，有高层，有多层，双向选择，拆迁的房屋成新率最低在95％以上，包括给子女过户所置换楼房一切费用全部由政府承担，而这一切他没有做到，白说了，因为他不给我们体现在合同上。&#xA;三、他违背《合同法》，依照《合同法》第一章第二条、第五条、第十二条、第三十条、第三十七条，他没做到，他不经双方协商同意，单方确定合同内容，今天一个协议，明天又一个合同，包括迁走的户没有一份合法有效的合同，只为了骗取签字。&#xA;四、他（住建局）在《协议搬迁补偿安置协议》中第六条第2项中说：在本片区未达到规定的搬迁比例（95％）本协议自动失效，他没做，而在这种情况下就擅自拆房子，扒的乱七八糟，不堪入目。损失由谁来承担，他在第六条第3项中又说：回迁楼经待征求搬迁户代表意见后据此协议另行签订回迁协议（包括楼号、楼层、是否统一装修等事宜），他没做到，请法官看看他给的协议是什么样，内容又是什么，大家一看就得知他们的用意何去。&#xA;五、他（住建局）在围建字（2014）9号文件中临时安置补偿费按照拆除房屋的合法主房建筑面积每月10元给予补偿，另在规定期限内搬迁的每户奖励3万元，他没做到，而把这些款项折算到置换的平米中扣除，请问我们的安置费哪里去了？&#xA;六、他（住建局）说的到，没做到，随意性强，是这次拆迁的一贯做法，他公开违背依法拆迁、和谐拆迁的原则，制造安全隐患，是他们有错在先，在诸多不合理又不合法的情况下是导致我们不能及时搬迁的直接原因。更难接受的是不知是谁的主意，利用一些社会人员用砸玻璃、撒纸钱、骂大街等极端手段威胁恐吓，使我们的正常生活得不到保障，失去安全感。&#xA;七、自己（住建局）不作为，工作人员工作不积极主动，更谈不上耐心细致，素质低下，还采取传统的恶人先告状的手法，把无辜的受骗户告上法庭，并无中生有称经原告多次催告被告仍不履行协议，现无奈起诉至法院，请问你们无奈吗？不是，而是诬赖，请法院注意。而事实是从3月20日以后至今住建局从未正式通知我们协商搬迁事宜，法庭可以调查取证，如果此事说谎，我们甘愿认输。就在8月6日我们未搬迁户到住建局找负责搬迁的刘杰理论事非时，刘杰确说协议上的字是你们愿意签的，我没拽着你们签，请问法官这样粗暴无知的回应是你拆迁工作人员该说的吗？如果今后再遇类似这种情况谁还敢签字？&#xA;八、他们（住建局）从一开始就步步设套，一步一个谎，虚假承诺，避重就轻，本末倒置，朝令夕改。今天选户型，明天签协议，后天签合同，可事到如今也未拿到一份符合《合同法》规定的双方接受、双方承认而又能制约双方权利义务平等的合同来，请问原告你协议、合同、户型，我们的房屋置换平米都有，你怎么就不往合同上写呢？那我们反问一句，你们在此问题上存在这么多疑点和漏洞你状告我们的理由又是什么呢？值得法官思考。&#xA;九、真相：据我们了解，到目前为止，你们住建局也没能确定这块地到底干什么用，一开始你们就不想让这些户往回迁，据搬走的户找住建局为什么到现在还不给真合同，包括位置、楼层、楼号等，他们说还没找到开发商呢，你让大家说，在围场县有资质的开发商有多少？你想找什么样的？难道一个“棚户区”改造找一个开发商就这么难吗？我们不想往下叙说了，只想请原告方自己详细看一遍《合同法》、河北省（2002）《城市房屋拆迁管理实施办法》、承德市（2006）178号《承德市城市房屋拆迁管理实施办法》和原告方制定的“凤凰新城”“棚户区改造片区房屋协商搬迁实施方案”和“协议搬迁补偿安置协议”是怎么规定的？而你们又是怎么做的，我们相信，谁事谁非法院必有定论。&#xA;为此我们强烈要求人民法院依法认定事实，并做出公正判决，我们视目以待，同时我们将就此事求助新闻媒体，通过合法渠道向上级主管部门投诉，我们一定要讨回一个公道。&#xA;我同意履行协议，协议约定给我回迁楼房224．63平方米，我不要楼房要求货币补偿，按224．63平方米，市场价每平方米4500．00元来计算，补偿我现金。&#xA;经审理查明，围场满族蒙古族自治县人民政府研究决定，围场镇凤凰新城棚户区片区改造需要（原奶牛场家属院），搬迁改造本片区的所有房屋。2014年3月21日，原、被告经协商，签订了《协议搬迁补偿安置协议》。协议约定，搬迁主体（以下简称甲方）：围场满族蒙古族自治县房屋征收与补偿办公室，被搬迁房屋所有权人（以下简称乙方）：王树仲。甲方因凤凰新城棚户区改造需要，经围场满族蒙古族自治县人民政府研究决定，搬迁改造本片区的所有房屋。为实现和谐搬迁，根据《中华人民共和国合同法》的规定，在自愿、协商一致的基础上，现就房屋搬迁补偿安置达成如下协议：第一条至第五条，对被搬迁房屋现状，被搬迁房屋、土地、附属物补偿，奖励，甲方共支付乙方土地、房屋、附属物、政策性补助及奖励款，回迁安置进行了约定，第六条，双方约定的其他事项，1、征收办视整片区协议签字比例，确定搬迁日期，在此期间，为保证乙方合法权益不受影响，搬迁户不得擅自搬迁，待征收办书面通知搬迁日期后，方可搬迁，对擅自搬迁造成的一切损失，甲方不承担任何责任。2、在本片区未达到规定的搬迁比例（95％），本协议自动失效。3、回迁楼经待征求搬迁户代表意见后，据此协议另行签订回迁协议（包括楼号、楼层是否统一装修等事宜）。协议签订后，被告将房屋所有权证和国有土地使用证交与原告。&#xA;2014年4月10日，原告在凤凰新城拆迁片区张贴《通知》，内容为，凤凰新城拆迁片区各搬迁户：经县政府及住建局研究决定，各搬迁户可在2014年4月10日起搬家。一、搬迁期限为2014年4月10日-2014年4月30日，搬迁完毕日期以交钥匙为准。若超期搬迁，原定回迁顺序号视为无效。二、各搬迁户院内所有固定设施、附属物不得自行拆除，否则抵扣相应补偿款。三、为保证在原址就近回迁，所有签协议户搬迁完毕后，做出回迁房屋建设方案，由搬迁户确定回迁房楼号和楼层顺序。四、有需要领取奖金及过渡费的搬迁户，在搬迁完毕验收合格后，方可领取。五、请各搬迁户互相转达。&#xA;原被告因搬迁、安置发生纠纷，对《协议搬迁补偿安置协议》未履行。原告要求被告继续履行协议，腾空交付房屋，被告同意履行协议，同意搬迁，要求货币补偿。&#xA;凤凰新城拆迁片区共157户，有155户签订了《协议搬迁补偿安置协议》，有约130户已经搬迁。&#xA;" nameCN="案件基本情况">
    <YGSCD value="原告房屋征收与补偿办公室诉称，房屋征收与补偿办公室因凤凰新城棚户区片区改造需要，经围场满族蒙古族自治县人民政府研究决定，搬迁改造本片区的所有房屋。2014年3月16日，原、告在自愿协商的基础上，达成了房屋补偿安置协议（具体内容详见协议）。原告在达到协议中约定的搬迁比例后，于2014年4月10日发出搬迁通知，搬迁期限为2014年4月10日至2014年4月30日，通知发出后被告迟迟不履行腾空房屋、交付房屋的义务。经原告多次催告被告仍不履行协议，现无奈起诉至法院，请求人民法院依法判令被告履行双方签订的《协议搬迁补偿安置协议》中约定的搬迁义务，承担本案中的诉讼费用。 " nameCN="原告诉称段" />
    <BGBCD value="被告王树仲、安素珍辩称，我们是被告围场镇原奶牛场家属院（现所谓的凤凰新城“棚户区”被搬迁户），大家知道房屋拆迁到征收与补偿是一项关系到被拆迁户切身利益的大事，同时也是政府在此问题上能否主持“公道”的焦点。首先我们认为用政府的话说搬迁是为了提升城市品位，改善人居环境这一点没错，为此县住建局2014年2月13日发文出台了“凤凰新城棚户区改造房屋协议搬迁实施方案”，第二条就规定为真正体现公平补偿、阳光操作，坚持两公开，即：搬迁政策，信息公开，各户补偿结果公开，基于以上几点我们首先向人民法院声明我们同意搬迁，并在2014年3月16日住建局的《协议搬迁补偿安置协议》上签了名，同时上交两证，为什么呢？因为我们老百姓太相信政府了，相信住建局了，我们只相信政府和住建局不会骗人，那为什么后来住建局起诉我们不履行搬迁义务呢？而又迟迟不履行，腾空房屋，交付房屋的义务呢，是因为住建局骗了我们，他失去了政府的公信力。 一、首先住建局在凤凰新城棚户区房屋协商搬迁实施方案总则第二条规定几公平、几公开，他没做到。如土地置换荒地和院落置换比例不一样，荒地0．9／平，院落却0．86／平，最后的补偿结果不公开。 二、在林管局会议大厅主持召开的搬迁动员大会上王文学局长对我们大声说：首先回迁楼在原址，有高层，有多层，双向选择，拆迁的房屋成新率最低在95％以上，包括给子女过户所置换楼房一切费用全部由政府承担，而这一切他没有做到，白说了，因为他不给我们体现在合同上。 三、他违背《合同法》，依照《合同法》第一章第二条、第五条、第十二条、第三十条、第三十七条，他没做到，他不经双方协商同意，单方确定合同内容，今天一个协议，明天又一个合同，包括迁走的户没有一份合法有效的合同，只为了骗取签字。 四、他（住建局）在《协议搬迁补偿安置协议》中第六条第2项中说：在本片区未达到规定的搬迁比例（95％）本协议自动失效，他没做，而在这种情况下就擅自拆房子，扒的乱七八糟，不堪入目。损失由谁来承担，他在第六条第3项中又说：回迁楼经待征求搬迁户代表意见后据此协议另行签订回迁协议（包括楼号、楼层、是否统一装修等事宜），他没做到，请法官看看他给的协议是什么样，内容又是什么，大家一看就得知他们的用意何去。 五、他（住建局）在围建字（2014）9号文件中临时安置补偿费按照拆除房屋的合法主房建筑面积每月10元给予补偿，另在规定期限内搬迁的每户奖励3万元，他没做到，而把这些款项折算到置换的平米中扣除，请问我们的安置费哪里去了？ 六、他（住建局）说的到，没做到，随意性强，是这次拆迁的一贯做法，他公开违背依法拆迁、和谐拆迁的原则，制造安全隐患，是他们有错在先，在诸多不合理又不合法的情况下是导致我们不能及时搬迁的直接原因。更难接受的是不知是谁的主意，利用一些社会人员用砸玻璃、撒纸钱、骂大街等极端手段威胁恐吓，使我们的正常生活得不到保障，失去安全感。 七、自己（住建局）不作为，工作人员工作不积极主动，更谈不上耐心细致，素质低下，还采取传统的恶人先告状的手法，把无辜的受骗户告上法庭，并无中生有称经原告多次催告被告仍不履行协议，现无奈起诉至法院，请问你们无奈吗？不是，而是诬赖，请法院注意。而事实是从3月20日以后至今住建局从未正式通知我们协商搬迁事宜，法庭可以调查取证，如果此事说谎，我们甘愿认输。就在8月6日我们未搬迁户到住建局找负责搬迁的刘杰理论事非时，刘杰确说协议上的字是你们愿意签的，我没拽着你们签，请问法官这样粗暴无知的回应是你拆迁工作人员该说的吗？如果今后再遇类似这种情况谁还敢签字？ 八、他们（住建局）从一开始就步步设套，一步一个谎，虚假承诺，避重就轻，本末倒置，朝令夕改。今天选户型，明天签协议，后天签合同，可事到如今也未拿到一份符合《合同法》规定的双方接受、双方承认而又能制约双方权利义务平等的合同来，请问原告你协议、合同、户型，我们的房屋置换平米都有，你怎么就不往合同上写呢？那我们反问一句，你们在此问题上存在这么多疑点和漏洞你状告我们的理由又是什么呢？值得法官思考。 九、真相：据我们了解，到目前为止，你们住建局也没能确定这块地到底干什么用，一开始你们就不想让这些户往回迁，据搬走的户找住建局为什么到现在还不给真合同，包括位置、楼层、楼号等，他们说还没找到开发商呢，你让大家说，在围场县有资质的开发商有多少？你想找什么样的？难道一个“棚户区”改造找一个开发商就这么难吗？我们不想往下叙说了，只想请原告方自己详细看一遍《合同法》、河北省（2002）《城市房屋拆迁管理实施办法》、承德市（2006）178号《承德市城市房屋拆迁管理实施办法》和原告方制定的“凤凰新城”“棚户区改造片区房屋协商搬迁实施方案”和“协议搬迁补偿安置协议”是怎么规定的？而你们又是怎么做的，我们相信，谁事谁非法院必有定论。 " nameCN="被告辩称段" />
    <CMSSD value="为此我们强烈要求人民法院依法认定事实，并做出公正判决，我们视目以待，同时我们将就此事求助新闻媒体，通过合法渠道向上级主管部门投诉，我们一定要讨回一个公道。我同意履行协议，协议约定给我回迁楼房224．63平方米，我不要楼房要求货币补偿，按224．63平方米，市场价每平方米4500．00元来计算，补偿我现金。 经审理查明，围场满族蒙古族自治县人民政府研究决定，围场镇凤凰新城棚户区片区改造需要（原奶牛场家属院），搬迁改造本片区的所有房屋。2014年3月21日，原、被告经协商，签订了《协议搬迁补偿安置协议》。协议约定，搬迁主体（以下简称甲方）：围场满族蒙古族自治县房屋征收与补偿办公室，被搬迁房屋所有权人（以下简称乙方）：王树仲。甲方因凤凰新城棚户区改造需要，经围场满族蒙古族自治县人民政府研究决定，搬迁改造本片区的所有房屋。为实现和谐搬迁，根据《中华人民共和国合同法》的规定，在自愿、协商一致的基础上，现就房屋搬迁补偿安置达成如下协议：第一条至第五条，对被搬迁房屋现状，被搬迁房屋、土地、附属物补偿，奖励，甲方共支付乙方土地、房屋、附属物、政策性补助及奖励款，回迁安置进行了约定，第六条，双方约定的其他事项，1、征收办视整片区协议签字比例，确定搬迁日期，在此期间，为保证乙方合法权益不受影响，搬迁户不得擅自搬迁，待征收办书面通知搬迁日期后，方可搬迁，对擅自搬迁造成的一切损失，甲方不承担任何责任。2、在本片区未达到规定的搬迁比例（95％），本协议自动失效。3、回迁楼经待征求搬迁户代表意见后，据此协议另行签订回迁协议（包括楼号、楼层是否统一装修等事宜）。协议签订后，被告将房屋所有权证和国有土地使用证交与原告。 2014年4月10日，原告在凤凰新城拆迁片区张贴《通知》，内容为，凤凰新城拆迁片区各搬迁户：经县政府及住建局研究决定，各搬迁户可在2014年4月10日起搬家。一、搬迁期限为2014年4月10日-2014年4月30日，搬迁完毕日期以交钥匙为准。若超期搬迁，原定回迁顺序号视为无效。二、各搬迁户院内所有固定设施、附属物不得自行拆除，否则抵扣相应补偿款。三、为保证在原址就近回迁，所有签协议户搬迁完毕后，做出回迁房屋建设方案，由搬迁户确定回迁房楼号和楼层顺序。四、有需要领取奖金及过渡费的搬迁户，在搬迁完毕验收合格后，方可领取。五、请各搬迁户互相转达。 原被告因搬迁、安置发生纠纷，对《协议搬迁补偿安置协议》未履行。原告要求被告继续履行协议，腾空交付房屋，被告同意履行协议，同意搬迁，要求货币补偿。 凤凰新城拆迁片区共157户，有155户签订了《协议搬迁补偿安置协议》，有约130户已经搬迁。 " nameCN="查明事实段">
      <SGXQ value="未提及" nameCN="事故详情">
        <SGSJ value="未提及" nameCN="事故时间" />
        <SGDD value="未提及" nameCN="事故地点" />
      </SGXQ>
      <JDCSYR value="王树仲" nameCN="机动车所有人" />
      <GAJGRDYJ value="并做出公正判决，我们视目以待，同时我们将就此事求助新闻媒体，通过合法渠道向上级主管部门投诉，我们一定要讨回一个公道。" nameCN="公安机关认定意见" />
      <SFTB value="是" nameCN="是否投保" />
      <SFZBXQN value="是" nameCN="是否在保险期内" />
      <SFXQPF value="是" nameCN="是否先期赔付" />
      <JDSFKK value="是" nameCN="鉴定是否可靠" />
    </CMSSD>
  </AJJBQK>
  <CPFXGC value="本院认为，被告王树仲、安素珍为凤凰新城拆迁片区与原告签订《协议搬迁补偿安置协议》155户中的一户，在签订该协议时，双方对协议内容进行了协商、了解，应为双方真实意思表示，协议对货币补偿有了明确约定，所以对被告的答辩理由本案不予采纳。《协议搬迁补偿安置协议》是双方真实意思表示，且不违背法律法规的规定，双方应按该协议履行相应的权利、义务，根据《中华人民共和国合同法》第一百零七条、第一百三十三条之规定，判决如下：&#xA;" nameCN="裁判分析过程">
    <JAFSLX value="判决" nameCN="结案方式类型" />
    <FLFTMC value="中华人民共和国合同法" nameCN="法律法条名称">
      <TM value="一百三十三" nameCN="条目" />
      <TM value="一百零七" nameCN="条目" />
      <SFCXF value="非程序法" nameCN="是否是程序法" />
    </FLFTMC>
  </CPFXGC>
  <CPJG value="一、被告王树仲、安素珍于本判决生效后十日内按《协议搬迁补偿安置协议》约定履行搬迁义务，将房屋及院落腾空交付原告。&#xA;案件受理费100．00元，由被告承担。&#xA;如不服本判决，可在判决书送达之日起十五日内，向本院或上一级人民法院递交上诉状及副本，上诉于河北省承德市中级人民法院。（同时交纳二审案件受理费及其它费用）。&#xA;" nameCN="裁判结果">
    <JAFS value="判决" nameCN="结案方式" />
    <PCSFSXZQ value="正确" nameCN="同时起诉侵权人与保险公司的赔偿顺序" />
    <JTPJJG value="一、被告王树仲、安素珍于本判决生效后十日内按《协议搬迁补偿安置协议》约定履行搬迁义务，将房屋及院落腾空交付原告。" nameCN="具体裁判段">
      <PJZXQX value="十日" nameCN="判决执行期限" />
    </JTPJJG>
    <SSFCD nameCN="诉讼费承担">
      <SSFCDJL value="案件受理费100．00元，由被告承担。" nameCN="诉讼费承担记录">
        <SSFJE value="100.00元" nameCN="诉讼费金额" />
        <SSFZL value="受理费" nameCN="诉讼费种类" />
      </SSFCDJL>
    </SSFCD>
    <SFFHCS value="否" nameCN="是否发回重审" />
    <KSSZ value="河北省承德市中级人民法院" nameCN="可上诉至" />
    <SSTJCL value="上诉状及副本" nameCN="上诉提交材料" />
    <SSQX value="十五日" nameCN="上诉期限" />
    <TCGXQYY value="否" nameCN="是否提出管辖权异议" />
  </CPJG>
  <WW value="审判长娄艳宏&#xA;审判员王俊林&#xA;人民陪审员李军志&#xA;二〇一四年十月八日&#xA;书记员马天原&#xA;" nameCN="文尾">
    <SPZZCY nameCN="审判组织成员">
      <SPRYXM value="娄艳宏" nameCN="审判人员姓名" />
      <SPRYJS value="审判长" nameCN="审判人员角色" />
    </SPZZCY>
    <SPZZCY nameCN="审判组织成员">
      <SPRYXM value="王俊林" nameCN="审判人员姓名" />
      <SPRYJS value="审判员" nameCN="审判人员角色" />
    </SPZZCY>
    <SPZZCY nameCN="审判组织成员">
      <SPRYXM value="李军志" nameCN="审判人员姓名" />
      <SPRYJS value="人民陪审员" nameCN="审判人员角色" />
    </SPZZCY>
    <SPZZCY nameCN="审判组织成员">
      <SPRYXM value="马天原" nameCN="审判人员姓名" />
      <SPRYJS value="书记员" nameCN="审判人员角色" />
    </SPZZCY>
    <CPSJ value="2014年10月8日" nameCN="裁判时间">
      <Year value="2014" nameCN="结案年度" />
      <JANYR value="2014年10月8日" nameCN="结案年月日" />
      <JANY value="2014-10" nameCN="结案年月" />
      <Month value="10" nameCN="月" />
      <Day value="8" nameCN="日" />
    </CPSJ>
  </WW>
  <FL value="" nameCN="附录" />
</QW>

