<?xml version="1.0" encoding="UTF-8"?>
<QW value="北京市密云县人民法院&#xA;民事判决书&#xA;（2014）密民初字第6174号&#xA;原告国网北京市电力公司，住所地北京市西城区前门西大街41号。组织机构代码80136563-2。&#xA;法定代表人尹昌新，总经理。&#xA;委托代理人李铁，男，1963年1月18日出生，国网北京市电力公司职员。&#xA;委托代理人杨爽，北京市亿中律师事务所律师。&#xA;被告北京市密云县河南寨镇芦古庄村民委员会，住所地北京市密云县河南寨镇芦古庄村。组织机构代码A0304087-9。&#xA;法定代表人周凤如，村主任。&#xA;原告国网北京市电力公司（以下简称国电公司）与被告北京市密云县河南寨镇芦古庄村民委员会（以下简称芦古庄村委会）供用电合同纠纷一案，本院受理后，依法由审判员宋英伟独任审判，公开开庭进行了审理。原告国电公司之委托代理人杨爽、李铁，被告芦古庄村委会之法定代表人周凤如到庭参加诉讼。本案现已审理终结。&#xA;原告国电公司诉称：被告作为用电客户向原告申报用电，我公司依其申请向被告位于河南寨镇芦古庄村的办公地址供电，双方之间形成了事实上的供用电合同关系，被告作为电费交纳义务人未向我公司按期交清2013年7月至10月、2014年4月的电费本金3576．25元，根据《供电营业规则》《电力供应与使用条例》之规定，被告应当支付我公司电费违约金3383．41元。现我公司起诉要求被告支付2013年7月至同年10月、2014年4月电费本金3576．25元、违约金3383．41元，以上共计6959．66元。&#xA;被告芦古庄村委会辩称：原告所述属实，对于原告提出的违约金数额没有异议，同意原告的诉讼请求。&#xA;经审理查明：原告依被告申请，向被告坐落于密云县河南寨镇芦古庄村的办公地址供电，原告依约履行了全部持续供电义务。为证明原、被告之间已形成事实供用电合同关系，原告提交了2013年5月15日、2013年6月12日由河南寨供电所开具的缴费户名为芦古庄大队部的电费机打发票2张，经质证，被告对此予以认可。庭审中，原告提交缴费户名为芦古庄大队部2013年7月至同年10月、2014年4月用电客户电费交费通知单6张，金额为3576．25元，经质证，被告认可拖欠原告2013年7月至同年10月、2014年4月电费本金3576．25元，违约金3383．41元，以上共计6959．66元，并同意支付原告上述款项。&#xA;上述事实，有双方当事人陈述、电费发票、交费通知单等证据在案佐证。&#xA;本院认为：供用电合同是供电人向用电人供电，用电人支付电费的合同。用电人应当按照国家有关规定和当事人的约定及时交付电费。用电人逾期不交付电费的，应当按照约定支付违约金。原告依据被告作为用电客户的申请向其持续供电，双方已形成事实上的供用电合同关系，被告作为用电人应当按照国家有关规定向原告及时交付电费。被告对原告所主张的本金及违约金数额予以认可，本院对此不持异议。故原告要求被告支付所拖欠电费本金和违约金的诉讼请求，理由正当，证据充分，本院予以支持。综上所述，依据《中华人民共和国合同法》第一百七十六条、第一百八十二条之规定，判决如下：&#xA;被告北京市密云县河南寨镇芦古庄村民委员会于本判决生效之日起十日内支付原告国网北京市电力公司二〇一三年七月至同年十月以及二〇一四年四月电费本金及违约金共计六千九百五十九元六角六分。&#xA;如果未按本判决指定的期间履行给付金钱义务，应当依照《中华人民共和国民事诉讼法》第二百五十三条之规定，加倍支付迟延履行期间的债务利息。&#xA;案件受理费二十五元，由被告北京市密云县河南寨镇芦古庄村民委员会负担，限本判决生效之日起七日内交纳。&#xA;如不服本判决，可在判决书送达之日起十五日内，向本院递交上诉状，并按对方当事人的人数提出副本，交纳上诉案件受理费，上诉于北京市第三中级人民法院。如在上诉期满后七日内未交纳上诉案件受理费的，按自动撤回上诉处理。&#xA;审判员宋英伟&#xA;二〇一四年十一月十九日&#xA;书记员杨华颖&#xA;" nameCN="全文">
  <WS value="北京市密云县人民法院&#xA;民事判决书&#xA;（2014）密民初字第6174号&#xA;" nameCN="文首">
    <WSZZDW value="法院" nameCN="文书制作单位" />
    <JBFY value="北京市密云县人民法院" nameCN="经办法院">
      <FYJB value="基层" nameCN="法院级别" />
      <XZQH_P value="北京" nameCN="行政区划(省)" />
    </JBFY>
    <WSMC value="民事判决书" nameCN="文书名称" />
    <AH value="(2014)密民初字第6174号" nameCN="案号" />
    <LAND value="2014" nameCN="立案年度" />
    <AJXZ value="民事案件" nameCN="案件性质" />
    <WSZL value="判决书" nameCN="文书种类" />
    <SPCX value="一审案件" nameCN="审判程序" />
    <AJLX value="民事一审案件" nameCN="案件类型" />
  </WS>
  <SSCYRQJ value="原告国网北京市电力公司，住所地北京市西城区前门西大街41号。组织机构代码80136563-2。&#xA;法定代表人尹昌新，总经理。&#xA;委托代理人李铁，男，1963年1月18日出生，国网北京市电力公司职员。&#xA;委托代理人杨爽，北京市亿中律师事务所律师。&#xA;被告北京市密云县河南寨镇芦古庄村民委员会，住所地北京市密云县河南寨镇芦古庄村。组织机构代码A0304087-9。&#xA;法定代表人周凤如，村主任。&#xA;" nameCN="诉讼参与人全集">
    <SSCYR value="原告国网北京市电力公司，住所地北京市西城区前门西大街41号。组织机构代码80136563-2。" nameCN="诉讼参与人">
      <SSCYRMC value="国网北京市电力公司" nameCN="诉讼参与人名称" />
      <SSSF value="原告" nameCN="诉讼身份" />
      <SSDW value="原告" nameCN="诉讼地位" />
      <DSRLB value="原告" nameCN="当事人类别" />
      <DSRLX value="法人" nameCN="当事人类型" />
      <DSRDZ value="北京市西城区前门西大街41号" nameCN="当事人地址" />
      <DWXZ value="有限责任公司" nameCN="单位性质" />
      <FDDBR value="尹昌新" nameCN="单位法定代表人" />
      <TSHY value="电力" nameCN="特殊行业" />
    </SSCYR>
    <SSCYR value="法定代表人尹昌新，总经理。" nameCN="诉讼参与人">
      <SSCYRMC value="尹昌新" nameCN="诉讼参与人名称" />
      <SSSF value="法定代表人" nameCN="诉讼身份" />
      <DSRLX value="自然人" nameCN="当事人类型" />
      <GJ value="中国" nameCN="国籍" />
      <DWZWFZ nameCN="单位职务分组">
        <ZW value="总经理" nameCN="职务" />
        <DWMC value="国网北京市电力公司" nameCN="单位名称" />
        <DWXZ value="有限责任公司" nameCN="单位性质" />
      </DWZWFZ>
      <TSHY value="电力" nameCN="特殊行业" />
    </SSCYR>
    <SSCYR value="委托代理人李铁，男，1963年1月18日出生，国网北京市电力公司职员。" nameCN="诉讼参与人">
      <SSCYRMC value="李铁" nameCN="诉讼参与人名称" />
      <SSSF value="委托代理人" nameCN="诉讼身份" />
      <DSRLX value="自然人" nameCN="当事人类型" />
      <XB value="男" nameCN="性别" />
      <CSRQ value="1963年1月18日" nameCN="出生日期">
        <Year value="1963" nameCN="年" />
        <Month value="1" nameCN="月" />
        <Day value="18" nameCN="日" />
      </CSRQ>
      <GJ value="中国" nameCN="国籍" />
      <DWZWFZ nameCN="单位职务分组">
        <ZW value="职员" nameCN="职务" />
      </DWZWFZ>
    </SSCYR>
    <SSCYR value="委托代理人杨爽，北京市亿中律师事务所律师。" nameCN="诉讼参与人">
      <SSCYRMC value="杨爽" nameCN="诉讼参与人名称" />
      <SSSF value="委托代理人" nameCN="诉讼身份" />
      <DSRLX value="自然人" nameCN="当事人类型" />
      <GJ value="中国" nameCN="国籍" />
      <DWZWFZ nameCN="单位职务分组">
        <ZW value="律师" nameCN="职务" />
      </DWZWFZ>
    </SSCYR>
    <SSCYR value="被告北京市密云县河南寨镇芦古庄村民委员会，住所地北京市密云县河南寨镇芦古庄村。组织机构代码A0304087-9。" nameCN="诉讼参与人">
      <SSCYRMC value="北京市密云县河南寨镇芦古庄村民委员会" nameCN="诉讼参与人名称" />
      <SSSF value="被告" nameCN="诉讼身份" />
      <SSDW value="被告" nameCN="诉讼地位" />
      <DSRLB value="被告" nameCN="当事人类别" />
      <DSRLX value="法人" nameCN="当事人类型" />
      <DSRDZ value="北京市密云县河南寨镇芦古庄村" nameCN="当事人地址" />
      <FDDBR value="周凤如" nameCN="单位法定代表人" />
    </SSCYR>
    <SSCYR value="法定代表人周凤如，村主任。" nameCN="诉讼参与人">
      <SSCYRMC value="周凤如" nameCN="诉讼参与人名称" />
      <SSSF value="法定代表人" nameCN="诉讼身份" />
      <DSRLX value="自然人" nameCN="当事人类型" />
      <GJ value="中国" nameCN="国籍" />
      <DTQK value="到庭" nameCN="到庭情况" />
      <DWZWFZ nameCN="单位职务分组">
        <ZW value="主任" nameCN="职务" />
        <DWMC value="北京市密云县河南寨镇芦古庄村民委员会" nameCN="单位名称" />
      </DWZWFZ>
    </SSCYR>
    <SSCYRQJ value="错误" nameCN="保险公司是否作为被告" />
  </SSCYRQJ>
  <SSJL value="原告国网北京市电力公司（以下简称国电公司）与被告北京市密云县河南寨镇芦古庄村民委员会（以下简称芦古庄村委会）供用电合同纠纷一案，本院受理后，依法由审判员宋英伟独任审判，公开开庭进行了审理。原告国电公司之委托代理人杨爽、李铁，被告芦古庄村委会之法定代表人周凤如到庭参加诉讼。本案现已审理终结。" nameCN="诉讼记录">
    <YG value="国网北京市电力公司（以下简称国电公司）" nameCN="原告" />
    <BG value="北京市密云县河南寨镇芦古庄村民委员会（以下简称芦古庄村委会）" nameCN="被告" />
    <AY value="供用电合同纠纷" nameCN="案由" />
    <KTSL value="是" nameCN="开庭审理" />
    <KTSLXX value="公开审理" nameCN="开庭审理信息" />
    <WZAY value="供用电合同纠纷" nameCN="完整案由" />
    <AYDM value="9170" nameCN="案由代码" />
    <YSAJSYCX value="普通程序" nameCN="一审案件适用程序" />
    <JYZPT value="否" nameCN="简易转普通" />
    <YSAJLY value="新收" nameCN="一审案件来源" />
    <CTDSRXX nameCN="出庭当事人信息">
      <CTRXM value="周凤如" nameCN="出庭人姓名">
        <SSDW value="法定代表人" nameCN="诉讼地位" />
      </CTRXM>
      <CTRXM value="杨爽" nameCN="出庭人姓名">
        <SSDW value="委托代理人" nameCN="诉讼地位" />
      </CTRXM>
      <CTRXM value="李铁" nameCN="出庭人姓名">
        <SSDW value="委托代理人" nameCN="诉讼地位" />
      </CTRXM>
    </CTDSRXX>
  </SSJL>
  <AJJBQK value="原告国电公司诉称：被告作为用电客户向原告申报用电，我公司依其申请向被告位于河南寨镇芦古庄村的办公地址供电，双方之间形成了事实上的供用电合同关系，被告作为电费交纳义务人未向我公司按期交清2013年7月至10月、2014年4月的电费本金3576．25元，根据《供电营业规则》《电力供应与使用条例》之规定，被告应当支付我公司电费违约金3383．41元。现我公司起诉要求被告支付2013年7月至同年10月、2014年4月电费本金3576．25元、违约金3383．41元，以上共计6959．66元。&#xA;被告芦古庄村委会辩称：原告所述属实，对于原告提出的违约金数额没有异议，同意原告的诉讼请求。&#xA;经审理查明：原告依被告申请，向被告坐落于密云县河南寨镇芦古庄村的办公地址供电，原告依约履行了全部持续供电义务。为证明原、被告之间已形成事实供用电合同关系，原告提交了2013年5月15日、2013年6月12日由河南寨供电所开具的缴费户名为芦古庄大队部的电费机打发票2张，经质证，被告对此予以认可。庭审中，原告提交缴费户名为芦古庄大队部2013年7月至同年10月、2014年4月用电客户电费交费通知单6张，金额为3576．25元，经质证，被告认可拖欠原告2013年7月至同年10月、2014年4月电费本金3576．25元，违约金3383．41元，以上共计6959．66元，并同意支付原告上述款项。&#xA;上述事实，有双方当事人陈述、电费发票、交费通知单等证据在案佐证。&#xA;" nameCN="案件基本情况">
    <YGSCD value="原告国电公司诉称：被告作为用电客户向原告申报用电，我公司依其申请向被告位于河南寨镇芦古庄村的办公地址供电，双方之间形成了事实上的供用电合同关系，被告作为电费交纳义务人未向我公司按期交清2013年7月至10月、2014年4月的电费本金3576．25元，根据《供电营业规则》《电力供应与使用条例》之规定，被告应当支付我公司电费违约金3383．41元。现我公司起诉要求被告支付2013年7月至同年10月、2014年4月电费本金3576．25元、违约金3383．41元，以上共计6959．66元。 " nameCN="原告诉称段" />
    <BGBCD value="被告芦古庄村委会辩称：原告所述属实，对于原告提出的违约金数额没有异议，同意原告的诉讼请求。 " nameCN="被告辩称段" />
    <ZJD value="上述事实，有双方当事人陈述、电费发票、交费通知单等证据在案佐证。" nameCN="证据段" />
    <CMSSD value="经审理查明：原告依被告申请，向被告坐落于密云县河南寨镇芦古庄村的办公地址供电，原告依约履行了全部持续供电义务。为证明原、被告之间已形成事实供用电合同关系，原告提交了2013年5月15日、2013年6月12日由河南寨供电所开具的缴费户名为芦古庄大队部的电费机打发票2张，经质证，被告对此予以认可。庭审中，原告提交缴费户名为芦古庄大队部2013年7月至同年10月、2014年4月用电客户电费交费通知单6张，金额为3576．25元，经质证，被告认可拖欠原告2013年7月至同年10月、2014年4月电费本金3576．25元，违约金3383．41元，以上共计6959．66元，并同意支付原告上述款项。" nameCN="查明事实段">
      <SGXQ value="未提及" nameCN="事故详情">
        <SGSJ value="未提及" nameCN="事故时间" />
        <SGDD value="未提及" nameCN="事故地点" />
      </SGXQ>
      <JDCSYR value="北京市密云县河南寨镇芦古庄村民委员会" nameCN="机动车所有人" />
      <SFTB value="是" nameCN="是否投保" />
      <SFZBXQN value="是" nameCN="是否在保险期内" />
      <SFXQPF value="是" nameCN="是否先期赔付" />
      <SJZCQK value="6959．66元" nameCN="实际支出情况" />
      <JDSFKK value="是" nameCN="鉴定是否可靠" />
    </CMSSD>
  </AJJBQK>
  <CPFXGC value="本院认为：供用电合同是供电人向用电人供电，用电人支付电费的合同。用电人应当按照国家有关规定和当事人的约定及时交付电费。用电人逾期不交付电费的，应当按照约定支付违约金。原告依据被告作为用电客户的申请向其持续供电，双方已形成事实上的供用电合同关系，被告作为用电人应当按照国家有关规定向原告及时交付电费。被告对原告所主张的本金及违约金数额予以认可，本院对此不持异议。故原告要求被告支付所拖欠电费本金和违约金的诉讼请求，理由正当，证据充分，本院予以支持。综上所述，依据《中华人民共和国合同法》第一百七十六条、第一百八十二条之规定，判决如下：&#xA;" nameCN="裁判分析过程">
    <JAFSLX value="判决" nameCN="结案方式类型" />
    <FLFTMC value="中华人民共和国合同法" nameCN="法律法条名称">
      <TM value="一百七十六" nameCN="条目" />
      <TM value="一百八十二" nameCN="条目" />
      <SFCXF value="非程序法" nameCN="是否是程序法" />
    </FLFTMC>
  </CPFXGC>
  <CPJG value="被告北京市密云县河南寨镇芦古庄村民委员会于本判决生效之日起十日内支付原告国网北京市电力公司二〇一三年七月至同年十月以及二〇一四年四月电费本金及违约金共计六千九百五十九元六角六分。&#xA;如果未按本判决指定的期间履行给付金钱义务，应当依照《中华人民共和国民事诉讼法》第二百五十三条之规定，加倍支付迟延履行期间的债务利息。&#xA;案件受理费二十五元，由被告北京市密云县河南寨镇芦古庄村民委员会负担，限本判决生效之日起七日内交纳。&#xA;如不服本判决，可在判决书送达之日起十五日内，向本院递交上诉状，并按对方当事人的人数提出副本，交纳上诉案件受理费，上诉于北京市第三中级人民法院。如在上诉期满后七日内未交纳上诉案件受理费的，按自动撤回上诉处理。&#xA;" nameCN="裁判结果">
    <JAFS value="判决" nameCN="结案方式" />
    <PCSFSXZQ value="正确" nameCN="同时起诉侵权人与保险公司的赔偿顺序" />
    <JTPJJG value="被告北京市密云县河南寨镇芦古庄村民委员会于本判决生效之日起十日内支付原告国网北京市电力公司二〇一三年七月至同年十月以及二〇一四年四月电费本金及违约金共计六千九百五十九元六角六分。" nameCN="具体裁判段">
      <QLR value="国网北京市电力公司" nameCN="权利人">
        <QLRSSDW value="原告" nameCN="诉讼地位" />
      </QLR>
      <YWR value="北京市密云县河南寨镇芦古庄村民委员会" nameCN="义务人">
        <YWRSSDW value="被告" nameCN="诉讼地位" />
      </YWR>
      <PJZXQX value="十日" nameCN="判决执行期限" />
    </JTPJJG>
    <JTPJJG value="如果未按本判决指定的期间履行给付金钱义务，应当依照《中华人民共和国民事诉讼法》第二百五十三条之规定，加倍支付迟延履行期间的债务利息。" nameCN="具体裁判段" />
    <SSFCD nameCN="诉讼费承担">
      <SSFCDJL value="案件受理费二十五元，由被告北京市密云县河南寨镇芦古庄村民委员会负担，限本判决生效之日起七日内交纳。" nameCN="诉讼费承担记录">
        <SSFJE value="25元" nameCN="诉讼费金额" />
        <SSFZL value="受理费" nameCN="诉讼费种类" />
        <SSFCDR value="北京市密云县河南寨镇芦古庄村民委员会" nameCN="承担人">
          <SSFCDJE value="25元" nameCN="承担金额" />
          <SSFCDFS value="个人独立承担该金额" nameCN="承担方式" />
          <SSFCDDW value="被告" nameCN="承担人地位" />
        </SSFCDR>
      </SSFCDJL>
    </SSFCD>
    <SFFHCS value="否" nameCN="是否发回重审" />
    <KSSZ value="北京市第三中级人民法院" nameCN="可上诉至" />
    <SSTJCL value="上诉状，并按对方当事人的人数提出副本" nameCN="上诉提交材料" />
    <SSQX value="十五日" nameCN="上诉期限" />
    <TCGXQYY value="否" nameCN="是否提出管辖权异议" />
  </CPJG>
  <WW value="审判员宋英伟&#xA;二〇一四年十一月十九日&#xA;书记员杨华颖&#xA;" nameCN="文尾">
    <SPZZCY nameCN="审判组织成员">
      <SPRYXM value="宋英伟" nameCN="审判人员姓名" />
      <SPRYJS value="审判员" nameCN="审判人员角色" />
    </SPZZCY>
    <SPZZCY nameCN="审判组织成员">
      <SPRYXM value="杨华颖" nameCN="审判人员姓名" />
      <SPRYJS value="书记员" nameCN="审判人员角色" />
    </SPZZCY>
    <CPSJ value="2014年11月19日" nameCN="裁判时间">
      <Year value="2014" nameCN="结案年度" />
      <JANYR value="2014年11月19日" nameCN="结案年月日" />
      <JANY value="2014-11" nameCN="结案年月" />
      <Month value="11" nameCN="月" />
      <Day value="19" nameCN="日" />
    </CPSJ>
  </WW>
  <FL value="" nameCN="附录" />
</QW>

