<?xml version="1.0" encoding="UTF-8"?>
<QW value="&#xA;山东省夏津县人民法院&#xA;民事判决书&#xA;（2014）夏少民初字第59号&#xA;原告夏津县农村信用合作联社，住所地：夏津县新市街3号。&#xA;法定代表人苑化芳，职务理事长。&#xA;委托代理人石书华，该单位法律顾问，代理权限为特别授权代理。&#xA;被告许文杰，女，汉族，1986年5月10日出生，户籍地夏津县，住夏津县。&#xA;委托代理人许本祯，男，汉族，1988年6月25日出生，住夏津县。&#xA;委托代理人宋悌文，山东融瑞律师事务所律师。&#xA;被告张兴春，男，汉族，1987年2月3日出生，住夏津县。&#xA;被告李法太，男，汉族，1974年11月11日出生，户籍地夏津县。&#xA;原告夏津县农村信用合作联社与被告许文杰、张兴春、李法太借款合同一案，本院受理后依法组成合议庭，公开开庭进行了审理。原告委托代理人石书华、被告许文杰及委托代理人许本祯、宋悌文等到庭参加诉讼。被告张兴春、李法太经本院合法传唤未到庭。本案现已审理终结。&#xA;原告诉称，2011年3月30日，被告许文杰在联社下属宋楼信用社借款本金5万元，月利率11．6916&amp;permil；，至2013年3月29日到期。被告张兴春系该借款的共同还款人，被告李法太对借款提供连带保证责任。借款到期后被告拒不还款，诉至法院，请求判决被告许文杰、张兴春共同还款5万元及利息、罚息，被告李法太承担连带责任。&#xA;被告许文杰方辩称，当时借5万元是李法太用款，自己同意用许文杰的名字，自己在借款合同签字按手印，身份证交给了信用社的人，但钱和信用卡都不在自己手中。自己没有还过利息。原告主体不适格，借款合同与实际情况不符，属于无效合同，信用社没有将钱交给许文杰，因此，许文杰不承担还款责任，应驳回原告诉讼请求。&#xA;被告张兴春、李法太没有在规定期限内提交答辩状。&#xA;经审理查明，2011年3月30日，许文杰向夏津县宋楼信用社（原告分支机构）提出借款5万元申请，原告信用联社分支机构宋楼信用社与被告许文杰签订个人借款合同，借款用途借新还旧，期限至2013年3月29日，按月结息，逾期还款按利率上浮50％计收罚息，被告李法太签订保证合同，对借款承担连带责任保证。被告张兴春作为许文杰丈夫签署承诺书，同意共同承担债务，自愿用自己的家庭财产对该笔贷款的本息及相关费用承担连带清偿责任。当日，宋楼信用社将5万元贷款转入开户行为夏津县农村信用合作联社宋楼信用社的许文杰名下存款账户（914040300010101206136），约定月利率为11．6916&amp;permil；。该笔借款利息偿还至2011年7月21日。&#xA;另查明，宋楼信用社系夏津县农村信用合作联社的分支机构，经原告授权经营存款、贷款业务。&#xA;诉讼过程中，被告许文杰以借款借据借款人签字不是自己所签为由，申请司法鉴定。本院技术室委托山东大舜司法鉴定所进行鉴定，意见为：2011年3月30日《贷转存凭证（借款借据）》借款人&amp;ldquo；许文杰&amp;rdquo；签名字迹与样本中许文杰签名字迹是同一人所写。被告许文杰方对该鉴定意见无异议。&#xA;上述事实有许文杰的借款申请书&#xA;、张兴春的承诺书、借款合同、李法太的保证合同、借款借据、还款记录、司法鉴定书等在案为证，经法庭庭审质证，予以采信。&#xA;本院认为，原告夏津县农村信用合作联社作为宋楼信用社的上级机构，授权宋楼信用社进行存贷款业务，其有权作为原告主张权利。被告许文杰与宋楼信用社签订的借款合同，意思表示真实，合同合法有效，宋楼信用社已经按合同约定将款项转入许文杰的账户，被告许文杰应按约定对借款本息承担还款义务，其辩称贷款被李法太使用拒不还款的理由不能成立。被告许文杰违反合同约定，逾期不能归还借款，应当按照约定支付罚息。被告张兴春自愿对以上借款本息承担清偿责任，意思表示真实，内容合法，依法应承担共同还款义务。被告李法太同意承担连带责任保证，合同意思表示真实，保证合同合法有效，被告李法太对被告许文杰逾期不能清偿的借款本息依法承担连带清偿责任。依据《中华人民共和国民法通则》第九十条、第八十四条，《中华人民共和国合同法》第二百零五条、第二百零六条、第二百零七条，《中华人民共和国担保法》第十二条、第十四条、第十八条，《中华人民共和国民事诉讼法》第一百四十四条之规定，判决如下：&#xA;被告许文杰自本判决生效之日起10日内偿还原告夏津县农村信用合作联社借款本金人民币5万元及利息（自2011年7月22日至2013年3月29日按月利率11．6916&amp;permil；计算；自2013年3月30日至本判决生效之日按月利率11．6916&amp;permil；&amp;times；1．5计算）。&#xA;被告张兴春对被告许文杰的债务承担连带清偿责任。&#xA;被告李法太对被告许文杰的债务承担连带清偿责任。&#xA;如未按本判决指定的期间履行给付金钱义务，应当依照《中华人民共和国民事诉讼法》第二百五十三条之规定，加倍支付迟延履行期间的债务利息。&#xA;案件受理费1050元，由被告许文杰负担。&#xA;如不服本判决，可在判决书送达之日起十五日内向本院递交上诉状，并按对方当事人的人数提出副本，上诉于德州市中级人民法院。&#xA;审判长韩霜&#xA;人民陪审员姜艳艳&#xA;人民陪审员王庆义&#xA;二〇一五年五月二十五日&#xA;书记员王菲&#xA;" nameCN="全文">
  <WS value="山东省夏津县人民法院&#xA;民事判决书&#xA;（2014）夏少民初字第59号&#xA;" nameCN="文首">
    <WSZZDW value="法院" nameCN="文书制作单位" />
    <JBFY value="山东省夏津县人民法院" nameCN="经办法院">
      <FYJB value="基层" nameCN="法院级别" />
      <XZQH_P value="山东" nameCN="行政区划(省)" />
      <XZQH_C value="山东" nameCN="行政区划(市)" />
    </JBFY>
    <WSMC value="民事判决书" nameCN="文书名称" />
    <AH value="(2014)夏少民初字第59号" nameCN="案号" />
    <LAND value="2014" nameCN="立案年度" />
    <AJXZ value="民事案件" nameCN="案件性质" />
    <WSZL value="判决书" nameCN="文书种类" />
    <SPCX value="一审案件" nameCN="审判程序" />
    <AJLX value="民事一审案件" nameCN="案件类型" />
  </WS>
  <SSCYRQJ value="原告夏津县农村信用合作联社，住所地：夏津县新市街3号。&#xA;法定代表人苑化芳，职务理事长。&#xA;委托代理人石书华，该单位法律顾问，代理权限为特别授权代理。&#xA;被告许文杰，女，汉族，1986年5月10日出生，户籍地夏津县，住夏津县。&#xA;委托代理人许本祯，男，汉族，1988年6月25日出生，住夏津县。&#xA;委托代理人宋悌文，山东融瑞律师事务所律师。&#xA;被告张兴春，男，汉族，1987年2月3日出生，住夏津县。&#xA;被告李法太，男，汉族，1974年11月11日出生，户籍地夏津县。&#xA;" nameCN="诉讼参与人全集">
    <SSCYR value="原告夏津县农村信用合作联社，住所地：夏津县新市街3号。" nameCN="诉讼参与人">
      <SSCYRMC value="夏津县农村信用合作联社" nameCN="诉讼参与人名称" />
      <SSSF value="原告" nameCN="诉讼身份" />
      <SSDW value="原告" nameCN="诉讼地位" />
      <DSRLB value="原告" nameCN="当事人类别" />
      <DSRLX value="法人" nameCN="当事人类型" />
      <DSRDZ value="夏津县新市街3号" nameCN="当事人地址" />
      <FDDBR value="苑化芳" nameCN="单位法定代表人" />
    </SSCYR>
    <SSCYR value="法定代表人苑化芳，职务理事长。" nameCN="诉讼参与人">
      <SSCYRMC value="苑化芳" nameCN="诉讼参与人名称" />
      <SSSF value="法定代表人" nameCN="诉讼身份" />
      <DSRLX value="自然人" nameCN="当事人类型" />
      <GJ value="中国" nameCN="国籍" />
      <DWZWFZ nameCN="单位职务分组">
        <DWMC value="夏津县农村信用合作联社" nameCN="单位名称" />
      </DWZWFZ>
    </SSCYR>
    <SSCYR value="委托代理人石书华，该单位法律顾问，代理权限为特别授权代理。" nameCN="诉讼参与人">
      <SSCYRMC value="石书华" nameCN="诉讼参与人名称" />
      <SSSF value="委托代理人" nameCN="诉讼身份" />
      <DSRLX value="自然人" nameCN="当事人类型" />
      <GJ value="中国" nameCN="国籍" />
      <DTQK value="到庭" nameCN="到庭情况" />
      <DWZWFZ nameCN="单位职务分组">
        <ZW value="法律顾问" nameCN="职务" />
      </DWZWFZ>
    </SSCYR>
    <SSCYR value="被告许文杰，女，汉族，1986年5月10日出生，户籍地夏津县，住夏津县。" nameCN="诉讼参与人">
      <SSCYRMC value="许文杰" nameCN="诉讼参与人名称" />
      <SSSF value="被告" nameCN="诉讼身份" />
      <SSDW value="被告" nameCN="诉讼地位" />
      <DSRLB value="被告" nameCN="当事人类别" />
      <DSRLX value="自然人" nameCN="当事人类型" />
      <XB value="女" nameCN="性别" />
      <MZ value="汉族" nameCN="民族" />
      <CSRQ value="1986年5月10日" nameCN="出生日期">
        <Year value="1986" nameCN="年" />
        <Month value="5" nameCN="月" />
        <Day value="10" nameCN="日" />
      </CSRQ>
      <GJ value="中国" nameCN="国籍" />
      <DSRDZ value="夏津县" nameCN="当事人地址" />
      <DTQK value="到庭" nameCN="到庭情况" />
      <JTSFZR value="逾期不能清偿的借款本息依法承担连带清偿责任" nameCN="交通事故责任" />
    </SSCYR>
    <SSCYR value="委托代理人许本祯，男，汉族，1988年6月25日出生，住夏津县。" nameCN="诉讼参与人">
      <SSCYRMC value="许本祯" nameCN="诉讼参与人名称" />
      <SSSF value="委托代理人" nameCN="诉讼身份" />
      <DSRLX value="自然人" nameCN="当事人类型" />
      <XB value="男" nameCN="性别" />
      <MZ value="汉族" nameCN="民族" />
      <CSRQ value="1988年6月25日" nameCN="出生日期">
        <Year value="1988" nameCN="年" />
        <Month value="6" nameCN="月" />
        <Day value="25" nameCN="日" />
      </CSRQ>
      <GJ value="中国" nameCN="国籍" />
      <DSRDZ value="夏津县" nameCN="当事人地址" />
      <DTQK value="到庭" nameCN="到庭情况" />
    </SSCYR>
    <SSCYR value="委托代理人宋悌文，山东融瑞律师事务所律师。" nameCN="诉讼参与人">
      <SSCYRMC value="宋悌文" nameCN="诉讼参与人名称" />
      <SSSF value="委托代理人" nameCN="诉讼身份" />
      <DSRLX value="自然人" nameCN="当事人类型" />
      <GJ value="中国" nameCN="国籍" />
      <DTQK value="到庭" nameCN="到庭情况" />
      <DWZWFZ nameCN="单位职务分组">
        <ZW value="律师" nameCN="职务" />
      </DWZWFZ>
    </SSCYR>
    <SSCYR value="被告张兴春，男，汉族，1987年2月3日出生，住夏津县。" nameCN="诉讼参与人">
      <SSCYRMC value="张兴春" nameCN="诉讼参与人名称" />
      <SSSF value="被告" nameCN="诉讼身份" />
      <SSDW value="被告" nameCN="诉讼地位" />
      <DSRLB value="被告" nameCN="当事人类别" />
      <DSRLX value="自然人" nameCN="当事人类型" />
      <XB value="男" nameCN="性别" />
      <MZ value="汉族" nameCN="民族" />
      <CSRQ value="1987年2月3日" nameCN="出生日期">
        <Year value="1987" nameCN="年" />
        <Month value="2" nameCN="月" />
        <Day value="3" nameCN="日" />
      </CSRQ>
      <GJ value="中国" nameCN="国籍" />
      <DSRDZ value="夏津县" nameCN="当事人地址" />
      <JTSFZR value="自愿对以上借款本息承担清偿责任" nameCN="交通事故责任" />
    </SSCYR>
    <SSCYR value="被告李法太，男，汉族，1974年11月11日出生，户籍地夏津县。" nameCN="诉讼参与人">
      <SSCYRMC value="李法太" nameCN="诉讼参与人名称" />
      <SSSF value="被告" nameCN="诉讼身份" />
      <SSDW value="被告" nameCN="诉讼地位" />
      <DSRLB value="被告" nameCN="当事人类别" />
      <DSRLX value="自然人" nameCN="当事人类型" />
      <XB value="男" nameCN="性别" />
      <MZ value="汉族" nameCN="民族" />
      <CSRQ value="1974年11月11日" nameCN="出生日期">
        <Year value="1974" nameCN="年" />
        <Month value="11" nameCN="月" />
        <Day value="11" nameCN="日" />
      </CSRQ>
      <GJ value="中国" nameCN="国籍" />
      <JTSFZR value="同意承担连带责任" nameCN="交通事故责任" />
    </SSCYR>
    <SSCYRQJ value="错误" nameCN="保险公司是否作为被告" />
  </SSCYRQJ>
  <SSJL value="原告夏津县农村信用合作联社与被告许文杰、张兴春、李法太借款合同一案，本院受理后依法组成合议庭，公开开庭进行了审理。原告委托代理人石书华、被告许文杰及委托代理人许本祯、宋悌文等到庭参加诉讼。被告张兴春、李法太经本院合法传唤未到庭。本案现已审理终结。" nameCN="诉讼记录">
    <AY value="借款合同" nameCN="案由" />
    <KTSL value="是" nameCN="开庭审理" />
    <KTSLXX value="公开审理" nameCN="开庭审理信息" />
    <WZAY value="借款合同" nameCN="完整案由" />
    <YSAJSYCX value="普通程序" nameCN="一审案件适用程序" />
    <JYZPT value="否" nameCN="简易转普通" />
    <SPZZ value="合议庭" nameCN="审判组织" />
    <YSAJLY value="新收" nameCN="一审案件来源" />
    <DXRQX nameCN="当事人缺席">
      <XM value="李法太" nameCN="姓名">
        <SSDW value="被告" nameCN="诉讼地位" />
      </XM>
      <XM value="张兴春" nameCN="姓名">
        <SSDW value="被告" nameCN="诉讼地位" />
      </XM>
    </DXRQX>
    <CTDSRXX nameCN="出庭当事人信息">
      <CTRXM value="许本祯" nameCN="出庭人姓名">
        <SSDW value="委托代理人" nameCN="诉讼地位" />
      </CTRXM>
      <CTRXM value="宋悌文" nameCN="出庭人姓名">
        <SSDW value="委托代理人" nameCN="诉讼地位" />
      </CTRXM>
      <CTRXM value="石书华" nameCN="出庭人姓名">
        <SSDW value="委托代理人" nameCN="诉讼地位" />
      </CTRXM>
      <CTRXM value="许文杰" nameCN="出庭人姓名">
        <SSDW value="被告" nameCN="诉讼地位" />
      </CTRXM>
    </CTDSRXX>
  </SSJL>
  <AJJBQK value="原告诉称，2011年3月30日，被告许文杰在联社下属宋楼信用社借款本金5万元，月利率11．6916&amp;permil；，至2013年3月29日到期。被告张兴春系该借款的共同还款人，被告李法太对借款提供连带保证责任。借款到期后被告拒不还款，诉至法院，请求判决被告许文杰、张兴春共同还款5万元及利息、罚息，被告李法太承担连带责任。&#xA;被告许文杰方辩称，当时借5万元是李法太用款，自己同意用许文杰的名字，自己在借款合同签字按手印，身份证交给了信用社的人，但钱和信用卡都不在自己手中。自己没有还过利息。原告主体不适格，借款合同与实际情况不符，属于无效合同，信用社没有将钱交给许文杰，因此，许文杰不承担还款责任，应驳回原告诉讼请求。&#xA;被告张兴春、李法太没有在规定期限内提交答辩状。&#xA;经审理查明，2011年3月30日，许文杰向夏津县宋楼信用社（原告分支机构）提出借款5万元申请，原告信用联社分支机构宋楼信用社与被告许文杰签订个人借款合同，借款用途借新还旧，期限至2013年3月29日，按月结息，逾期还款按利率上浮50％计收罚息，被告李法太签订保证合同，对借款承担连带责任保证。被告张兴春作为许文杰丈夫签署承诺书，同意共同承担债务，自愿用自己的家庭财产对该笔贷款的本息及相关费用承担连带清偿责任。当日，宋楼信用社将5万元贷款转入开户行为夏津县农村信用合作联社宋楼信用社的许文杰名下存款账户（914040300010101206136），约定月利率为11．6916&amp;permil；。该笔借款利息偿还至2011年7月21日。&#xA;另查明，宋楼信用社系夏津县农村信用合作联社的分支机构，经原告授权经营存款、贷款业务。&#xA;诉讼过程中，被告许文杰以借款借据借款人签字不是自己所签为由，申请司法鉴定。本院技术室委托山东大舜司法鉴定所进行鉴定，意见为：2011年3月30日《贷转存凭证（借款借据）》借款人&amp;ldquo；许文杰&amp;rdquo；签名字迹与样本中许文杰签名字迹是同一人所写。被告许文杰方对该鉴定意见无异议。&#xA;上述事实有许文杰的借款申请书、张兴春的承诺书、借款合同、李法太的保证合同、借款借据、还款记录、司法鉴定书等在案为证，经法庭庭审质证，予以采信。&#xA;" nameCN="案件基本情况">
    <YGSCD value="原告诉称，2011年3月30日，被告许文杰在联社下属宋楼信用社借款本金5万元，月利率11．6916&amp;permil；，至2013年3月29日到期。被告张兴春系该借款的共同还款人，被告李法太对借款提供连带保证责任。借款到期后被告拒不还款，诉至法院，请求判决被告许文杰、张兴春共同还款5万元及利息、罚息，被告李法太承担连带责任。 " nameCN="原告诉称段" />
    <BGBCD value="被告许文杰方辩称，当时借5万元是李法太用款，自己同意用许文杰的名字，自己在借款合同签字按手印，身份证交给了信用社的人，但钱和信用卡都不在自己手中。自己没有还过利息。原告主体不适格，借款合同与实际情况不符，属于无效合同，信用社没有将钱交给许文杰，因此，许文杰不承担还款责任，应驳回原告诉讼请求。 被告张兴春、李法太没有在规定期限内提交答辩状。 " nameCN="被告辩称段" />
    <ZJD value="上述事实有许文杰的借款申请书、张兴春的承诺书、借款合同、李法太的保证合同、借款借据、还款记录、司法鉴定书等在案为证，经法庭庭审质证，予以采信。" nameCN="证据段" />
    <CMSSD value="经审理查明，2011年3月30日，许文杰向夏津县宋楼信用社（原告分支机构）提出借款5万元申请，原告信用联社分支机构宋楼信用社与被告许文杰签订个人借款合同，借款用途借新还旧，期限至2013年3月29日，按月结息，逾期还款按利率上浮50％计收罚息，被告李法太签订保证合同，对借款承担连带责任保证。被告张兴春作为许文杰丈夫签署承诺书，同意共同承担债务，自愿用自己的家庭财产对该笔贷款的本息及相关费用承担连带清偿责任。当日，宋楼信用社将5万元贷款转入开户行为夏津县农村信用合作联社宋楼信用社的许文杰名下存款账户（914040300010101206136），约定月利率为11．6916&amp;permil；。该笔借款利息偿还至2011年7月21日。另查明，宋楼信用社系夏津县农村信用合作联社的分支机构，经原告授权经营存款、贷款业务。 诉讼过程中，被告许文杰以借款借据借款人签字不是自己所签为由，申请司法鉴定。本院技术室委托山东大舜司法鉴定所进行鉴定，意见为：2011年3月30日《贷转存凭证（借款借据）》借款人&amp;ldquo；许文杰&amp;rdquo；签名字迹与样本中许文杰签名字迹是同一人所写。被告许文杰方对该鉴定意见无异议。 " nameCN="查明事实段">
      <SGXQ value="未提及" nameCN="事故详情">
        <SGSJ value="未提及" nameCN="事故时间" />
        <SGDD value="未提及" nameCN="事故地点" />
      </SGXQ>
      <JDCSYR value="许文杰" nameCN="机动车所有人" />
      <SFTB value="是" nameCN="是否投保" />
      <SFZBXQN value="是" nameCN="是否在保险期内" />
      <SFXQPF value="是" nameCN="是否先期赔付" />
      <JDSFKK value="是" nameCN="鉴定是否可靠" />
    </CMSSD>
  </AJJBQK>
  <CPFXGC value="本院认为，原告夏津县农村信用合作联社作为宋楼信用社的上级机构，授权宋楼信用社进行存贷款业务，其有权作为原告主张权利。被告许文杰与宋楼信用社签订的借款合同，意思表示真实，合同合法有效，宋楼信用社已经按合同约定将款项转入许文杰的账户，被告许文杰应按约定对借款本息承担还款义务，其辩称贷款被李法太使用拒不还款的理由不能成立。被告许文杰违反合同约定，逾期不能归还借款，应当按照约定支付罚息。被告张兴春自愿对以上借款本息承担清偿责任，意思表示真实，内容合法，依法应承担共同还款义务。被告李法太同意承担连带责任保证，合同意思表示真实，保证合同合法有效，被告李法太对被告许文杰逾期不能清偿的借款本息依法承担连带清偿责任。依据《中华人民共和国民法通则》第九十条、第八十四条，《中华人民共和国合同法》第二百零五条、第二百零六条、第二百零七条，《中华人民共和国担保法》第十二条、第十四条、第十八条，《中华人民共和国民事诉讼法》第一百四十四条之规定，判决如下：&#xA;" nameCN="裁判分析过程">
    <JAFSLX value="判决" nameCN="结案方式类型" />
    <FLFTMC value="中华人民共和国民法通则" nameCN="法律法条名称">
      <TM value="八十四" nameCN="条目" />
      <TM value="九十" nameCN="条目" />
      <SFCXF value="非程序法" nameCN="是否是程序法" />
    </FLFTMC>
    <FLFTMC value="中华人民共和国合同法" nameCN="法律法条名称">
      <TM value="二百零五" nameCN="条目" />
      <TM value="二百零六" nameCN="条目" />
      <TM value="二百零七" nameCN="条目" />
      <SFCXF value="非程序法" nameCN="是否是程序法" />
    </FLFTMC>
    <FLFTMC value="中华人民共和国担保法" nameCN="法律法条名称">
      <TM value="十四" nameCN="条目" />
      <TM value="十八" nameCN="条目" />
      <TM value="十二" nameCN="条目" />
      <SFCXF value="非程序法" nameCN="是否是程序法" />
    </FLFTMC>
    <FLFTMC value="中华人民共和国民事诉讼法" nameCN="法律法条名称">
      <TM value="一百四十四" nameCN="条目" />
      <SFCXF value="是程序法" nameCN="是否是程序法" />
    </FLFTMC>
  </CPFXGC>
  <CPJG value="被告许文杰自本判决生效之日起10日内偿还原告夏津县农村信用合作联社借款本金人民币5万元及利息（自2011年7月22日至2013年3月29日按月利率11．6916&amp;permil；计算；自2013年3月30日至本判决生效之日按月利率11．6916&amp;permil；&amp;times；1．5计算）。&#xA;被告张兴春对被告许文杰的债务承担连带清偿责任。&#xA;被告李法太对被告许文杰的债务承担连带清偿责任。&#xA;如未按本判决指定的期间履行给付金钱义务，应当依照《中华人民共和国民事诉讼法》第二百五十三条之规定，加倍支付迟延履行期间的债务利息。&#xA;案件受理费1050元，由被告许文杰负担。&#xA;如不服本判决，可在判决书送达之日起十五日内向本院递交上诉状，并按对方当事人的人数提出副本，上诉于德州市中级人民法院。&#xA;" nameCN="裁判结果">
    <JAFS value="判决" nameCN="结案方式" />
    <PCSFSXZQ value="正确" nameCN="同时起诉侵权人与保险公司的赔偿顺序" />
    <JTPJJG value="被告许文杰自本判决生效之日起10日内偿还原告夏津县农村信用合作联社借款本金人民币5万元及利息（自2011年7月22日至2013年3月29日按月利率11．6916&amp;permil；计算；自2013年3月30日至本判决生效之日按月利率11．6916&amp;permil；&amp;times；1．5计算）。" nameCN="具体裁判段">
      <QLR value="夏津县农村信用合作联社" nameCN="权利人">
        <QLRSSDW value="原告" nameCN="诉讼地位" />
      </QLR>
      <YWR value="许文杰" nameCN="义务人">
        <YWRSSDW value="被告" nameCN="诉讼地位" />
      </YWR>
      <PJZXQX value="10日" nameCN="判决执行期限" />
      <PJJE nameCN="判决金额">
        <JE value="50000.0元" nameCN="金额" />
        <JELX value="借款" nameCN="金额类型" />
        <JELX value="本金" nameCN="金额类型" />
      </PJJE>
    </JTPJJG>
    <JTPJJG value="被告张兴春对被告许文杰的债务承担连带清偿责任。" nameCN="具体裁判段" />
    <JTPJJG value="被告李法太对被告许文杰的债务承担连带清偿责任。" nameCN="具体裁判段" />
    <JTPJJG value="如未按本判决指定的期间履行给付金钱义务，应当依照《中华人民共和国民事诉讼法》第二百五十三条之规定，加倍支付迟延履行期间的债务利息。" nameCN="具体裁判段" />
    <SSFCD nameCN="诉讼费承担">
      <SSFCDJL value="案件受理费1050元，由被告许文杰负担。" nameCN="诉讼费承担记录">
        <SSFJE value="1050元" nameCN="诉讼费金额" />
        <SSFZL value="受理费" nameCN="诉讼费种类" />
        <SSFCDR value="许文杰" nameCN="承担人">
          <SSFCDJE value="1050元" nameCN="承担金额" />
          <SSFCDFS value="个人独立承担该金额" nameCN="承担方式" />
          <SSFCDDW value="被告" nameCN="承担人地位" />
        </SSFCDR>
      </SSFCDJL>
    </SSFCD>
    <SFFHCS value="否" nameCN="是否发回重审" />
    <KSSZ value="德州市中级人民法院" nameCN="可上诉至" />
    <SSTJCL value="上诉状，并按对方当事人的人数提出副本" nameCN="上诉提交材料" />
    <SSQX value="十五日" nameCN="上诉期限" />
    <TCGXQYY value="否" nameCN="是否提出管辖权异议" />
  </CPJG>
  <WW value="审判长韩霜&#xA;人民陪审员姜艳艳&#xA;人民陪审员王庆义&#xA;二〇一五年五月二十五日&#xA;书记员王菲&#xA;" nameCN="文尾">
    <SPZZCY nameCN="审判组织成员">
      <SPRYXM value="韩霜" nameCN="审判人员姓名" />
      <SPRYJS value="审判长" nameCN="审判人员角色" />
    </SPZZCY>
    <SPZZCY nameCN="审判组织成员">
      <SPRYXM value="王庆义" nameCN="审判人员姓名" />
      <SPRYJS value="人民陪审员" nameCN="审判人员角色" />
    </SPZZCY>
    <SPZZCY nameCN="审判组织成员">
      <SPRYXM value="王菲" nameCN="审判人员姓名" />
      <SPRYJS value="书记员" nameCN="审判人员角色" />
    </SPZZCY>
    <SPZZCY nameCN="审判组织成员">
      <SPRYXM value="姜艳艳" nameCN="审判人员姓名" />
      <SPRYJS value="人民陪审员" nameCN="审判人员角色" />
    </SPZZCY>
    <CPSJ value="2015年5月25日" nameCN="裁判时间">
      <Year value="2015" nameCN="结案年度" />
      <JANYR value="2015年5月25日" nameCN="结案年月日" />
      <JANY value="2015-5" nameCN="结案年月" />
      <Month value="5" nameCN="月" />
      <Day value="25" nameCN="日" />
    </CPSJ>
  </WW>
  <FL value="" nameCN="附录" />
</QW>

