<?xml version="1.0" encoding="UTF-8"?>
<QW value="&#xA;大连市金州区人民法院&#xA;民事判决书&#xA;（2014）金民初字第5005号&#xA;原告：大连农村商业银行股份有限公司金州支行。&#xA;法定代表人：麦起树，该行行长。&#xA;委托代理人：吕万美。&#xA;被告：肖日普。&#xA;原告大连农村商业银行股份有限公司金州支行诉被告肖日普借款合同纠纷一案，本院受理后，依法公开开庭进行了审理。原告大连农村商业银行股份有限公司金州支行的委托代理人吕万美及被告肖日普到庭参加诉讼。本案现已审理终结。&#xA;原告诉称：2012年10月至22月，被告肖日普在我银行借30，000．00元人民币，约定还款日期为2013年9月20日，并约定了借款期间利息及违约罚息。被告在签定借款合同后，偿还了部分利息，故诉至法院要求被告偿还本金30，000．00元及利息。&#xA;被告辩称：欠款属实，暂时没有钱偿还。&#xA;经审理查明：2012年10月22日，被告肖日普向原告借30，000．00元，双方签订借款合同。合同约定：借款金额（大写）叁万元整，期限自2012年10月22日至2013年9月20日，利息按月利率7．80‰计算。合同第七条违约责任中规定：未按期归还借款本金，按借款合同载明的贷款利率加收30％罚息。合同到期后，被告偿还了部分利息，至2014年1月17日，被告尚欠原告本金30，000．00元、利息892．32元。&#xA;本院所确认的上述事实，有原告提供的人民币资金借款合同一份、贷款凭证一份及当事人的当庭陈述笔录在案为凭，已经开庭质证和本院审查，可以采信。&#xA;本院认为：合法的借贷关系受法律保护。原、被告之间签订的借款合同是双方当事人的真实意思表示，合法有效，应予确认。原告依约向被告发放了借款，被告亦应按约到期偿付借款，逾期不还的行为，违背了民事活动中应遵守的诚实、信用原则，应承担违约责任。故对原告的诉讼请求，本院应予支持。依据《中华人民共和国合同法》第一百九十六条、第二百零六条、第二百零七条之规定，判决如下：&#xA;被告肖日普于本判决发生法律效力后十日内偿还原告大连农村商业银行股份有限公司金州支行借款本金30，000．00元元及利息。（利息计算方法：至2014年1月17日为892．32元，自2014年1月18日始至本判决确定的给付之日止，按月利率7．80‰计算；罚息的计算方法：自2014年1月18日始至本判决确定的给付之日止，按借款合同载明的贷款利率加收30％罚息。）&#xA;如未按本判决指定的期间履行给付金钱义务，应按照《中华人民共和国民事诉讼法》第二百五十三条之规定，加倍支付迟延履行期间的债务利息。&#xA;案件受理费275．00元（原告已预交），由被告肖日普负担。&#xA;如不服本判决，可在判决书送达之日起十五日内，向本院递交上诉状，并按对方当事人的人数提出副本，上诉于辽宁省大连市中级人民法院；并于上诉期满后七日内，向本院交纳上诉案件受理费，逾期则按放弃上诉处理。&#xA;审判员秦绪义&#xA;二〇一四年一月二十日&#xA;书记员李欣婷&#xA;" nameCN="全文">
  <WS value="大连市金州区人民法院&#xA;民事判决书&#xA;（2014）金民初字第5005号&#xA;" nameCN="文首">
    <WSZZDW value="法院" nameCN="文书制作单位" />
    <JBFY value="大连市金州区人民法院" nameCN="经办法院">
      <FYJB value="基层" nameCN="法院级别" />
      <XZQH_C value="大连市" nameCN="行政区划(市)" />
    </JBFY>
    <WSMC value="民事判决书" nameCN="文书名称" />
    <AH value="(2014)金民初字第5005号" nameCN="案号" />
    <LAND value="2014" nameCN="立案年度" />
    <AJXZ value="民事案件" nameCN="案件性质" />
    <WSZL value="判决书" nameCN="文书种类" />
    <SPCX value="一审案件" nameCN="审判程序" />
    <AJLX value="民事一审案件" nameCN="案件类型" />
  </WS>
  <SSCYRQJ value="原告：大连农村商业银行股份有限公司金州支行。&#xA;法定代表人：麦起树，该行行长。&#xA;委托代理人：吕万美。&#xA;被告：肖日普。&#xA;" nameCN="诉讼参与人全集">
    <SSCYR value="原告：大连农村商业银行股份有限公司金州支行。" nameCN="诉讼参与人">
      <SSCYRMC value="大连农村商业银行股份有限公司金州支行" nameCN="诉讼参与人名称" />
      <SSSF value="原告" nameCN="诉讼身份" />
      <SSDW value="原告" nameCN="诉讼地位" />
      <DSRLB value="原告" nameCN="当事人类别" />
      <DSRLX value="法人" nameCN="当事人类型" />
      <DTQK value="到庭" nameCN="到庭情况" />
      <DWXZ value="股份有限公司" nameCN="单位性质" />
      <FDDBR value="麦起树" nameCN="单位法定代表人" />
      <TSHY value="金融" nameCN="特殊行业" />
    </SSCYR>
    <SSCYR value="法定代表人：麦起树，该行行长。" nameCN="诉讼参与人">
      <SSCYRMC value="麦起树" nameCN="诉讼参与人名称" />
      <SSSF value="法定代表人" nameCN="诉讼身份" />
      <DSRLX value="自然人" nameCN="当事人类型" />
      <GJ value="中国" nameCN="国籍" />
      <DWZWFZ nameCN="单位职务分组">
        <ZW value="行长" nameCN="职务" />
        <DWMC value="大连农村商业银行股份有限公司金州支行" nameCN="单位名称" />
        <DWXZ value="股份有限公司" nameCN="单位性质" />
      </DWZWFZ>
      <TSHY value="金融" nameCN="特殊行业" />
    </SSCYR>
    <SSCYR value="委托代理人：吕万美。" nameCN="诉讼参与人">
      <SSCYRMC value="吕万美" nameCN="诉讼参与人名称" />
      <SSSF value="委托代理人" nameCN="诉讼身份" />
      <DSRLX value="自然人" nameCN="当事人类型" />
      <GJ value="中国" nameCN="国籍" />
      <DTQK value="到庭" nameCN="到庭情况" />
    </SSCYR>
    <SSCYR value="被告：肖日普。" nameCN="诉讼参与人">
      <SSCYRMC value="肖日普" nameCN="诉讼参与人名称" />
      <SSSF value="被告" nameCN="诉讼身份" />
      <SSDW value="被告" nameCN="诉讼地位" />
      <DSRLB value="被告" nameCN="当事人类别" />
      <DSRLX value="自然人" nameCN="当事人类型" />
      <GJ value="中国" nameCN="国籍" />
      <DTQK value="到庭" nameCN="到庭情况" />
    </SSCYR>
    <SSCYRQJ value="错误" nameCN="保险公司是否作为被告" />
  </SSCYRQJ>
  <SSJL value="原告大连农村商业银行股份有限公司金州支行诉被告肖日普借款合同纠纷一案，本院受理后，依法公开开庭进行了审理。原告大连农村商业银行股份有限公司金州支行的委托代理人吕万美及被告肖日普到庭参加诉讼。本案现已审理终结。" nameCN="诉讼记录">
    <YG value="大连农村商业银行股份有限公司金州支行" nameCN="原告" />
    <BG value="肖日普" nameCN="被告" />
    <AY value="借款合同纠纷" nameCN="案由" />
    <KTSL value="是" nameCN="开庭审理" />
    <KTSLXX value="公开审理" nameCN="开庭审理信息" />
    <WZAY value="借款合同纠纷" nameCN="完整案由" />
    <AYDM value="9177" nameCN="案由代码" />
    <YSAJSYCX value="普通程序" nameCN="一审案件适用程序" />
    <JYZPT value="否" nameCN="简易转普通" />
    <SPZZ value="独任庭" nameCN="审判组织" />
    <YSAJLY value="新收" nameCN="一审案件来源" />
    <CTDSRXX nameCN="出庭当事人信息">
      <CTRXM value="肖日普" nameCN="出庭人姓名">
        <SSDW value="被告" nameCN="诉讼地位" />
      </CTRXM>
      <CTRXM value="大连农村商业银行股份有限公司金州支行" nameCN="出庭人姓名">
        <SSDW value="原告" nameCN="诉讼地位" />
      </CTRXM>
      <CTRXM value="吕万美" nameCN="出庭人姓名">
        <SSDW value="委托代理人" nameCN="诉讼地位" />
      </CTRXM>
    </CTDSRXX>
  </SSJL>
  <AJJBQK value="原告诉称：2012年10月至22月，被告肖日普在我银行借30，000．00元人民币，约定还款日期为2013年9月20日，并约定了借款期间利息及违约罚息。被告在签定借款合同后，偿还了部分利息，故诉至法院要求被告偿还本金30，000．00元及利息。&#xA;被告辩称：欠款属实，暂时没有钱偿还。&#xA;经审理查明：2012年10月22日，被告肖日普向原告借30，000．00元，双方签订借款合同。合同约定：借款金额（大写）叁万元整，期限自2012年10月22日至2013年9月20日，利息按月利率7．80‰计算。合同第七条违约责任中规定：未按期归还借款本金，按借款合同载明的贷款利率加收30％罚息。合同到期后，被告偿还了部分利息，至2014年1月17日，被告尚欠原告本金30，000．00元、利息892．32元。&#xA;本院所确认的上述事实，有原告提供的人民币资金借款合同一份、贷款凭证一份及当事人的当庭陈述笔录在案为凭，已经开庭质证和本院审查，可以采信。&#xA;" nameCN="案件基本情况">
    <YGSCD value="原告诉称：2012年10月至22月，被告肖日普在我银行借30，000．00元人民币，约定还款日期为2013年9月20日，并约定了借款期间利息及违约罚息。被告在签定借款合同后，偿还了部分利息，故诉至法院要求被告偿还本金30，000．00元及利息。 " nameCN="原告诉称段" />
    <BGBCD value="被告辩称：欠款属实，暂时没有钱偿还。 " nameCN="被告辩称段" />
    <ZJD value="本院所确认的上述事实，有原告提供的人民币资金借款合同一份、贷款凭证一份及当事人的当庭陈述笔录在案为凭，已经开庭质证和本院审查，可以采信。" nameCN="证据段" />
    <CMSSD value="经审理查明：2012年10月22日，被告肖日普向原告借30，000．00元，双方签订借款合同。合同约定：借款金额（大写）叁万元整，期限自2012年10月22日至2013年9月20日，利息按月利率7．80‰计算。合同第七条违约责任中规定：未按期归还借款本金，按借款合同载明的贷款利率加收30％罚息。合同到期后，被告偿还了部分利息，至2014年1月17日，被告尚欠原告本金30，000．00元、利息892．32元。" nameCN="查明事实段">
      <SGXQ value="未提及" nameCN="事故详情">
        <SGSJ value="未提及" nameCN="事故时间" />
        <SGDD value="未提及" nameCN="事故地点" />
      </SGXQ>
      <JDCSYR value="肖日普" nameCN="机动车所有人" />
      <SFTB value="是" nameCN="是否投保" />
      <SFZBXQN value="是" nameCN="是否在保险期内" />
      <SFXQPF value="是" nameCN="是否先期赔付" />
      <JDSFKK value="是" nameCN="鉴定是否可靠" />
    </CMSSD>
  </AJJBQK>
  <CPFXGC value="本院认为：合法的借贷关系受法律保护。原、被告之间签订的借款合同是双方当事人的真实意思表示，合法有效，应予确认。原告依约向被告发放了借款，被告亦应按约到期偿付借款，逾期不还的行为，违背了民事活动中应遵守的诚实、信用原则，应承担违约责任。故对原告的诉讼请求，本院应予支持。依据《中华人民共和国合同法》第一百九十六条、第二百零六条、第二百零七条之规定，判决如下：&#xA;" nameCN="裁判分析过程">
    <JAFSLX value="判决" nameCN="结案方式类型" />
    <FLFTMC value="中华人民共和国合同法" nameCN="法律法条名称">
      <TM value="二百零六" nameCN="条目" />
      <TM value="二百零七" nameCN="条目" />
      <TM value="一百九十六" nameCN="条目" />
      <SFCXF value="非程序法" nameCN="是否是程序法" />
    </FLFTMC>
  </CPFXGC>
  <CPJG value="被告肖日普于本判决发生法律效力后十日内偿还原告大连农村商业银行股份有限公司金州支行借款本金30，000．00元元及利息。（利息计算方法：至2014年1月17日为892．32元，自2014年1月18日始至本判决确定的给付之日止，按月利率7．80‰计算；罚息的计算方法：自2014年1月18日始至本判决确定的给付之日止，按借款合同载明的贷款利率加收30％罚息。）&#xA;如未按本判决指定的期间履行给付金钱义务，应按照《中华人民共和国民事诉讼法》第二百五十三条之规定，加倍支付迟延履行期间的债务利息。&#xA;案件受理费275．00元（原告已预交），由被告肖日普负担。&#xA;如不服本判决，可在判决书送达之日起十五日内，向本院递交上诉状，并按对方当事人的人数提出副本，上诉于辽宁省大连市中级人民法院；并于上诉期满后七日内，向本院交纳上诉案件受理费，逾期则按放弃上诉处理。&#xA;" nameCN="裁判结果">
    <JAFS value="判决" nameCN="结案方式" />
    <PCSFSXZQ value="正确" nameCN="同时起诉侵权人与保险公司的赔偿顺序" />
    <JTPJJG value="被告肖日普于本判决发生法律效力后十日内偿还原告大连农村商业银行股份有限公司金州支行借款本金30，000．00元元及利息。（利息计算方法：至2014年1月17日为892．32元，自2014年1月18日始至本判决确定的给付之日止，按月利率7．80‰计算；罚息的计算方法：自2014年1月18日始至本判决确定的给付之日止，按借款合同载明的贷款利率加收30％罚息。）" nameCN="具体裁判段">
      <QLR value="大连农村商业银行股份有限公司金州支行" nameCN="权利人">
        <QLRSSDW value="原告" nameCN="诉讼地位" />
      </QLR>
      <YWR value="肖日普" nameCN="义务人">
        <YWRSSDW value="被告" nameCN="诉讼地位" />
      </YWR>
      <PJZXQX value="十日" nameCN="判决执行期限" />
      <PJJE nameCN="判决金额">
        <JE value="30000.00元" nameCN="金额" />
        <JELX value="借款" nameCN="金额类型" />
        <JELX value="本金" nameCN="金额类型" />
      </PJJE>
      <PJJE nameCN="判决金额">
        <JE value="892.32元" nameCN="金额" />
        <JELX value="利息" nameCN="金额类型" />
      </PJJE>
    </JTPJJG>
    <JTPJJG value="如未按本判决指定的期间履行给付金钱义务，应按照《中华人民共和国民事诉讼法》第二百五十三条之规定，加倍支付迟延履行期间的债务利息。" nameCN="具体裁判段" />
    <SSFCD nameCN="诉讼费承担">
      <SSFCDJL value="案件受理费275．00元（原告已预交），由被告肖日普负担。" nameCN="诉讼费承担记录">
        <SSFJE value="275.00元" nameCN="诉讼费金额" />
        <SSFZL value="受理费" nameCN="诉讼费种类" />
        <SSFCDR value="肖日普" nameCN="承担人">
          <SSFCDJE value="275.00元" nameCN="承担金额" />
          <SSFCDFS value="个人独立承担该金额" nameCN="承担方式" />
          <SSFCDDW value="被告" nameCN="承担人地位" />
        </SSFCDR>
      </SSFCDJL>
    </SSFCD>
    <SFFHCS value="否" nameCN="是否发回重审" />
    <KSSZ value="辽宁省大连市中级人民法院" nameCN="可上诉至" />
    <SSTJCL value="上诉状，并按对方当事人的人数提出副本" nameCN="上诉提交材料" />
    <SSQX value="十五日" nameCN="上诉期限" />
    <TCGXQYY value="否" nameCN="是否提出管辖权异议" />
  </CPJG>
  <WW value="审判员秦绪义&#xA;二〇一四年一月二十日&#xA;书记员李欣婷&#xA;" nameCN="文尾">
    <SPZZCY nameCN="审判组织成员">
      <SPRYXM value="李欣婷" nameCN="审判人员姓名" />
      <SPRYJS value="书记员" nameCN="审判人员角色" />
    </SPZZCY>
    <SPZZCY nameCN="审判组织成员">
      <SPRYXM value="秦绪义" nameCN="审判人员姓名" />
      <SPRYJS value="审判员" nameCN="审判人员角色" />
    </SPZZCY>
    <CPSJ value="2014年1月20日" nameCN="裁判时间">
      <Year value="2014" nameCN="结案年度" />
      <JANYR value="2014年1月20日" nameCN="结案年月日" />
      <JANY value="2014-1" nameCN="结案年月" />
      <Month value="1" nameCN="月" />
      <Day value="20" nameCN="日" />
    </CPSJ>
  </WW>
  <FL value="" nameCN="附录" />
</QW>

